collision_id,unique_id,case_id_pkey,collision_datetime,collision_date,collision_time,accident_year,month,day_of_week,time_cat,hour_of_day,is_weekend,time_of_day,season,juris,officer_id,reporting_district,beat_number,vz_pcf_code,vz_pcf_group,vz_pcf_description,dph_col_grp,dph_col_grp_description,location_id,weather_id,road_id,party_id,severity_id
114,19045,180247675.0,2018-04-03 20:05:00,2018 April 03,20:05:00,2018,April,Tuesday,6:01 pm to 10:00 pm,20.0,0,Evening,Spring,3801,,Northern,1,Unknown,Unknown,Unknown,BB,Vehicle-Pedestrian,114,2,2,57525,1
115,40279,160424138.0,2016-02-16 23:10:00,2016 February 16,23:10:00,2016,February,Tuesday,10:01 pm to 2:00 am,23.0,0,Night,Winter,3801,,COI,31CO,Unknown,Unknown,Unknown,AA,Vehicle(s) Only Involved,115,3,6,57546,1
116,83247,230853136.0,2023-12-04 20:20:00,2023 December 04,20:20:00,2023,December,Monday,6:01 pm to 10:00 pm,20.0,0,Evening,Winter,3801,19,Bayview,901,Unknown,Unknown,Unknown,FF,Bicycle Only,20119,2,3,57524,4
117,9851,5761052.0,2012-06-12 22:29:00,2012 June 12,22:29:00,2012,June,Tuesday,10:01 pm to 2:00 am,22.0,0,Night,Summer,3801,002122,D,4B4D,Unknown,Unknown,Unknown,FF,Bicycle Only,117,2,3,56707,2
118,56724,210675110.0,2021-10-15 13:59:00,2021 October 15,13:59:00,2021,October,Friday,10:01 am to 2:00 pm,13.0,0,Afternoon,Fall,3801,Chu 2402,Taraval,3I15A,Unknown,Unknown,Unknown,AA,Vehicle(s) Only Involved,118,2,2,53237,2
119,41818,160170626.0,2016-02-27 10:50:00,2016 February 27,10:50:00,2016,February,Saturday,10:01 am to 2:00 pm,10.0,1,Morning,Winter,3801,1053,TARAVAL,3111A,Unknown,Unknown,Unknown,AA,Vehicle(s) Only Involved,119,2,2,57191,1
120,37862,160868291.0,2016-10-25 07:26:00,2016 October 25,07:26:00,2016,October,Tuesday,6:01 am to 10:00 am,7.0,0,Morning,Fall,3801,2345,TARAVAL,3115A,Unknown,Unknown,Unknown,AA,Vehicle(s) Only Involved,120,4,26,56833,1
121,26722,3805685.0,2008-07-27 07:14:00,2008 July 27,07:14:00,2008,July,Sunday,6:01 am to 10:00 am,7.0,1,Morning,Summer,3801,01870,,3B62,Unknown,Unknown,Unknown,BB,Vehicle-Pedestrian,6331,2,2,57525,1
122,13433,150000111.0,2015-12-25 00:00:00,2015 December 25,,2015,December,Friday,Unknown,,0,Night,Winter,3801,443,BAYVIEW,4B1,Unknown,Unknown,Unknown,AA,Vehicle(s) Only Involved,27879,10,14,55166,1
123,86382,240494560.0,2024-08-08 07:45:00,2024 August 08,07:45:00,2024,August,Thursday,6:01 am to 10:00 am,7.0,0,Morning,Summer,3801,1911,Richmond,Richmond,Unknown,Unknown,Unknown,AA,Vehicle(s) Only Involved,40965,2,27,57653,2
124,38558,2340052.0,2005-10-02 21:00:00,2005 October 02,21:00:00,2005,October,Sunday,6:01 pm to 10:00 pm,21.0,1,Night,Fall,3801,4209,TARAV,3I13E,Unknown,Unknown,Unknown,AA,Vehicle(s) Only Involved,18290,2,12,57653,2
125,48309,190653288.0,2019-09-02 16:29:00,2019 September 02,16:29:00,2019,September,Monday,2:01 pm to 6:00 pm,16.0,0,Afternoon,Fall,3801,1052,Richmond,3G14C,Unknown,Unknown,Unknown,FF,Bicycle Only,125,2,11,53854,2
126,11263,1993044.0,2005-03-24 19:35:00,2005 March 24,19:35:00,2005,March,Thursday,6:01 pm to 10:00 pm,19.0,0,Evening,Spring,3801,000973,,,Unknown,Unknown,Unknown,CC,Vehicle-Bicycle,126,2,12,53918,1
127,14188,130161376.0,2013-02-24 19:32:00,2013 February 24,19:32:00,2013,February,Sunday,6:01 pm to 10:00 pm,19.0,1,Evening,Winter,3801,4220,,,Unknown,Unknown,Unknown,FF,Bicycle Only,8690,2,12,56662,2
128,39803,3250933.0,2007-06-11 11:50:00,2007 June 11,11:50:00,2007,June,Monday,10:01 am to 2:00 pm,11.0,0,Morning,Summer,3801,00416,TARAV,3I3,Unknown,Unknown,Unknown,FF,Bicycle Only,32114,2,25,56707,2
129,21795,141073480.0,2014-12-22 09:52:00,2014 December 22,09:52:00,2014,December,Monday,6:01 am to 10:00 am,9.0,0,Morning,Winter,3801,121,3E,E2,Unknown,Unknown,Unknown,AA,Vehicle(s) Only Involved,7502,3,14,57546,8
130,25146,140779925.0,2014-09-16 08:45:00,2014 September 16,08:45:00,2014,September,Tuesday,6:01 am to 10:00 am,8.0,0,Morning,Fall,3801,784,TENDERLOIN,3T12A,Unknown,Unknown,Unknown,FF,Bicycle Only,9955,3,14,56662,1
131,48917,190817246.0,2019-10-29 08:46:00,2019 October 29,08:46:00,2019,October,Tuesday,6:01 am to 10:00 am,8.0,0,Morning,Fall,3801,4139,Tenderloin,1,Unknown,Unknown,Unknown,FF,Bicycle Only,131,2,1,57524,4
132,34108,151089987.0,2015-12-17 18:00:00,2015 December 17,18:00:00,2015,December,Thursday,2:01 pm to 6:00 pm,18.0,0,Evening,Winter,3801,1268,3J00,,Unknown,Unknown,Unknown,AA,Vehicle(s) Only Involved,15310,3,14,57546,1
133,9199,3123992.0,2007-03-06 16:50:00,2007 March 06,16:50:00,2007,March,Tuesday,2:01 pm to 6:00 pm,16.0,0,Afternoon,Spring,3801,1732,BAYVI,3C17C,Unknown,Unknown,Unknown,AA,Vehicle(s) Only Involved,133,2,28,56568,1
134,20442,2117020.0,2005-07-02 23:05:00,2005 July 02,23:05:00,2005,July,Saturday,10:01 pm to 2:00 am,23.0,1,Night,Summer,3801,1149,COE,4B7D,Unknown,Unknown,Unknown,FF,Bicycle Only,134,1,12,56707,2
135,24458,150321431.0,2015-04-13 09:06:00,2015 April 13,09:06:00,2015,April,Monday,6:01 am to 10:00 am,9.0,0,Morning,Spring,3801,2045,TENDERLOIN,3J11A,Unknown,Unknown,Unknown,CC,Vehicle-Bicycle,135,1,2,57655,2
136,9432,3728643.0,2008-04-26 20:13:00,2008 April 26,20:13:00,2008,April,Saturday,6:01 pm to 10:00 pm,20.0,1,Evening,Spring,3801,1145,D,3D13D,Unknown,Unknown,Unknown,AA,Vehicle(s) Only Involved,136,2,29,56568,2
137,45352,2685011.0,2006-06-17 18:14:00,2006 June 17,18:14:00,2006,June,Saturday,6:01 pm to 10:00 pm,18.0,1,Evening,Summer,9335,017987,,022,22350,22350,Unsafe speed for prevailing conditions,AA,Vehicle(s) Only Involved,40965,2,2,56647,1
138,10499,4491677.0,2009-11-16 11:03:00,2009 November 16,11:03:00,2009,November,Monday,10:01 am to 2:00 pm,11.0,0,Morning,Fall,3801,1101,,,Unknown,Unknown,Unknown,AA,Vehicle(s) Only Involved,36180,2,1,57033,8
139,54110,200666436.0,2020-11-04 17:08:00,2020 November 04,17:08:00,2020,November,Wednesday,2:01 pm to 6:00 pm,17.0,0,Evening,Fall,3801,1194,Southern,3B,Unknown,Unknown,Unknown,AA,Vehicle(s) Only Involved,139,2,2,57033,4
140,55209,210314540.0,2021-05-22 09:15:00,2021 May 22,09:15:00,2021,May,Saturday,6:01 am to 10:00 am,9.0,1,Morning,Spring,3801,1418,Taraval,I2,Unknown,Unknown,Unknown,AA,Vehicle(s) Only Involved,140,2,2,57653,8
141,86573,240583765.0,2024-09-16 22:29:00,2024 September 16,22:29:00,2024,September,Monday,10:01 pm to 2:00 am,22.0,0,Night,Fall,3801,2496,Tenderloin,1,Unknown,Unknown,Unknown,FF,Bicycle Only,5553,2,12,57524,1
142,32859,180098945.0,2018-02-06 13:20:00,2018 February 06,13:20:00,2018,February,Tuesday,10:01 am to 2:00 pm,13.0,0,Afternoon,Winter,3801,,Northern,3E11C,Unknown,Unknown,Unknown,AA,Vehicle(s) Only Involved,142,2,1,57406,1
143,24481,130729350.0,2013-09-01 10:30:00,2013 September 01,10:30:00,2013,September,Sunday,10:01 am to 2:00 pm,10.0,1,Morning,Fall,3801,242,,3J2,Unknown,Unknown,Unknown,BB,Vehicle-Pedestrian,40170,3,14,56772,2
144,87278,240753269.0,2024-12-03 17:27:00,2024 December 03,17:27:00,2024,December,Tuesday,2:01 pm to 6:00 pm,17.0,0,Evening,Winter,3801,4375,Traffic,4B1F,Unknown,Unknown,Unknown,FF,Bicycle Only,144,2,30,53854,6
145,87410,240773853.0,2024-12-16 07:46:00,2024 December 16,07:46:00,2024,December,Monday,6:01 am to 10:00 am,7.0,0,Morning,Winter,3801,1580,Southern,3B5A,Unknown,Unknown,Unknown,AA,Vehicle(s) Only Involved,6101,4,31,57478,4
146,57973,220311990.0,2022-05-13 04:37:00,2022 May 13,04:37:00,2022,May,Friday,2:01 am to 6:00 am,4.0,0,Night,Spring,3801,577,Taraval,I4,Unknown,Unknown,Unknown,AA,Vehicle(s) Only Involved,146,2,32,56833,1
147,13692,4648480.0,2010-03-26 14:45:00,2010 March 26,14:45:00,2010,March,Friday,2:01 pm to 6:00 pm,14.0,0,Afternoon,Spring,3801,4246,SANFR,0B5,Unknown,Unknown,Unknown,FF,Bicycle Only,147,2,25,57556,1
148,34996,150004449.0,2015-01-02 13:28:00,2015 January 02,13:28:00,2015,January,Friday,10:01 am to 2:00 pm,13.0,0,Afternoon,Winter,3801,2179,CENTRAL,4K5A,Unknown,Unknown,Unknown,AA,Vehicle(s) Only Involved,148,2,2,57026,1
149,53681,200582406.0,2020-09-27 19:10:00,2020 September 27,19:10:00,2020,September,Sunday,6:01 pm to 10:00 pm,19.0,1,Evening,Fall,3801,2058,Mission,1,Unknown,Unknown,Unknown,FF,Bicycle Only,149,2,32,57524,2
150,7999,180441877.0,2018-06-14 15:45:00,2018 June 14,15:45:00,2018,June,Thursday,2:01 pm to 6:00 pm,15.0,0,Afternoon,Summer,3801,2132,Mission,3D62,Unknown,Unknown,Unknown,AA,Vehicle(s) Only Involved,13488,2,1,51708,3
151,56615,210798706.0,2021-12-03 17:33:00,2021 December 03,17:33:00,2021,December,Friday,2:01 pm to 6:00 pm,17.0,0,Evening,Winter,3801,2730,Southern,3B13D,Unknown,Unknown,Unknown,AA,Vehicle(s) Only Involved,151,2,3,57274,1
152,1531,130478165.0,2013-06-10 17:37:00,2013 June 10,17:37:00,2013,June,Monday,2:01 pm to 6:00 pm,17.0,0,Evening,Summer,3801,241,CO H,4B3H,Unknown,Unknown,Unknown,AA,Vehicle(s) Only Involved,28233,2,2,57653,6
153,45379,140242405.0,2014-03-22 13:27:00,2014 March 22,13:27:00,2014,March,Saturday,10:01 am to 2:00 pm,13.0,1,Afternoon,Spring,3801,1043,INGLESIDE,4B1H,Unknown,Unknown,Unknown,CC,Vehicle-Bicycle,40965,2,1,53918,2
154,33405,140443465.0,2014-05-27 18:14:00,2014 May 27,18:14:00,2014,May,Tuesday,6:01 pm to 10:00 pm,18.0,0,Evening,Spring,3801,1765,CENTRAL,,Unknown,Unknown,Unknown,AA,Vehicle(s) Only Involved,154,8,33,57583,1
155,12984,5584885.0,2012-02-18 12:15:00,2012 February 18,12:15:00,2012,February,Saturday,10:01 am to 2:00 pm,12.0,1,Afternoon,Winter,3801,2179,,3J2,Unknown,Unknown,Unknown,FF,Bicycle Only,155,2,2,57524,2
156,9112,4915490.0,2010-09-22 09:35:00,2010 September 22,09:35:00,2010,September,Wednesday,6:01 am to 10:00 am,9.0,0,Morning,Fall,3801,,,3C13B,Unknown,Unknown,Unknown,AA,Vehicle(s) Only Involved,156,2,9,56833,2
157,17029,150293448.0,2015-04-03 19:21:00,2015 April 03,19:21:00,2015,April,Friday,6:01 pm to 10:00 pm,19.0,0,Evening,Spring,3801,1644,,,Unknown,Unknown,Unknown,CC,Vehicle-Bicycle,157,2,1,57614,2
158,4010,150312662.0,2015-04-10 09:35:00,2015 April 10,09:35:00,2015,April,Friday,6:01 am to 10:00 am,9.0,0,Morning,Spring,3801,17,INGLESIDE,3H3,Unknown,Unknown,Unknown,AA,Vehicle(s) Only Involved,158,2,2,57660,4
159,24058,4513437.0,2009-12-04 14:35:00,2009 December 04,14:35:00,2009,December,Friday,2:01 pm to 6:00 pm,14.0,0,Afternoon,Winter,3801,1650,TTF,3J74,Unknown,Unknown,Unknown,FF,Bicycle Only,159,2,2,57524,2
160,38649,3952363.0,2008-10-14 04:35:00,2008 October 14,04:35:00,2008,October,Tuesday,2:01 am to 6:00 am,4.0,0,Night,Fall,3801,1089,TARAV,3I12E,Unknown,Unknown,Unknown,EE,Bicycle-Parked Car,160,2,12,55115,4
161,5681,4290721.0,2009-06-26 14:45:00,2009 June 26,14:45:00,2009,June,Friday,2:01 pm to 6:00 pm,14.0,0,Afternoon,Summer,3801,1511,BAYVI,3C15B,Unknown,Unknown,Unknown,AA,Vehicle(s) Only Involved,161,2,2,57659,1
162,16670,4340598.0,2009-08-04 09:20:00,2009 August 04,09:20:00,2009,August,Tuesday,6:01 am to 10:00 am,9.0,0,Morning,Summer,3801,1840,B,3B13A,Unknown,Unknown,Unknown,CC,Vehicle-Bicycle,162,2,2,53918,4
163,38549,4361682.0,2009-08-18 23:04:00,2009 August 18,23:04:00,2009,August,Tuesday,10:01 pm to 2:00 am,23.0,0,Night,Summer,3801,1138,COI,3I12E,Unknown,Unknown,Unknown,AA,Vehicle(s) Only Involved,295,2,34,57546,1
164,18343,4648437.0,2010-03-27 12:53:00,2010 March 27,12:53:00,2010,March,Saturday,10:01 am to 2:00 pm,12.0,1,Afternoon,Spring,3801,180,,4,Unknown,Unknown,Unknown,CC,Vehicle-Bicycle,164,2,2,57468,1
165,18732,4660798.0,2010-05-28 00:00:00,2010 May 28,,2010,May,Friday,Unknown,,0,Night,Spring,3801,251,,4C3,Unknown,Unknown,Unknown,BB,Vehicle-Pedestrian,165,2,12,57566,6
166,29768,4699493.0,2010-05-18 07:25:00,2010 May 18,07:25:00,2010,May,Tuesday,6:01 am to 10:00 am,7.0,0,Morning,Spring,3801,43,,3E61K,Unknown,Unknown,Unknown,CC,Vehicle-Bicycle,34825,2,1,55448,2
167,5892,4717614.0,2010-05-27 11:31:00,2010 May 27,11:31:00,2010,May,Thursday,10:01 am to 2:00 pm,11.0,0,Morning,Spring,3801,2131,,4B1C,Unknown,Unknown,Unknown,FF,Bicycle Only,167,11,35,57524,2
168,82508,230842612.0,2023-11-30 01:58:00,2023 November 30,01:58:00,2023,November,Thursday,10:01 pm to 2:00 am,1.0,0,Night,Fall,3801,2293,Mission,1,Unknown,Unknown,Unknown,AA,Vehicle(s) Only Involved,12168,2,3,55180,2
169,82161,230435922.0,2023-06-24 17:38:00,2023 June 24,17:38:00,2023,June,Saturday,2:01 pm to 6:00 pm,17.0,1,Evening,Summer,3801,4124,Ingleside,3H11D,Unknown,Unknown,Unknown,AA,Vehicle(s) Only Involved,9170,2,1,57406,10
170,26410,4901669.0,2010-10-13 10:47:00,2010 October 13,10:47:00,2010,October,Wednesday,10:01 am to 2:00 pm,10.0,0,Morning,Fall,3801,1538,,3A61,Unknown,Unknown,Unknown,CC,Vehicle-Bicycle,170,2,2,53918,2
171,11576,4925413.0,2010-10-09 12:26:00,2010 October 09,12:26:00,2010,October,Saturday,10:01 am to 2:00 pm,12.0,1,Afternoon,Fall,3801,891,D,3D13A,Unknown,Unknown,Unknown,FF,Bicycle Only,171,2,24,57524,2
172,14732,5064245.0,2011-01-18 17:12:00,2011 January 18,17:12:00,2011,January,Tuesday,2:01 pm to 6:00 pm,17.0,0,Evening,Winter,3801,1746,,,Unknown,Unknown,Unknown,FF,Bicycle Only,34137,2,8,57524,2
173,29906,4954254.0,2010-12-07 13:07:00,2010 December 07,13:07:00,2010,December,Tuesday,10:01 am to 2:00 pm,13.0,0,Afternoon,Winter,3801,241,COE,4B1E,Unknown,Unknown,Unknown,AA,Vehicle(s) Only Involved,14836,2,1,57659,2
174,22814,5051415.0,2011-01-29 12:40:00,2011 January 29,12:40:00,2011,January,Saturday,10:01 am to 2:00 pm,12.0,1,Afternoon,Winter,3801,1446,,4B2G,Unknown,Unknown,Unknown,CC,Vehicle-Bicycle,174,2,2,55192,2
175,1564,5066613.0,2011-02-07 16:38:00,2011 February 07,16:38:00,2011,February,Monday,2:01 pm to 6:00 pm,16.0,0,Afternoon,Winter,3801,1043,INGLE,3H62,Unknown,Unknown,Unknown,AA,Vehicle(s) Only Involved,175,1,2,57653,2
176,1717,5105539.0,2011-03-23 06:10:00,2011 March 23,06:10:00,2011,March,Wednesday,6:01 am to 10:00 am,6.0,0,Morning,Spring,3801,04169,INGLE,3H5A,Unknown,Unknown,Unknown,BB,Vehicle-Pedestrian,8411,4,13,57525,2
177,19959,5197872.0,2011-05-26 20:20:00,2011 May 26,20:20:00,2011,May,Thursday,6:01 pm to 10:00 pm,20.0,0,Evening,Spring,3801,4000,PARK,3F13D,Unknown,Unknown,Unknown,CC,Vehicle-Bicycle,177,2,33,57621,4
178,20360,5208158.0,2011-05-31 11:32:00,2011 May 31,11:32:00,2011,May,Tuesday,10:01 am to 2:00 pm,11.0,0,Morning,Spring,3801,2082,NORTH,3E62,Unknown,Unknown,Unknown,AA,Vehicle(s) Only Involved,178,4,16,57658,1
179,86743,240629422.0,2024-10-06 19:30:00,2024 October 06,19:30:00,2024,October,Sunday,6:01 pm to 10:00 pm,19.0,1,Evening,Fall,3801,1952,Central,902,Unknown,Unknown,Unknown,CC,Vehicle-Bicycle,10365,2,24,57468,1
180,6453,5334918.0,2011-09-05 16:43:00,2011 September 05,16:43:00,2011,September,Monday,2:01 pm to 6:00 pm,16.0,0,Afternoon,Fall,3801,002122,D,4B6D,Unknown,Unknown,Unknown,AA,Vehicle(s) Only Involved,180,2,1,55800,1
181,47210,190304942.0,2019-04-29 16:07:00,2019 April 29,16:07:00,2019,April,Monday,2:01 pm to 6:00 pm,16.0,0,Afternoon,Spring,3801,764,Mission,3D3C,Unknown,Unknown,Unknown,BB,Vehicle-Pedestrian,181,2,1,57566,4
182,22392,5592623.0,2012-01-30 09:42:00,2012 January 30,09:42:00,2012,January,Monday,6:01 am to 10:00 am,9.0,0,Morning,Winter,3801,000874,PARK,3F61,Unknown,Unknown,Unknown,AA,Vehicle(s) Only Involved,7237,2,1,57585,1
183,45463,171050560.0,2017-12-29 17:19:00,2017 December 29,17:19:00,2017,December,Friday,2:01 pm to 6:00 pm,17.0,0,Evening,Winter,3801,1766,CENTRAL,4B3C,22517,22517,Opening door on traffic side when unsafe,EE,Bicycle-Parked Car,40965,8,3,55217,1
184,16776,5684951.0,2012-03-11 19:11:00,2012 March 11,19:11:00,2012,March,Sunday,6:01 pm to 10:00 pm,19.0,1,Evening,Spring,3801,2082,NORTH,3E62,Unknown,Unknown,Unknown,CC,Vehicle-Bicycle,37255,1,3,56954,4
185,21909,6059056.0,2012-10-18 22:16:00,2012 October 18,22:16:00,2012,October,Thursday,10:01 pm to 2:00 am,22.0,0,Night,Fall,3801,591,NORTH,3E12E,Unknown,Unknown,Unknown,FF,Bicycle Only,9060,2,3,57524,2
186,12332,6059155.0,2012-11-23 18:06:00,2012 November 23,18:06:00,2012,November,Friday,6:01 pm to 10:00 pm,18.0,0,Evening,Fall,3801,2383,MISSI,2015D,Unknown,Unknown,Unknown,CC,Vehicle-Bicycle,6881,2,3,55192,2
187,82034,230033560.0,2023-01-15 05:01:00,2023 January 15,05:01:00,2023,January,Sunday,2:01 am to 6:00 am,5.0,1,Morning,Winter,3801,1463,Southern,B2,Unknown,Unknown,Unknown,AA,Vehicle(s) Only Involved,1225,1,13,57585,11
188,85333,240153261.0,2024-03-09 02:49:00,2024 March 09,02:49:00,2024,March,Saturday,2:01 am to 6:00 am,2.0,1,Night,Spring,3801,1402,Southern,3B15E,Unknown,Unknown,Unknown,AA,Vehicle(s) Only Involved,6110,2,3,57033,1
189,77885,200036641.0,2020-01-15 12:19:00,2020 January 15,12:19:00,2020,January,Wednesday,10:01 am to 2:00 pm,12.0,0,Afternoon,Winter,3801,196,Central,3A13A,Unknown,Unknown,Unknown,BB,Vehicle-Pedestrian,189,3,6,56772,1
190,82164,230104042.0,2023-02-12 10:00:00,2023 February 12,10:00:00,2023,February,Sunday,6:01 am to 10:00 am,10.0,1,Morning,Winter,3801,993,Southern,4 CAR,Unknown,Unknown,Unknown,AA,Vehicle(s) Only Involved,37095,2,1,57585,1
191,81873,230271378.0,2023-04-17 16:35:00,2023 April 17,16:35:00,2023,April,Monday,2:01 pm to 6:00 pm,16.0,0,Afternoon,Spring,3801,283,Mission,B4,Unknown,Unknown,Unknown,AA,Vehicle(s) Only Involved,191,3,6,33815,2
192,81985,230346476.0,2023-05-19 15:41:00,2023 May 19,15:41:00,2023,May,Friday,2:01 pm to 6:00 pm,15.0,0,Afternoon,Spring,3801,2748,Ingleside,3H16D,Unknown,Unknown,Unknown,BB,Vehicle-Pedestrian,192,1,2,57566,1
193,56089,210601171.0,2021-09-16 20:45:00,2021 September 16,20:45:00,2021,September,Thursday,6:01 pm to 10:00 pm,20.0,0,Evening,Fall,3801,2731,Richmond,G3,Unknown,Unknown,Unknown,AA,Vehicle(s) Only Involved,193,2,3,57557,1
194,82167,230112506.0,2023-02-15 13:15:00,2023 February 15,13:15:00,2023,February,Wednesday,10:01 am to 2:00 pm,13.0,0,Afternoon,Winter,3801,4132,Mission,1-CAR,Unknown,Unknown,Unknown,AA,Vehicle(s) Only Involved,194,2,2,56833,2
195,56169,210425705.0,2021-07-06 18:30:00,2021 July 06,18:30:00,2021,July,Tuesday,6:01 pm to 10:00 pm,18.0,0,Evening,Summer,3801,1116,Mission,3D16D,Unknown,Unknown,Unknown,CC,Vehicle-Bicycle,195,6,36,53918,1
196,55836,210559724.0,2021-08-31 16:02:00,2021 August 31,16:02:00,2021,August,Tuesday,2:01 pm to 6:00 pm,16.0,0,Afternoon,Summer,3801,Aguayo #706,Taraval,3I13D,22450(a),22450(a),Failure to stop at STOP sign,AA,Vehicle(s) Only Involved,22212,2,2,57490,2
197,82336,230757362.0,2023-10-22 15:51:00,2023 October 22,15:51:00,2023,October,Sunday,2:01 pm to 6:00 pm,15.0,1,Afternoon,Fall,3801,274,Mission,,Unknown,Unknown,Unknown,AA,Vehicle(s) Only Involved,197,4,37,56568,1
198,82222,230628183.0,2023-09-02 16:00:00,2023 September 02,16:00:00,2023,September,Saturday,2:01 pm to 6:00 pm,16.0,1,Afternoon,Fall,3801,364,Southern,3B12D,Unknown,Unknown,Unknown,AA,Vehicle(s) Only Involved,198,2,2,55180,4
199,85970,240409917.0,2024-07-01 15:40:00,2024 July 01,15:40:00,2024,July,Monday,2:01 pm to 6:00 pm,15.0,0,Afternoon,Summer,3801,704,Bayview,3C13D,22350,22350,Unsafe speed for prevailing conditions,AA,Vehicle(s) Only Involved,26895,2,1,57659,2
200,86285,240458936.0,2024-07-23 10:00:00,2024 July 23,10:00:00,2024,July,Tuesday,6:01 am to 10:00 am,10.0,0,Morning,Summer,3801,2390,Park,3F3A,Unknown,Unknown,Unknown,CC,Vehicle-Bicycle,11396,2,30,55448,4
201,58490,220325286.0,2022-05-18 14:42:00,2022 May 18,14:42:00,2022,May,Wednesday,2:01 pm to 6:00 pm,14.0,0,Afternoon,Spring,3801,310,Southern,3B13A,Unknown,Unknown,Unknown,FF,Bicycle Only,201,2,2,57524,4
202,58715,220614487.0,2022-09-09 14:10:00,2022 September 09,14:10:00,2022,September,Friday,2:01 pm to 6:00 pm,14.0,0,Afternoon,Fall,3801,2466,Richmond,Three,Unknown,Unknown,Unknown,CC,Vehicle-Bicycle,202,2,38,57468,2
203,34482,180037335.0,2018-01-14 17:35:00,2018 January 14,17:35:00,2018,January,Sunday,2:01 pm to 6:00 pm,17.0,1,Evening,Winter,3801,33,Central,5A,Unknown,Unknown,Unknown,FF,Bicycle Only,203,2,12,57524,2
204,79973,180719602.0,2018-09-22 14:48:00,2018 September 22,14:48:00,2018,September,Saturday,2:01 pm to 6:00 pm,14.0,1,Afternoon,Fall,2059,2059,Central,3A13A,unknown,Unknown,Unknown,FF,Bicycle Only,204,2,1,57524,1
205,45389,140839767.0,2014-10-05 12:45:00,2014 October 05,12:45:00,2014,October,Sunday,10:01 am to 2:00 pm,12.0,1,Afternoon,Fall,3801,845,BAYVIEW,4K4A,22350,22350,Unsafe speed for prevailing conditions,AA,Vehicle(s) Only Involved,40965,2,2,57636,2
206,59832,220821369.0,2022-11-29 18:40:00,2022 November 29,18:40:00,2022,November,Tuesday,6:01 pm to 10:00 pm,18.0,0,Evening,Fall,3801,2028,Bayview,3C12D,22107,22107,Unsafe turn or lane change prohibited,AA,Vehicle(s) Only Involved,205,2,12,57659,1
207,86150,240452734.0,2024-07-20 06:11:00,2024 July 20,06:11:00,2024,July,Saturday,6:01 am to 10:00 am,6.0,1,Morning,Summer,3801,1826,Central,1,21453(a),"21453(a,c)",Red signal - driver or bicyclist responsibilities,BB,Vehicle-Pedestrian,206,2,1,57649,1
208,85905,240384438.0,2024-06-20 03:58:00,2024 June 20,03:58:00,2024,June,Thursday,2:01 am to 6:00 am,3.0,0,Night,Summer,3801,1952,Central,902,21657,21657,Going against one-way traffic patterns,AA,Vehicle(s) Only Involved,207,2,3,57467,4
209,10164,3468431.0,2007-11-29 09:14:00,2007 November 29,09:14:00,2007,November,Thursday,6:01 am to 10:00 am,9.0,0,Morning,Fall,3801,001751,,4B1B,22350,22350,Unsafe speed for prevailing conditions,AA,Vehicle(s) Only Involved,208,2,1,57658,1
210,4369,130314412.0,2013-04-17 18:05:00,2013 April 17,18:05:00,2013,April,Wednesday,6:01 pm to 10:00 pm,18.0,0,Evening,Spring,3801,1730,INGLESIDE,3H2D,22107,22107,Unsafe turn or lane change prohibited,AA,Vehicle(s) Only Involved,2509,2,1,57603,1
211,37267,130674567.0,2013-08-14 20:00:00,2013 August 14,20:00:00,2013,August,Wednesday,6:01 pm to 10:00 pm,20.0,0,Evening,Summer,3801,4158,TARAVAL,3I5D,22350,22350,Unsafe speed for prevailing conditions,AA,Vehicle(s) Only Involved,367,2,3,57603,1
212,86701,240531833.0,2024-08-24 15:30:00,2024 August 24,15:30:00,2024,August,Saturday,2:01 pm to 6:00 pm,15.0,1,Afternoon,Summer,3801,2118,Southern,3B12D,21658(c),"21658(a,b,c)",Lane straddling or failure to use specified lanes,AA,Vehicle(s) Only Involved,211,2,2,57660,1
213,84838,240075875.0,2024-02-03 18:29:00,2024 February 03,18:29:00,2024,February,Saturday,6:01 pm to 10:00 pm,18.0,1,Evening,Winter,3801,359,Taraval,3I3B,21950(a),"21950(a,c)",Driver or bicyclist to yield right-of-way at crosswalks,BB,Vehicle-Pedestrian,212,4,13,57649,2
214,42544,4274719.0,2009-04-21 12:35:00,2009 April 21,12:35:00,2009,April,Tuesday,10:01 am to 2:00 pm,12.0,0,Afternoon,Spring,3801,625,G,4B4G,22350,22350,Unsafe speed for prevailing conditions,AA,Vehicle(s) Only Involved,213,2,2,57658,8
215,48538,190521704.0,2019-07-17 19:10:00,2019 July 17,19:10:00,2019,July,Wednesday,6:01 pm to 10:00 pm,19.0,0,Evening,Summer,3801,1740,Central,3A13D,22107,22107,Unsafe turn or lane change prohibited,AA,Vehicle(s) Only Involved,17771,2,1,57406,1
216,48208,190549994.0,2019-07-29 01:25:00,2019 July 29,01:25:00,2019,July,Monday,10:01 pm to 2:00 am,1.0,0,Night,Summer,3801,2744,Southern,3B13E,21803(a),"21803(a,b)",Violation of Yield sign,AA,Vehicle(s) Only Involved,215,2,39,57660,1
217,21091,1995877.0,2005-03-11 14:34:00,2005 March 11,14:34:00,2005,March,Friday,2:01 pm to 6:00 pm,14.0,0,Afternoon,Spring,3801,4093,,3E48C,21950(a),"21950(a,c)",Driver or bicyclist to yield right-of-way at crosswalks,BB,Vehicle-Pedestrian,21221,2,2,57649,1
218,18383,180816957.0,2018-10-27 22:05:00,2018 October 27,22:05:00,2018,October,Saturday,10:01 pm to 2:00 am,22.0,1,Night,Fall,3801,Gallo #1060,Not Stated,,22450(a),22450(a),Failure to stop at STOP sign,CC,Vehicle-Bicycle,217,2,3,57621,1
219,34992,3436849.0,2007-10-04 17:30:00,2007 October 04,17:30:00,2007,October,Thursday,2:01 pm to 6:00 pm,17.0,0,Evening,Fall,3801,70,,3A13D,21802(a),"21802(a,b)",Violation of right-of-way - entering through highway,AA,Vehicle(s) Only Involved,218,2,2,57659,1
220,24181,5484396.0,2012-01-22 16:01:00,2012 January 22,16:01:00,2012,January,Sunday,2:01 pm to 6:00 pm,16.0,1,Afternoon,Winter,3801,001324,SOUTH,4C4,22107,22107,Unsafe turn or lane change prohibited,CC,Vehicle-Bicycle,27166,2,2,57625,1
221,53523,200539021.0,2020-09-07 14:26:00,2020 September 07,14:26:00,2020,September,Monday,2:01 pm to 6:00 pm,14.0,0,Afternoon,Fall,3801,1435,Traffic,4B4I,22350,22350,Unsafe speed for prevailing conditions,AA,Vehicle(s) Only Involved,219,2,2,57659,6
222,9569,140942683.0,2014-11-07 06:48:00,2014 November 07,06:48:00,2014,November,Friday,6:01 am to 10:00 am,6.0,0,Morning,Fall,3801,1696,MISSION,3D16A,22107,22107,Unsafe turn or lane change prohibited,AA,Vehicle(s) Only Involved,10081,2,2,57659,4