collision_id,unique_id,case_id_pkey,collision_datetime,collision_date,collision_time,accident_year,month,day_of_week,time_cat,hour_of_day,is_weekend,time_of_day,season,juris,officer_id,reporting_district,beat_number,vz_pcf_code,vz_pcf_group,vz_pcf_description,dph_col_grp,dph_col_grp_description,location_id,weather_id,road_id,party_id,severity_id
994,8602,150622659.0,2015-07-17 16:14:00,2015 July 17,16:14:00,2015,July,Friday,2:01 pm to 6:00 pm,16.0,0,Afternoon,Summer,3801,4352,MISSION,902,22106,22106,Unsafe starting or backing on highway,AA,Vehicle(s) Only Involved,31051,2,1,57658,1
995,59620,220878207.0,2022-12-23 16:34:00,2022 December 23,16:34:00,2022,December,Friday,2:01 pm to 6:00 pm,16.0,0,Afternoon,Winter,3801,2407,Mission,3D11D,21801(a),"21801(a,b)",Violation of right-of-way - left turn,AA,Vehicle(s) Only Involved,974,2,1,57659,4
996,59634,220883472.0,2022-12-25 22:00:00,2022 December 25,22:00:00,2022,December,Sunday,6:01 pm to 10:00 pm,22.0,1,Night,Winter,3801,610,Mission,3D41A,22450(a),22450(a),Failure to stop at STOP sign,AA,Vehicle(s) Only Involved,975,2,3,57603,8
997,3434,160787033.0,2016-09-28 07:28:00,2016 September 28,07:28:00,2016,September,Wednesday,6:01 am to 10:00 am,7.0,0,Morning,Fall,3801,439,BAYVIEW,3C13A,22107,22107,Unsafe turn or lane change prohibited,AA,Vehicle(s) Only Involved,976,2,2,57603,13
998,44628,9009335.0,2006-08-17 17:44:00,2006 August 17,17:44:00,2006,August,Thursday,2:01 pm to 6:00 pm,17.0,0,Evening,Summer,3801,1279,G,4B5H,21950(a),"21950(a,c)",Driver or bicyclist to yield right-of-way at crosswalks,BB,Vehicle-Pedestrian,977,2,1,57649,1
999,1589,6089128.0,2012-08-10 14:56:00,2012 August 10,14:56:00,2012,August,Friday,2:01 pm to 6:00 pm,14.0,0,Afternoon,Summer,3801,1939,INGLE,4B2H,22350,22350,Unsafe speed for prevailing conditions,BB,Vehicle-Pedestrian,978,2,2,56363,3
1000,29714,6096588.0,2012-04-28 14:30:00,2012 April 28,14:30:00,2012,April,Saturday,2:01 pm to 6:00 pm,14.0,1,Afternoon,Spring,3801,2310,NORTH,3E13C,22107,22107,Unsafe turn or lane change prohibited,AA,Vehicle(s) Only Involved,40355,2,1,57659,8
1001,30336,2384191.0,2005-10-09 14:00:00,2005 October 09,14:00:00,2005,October,Sunday,10:01 am to 2:00 pm,14.0,1,Afternoon,Fall,3801,1661,,01A,22106,22106,Unsafe starting or backing on highway,AA,Vehicle(s) Only Involved,34899,2,1,57658,1
1002,48229,190575325.0,2019-08-06 17:25:00,2019 August 06,17:25:00,2019,August,Tuesday,2:01 pm to 6:00 pm,17.0,0,Evening,Summer,3801,a23854,Central,3A11D,21453(a),"21453(a,c)",Red signal - driver or bicyclist responsibilities,AA,Vehicle(s) Only Involved,980,2,3,57659,1
1003,51166,190322762.0,2019-05-05 21:30:00,2019 May 05,21:30:00,2019,May,Sunday,6:01 pm to 10:00 pm,21.0,1,Night,Spring,3801,279,Bayview,3C15E,22350,22350,Unsafe speed for prevailing conditions,AA,Vehicle(s) Only Involved,981,1,12,57496,1
1004,37395,160318741.0,2016-04-18 16:59:00,2016 April 18,16:59:00,2016,April,Monday,2:01 pm to 6:00 pm,16.0,0,Afternoon,Spring,3801,2286,TARAVAL,4B81,21703,21703,Following too closely prohibited,AA,Vehicle(s) Only Involved,982,2,1,57658,3
1005,81903,230275358.0,2023-04-20 19:08:00,2023 April 20,19:08:00,2023,April,Thursday,6:01 pm to 10:00 pm,19.0,0,Evening,Spring,3801,1845,Taraval,3I1D,21950(b),"21950(b, e(2))",Pedestrian suddenly entering into vehicle path close enough to create an immediate hazard,BB,Vehicle-Pedestrian,34217,2,15,57622,1
1006,83643,230602494.0,2023-08-24 06:00:00,2023 August 24,06:00:00,2023,August,Thursday,6:01 am to 10:00 am,6.0,0,Morning,Summer,3801,764,Park,3F13A,21453(a),"21453(a,c)",Red signal - driver or bicyclist responsibilities,AA,Vehicle(s) Only Involved,984,2,33,57659,1
1007,57019,210833590.0,2021-12-17 09:49:00,2021 December 17,09:49:00,2021,December,Friday,6:01 am to 10:00 am,9.0,0,Morning,Winter,3801,73,Traffic,4B1B,22350,22350,Unsafe speed for prevailing conditions,AA,Vehicle(s) Only Involved,985,2,50,57026,6
1008,47898,190607843.0,2019-08-18 02:15:00,2019 August 18,02:15:00,2019,August,Sunday,2:01 am to 6:00 am,2.0,1,Night,Summer,3801,1094,Tenderloin,3J13E,23123(a),23123(a),Using a wireless telephone not configured for hands-free use,AA,Vehicle(s) Only Involved,21376,2,21,57653,1
1009,48340,190672545.0,2019-09-09 13:08:00,2019 September 09,13:08:00,2019,September,Monday,10:01 am to 2:00 pm,13.0,0,Afternoon,Fall,3801,719,Central,3A14C,22350,22350,Unsafe speed for prevailing conditions,BB,Vehicle-Pedestrian,986,2,2,57454,1
1010,53393,200490310.0,2020-08-15 12:15:00,2020 August 15,12:15:00,2020,August,Saturday,10:01 am to 2:00 pm,12.0,1,Afternoon,Summer,3801,764,Mission,3D44C,22106,22106,Unsafe starting or backing on highway,AA,Vehicle(s) Only Involved,987,3,6,57546,1
1011,9171,170454909.0,2017-06-03 17:35:00,2017 June 03,17:35:00,2017,June,Saturday,2:01 pm to 6:00 pm,17.0,1,Evening,Summer,3801,1304,CO C,3C171,22350,22350,Unsafe speed for prevailing conditions,AA,Vehicle(s) Only Involved,988,2,2,57496,1
1012,5710,6076630.0,2012-05-16 07:36:00,2012 May 16,07:36:00,2012,May,Wednesday,6:01 am to 10:00 am,7.0,0,Morning,Spring,3801,1737,INGLE,3H11A,22103,22103,Illegal U-turn in residential district,CC,Vehicle-Bicycle,989,2,2,55448,2
1013,18488,2308669.0,2005-09-29 07:55:00,2005 September 29,07:55:00,2005,September,Thursday,6:01 am to 10:00 am,7.0,0,Morning,Fall,3801,000779,NORTH,3E62,22107,22107,Unsafe turn or lane change prohibited,AA,Vehicle(s) Only Involved,990,2,1,57607,3
1014,52823,200253259.0,2020-04-22 04:32:00,2020 April 22,04:32:00,2020,April,Wednesday,2:01 am to 6:00 am,4.0,0,Night,Spring,3801,2437,Bayview,3C13E,22350,22350,Unsafe speed for prevailing conditions,AA,Vehicle(s) Only Involved,991,2,12,57584,2
1015,50805,190344681.0,2019-05-14 09:07:00,2019 May 14,09:07:00,2019,May,Tuesday,6:01 am to 10:00 am,9.0,0,Morning,Spring,3801,1631,Southern,3B3A,21209(a),21209(a),Motor vehicle in bicycle lane prohibited,CC,Vehicle-Bicycle,992,2,2,57639,1
1016,81796,230192752.0,2023-03-19 01:00:00,2023 March 19,01:00:00,2023,March,Sunday,10:01 pm to 2:00 am,1.0,1,Night,Spring,3801,1466,Southern,3B,22107,22107,Unsafe turn or lane change prohibited,AA,Vehicle(s) Only Involved,993,4,13,57603,1
1017,7123,6128624.0,2012-06-04 17:00:00,2012 June 04,17:00:00,2012,June,Monday,2:01 pm to 6:00 pm,17.0,0,Evening,Summer,3801,1043,INGLE,4B1H,21801(a),"21801(a,b)",Violation of right-of-way - left turn,AA,Vehicle(s) Only Involved,31579,2,19,57659,1
1018,9926,3253480.0,2007-06-25 15:35:00,2007 June 25,15:35:00,2007,June,Monday,2:01 pm to 6:00 pm,15.0,0,Afternoon,Summer,3801,002122,D,4B6D,21453(a),"21453(a,c)",Red signal - driver or bicyclist responsibilities,AA,Vehicle(s) Only Involved,3016,2,1,57659,13
1019,63,3601760.0,2008-01-03 18:15:00,2008 January 03,18:15:00,2008,January,Thursday,6:01 pm to 10:00 pm,18.0,0,Evening,Winter,3801,1798,BAYVI,SECTO3,22107,22107,Unsafe turn or lane change prohibited,AA,Vehicle(s) Only Involved,8590,7,7,57607,1
1020,9590,130293850.0,2013-04-10 18:10:00,2013 April 10,18:10:00,2013,April,Wednesday,6:01 pm to 10:00 pm,18.0,0,Evening,Spring,3801,358,CO D,3D12D,21801(a),"21801(a,b)",Violation of right-of-way - left turn,CC,Vehicle-Bicycle,997,2,33,57581,2
1021,49888,190981368.0,2019-12-31 11:45:00,2019 December 31,11:45:00,2019,December,Tuesday,10:01 am to 2:00 pm,11.0,0,Morning,Winter,3801,4041,Bayview,3C12A,21803(a),"21803(a,b)",Violation of Yield sign,AA,Vehicle(s) Only Involved,3191,2,1,57659,8
1022,27062,140249893.0,2014-03-25 06:30:00,2014 March 25,06:30:00,2014,March,Tuesday,6:01 am to 10:00 am,6.0,0,Morning,Spring,3801,2118,SOUTHERN,B1,21663,21663,Operating vehicle or bicycle on sidewalk prohibited,CC,Vehicle-Bicycle,999,1,12,57621,4
1023,7955,150079351.0,2015-01-26 15:31:00,2015 January 26,15:31:00,2015,January,Monday,2:01 pm to 6:00 pm,15.0,0,Afternoon,Winter,3801,845,MISSION,4K4A,22101(d),22101(d),Violation of a turn prohibition sign,AA,Vehicle(s) Only Involved,7409,2,2,57658,14
1024,59337,220764452.0,2022-11-06 14:48:00,2022 November 06,14:48:00,2022,November,Sunday,2:01 pm to 6:00 pm,14.0,1,Afternoon,Fall,3801,1246,Bayview,,22350,22350,Unsafe speed for prevailing conditions,AA,Vehicle(s) Only Involved,1001,2,80,57508,2
1025,59706,220863270.0,2022-12-17 13:57:00,2022 December 17,13:57:00,2022,December,Saturday,10:01 am to 2:00 pm,13.0,1,Afternoon,Winter,3801,2445,Southern,3B14D,21950(a),"21950(a,c)",Driver or bicyclist to yield right-of-way at crosswalks,BB,Vehicle-Pedestrian,3967,2,1,57525,1
1026,82876,230414108.0,2023-06-16 04:30:00,2023 June 16,04:30:00,2023,June,Friday,2:01 am to 6:00 am,4.0,0,Night,Summer,3801,2498,Northern,3E15E,21703,21703,Following too closely prohibited,AA,Vehicle(s) Only Involved,35325,2,12,57658,1
1027,48810,190777139.0,2019-10-15 15:30:00,2019 October 15,15:30:00,2019,October,Tuesday,2:01 pm to 6:00 pm,15.0,0,Afternoon,Fall,3801,1531,Tenderloin,3 Car,21456(c),"21456(a,c)",Pedestrian violation of walk or wait signals,BB,Vehicle-Pedestrian,3148,2,1,57622,1
1028,59318,220423987.0,2022-06-28 11:45:00,2022 June 28,11:45:00,2022,June,Tuesday,10:01 am to 2:00 pm,11.0,0,Morning,Summer,3801,1540,Taraval,3I11A,22350,22350,Unsafe speed for prevailing conditions,AA,Vehicle(s) Only Involved,1005,2,1,56894,1
1029,38160,9005482.0,2006-08-01 08:30:00,2006 August 01,08:30:00,2006,August,Tuesday,6:01 am to 10:00 am,8.0,0,Morning,Summer,3801,1794,TARAV,005,21453(a),"21453(a,c)",Red signal - driver or bicyclist responsibilities,AA,Vehicle(s) Only Involved,1499,2,1,57585,1
1030,59726,220693293.0,2022-10-09 11:11:00,2022 October 09,11:11:00,2022,October,Sunday,10:01 am to 2:00 pm,11.0,1,Morning,Fall,3801,1796,Richmond,3G14A,22107,22107,Unsafe turn or lane change prohibited,CC,Vehicle-Bicycle,37995,2,1,57614,1
1031,27007,141024664.0,2014-12-05 04:00:00,2014 December 05,04:00:00,2014,December,Friday,2:01 am to 6:00 am,4.0,0,Night,Winter,3801,1009,CENTRAL,3A2A,22106,22106,Unsafe starting or backing on highway,AA,Vehicle(s) Only Involved,1008,4,7,57658,1
1032,13248,180542798.0,2018-07-21 15:18:00,2018 July 21,15:18:00,2018,July,Saturday,2:01 pm to 6:00 pm,15.0,1,Afternoon,Summer,3801,1345,Southern,B5,21755(a),21755(a),Unsafe passing on right shoulder,AA,Vehicle(s) Only Involved,1009,2,1,57636,1
1033,5014,130022245.0,2013-01-08 22:30:00,2013 January 08,22:30:00,2013,January,Tuesday,10:01 pm to 2:00 am,22.0,0,Night,Winter,3801,A09854,INGLESIDE,3H12E,21750,21750,Overtaking and passing unsafely,CC,Vehicle-Bicycle,1010,2,12,57650,1
1034,57531,220135671.0,2022-02-28 17:32:00,2022 February 28,17:32:00,2022,February,Monday,2:01 pm to 6:00 pm,17.0,0,Evening,Winter,3801,1286,Southern,3B3,Other Than Driver,Unknown,Unknown,AA,Vehicle(s) Only Involved,26207,2,1,57406,1
1035,9191,150795319.0,2015-09-10 17:05:00,2015 September 10,17:05:00,2015,September,Thursday,2:01 pm to 6:00 pm,17.0,0,Evening,Fall,3801,4360,BAYVIEW,1 CAT,21801(a),"21801(a,b)",Violation of right-of-way - left turn,AA,Vehicle(s) Only Involved,18831,2,1,57603,1
1036,14538,2407535.0,2006-01-02 02:53:00,2006 January 02,02:53:00,2006,January,Monday,2:01 am to 6:00 am,2.0,0,Night,Winter,9335,017995,,024,23152(a),23152(a-g),Driving under influence of alcohol and/or drugs,AA,Vehicle(s) Only Involved,24944,1,61,57607,4
1037,61469,210680432.0,2021-10-17 15:30:00,2021 October 17,15:30:00,2021,October,Sunday,2:01 pm to 6:00 pm,15.0,1,Afternoon,Fall,3801,4124,Ingleside,,22350,22350,Unsafe speed for prevailing conditions,AA,Vehicle(s) Only Involved,1014,2,2,57584,1
1038,84849,240081082.0,2024-02-06 14:47:00,2024 February 06,14:47:00,2024,February,Tuesday,2:01 pm to 6:00 pm,14.0,0,Afternoon,Winter,3801,2744,Southern,B5,21800(a),21800(a-c),Violation of right-of-way or uncontrolled intersection,CC,Vehicle-Bicycle,1015,2,1,57581,2
1039,59557,220814518.0,2022-11-27 00:01:00,2022 November 27,00:01:00,2022,November,Sunday,10:01 pm to 2:00 am,0.0,1,Night,Fall,3801,318,Ingleside,2,21453(a),"21453(a,c)",Red signal - driver or bicyclist responsibilities,AA,Vehicle(s) Only Involved,1016,2,81,57659,2
1040,26508,5386322.0,2011-10-21 09:42:00,2011 October 21,09:42:00,2011,October,Friday,6:01 am to 10:00 am,9.0,0,Morning,Fall,3801,27,,,22350,22350,Unsafe speed for prevailing conditions,AA,Vehicle(s) Only Involved,22054,2,1,57658,1
1041,20377,140557696.0,2014-07-05 16:53:00,2014 July 05,16:53:00,2014,July,Saturday,2:01 pm to 6:00 pm,16.0,1,Afternoon,Summer,3801,738,NORTHERN,3E62,Unknown,Unknown,Unknown,AA,Vehicle(s) Only Involved,1395,2,1,57585,1
1042,18523,3325003.0,2007-08-07 17:50:00,2007 August 07,17:50:00,2007,August,Tuesday,2:01 pm to 6:00 pm,17.0,0,Evening,Summer,3801,1846,3B,13D,22106,22106,Unsafe starting or backing on highway,BB,Vehicle-Pedestrian,1018,2,2,57649,2
1043,78110,200123624.0,2020-02-18 16:03:00,2020 February 18,16:03:00,2020,February,Tuesday,2:01 pm to 6:00 pm,16.0,0,Afternoon,Winter,3801,004326,Southern,4,21950(a),"21950(a,c)",Driver or bicyclist to yield right-of-way at crosswalks,BB,Vehicle-Pedestrian,19459,2,1,57649,2
1044,48244,190588889.0,2019-08-11 16:18:00,2019 August 11,16:18:00,2019,August,Sunday,2:01 pm to 6:00 pm,16.0,1,Afternoon,Summer,3801,1878,Central,,7.2.12TC,7.2.12TC,"Local ordinance, bicycles prohibited from sidewalk",CC,Vehicle-Bicycle,1020,2,2,57621,1
1045,439,130384415.0,2013-05-10 14:53:00,2013 May 10,14:53:00,2013,May,Friday,2:01 pm to 6:00 pm,14.0,0,Afternoon,Spring,3801,1939,INGLESIDE,4B2H,Unknown,Unknown,Unknown,AA,Vehicle(s) Only Involved,1021,2,1,57603,2
1046,82843,230413843.0,2023-06-15 22:45:00,2023 June 15,22:45:00,2023,June,Thursday,10:01 pm to 2:00 am,22.0,0,Night,Summer,3801,1123,Southern,3B12E,21658(a),"21658(a,b,c)",Lane straddling or failure to use specified lanes,CC,Vehicle-Bicycle,32713,2,3,57614,2
1047,81818,230244870.0,2023-04-08 19:40:00,2023 April 08,19:40:00,2023,April,Saturday,6:01 pm to 10:00 pm,19.0,1,Evening,Spring,3801,2342,Northern,3E14D,Unknown,Unknown,Unknown,AA,Vehicle(s) Only Involved,1023,2,12,57585,1
1048,39143,130032636.0,2013-01-12 13:14:00,2013 January 12,13:14:00,2013,January,Saturday,10:01 am to 2:00 pm,13.0,1,Afternoon,Winter,3801,2253,TARAVAL,3160,21658(a),"21658(a,b)",Lane straddling or failure to use specified lanes,AA,Vehicle(s) Only Involved,1024,2,2,57607,2
1049,41755,130332135.0,2013-04-23 11:26:00,2013 April 23,11:26:00,2013,April,Tuesday,10:01 am to 2:00 pm,11.0,0,Morning,Spring,3801,1629,TARAVAL,3162,Unknown,Unknown,Unknown,AA,Vehicle(s) Only Involved,1025,2,1,57654,2
1050,26758,150809346.0,2015-09-15 10:00:00,2015 September 15,10:00:00,2015,September,Tuesday,6:01 am to 10:00 am,10.0,0,Morning,Fall,3801,908,3A,5,21954(a),21954(a),Pedestrians must yield right-of-way outside of crosswalks,BB,Vehicle-Pedestrian,1026,1,2,57622,3
1051,53435,200506763.0,2020-08-23 02:00:00,2020 August 23,02:00:00,2020,August,Sunday,10:01 pm to 2:00 am,2.0,1,Night,Summer,3801,488,Ingleside,,22450(a),22450(a),Failure to stop at STOP sign,AA,Vehicle(s) Only Involved,1027,2,3,57659,14
1052,61441,190871509.0,2019-11-18 01:00:00,2019 November 18,01:00:00,2019,November,Monday,10:01 pm to 2:00 am,1.0,0,Night,Fall,3801,4115,Southern,B4,22350,22350,Unsafe speed for prevailing conditions,BB,Vehicle-Pedestrian,26095,2,3,57649,2
1053,15076,6207973.0,2012-11-05 08:31:00,2012 November 05,08:31:00,2012,November,Monday,6:01 am to 10:00 am,8.0,0,Morning,Fall,3801,00251,MAIT,4C3,21703,21703,Following too closely prohibited,AA,Vehicle(s) Only Involved,6910,2,2,57658,1
1054,25959,160436020.0,2016-05-28 10:30:00,2016 May 28,10:30:00,2016,May,Saturday,10:01 am to 2:00 pm,10.0,1,Morning,Spring,3801,1065,J,5,Unknown,Unknown,Unknown,AA,Vehicle(s) Only Involved,1030,3,6,57546,4
1055,38730,9004236.0,2006-07-21 02:11:00,2006 July 21,02:11:00,2006,July,Friday,2:01 am to 6:00 am,2.0,0,Night,Summer,3801,4114,SANFR,3T4E,22350,22350,Unsafe speed for prevailing conditions,AA,Vehicle(s) Only Involved,1031,9,29,56341,2
1056,16784,140912426.0,2014-10-28 11:49:00,2014 October 28,11:49:00,2014,October,Tuesday,10:01 am to 2:00 pm,11.0,0,Morning,Fall,3801,4182,SOUTHERN,3B2A,22517,22517,Opening door on traffic side when unsafe,EE,Bicycle-Parked Car,1032,2,2,55217,1
1057,58188,220412231.0,2022-06-23 18:02:00,2022 June 23,18:02:00,2022,June,Thursday,6:01 pm to 10:00 pm,18.0,0,Evening,Summer,3801,1149,Mission,3D16D,21703,21703,Following too closely prohibited,AA,Vehicle(s) Only Involved,38388,2,1,57658,1
1058,12065,130246990.0,2013-03-25 15:30:00,2013 March 25,15:30:00,2013,March,Monday,2:01 pm to 6:00 pm,15.0,0,Afternoon,Spring,3801,399,MISSION,I,21801(a),"21801(a,b)",Violation of right-of-way - left turn,AA,Vehicle(s) Only Involved,35324,2,1,57585,1
1059,47788,190523039.0,2019-07-19 10:32:00,2019 July 19,10:32:00,2019,July,Friday,10:01 am to 2:00 pm,10.0,0,Morning,Summer,3801,2039,Taraval,1,21650,21650,Failure to keep to right side of road,AA,Vehicle(s) Only Involved,1035,2,1,57603,2
1060,24916,160622718.0,2016-08-02 15:11:00,2016 August 02,15:11:00,2016,August,Tuesday,2:01 pm to 6:00 pm,15.0,0,Afternoon,Summer,3801,720,TENDERLOIN,3J11D,Unknown,Unknown,Unknown,AA,Vehicle(s) Only Involved,16263,2,1,57585,1
1061,47878,190587154.0,2019-08-11 20:50:00,2019 August 11,20:50:00,2019,August,Sunday,6:01 pm to 10:00 pm,20.0,1,Evening,Summer,3801,1766,Traffic,4B3C,21453(d),21453(d),Red signal - pedestrian responsibilities,BB,Vehicle-Pedestrian,1037,2,3,57622,6
1062,15531,3539926.0,2007-12-06 11:30:00,2007 December 06,11:30:00,2007,December,Thursday,10:01 am to 2:00 pm,11.0,0,Morning,Winter,3801,180,B,004,21950(a),"21950(a,c)",Driver or bicyclist to yield right-of-way at crosswalks,BB,Vehicle-Pedestrian,38348,4,16,57649,1
1063,55561,210309905.0,2021-05-20 15:20:00,2021 May 20,15:20:00,2021,May,Thursday,2:01 pm to 6:00 pm,15.0,0,Afternoon,Spring,3801,2378,Bayview,2,21801(a),"21801(a,b)",Violation of right-of-way - left turn,AA,Vehicle(s) Only Involved,1039,2,2,57660,8
1064,34655,2409338.0,2005-10-10 09:00:00,2005 October 10,09:00:00,2005,October,Monday,6:01 am to 10:00 am,9.0,0,Morning,Fall,3801,000043,NORTH,3E61,21453(a),"21453(a,c)",Red signal - driver or bicyclist responsibilities,BB,Vehicle-Pedestrian,1040,2,1,57649,2
1065,86185,240376974.0,2024-06-16 17:45:00,2024 June 16,17:45:00,2024,June,Sunday,2:01 pm to 6:00 pm,17.0,1,Evening,Summer,3801,677,Southern,3B1D,21703,21703,Following too closely prohibited,AA,Vehicle(s) Only Involved,1041,2,2,57658,1
1066,59821,220859702.0,2022-12-16 21:53:00,2022 December 16,21:53:00,2022,December,Friday,6:01 pm to 10:00 pm,21.0,0,Night,Winter,3801,740,Mission,D4,21703,21703,Following too closely prohibited,AA,Vehicle(s) Only Involved,1042,2,3,57658,1
1067,48514,190522097.0,2019-07-15 08:00:00,2019 July 15,08:00:00,2019,July,Monday,6:01 am to 10:00 am,8.0,0,Morning,Summer,3801,2132,Mission,3D60,22350,22350,Unsafe speed for prevailing conditions,BB,Vehicle-Pedestrian,11320,2,1,57459,1
1068,11885,150801881.0,2015-09-12 17:16:00,2015 September 12,17:16:00,2015,September,Saturday,2:01 pm to 6:00 pm,17.0,1,Evening,Fall,3801,1784,MISSION,3D15D,21453(a),"21453(a,c)",Red signal - driver or bicyclist responsibilities,CC,Vehicle-Bicycle,39351,1,1,57581,1
1069,27069,160921974.0,2016-11-12 12:45:00,2016 November 12,12:45:00,2016,November,Saturday,10:01 am to 2:00 pm,12.0,1,Afternoon,Fall,3801,2704,CENTRAL,,22517,22517,Opening door on traffic side when unsafe,AA,Vehicle(s) Only Involved,1045,2,2,57137,2
1070,865,170125893.0,2017-02-13 14:53:00,2017 February 13,14:53:00,2017,February,Monday,2:01 pm to 6:00 pm,14.0,0,Afternoon,Winter,3801,484,INGLESIDE,3H16C,21703,21703,Following too closely prohibited,AA,Vehicle(s) Only Involved,37427,2,1,57658,8
1071,6492,3342271.0,2007-08-31 14:00:00,2007 August 31,14:00:00,2007,August,Friday,10:01 am to 2:00 pm,14.0,0,Afternoon,Summer,3801,36,,3D14A,21954(a),21954(a),Pedestrians must yield right-of-way outside of crosswalks,BB,Vehicle-Pedestrian,1047,2,2,57373,1
1072,60108,220664799.0,2022-09-28 16:14:00,2022 September 28,16:14:00,2022,September,Wednesday,2:01 pm to 6:00 pm,16.0,0,Afternoon,Fall,3801,1133,Central,2A,21453(a),"21453(a,c)",Red signal - driver or bicyclist responsibilities,BB,Vehicle-Pedestrian,1048,2,1,57522,1
1073,47851,190544803.0,2019-07-27 02:00:00,2019 July 27,02:00:00,2019,July,Saturday,10:01 pm to 2:00 am,2.0,1,Night,Summer,3801,426,Northern,3E13E,21950(a),"21950(a,c)",Driver or bicyclist to yield right-of-way at crosswalks,BB,Vehicle-Pedestrian,25754,2,3,57649,4
1074,61472,210774847.0,2021-11-23 23:33:00,2021 November 23,23:33:00,2021,November,Tuesday,10:01 pm to 2:00 am,23.0,0,Night,Fall,3801,1466,Southern,B4,21453(a),"21453(a,c)",Red signal - driver or bicyclist responsibilities,AA,Vehicle(s) Only Involved,36650,2,3,57659,2
1075,3627,3398925.0,2007-10-25 12:10:00,2007 October 25,12:10:00,2007,October,Thursday,10:01 am to 2:00 pm,12.0,0,Afternoon,Fall,3801,000274,BAYVI,3C63,21801(b),"21801(a,b)",Violation of right-of-way - left turn,AA,Vehicle(s) Only Involved,31265,2,1,57603,1
1076,19159,3342353.0,2007-08-30 14:47:00,2007 August 30,14:47:00,2007,August,Thursday,2:01 pm to 6:00 pm,14.0,0,Afternoon,Summer,3801,1384,3F,4B5E,Unknown,Unknown,Unknown,FF,Bicycle Only,1050,2,2,56662,2
1077,84300,230736441.0,2023-10-13 17:16:00,2023 October 13,17:16:00,2023,October,Friday,2:01 pm to 6:00 pm,17.0,0,Evening,Fall,3801,1591,Bayview,3C12D,22107,22107,Unsafe turn or lane change prohibited,AA,Vehicle(s) Only Involved,1051,1,8,57654,1
1078,37662,6068180.0,2012-09-21 15:49:00,2012 September 21,15:49:00,2012,September,Friday,2:01 pm to 6:00 pm,15.0,0,Afternoon,Fall,3801,2253,TARAV,3160,21453(a),"21453(a,c)",Red signal - driver or bicyclist responsibilities,BB,Vehicle-Pedestrian,20645,2,1,57649,1
1079,60016,220702383.0,2022-10-12 16:30:00,2022 October 12,16:30:00,2022,October,Wednesday,2:01 pm to 6:00 pm,16.0,0,Afternoon,Fall,3801,1251,Bayview,3C15D,21950(b),21950(b),Pedestrian suddenly entering into vehicle path close enough to create an immediate hazard,BB,Vehicle-Pedestrian,1053,2,1,57622,2
1080,59440,220895530.0,2022-12-31 12:20:00,2022 December 31,12:20:00,2022,December,Saturday,10:01 am to 2:00 pm,12.0,1,Afternoon,Winter,3801,2466,Richmond,Two,22107,22107,Unsafe turn or lane change prohibited,AA,Vehicle(s) Only Involved,1054,4,4,57660,8
1081,59548,220810782.0,2022-11-25 10:50:00,2022 November 25,10:50:00,2022,November,Friday,10:01 am to 2:00 pm,10.0,0,Morning,Fall,3801,1239,Mission,MISSION,21801(a),"21801(a,b)",Violation of right-of-way - left turn,AA,Vehicle(s) Only Involved,27380,2,1,57603,8
1082,48175,190730303.0,2019-09-29 12:25:00,2019 September 29,12:25:00,2019,September,Sunday,10:01 am to 2:00 pm,12.0,1,Afternoon,Fall,3801,2412,Southern,,21703,21703,Following too closely prohibited,AA,Vehicle(s) Only Involved,26941,2,2,57658,1
1083,52830,200250114.0,2020-04-20 12:20:00,2020 April 20,12:20:00,2020,April,Monday,10:01 am to 2:00 pm,12.0,0,Afternoon,Spring,3801,1425,Bayview,3C13A,22350,22350,Unsafe speed for prevailing conditions,AA,Vehicle(s) Only Involved,1056,2,1,57619,1
1084,83199,230168521.0,2023-03-09 16:17:00,2023 March 09,16:17:00,2023,March,Thursday,2:01 pm to 6:00 pm,16.0,0,Afternoon,Spring,3801,FYLES,Ingleside,3H13D,22107,22107,Unsafe turn or lane change prohibited,AA,Vehicle(s) Only Involved,1057,4,16,57237,1
1085,13176,5386059.0,2011-09-08 17:55:00,2011 September 08,17:55:00,2011,September,Thursday,2:01 pm to 6:00 pm,17.0,0,Evening,Fall,3801,000891,,3B60,22350,22350,Unsafe speed for prevailing conditions,AA,Vehicle(s) Only Involved,35249,2,2,57659,1
1086,37373,6221634.0,2012-10-07 16:39:00,2012 October 07,16:39:00,2012,October,Sunday,2:01 pm to 6:00 pm,16.0,1,Afternoon,Fall,3801,2345,TARAV,1639,22350,22350,Unsafe speed for prevailing conditions,AA,Vehicle(s) Only Involved,1059,1,1,57658,1
1087,57469,220103662.0,2022-02-15 05:40:00,2022 February 15,05:40:00,2022,February,Tuesday,2:01 am to 6:00 am,5.0,0,Morning,Winter,3801,2354,Taraval,2 CAR,21802(a),"21802(a,b)",Violation of right-of-way - entering through highway,AA,Vehicle(s) Only Involved,1060,2,33,57659,2
1088,14489,5386353.0,2011-10-14 09:11:00,2011 October 14,09:11:00,2011,October,Friday,6:01 am to 10:00 am,9.0,0,Morning,Fall,3801,1902,B,3B2A,21802(a),"21802(a,b)",Violation of right-of-way - entering through highway,CC,Vehicle-Bicycle,13929,2,2,57581,1
1089,8186,170398250.0,2017-05-15 12:07:00,2017 May 15,12:07:00,2017,May,Monday,10:01 am to 2:00 pm,12.0,0,Afternoon,Spring,3801,,INGLESIDE,3H13A,21658(a),"21658(a,b)",Lane straddling or failure to use specified lanes,AA,Vehicle(s) Only Involved,28894,2,2,57660,1