collision_id,unique_id,case_id_pkey,collision_datetime,collision_date,collision_time,accident_year,month,day_of_week,time_cat,hour_of_day,is_weekend,time_of_day,season,juris,officer_id,reporting_district,beat_number,vz_pcf_code,vz_pcf_group,vz_pcf_description,dph_col_grp,dph_col_grp_description,location_id,weather_id,road_id,party_id,severity_id
1761,81825,230247379.0,2023-04-09 21:48:00,2023 April 09,21:48:00,2023,April,Sunday,6:01 pm to 10:00 pm,21.0,1,Night,Spring,3801,1833,Tenderloin,3J13E,21453(a),"21453(a,c)",Red signal - driver or bicyclist responsibilities,AA,Vehicle(s) Only Involved,28321,2,3,57659,3
1762,37509,6221986.0,2012-12-12 03:30:00,2012 December 12,03:30:00,2012,December,Wednesday,2:01 am to 6:00 am,3.0,0,Night,Winter,3801,A20307,TARAV,315E,22107,22107,Unsafe turn or lane change prohibited,AA,Vehicle(s) Only Involved,6299,4,13,57659,1
1763,82073,230140557.0,2023-02-26 15:44:00,2023 February 26,15:44:00,2023,February,Sunday,2:01 pm to 6:00 pm,15.0,1,Afternoon,Winter,3801,654,Park,3F13D,21703,21703,Following too closely prohibited,AA,Vehicle(s) Only Involved,1707,4,4,57658,21
1764,6462,2252653.0,2005-09-19 11:38:00,2005 September 19,11:38:00,2005,September,Monday,10:01 am to 2:00 pm,11.0,0,Morning,Fall,3801,2226,MISSI,3D62,22100(a),"22100(a,b)",Turn at intersection from wrong position,AA,Vehicle(s) Only Involved,1708,2,1,57659,1
1765,41112,3432023.0,2007-10-03 10:22:00,2007 October 03,10:22:00,2007,October,Wednesday,10:01 am to 2:00 pm,10.0,0,Morning,Fall,3801,1484,,3I61,22350,22350,Unsafe speed for prevailing conditions,BB,Vehicle-Pedestrian,1709,2,2,57649,1
1766,83780,230668571.0,2023-09-17 19:00:00,2023 September 17,19:00:00,2023,September,Sunday,6:01 pm to 10:00 pm,19.0,1,Evening,Fall,3801,837,Central,3A12D,22350,22350,Unsafe speed for prevailing conditions,AA,Vehicle(s) Only Involved,1710,2,33,57658,2
1767,11751,6079142.0,2012-08-31 02:02:00,2012 August 31,02:02:00,2012,August,Friday,2:01 am to 6:00 am,2.0,0,Night,Summer,3801,4084,MISSI,901,21954(a),21954(a),Pedestrians must yield right-of-way outside of crosswalks,BB,Vehicle-Pedestrian,1711,1,3,56779,2
1768,28519,170633749.0,2017-08-04 13:00:00,2017 August 04,13:00:00,2017,August,Friday,10:01 am to 2:00 pm,13.0,0,Afternoon,Summer,3801,,CENTRAL,3A2A,22107,22107,Unsafe turn or lane change prohibited,CC,Vehicle-Bicycle,1712,1,1,57655,1
1769,59760,220797641.0,2022-11-19 18:06:00,2022 November 19,18:06:00,2022,November,Saturday,6:01 pm to 10:00 pm,18.0,1,Evening,Fall,3801,1166,Ingleside,3H16D,22450(a),22450(a),Failure to stop at STOP sign,BB,Vehicle-Pedestrian,10756,2,12,57649,1
1770,82113,230013603.0,2023-01-06 17:54:00,2023 January 06,17:54:00,2023,January,Friday,2:01 pm to 6:00 pm,17.0,0,Evening,Winter,3801,1878,Southern,B4,21703,21703,Following too closely prohibited,AA,Vehicle(s) Only Involved,2660,2,65,57658,4
1771,53755,200292887.0,2020-05-13 16:47:00,2020 May 13,16:47:00,2020,May,Wednesday,2:01 pm to 6:00 pm,16.0,0,Afternoon,Spring,3801,2419,Richmond,G2,21804(a),"21804(a,b)",Entering highway from alley or driveway,AA,Vehicle(s) Only Involved,1715,2,1,57660,2
1772,29651,3514791.0,2007-12-12 10:20:00,2007 December 12,10:20:00,2007,December,Wednesday,10:01 am to 2:00 pm,10.0,0,Morning,Winter,3801,000779,NORTH,3E62,22100(a),"22100(a,b)",Turn at intersection from wrong position,AA,Vehicle(s) Only Involved,31130,2,1,57237,1
1773,59403,220844979.0,2022-12-09 19:27:00,2022 December 09,19:27:00,2022,December,Friday,6:01 pm to 10:00 pm,19.0,0,Evening,Winter,3801,1804,Bayview,3C13D,21453(a),"21453(a,c)",Red signal - driver or bicyclist responsibilities,AA,Vehicle(s) Only Involved,344,2,3,57659,1
1774,59963,220725385.0,2022-10-21 19:45:00,2022 October 21,19:45:00,2022,October,Friday,6:01 pm to 10:00 pm,19.0,0,Evening,Fall,3801,1848,Park,3F,21750,21750,Overtaking and passing unsafely,AA,Vehicle(s) Only Involved,1717,2,3,57660,1
1775,84565,230894011.0,2023-12-22 18:00:00,2023 December 22,18:00:00,2023,December,Friday,2:01 pm to 6:00 pm,18.0,0,Evening,Winter,3801,4036,Traffic,4B1B,Unknown,Unknown,Unknown,AA,Vehicle(s) Only Involved,1718,2,3,55166,1
1776,58105,220397326.0,2022-06-17 12:06:00,2022 June 17,12:06:00,2022,June,Friday,10:01 am to 2:00 pm,12.0,0,Afternoon,Summer,3801,1250,Southern,3B14A,21804(a),"21804(a,b)",Entering highway from alley or driveway,AA,Vehicle(s) Only Involved,28781,2,2,57659,2
1777,8078,3398935.0,2007-10-21 16:22:00,2007 October 21,16:22:00,2007,October,Sunday,2:01 pm to 6:00 pm,16.0,1,Afternoon,Fall,3801,1279,MISSI,4B6I,Unknown,Unknown,Unknown,AA,Vehicle(s) Only Involved,1720,2,2,57274,1
1778,59327,220710154.0,2022-10-16 00:28:00,2022 October 16,00:28:00,2022,October,Sunday,10:01 pm to 2:00 am,0.0,1,Night,Fall,3801,1372,Ingleside,3H13E,21950(a),"21950(a,c)",Driver or bicyclist to yield right-of-way at crosswalks,BB,Vehicle-Pedestrian,40353,2,3,57649,4
1779,52011,190930650.0,2019-12-10 20:50:00,2019 December 10,20:50:00,2019,December,Tuesday,6:01 pm to 10:00 pm,20.0,0,Evening,Winter,3801,494,Park,2F,22350,22350,Unsafe speed for prevailing conditions,AA,Vehicle(s) Only Involved,1721,4,7,57475,2
1780,5080,3997255.0,2008-11-21 08:40:00,2008 November 21,08:40:00,2008,November,Friday,6:01 am to 10:00 am,8.0,0,Morning,Fall,3801,1813,INGLE,0H4,Unknown,Unknown,Unknown,AA,Vehicle(s) Only Involved,1722,2,1,57660,1
1781,2057,6221907.0,2012-11-17 08:15:00,2012 November 17,08:15:00,2012,November,Saturday,6:01 am to 10:00 am,8.0,1,Morning,Fall,3801,2074,INGLE,3H5A,21802(b),"21802(a,b)",Violation of right-of-way - entering through highway,AA,Vehicle(s) Only Involved,9936,4,72,57659,1
1782,6553,6142273.0,2012-05-14 09:40:00,2012 May 14,09:40:00,2012,May,Monday,6:01 am to 10:00 am,9.0,0,Morning,Spring,3801,00251,TRAFF,4C3,22350,22350,Unsafe speed for prevailing conditions,AA,Vehicle(s) Only Involved,1724,2,2,57660,1
1783,11421,131028234.0,2013-12-06 08:15:00,2013 December 06,08:15:00,2013,December,Friday,6:01 am to 10:00 am,8.0,0,Morning,Winter,3801,1833,D,901,Unknown,Unknown,Unknown,CC,Vehicle-Bicycle,1725,2,2,57468,2
1784,59946,220707587.0,2022-10-14 20:57:00,2022 October 14,20:57:00,2022,October,Friday,6:01 pm to 10:00 pm,20.0,0,Evening,Fall,3801,2357,Taraval,3I16E,21954(a),21954(a),Pedestrians must yield right-of-way outside of crosswalks,BB,Vehicle-Pedestrian,1726,2,13,57590,1
1785,14929,4357769.0,2009-08-17 18:13:00,2009 August 17,18:13:00,2009,August,Monday,6:01 pm to 10:00 pm,18.0,0,Evening,Summer,3801,1121,3B00,0B5,22107,22107,Unsafe turn or lane change prohibited,CC,Vehicle-Bicycle,35987,2,1,57374,1
1786,30865,130284194.0,2013-04-07 12:14:00,2013 April 07,12:14:00,2013,April,Sunday,10:01 am to 2:00 pm,12.0,1,Afternoon,Spring,3801,4280,NORTHERN,3E13C,Unknown,Unknown,Unknown,AA,Vehicle(s) Only Involved,1728,2,47,57658,1
1787,78016,200037592.0,2020-01-15 17:05:00,2020 January 15,17:05:00,2020,January,Wednesday,2:01 pm to 6:00 pm,17.0,0,Evening,Winter,3801,2107,Northern,3E13D,22350,22350,Unsafe speed for prevailing conditions,AA,Vehicle(s) Only Involved,20092,2,1,57658,8
1788,83670,230583985.0,2023-08-17 12:11:00,2023 August 17,12:11:00,2023,August,Thursday,10:01 am to 2:00 pm,12.0,0,Afternoon,Summer,3801,1796,Richmond,4G4A,21801(a),"21801(a,b)",Violation of right-of-way - left turn,AA,Vehicle(s) Only Involved,1730,1,2,57659,1
1789,9114,130194173.0,2013-03-07 18:07:00,2013 March 07,18:07:00,2013,March,Thursday,6:01 pm to 10:00 pm,18.0,0,Evening,Spring,3801,1511,BAYVIEW,11D,Unknown,Unknown,Unknown,AA,Vehicle(s) Only Involved,1731,4,99,56568,1
1790,59983,220747339.0,2022-10-30 13:30:00,2022 October 30,13:30:00,2022,October,Sunday,10:01 am to 2:00 pm,13.0,1,Afternoon,Fall,3801,310,Southern,3B12A,22350,22350,Unsafe speed for prevailing conditions,AA,Vehicle(s) Only Involved,40988,2,2,57508,4
1791,59386,220821278.0,2022-11-29 18:12:00,2022 November 29,18:12:00,2022,November,Tuesday,6:01 pm to 10:00 pm,18.0,0,Evening,Fall,3801,1423,Southern,3J50,21453(a),"21453(a,c)",Red signal - driver or bicyclist responsibilities,BB,Vehicle-Pedestrian,3967,2,3,57532,1
1792,83388,230452114.0,2023-06-30 16:30:00,2023 June 30,16:30:00,2023,June,Friday,2:01 pm to 6:00 pm,16.0,0,Afternoon,Summer,3801,171,Central,2 car,22107,22107,Unsafe turn or lane change prohibited,AA,Vehicle(s) Only Involved,1733,2,1,57660,1
1793,10509,2183936.0,2005-08-10 15:26:00,2005 August 10,15:26:00,2005,August,Wednesday,2:01 pm to 6:00 pm,15.0,0,Afternoon,Summer,3801,002122,D,4B6D,Unknown,Unknown,Unknown,BB,Vehicle-Pedestrian,1734,2,2,57619,2
1794,16393,3400118.0,2007-10-31 17:56:00,2007 October 31,17:56:00,2007,October,Wednesday,2:01 pm to 6:00 pm,17.0,0,Evening,Fall,3801,000401,SOUTH,3B61,21950(a),"21950(a,c)",Driver or bicyclist to yield right-of-way at crosswalks,BB,Vehicle-Pedestrian,1735,2,1,57649,2
1795,59749,220787329.0,2022-11-15 18:53:00,2022 November 15,18:53:00,2022,November,Tuesday,6:01 pm to 10:00 pm,18.0,0,Evening,Fall,3801,4187,Northern,3E11D,22107,22107,Unsafe turn or lane change prohibited,CC,Vehicle-Bicycle,1736,2,3,57655,2
1796,26579,6093648.0,2012-08-03 23:41:00,2012 August 03,23:41:00,2012,August,Friday,10:01 pm to 2:00 am,23.0,0,Night,Summer,3801,1881,SOUTH,3B16E,22350,22350,Unsafe speed for prevailing conditions,AA,Vehicle(s) Only Involved,1737,2,3,57584,8
1797,41265,170996478.0,2017-12-09 16:07:00,2017 December 09,16:07:00,2017,December,Saturday,2:01 pm to 6:00 pm,16.0,1,Afternoon,Winter,3801,2737,RICHMOND,,21801(a),"21801(a,b)",Violation of right-of-way - left turn,AA,Vehicle(s) Only Involved,31861,2,1,57659,1
1798,11570,150292694.0,2015-04-03 15:48:00,2015 April 03,15:48:00,2015,April,Friday,2:01 pm to 6:00 pm,15.0,0,Afternoon,Spring,3801,1846,MISSION,,22450(a),22450(a),Failure to stop at STOP sign,CC,Vehicle-Bicycle,35364,2,1,57621,2
1799,86880,240631778.0,2024-10-07 17:17:00,2024 October 07,17:17:00,2024,October,Monday,2:01 pm to 6:00 pm,17.0,0,Evening,Fall,3801,1796,Richmond,3G14A,21950(a),"21950(a,c)",Driver or bicyclist to yield right-of-way at crosswalks,BB,Vehicle-Pedestrian,1739,2,2,57649,1
1800,27282,170693840.0,2017-08-25 14:46:00,2017 August 25,14:46:00,2017,August,Friday,2:01 pm to 6:00 pm,14.0,0,Afternoon,Summer,3801,723,CENTRAL,20CAR,21950(a),"21950(a,c)",Driver or bicyclist to yield right-of-way at crosswalks,BB,Vehicle-Pedestrian,5828,2,1,57525,1
1801,85433,240055435.0,2024-01-25 17:50:00,2024 January 25,17:50:00,2024,January,Thursday,2:01 pm to 6:00 pm,17.0,0,Evening,Winter,3801,200,Tenderloin,3,22107,22107,Unsafe turn or lane change prohibited,AA,Vehicle(s) Only Involved,1740,2,3,57658,1
1802,43957,3709591.0,2008-02-19 10:52:00,2008 February 19,10:52:00,2008,February,Tuesday,10:01 am to 2:00 pm,10.0,0,Morning,Winter,3801,1597,RICHM,3G62,22350,22350,Unsafe speed for prevailing conditions,AA,Vehicle(s) Only Involved,27444,1,16,57659,1
1803,27623,6131663.0,2012-07-12 13:35:00,2012 July 12,13:35:00,2012,July,Thursday,10:01 am to 2:00 pm,13.0,0,Afternoon,Summer,3801,1515,,3A66,22350,22350,Unsafe speed for prevailing conditions,AA,Vehicle(s) Only Involved,1742,2,1,57658,1
1804,5397,170034078.0,2016-12-15 14:23:00,2016 December 15,14:23:00,2016,December,Thursday,2:01 pm to 6:00 pm,14.0,0,Afternoon,Winter,3801,246,BAYVIEW,3C00,21453(a),"21453(a,c)",Red signal - driver or bicyclist responsibilities,AA,Vehicle(s) Only Involved,39027,4,16,57659,1
1805,28699,130516555.0,2013-06-23 19:31:00,2013 June 23,19:31:00,2013,June,Sunday,6:01 pm to 10:00 pm,19.0,1,Evening,Summer,3801,1882,CENTRAL,3A61,22350,22350,Unsafe speed for prevailing conditions,AA,Vehicle(s) Only Involved,1744,1,15,57658,14
1806,5329,3850867.0,2008-09-05 15:28:00,2008 September 05,15:28:00,2008,September,Friday,2:01 pm to 6:00 pm,15.0,0,Afternoon,Fall,3801,587,BAYVI,02C,Unknown,Unknown,Unknown,AA,Vehicle(s) Only Involved,1745,2,2,57654,1
1807,39913,131086828.0,2013-12-27 13:30:00,2013 December 27,13:30:00,2013,December,Friday,10:01 am to 2:00 pm,13.0,0,Afternoon,Winter,3801,2127,TARAVAL,4B51,22517,22517,Opening door on traffic side when unsafe,CC,Vehicle-Bicycle,1746,2,2,57614,1
1808,59465,220876314.0,2022-12-22 19:46:00,2022 December 22,19:46:00,2022,December,Thursday,6:01 pm to 10:00 pm,19.0,0,Evening,Winter,3801,1945,Bayview,3C15D,21804(a),"21804(a,b)",Entering highway from alley or driveway,AA,Vehicle(s) Only Involved,1747,2,12,57585,8
1809,11436,140806136.0,2014-09-24 11:59:00,2014 September 24,11:59:00,2014,September,Wednesday,10:01 am to 2:00 pm,11.0,0,Morning,Fall,3801,1593,MISSION ST,903,21955,21955,Crossing between controlled intersections (Jaywalking),BB,Vehicle-Pedestrian,1748,2,1,57622,1
1810,58060,220361735.0,2022-06-02 16:05:00,2022 June 02,16:05:00,2022,June,Thursday,2:01 pm to 6:00 pm,16.0,0,Afternoon,Summer,3801,2735,Bayview,3C11D,21802(a),"21802(a,b)",Violation of right-of-way - entering through highway,AA,Vehicle(s) Only Involved,1749,2,1,57659,1
1811,14159,3730651.0,2008-02-17 17:02:00,2008 February 17,17:02:00,2008,February,Sunday,2:01 pm to 6:00 pm,17.0,1,Evening,Winter,3801,2082,SOUTH,4B8H,21755(a),21755(a),Unsafe passing on right shoulder,AA,Vehicle(s) Only Involved,31539,2,1,57660,2
1812,5450,150292503.0,2015-04-03 14:39:00,2015 April 03,14:39:00,2015,April,Friday,2:01 pm to 6:00 pm,14.0,0,Afternoon,Spring,3801,1114,BAYVIEW,3C62,21453(a),"21453(a,c)",Red signal - driver or bicyclist responsibilities,AA,Vehicle(s) Only Involved,7858,2,1,57659,1
1813,38699,2159956.0,2005-07-05 08:30:00,2005 July 05,08:30:00,2005,July,Tuesday,6:01 am to 10:00 am,8.0,0,Morning,Summer,3801,533,,313,21657,21657,Going against one-way traffic patterns,AA,Vehicle(s) Only Involved,32592,2,2,57659,1
1814,59523,220786688.0,2022-11-15 15:09:00,2022 November 15,15:09:00,2022,November,Tuesday,2:01 pm to 6:00 pm,15.0,0,Afternoon,Fall,3801,1897,Ingleside,3H117,21950(c),"21950(a,c)",Driver or bicyclist to yield right-of-way at crosswalks,BB,Vehicle-Pedestrian,1752,2,1,57649,1
1815,12233,3325019.0,2007-08-09 17:48:00,2007 August 09,17:48:00,2007,August,Thursday,2:01 pm to 6:00 pm,17.0,0,Evening,Summer,3801,997,COD,3D16D,21801(a),"21801(a,b)",Violation of right-of-way - left turn,AA,Vehicle(s) Only Involved,10764,2,1,57603,12
1816,28368,160075151.0,2016-01-26 14:00:00,2016 January 26,14:00:00,2016,January,Tuesday,10:01 am to 2:00 pm,14.0,0,Afternoon,Winter,3801,737,CENTRAL,3A11D,22107,22107,Unsafe turn or lane change prohibited,AA,Vehicle(s) Only Involved,36512,2,1,57659,14
1817,82981,230082686.0,2023-02-03 16:21:00,2023 February 03,16:21:00,2023,February,Friday,2:01 pm to 6:00 pm,16.0,0,Afternoon,Winter,3801,2100,Mission,3D11D,22350,22350,Unsafe speed for prevailing conditions,FF,Bicycle Only,1754,2,2,57341,2
1818,20243,140800138.0,2014-09-22 15:34:00,2014 September 22,15:34:00,2014,September,Monday,2:01 pm to 6:00 pm,15.0,0,Afternoon,Fall,3801,2468,C.O.B.,4,Unknown,Unknown,Unknown,FF,Bicycle Only,1755,3,14,56662,2
1819,27024,130468542.0,2013-06-07 10:25:00,2013 June 07,10:25:00,2013,June,Friday,10:01 am to 2:00 pm,10.0,0,Morning,Summer,3801,2127,SOUTHERN,4KIA,Unknown,Unknown,Unknown,BB,Vehicle-Pedestrian,1756,2,2,56515,12
1820,4447,6093619.0,2012-08-25 16:07:00,2012 August 25,16:07:00,2012,August,Saturday,2:01 pm to 6:00 pm,16.0,1,Afternoon,Summer,3801,2301,INGLE,3H12D,21658(a),"21658(a,b)",Lane straddling or failure to use specified lanes,AA,Vehicle(s) Only Involved,1757,2,1,57584,1
1821,47625,190324564.0,2019-05-06 13:55:00,2019 May 06,13:55:00,2019,May,Monday,10:01 am to 2:00 pm,13.0,0,Afternoon,Spring,3801,1678,Northern,901,21800(a),21800(a-c),Violation of right-of-way or uncontrolled intersection,AA,Vehicle(s) Only Involved,1758,1,1,57659,1
1822,17947,130256789.0,2013-03-28 18:21:00,2013 March 28,18:21:00,2013,March,Thursday,6:01 pm to 10:00 pm,18.0,0,Evening,Spring,3801,821,NORTHERN,3E61,Unknown,Unknown,Unknown,AA,Vehicle(s) Only Involved,1759,2,1,57546,1
1823,28579,4445614.0,2009-10-17 23:05:00,2009 October 17,23:05:00,2009,October,Saturday,10:01 pm to 2:00 am,23.0,1,Night,Fall,3801,1214,COA,3A11E,22106,22106,Unsafe starting or backing on highway,BB,Vehicle-Pedestrian,1760,21,12,57525,1
1824,20372,130320055.0,2013-04-19 15:42:00,2013 April 19,15:42:00,2013,April,Friday,2:01 pm to 6:00 pm,15.0,0,Afternoon,Spring,3801,821,NORTHERN,3E61,21703,21703,Following too closely prohibited,AA,Vehicle(s) Only Involved,1395,2,1,57660,1
1825,59674,220866688.0,2022-12-19 06:39:00,2022 December 19,06:39:00,2022,December,Monday,6:01 am to 10:00 am,6.0,0,Morning,Winter,3801,830,Mission,3D16A,21801(a),"21801(a,b)",Violation of right-of-way - left turn,AA,Vehicle(s) Only Involved,8385,1,3,57659,1
1826,1711,3325034.0,2007-08-11 14:00:00,2007 August 11,14:00:00,2007,August,Saturday,10:01 am to 2:00 pm,14.0,1,Afternoon,Summer,3801,585,INGLE,3H4C,21950(a),"21950(a,c)",Driver or bicyclist to yield right-of-way at crosswalks,BB,Vehicle-Pedestrian,8411,1,1,57649,1
1827,59894,220692499.0,2022-10-08 22:36:00,2022 October 08,22:36:00,2022,October,Saturday,10:01 pm to 2:00 am,22.0,1,Night,Fall,3801,1068,Northern,,21801(a),"21801(a,b)",Violation of right-of-way - left turn,AA,Vehicle(s) Only Involved,1977,9,3,57603,14
1828,54195,200692679.0,2020-11-16 15:15:00,2020 November 16,15:15:00,2020,November,Monday,2:01 pm to 6:00 pm,15.0,0,Afternoon,Fall,3801,986,Taraval,3I16D,22107,22107,Unsafe turn or lane change prohibited,CC,Vehicle-Bicycle,1763,2,2,57658,2
1829,83624,230580107.0,2023-08-16 10:00:00,2023 August 16,10:00:00,2023,August,Wednesday,6:01 am to 10:00 am,10.0,0,Morning,Summer,3801,189,Northern,1,22350,22350,Unsafe speed for prevailing conditions,BB,Vehicle-Pedestrian,1764,2,1,57649,1
1830,11759,130998947.0,2013-11-25 11:50:00,2013 November 25,11:50:00,2013,November,Monday,10:01 am to 2:00 pm,11.0,0,Morning,Fall,3801,4323,MISSION,3D15A,22107,22107,Unsafe turn or lane change prohibited,CC,Vehicle-Bicycle,9535,2,1,57390,1
1831,82758,230369014.0,2023-05-28 21:30:00,2023 May 28,21:30:00,2023,May,Sunday,6:01 pm to 10:00 pm,21.0,1,Night,Spring,3801,4115,Southern,3B13E,22350,22350,Unsafe speed for prevailing conditions,AA,Vehicle(s) Only Involved,9846,2,3,57658,8
1832,53176,200316669.0,2020-05-25 12:10:00,2020 May 25,12:10:00,2020,May,Monday,10:01 am to 2:00 pm,12.0,0,Afternoon,Spring,3801,4358,Bayview,3,23153(a),23153(a-g),Driving under influence causing injury,AA,Vehicle(s) Only Involved,1767,2,2,57603,17
1833,16919,130011577.0,2013-01-04 21:08:00,2013 January 04,21:08:00,2013,January,Friday,6:01 pm to 10:00 pm,21.0,0,Night,Winter,3801,2391,SECTOR 3,3B13E,22100(a),"22100(a,b)",Turn at intersection from wrong position,AA,Vehicle(s) Only Involved,5040,2,3,57659,1
1834,58743,220542173.0,2022-08-13 12:10:00,2022 August 13,12:10:00,2022,August,Saturday,10:01 am to 2:00 pm,12.0,1,Afternoon,Summer,3801,1503,Southern,3B13A,21755(a),21755(a),Unsafe passing on right shoulder,AA,Vehicle(s) Only Involved,1768,2,2,57660,1
1835,12278,3398961.0,2007-10-31 09:47:00,2007 October 31,09:47:00,2007,October,Wednesday,6:01 am to 10:00 am,9.0,0,Morning,Fall,3801,002035,MISSI,4B1C,21453(a),"21453(a,c)",Red signal - driver or bicyclist responsibilities,AA,Vehicle(s) Only Involved,27203,2,1,57659,14
1836,53487,200533857.0,2020-09-04 20:26:00,2020 September 04,20:26:00,2020,September,Friday,6:01 pm to 10:00 pm,20.0,0,Evening,Fall,3801,6,Tenderloin,,21650.1,21650.1,Bicycle to travel in same direction as vehicles,CC,Vehicle-Bicycle,26844,2,12,57621,1
1837,60074,220084868.0,2022-02-07 09:50:00,2022 February 07,09:50:00,2022,February,Monday,6:01 am to 10:00 am,9.0,0,Morning,Winter,3801,2126,Central,3A12A,21950(a),"21950(a,c)",Driver or bicyclist to yield right-of-way at crosswalks,BB,Vehicle-Pedestrian,28333,2,8,57532,1
1838,48502,190518886.0,2019-07-17 09:10:00,2019 July 17,09:10:00,2019,July,Wednesday,6:01 am to 10:00 am,9.0,0,Morning,Summer,3801,198,Bayview,C4,22517,22517,Opening door on traffic side when unsafe,BB,Vehicle-Pedestrian,1772,22,6,57622,2
1839,59466,220770255.0,2022-11-09 08:00:00,2022 November 09,08:00:00,2022,November,Wednesday,6:01 am to 10:00 am,8.0,0,Morning,Fall,3801,2491,Southern,3B13A,23152(a),23152(a-g),Driving under influence of alcohol and/or drugs,AA,Vehicle(s) Only Involved,1773,2,1,57654,2
1840,82776,230380195.0,2023-06-02 09:17:00,2023 June 02,09:17:00,2023,June,Friday,6:01 am to 10:00 am,9.0,0,Morning,Summer,3801,4370,Ingleside,3H15A,22450(a),22450(a),Failure to stop at STOP sign,AA,Vehicle(s) Only Involved,11367,2,1,57659,10
1841,26869,6142282.0,2012-07-31 13:20:00,2012 July 31,13:20:00,2012,July,Tuesday,10:01 am to 2:00 pm,13.0,0,Afternoon,Summer,3801,1428,SOUTH,,22350,22350,Unsafe speed for prevailing conditions,AA,Vehicle(s) Only Involved,1775,2,2,57658,1
1842,25816,5386342.0,2011-10-24 17:20:00,2011 October 24,17:20:00,2011,October,Monday,2:01 pm to 6:00 pm,17.0,0,Evening,Fall,3801,739,CENTR,3A2,21755(a),21755(a),Unsafe passing on right shoulder,CC,Vehicle-Bicycle,1776,2,100,46872,1
1843,40405,3497573.0,2007-11-26 22:11:00,2007 November 26,22:11:00,2007,November,Monday,10:01 pm to 2:00 am,22.0,0,Night,Fall,3801,304,3F11D,COF,21703,21703,Following too closely prohibited,AA,Vehicle(s) Only Involved,1777,2,12,57658,1
1844,12445,150597999.0,2015-07-09 17:19:00,2015 July 09,17:19:00,2015,July,Thursday,2:01 pm to 6:00 pm,17.0,0,Evening,Summer,3801,1518,MISSION,D1,21801(a),"21801(a,b)",Violation of right-of-way - left turn,AA,Vehicle(s) Only Involved,39142,2,1,57603,1
1845,32129,130185229.0,2013-03-04 19:46:00,2013 March 04,19:46:00,2013,March,Monday,6:01 pm to 10:00 pm,19.0,0,Evening,Spring,3801,2082,NORTHERN,3E62,21950(a),"21950(a,c)",Driver or bicyclist to yield right-of-way at crosswalks,BB,Vehicle-Pedestrian,1779,2,3,57649,1
1846,84807,240046252.0,2024-01-21 20:00:00,2024 January 21,20:00:00,2024,January,Sunday,6:01 pm to 10:00 pm,20.0,1,Evening,Winter,3801,2476,Southern,3B13E,22106,22106,Unsafe starting or backing on highway,AA,Vehicle(s) Only Involved,1780,4,7,57584,1
1847,81884,230006200.0,2023-01-03 14:43:00,2023 January 03,14:43:00,2023,January,Tuesday,2:01 pm to 6:00 pm,14.0,0,Afternoon,Winter,3801,1482,Tenderloin,3J90C,21804(a),"21804(a,b)",Entering highway from alley or driveway,AA,Vehicle(s) Only Involved,1781,2,1,57660,8
1848,21306,5455915.0,2012-01-21 11:00:00,2012 January 21,11:00:00,2012,January,Saturday,10:01 am to 2:00 pm,11.0,1,Morning,Winter,3801,1353,,,Unknown,Unknown,Unknown,AA,Vehicle(s) Only Involved,15592,2,1,57585,8
1849,39698,3496221.0,2007-12-03 14:50:00,2007 December 03,14:50:00,2007,December,Monday,2:01 pm to 6:00 pm,14.0,0,Afternoon,Winter,3801,1629,TARAV,312,22350,22350,Unsafe speed for prevailing conditions,CC,Vehicle-Bicycle,1783,1,1,57621,2
1850,59326,220762832.0,2022-11-05 18:31:00,2022 November 05,18:31:00,2022,November,Saturday,6:01 pm to 10:00 pm,18.0,1,Evening,Fall,3801,1680,Mission,3D13D,21703,21703,Following too closely prohibited,AA,Vehicle(s) Only Involved,1784,2,59,57658,11
1851,21156,2340022.0,2005-10-15 18:30:00,2005 October 15,18:30:00,2005,October,Saturday,6:01 pm to 10:00 pm,18.0,1,Evening,Fall,3801,307,NORTH,4B8E,22107,22107,Unsafe turn or lane change prohibited,AA,Vehicle(s) Only Involved,28421,2,1,57659,8
1852,26134,2116212.0,2005-06-30 09:35:00,2005 June 30,09:35:00,2005,June,Thursday,6:01 am to 10:00 am,9.0,0,Morning,Summer,3801,1973,,002,21658(a),"21658(a,b)",Lane straddling or failure to use specified lanes,CC,Vehicle-Bicycle,1786,2,44,56247,1
1853,52935,200311249.0,2020-05-22 12:25:00,2020 May 22,12:25:00,2020,May,Friday,10:01 am to 2:00 pm,12.0,0,Afternoon,Spring,3801,2256,Ingleside,3H11C,22350,22350,Unsafe speed for prevailing conditions,CC,Vehicle-Bicycle,1787,2,2,57581,1
1854,9092,2310263.0,2005-09-30 08:15:00,2005 September 30,08:15:00,2005,September,Friday,6:01 am to 10:00 am,8.0,0,Morning,Fall,3801,714,BAYVI,,21453(a),"21453(a,c)",Red signal - driver or bicyclist responsibilities,BB,Vehicle-Pedestrian,18854,2,1,57585,2
1855,5958,6221958.0,2012-11-23 14:10:00,2012 November 23,14:10:00,2012,November,Friday,2:01 pm to 6:00 pm,14.0,0,Afternoon,Fall,3801,1824,BAYVI,001,22350,22350,Unsafe speed for prevailing conditions,AA,Vehicle(s) Only Involved,27292,2,1,57607,4
1856,14845,140893070.0,2014-10-22 07:15:00,2014 October 22,07:15:00,2014,October,Wednesday,6:01 am to 10:00 am,7.0,0,Morning,Fall,3801,4269,SOUTHERN,3B15A,Unknown,Unknown,Unknown,BB,Vehicle-Pedestrian,20388,2,1,57525,1