collision_id,unique_id,case_id_pkey,collision_datetime,collision_date,collision_time,accident_year,month,day_of_week,time_cat,hour_of_day,is_weekend,time_of_day,season,juris,officer_id,reporting_district,beat_number,vz_pcf_code,vz_pcf_group,vz_pcf_description,dph_col_grp,dph_col_grp_description,location_id,weather_id,road_id,party_id,severity_id
1953,36810,170773919.0,2017-09-22 08:24:00,2017 September 22,08:24:00,2017,September,Friday,6:01 am to 10:00 am,8.0,0,Morning,Fall,3801,,TARAVAL,3I16A,21703,21703,Following too closely prohibited,AA,Vehicle(s) Only Involved,8004,2,2,57658,11
1954,19715,3416529.0,2007-09-30 16:15:00,2007 September 30,16:15:00,2007,September,Sunday,2:01 pm to 6:00 pm,16.0,1,Afternoon,Fall,3801,2164,PARK,004,22517,22517,Opening door on traffic side when unsafe,CC,Vehicle-Bicycle,1880,2,2,57614,4
1955,14836,3538733.0,2007-12-15 18:19:00,2007 December 15,18:19:00,2007,December,Saturday,6:01 pm to 10:00 pm,18.0,1,Evening,Winter,3801,000401,SOUTH,3B61,21950(a),"21950(a,c)",Driver or bicyclist to yield right-of-way at crosswalks,BB,Vehicle-Pedestrian,1881,2,3,57649,1
1956,59437,220889339.0,2022-12-28 18:35:00,2022 December 28,18:35:00,2022,December,Wednesday,6:01 pm to 10:00 pm,18.0,0,Evening,Winter,3801,1875,Bayview,3C13D,22515(a),"22515(a, b)",Unattended vehicle requirements,AA,Vehicle(s) Only Involved,1882,2,12,57584,1
1957,60117,220741632.0,2022-10-28 01:46:00,2022 October 28,01:46:00,2022,October,Friday,10:01 pm to 2:00 am,1.0,0,Night,Fall,3801,2035,Mission,3D16E,22350,22350,Unsafe speed for prevailing conditions,AA,Vehicle(s) Only Involved,1883,2,12,57607,6
1958,1193,2409289.0,2005-12-30 07:15:00,2005 December 30,07:15:00,2005,December,Friday,6:01 am to 10:00 am,7.0,0,Morning,Winter,3801,000373,H5,3H62,21950(a),"21950(a,c)",Driver or bicyclist to yield right-of-way at crosswalks,BB,Vehicle-Pedestrian,1884,4,7,57649,1
1959,20308,150843742.0,2015-09-26 03:43:00,2015 September 26,03:43:00,2015,September,Saturday,2:01 am to 6:00 am,3.0,1,Night,Fall,3801,1671,NORTHERN,3E12E,Unknown,Unknown,Unknown,BB,Vehicle-Pedestrian,7008,2,3,57596,2
1960,59974,220741422.0,2022-10-27 22:13:00,2022 October 27,22:13:00,2022,October,Thursday,10:01 pm to 2:00 am,22.0,0,Night,Fall,3801,740,Mission,D4,23152(a),23152(a-g),Driving under influence of alcohol and/or drugs,AA,Vehicle(s) Only Involved,1886,2,12,57569,1
1961,13829,141018532.0,2014-12-02 20:05:00,2014 December 02,20:05:00,2014,December,Tuesday,6:01 pm to 10:00 pm,20.0,0,Evening,Winter,3801,1445,SOUTHERN,3B4D,21950(a),"21950(a,c)",Driver or bicyclist to yield right-of-way at crosswalks,BB,Vehicle-Pedestrian,1887,4,13,57649,4
1962,42176,130089449.0,2013-01-31 20:17:00,2013 January 31,20:17:00,2013,January,Thursday,6:01 pm to 10:00 pm,20.0,0,Evening,Winter,3801,1340,RICHMOND,3G11D,22517,22517,Opening door on traffic side when unsafe,CC,Vehicle-Bicycle,1888,2,12,57614,2
1963,43791,2159048.0,2005-07-27 08:40:00,2005 July 27,08:40:00,2005,July,Wednesday,6:01 am to 10:00 am,8.0,0,Morning,Summer,3801,1597,RICHM,3G62,21801(a),"21801(a,b)",Violation of right-of-way - left turn,AA,Vehicle(s) Only Involved,19650,2,1,57237,4
1964,18129,3441477.0,2007-11-02 22:48:00,2007 November 02,22:48:00,2007,November,Friday,10:01 pm to 2:00 am,22.0,0,Night,Fall,3801,2194,,,21950(a),"21950(a,c)",Driver or bicyclist to yield right-of-way at crosswalks,BB,Vehicle-Pedestrian,29578,2,3,57649,1
1965,34060,2311754.0,2005-09-26 12:30:00,2005 September 26,12:30:00,2005,September,Monday,10:01 am to 2:00 pm,12.0,0,Afternoon,Fall,3801,1819,,,22107,22107,Unsafe turn or lane change prohibited,AA,Vehicle(s) Only Involved,1890,2,2,57660,2
1966,57458,220032629.0,2022-01-15 15:06:00,2022 January 15,15:06:00,2022,January,Saturday,2:01 pm to 6:00 pm,15.0,1,Afternoon,Winter,3801,299,Central,3A12D,22100(b),"22100(a,b)",Turn at intersection from wrong position,AA,Vehicle(s) Only Involved,19069,2,1,57660,2
1967,50575,190917971.0,2019-12-05 08:00:00,2019 December 05,08:00:00,2019,December,Thursday,6:01 am to 10:00 am,8.0,0,Morning,Winter,3801,1026,Bayview,3C14E,21755(a),21755(a),Unsafe passing on right shoulder,AA,Vehicle(s) Only Involved,1892,2,1,57660,1
1968,734,141009434.0,2014-11-29 15:09:00,2014 November 29,15:09:00,2014,November,Saturday,2:01 pm to 6:00 pm,15.0,1,Afternoon,Fall,3801,1911,BAYVIEW,2,22107,22107,Unsafe turn or lane change prohibited,AA,Vehicle(s) Only Involved,1893,2,1,57659,1
1969,55104,210216065.0,2021-04-07 19:10:00,2021 April 07,19:10:00,2021,April,Wednesday,6:01 pm to 10:00 pm,19.0,0,Evening,Spring,3801,76,Traffic,4B3B,Unknown,Unknown,Unknown,AA,Vehicle(s) Only Involved,1894,2,2,56833,4
1970,40457,130655824.0,2013-08-08 21:10:00,2013 August 08,21:10:00,2013,August,Thursday,6:01 pm to 10:00 pm,21.0,0,Night,Summer,3801,1975,TARAVAL,,22106,22106,Unsafe starting or backing on highway,AA,Vehicle(s) Only Involved,1895,8,12,57660,1
1971,29786,160630222.0,2016-08-05 08:45:00,2016 August 05,08:45:00,2016,August,Friday,6:01 am to 10:00 am,8.0,0,Morning,Summer,3801,804,NORTHERN,3E4A,21453(a),"21453(a,c)",Red signal - driver or bicyclist responsibilities,AA,Vehicle(s) Only Involved,18937,9,16,57659,8
1972,8322,170881738.0,2017-10-28 14:25:00,2017 October 28,14:25:00,2017,October,Saturday,2:01 pm to 6:00 pm,14.0,1,Afternoon,Fall,3801,2740,BAYVIEW,3C11A,23123(a),23123(a),Using a wireless telephone not configured for hands-free use,AA,Vehicle(s) Only Involved,1897,2,2,57408,1
1973,59807,220848802.0,2022-12-11 19:18:00,2022 December 11,19:18:00,2022,December,Sunday,6:01 pm to 10:00 pm,19.0,1,Evening,Winter,3801,709,Bayview,,21950(a),"21950(a,c)",Driver or bicyclist to yield right-of-way at crosswalks,BB,Vehicle-Pedestrian,1898,1,13,57649,1
1974,2950,140112422.0,2014-02-06 15:00:00,2014 February 06,15:00:00,2014,February,Thursday,2:01 pm to 6:00 pm,15.0,0,Afternoon,Winter,3801,4277,BAYVIEW,,22106,22106,Unsafe starting or backing on highway,BB,Vehicle-Pedestrian,1899,23,9,57649,1
1975,47586,190310983.0,2019-05-01 18:30:00,2019 May 01,18:30:00,2019,May,Wednesday,6:01 pm to 10:00 pm,18.0,0,Evening,Spring,3801,1096,Central,3A15D,21950(a),"21950(a,c)",Driver or bicyclist to yield right-of-way at crosswalks,BB,Vehicle-Pedestrian,21140,2,1,57649,1
1976,54384,200757922.0,2020-12-16 19:50:00,2020 December 16,19:50:00,2020,December,Wednesday,6:01 pm to 10:00 pm,19.0,0,Evening,Winter,3801,628,Richmond,,21950(a),"21950(a,c)",Driver or bicyclist to yield right-of-way at crosswalks,BB,Vehicle-Pedestrian,1901,1,12,57649,1
1977,59251,220656768.0,2022-09-25 13:06:00,2022 September 25,13:06:00,2022,September,Sunday,10:01 am to 2:00 pm,13.0,1,Afternoon,Fall,3801,1669,Tenderloin,3J90,21461(a),21461(a),Driver or bicyclist failure to obey signs or signals,CC,Vehicle-Bicycle,5553,2,1,57581,1
1978,58840,220562046.0,2022-08-21 01:36:00,2022 August 21,01:36:00,2022,August,Sunday,10:01 pm to 2:00 am,1.0,1,Night,Summer,3801,979,Tenderloin,3J13E,21950(b),21950(b),Pedestrian suddenly entering into vehicle path close enough to create an immediate hazard,BB,Vehicle-Pedestrian,38848,12,3,57622,1
1979,13307,140515321.0,2014-06-21 16:18:00,2014 June 21,16:18:00,2014,June,Saturday,2:01 pm to 6:00 pm,16.0,1,Afternoon,Summer,3801,4331,MISSION,3D16C,Unknown,Unknown,Unknown,AA,Vehicle(s) Only Involved,1904,2,2,56568,1
1980,13526,150182590.0,2015-02-28 03:12:00,2015 February 28,03:12:00,2015,February,Saturday,2:01 am to 6:00 am,3.0,1,Night,Winter,3801,4385,SOUTHERN,,21451(a),"21451(a,b)",Green signal - driver or bicyclist responsibilities,AA,Vehicle(s) Only Involved,1905,2,3,57659,8
1981,59957,220720341.0,2022-10-19 23:51:00,2022 October 19,23:51:00,2022,October,Wednesday,10:01 pm to 2:00 am,23.0,0,Night,Fall,3801,196,Central,3A11E,21703,21703,Following too closely prohibited,AA,Vehicle(s) Only Involved,40111,6,58,57636,1
1982,61462,200788507.0,2020-12-30 18:17:00,2020 December 30,18:17:00,2020,December,Wednesday,6:01 pm to 10:00 pm,18.0,0,Evening,Winter,3801,4314,Richmond,G4,21954(b),21954(b),Failure of driver or bicyclist to exercise due care for safety of pedestrian on roadway,BB,Vehicle-Pedestrian,1907,4,7,57649,2
1983,23621,2384307.0,2005-10-28 12:40:00,2005 October 28,12:40:00,2005,October,Friday,10:01 am to 2:00 pm,12.0,0,Afternoon,Fall,3801,1870,SOUTH,3B62,21950(a),"21950(a,c)",Driver or bicyclist to yield right-of-way at crosswalks,BB,Vehicle-Pedestrian,14649,2,1,57649,1
1984,28403,3435686.0,2007-09-28 12:21:00,2007 September 28,12:21:00,2007,September,Friday,10:01 am to 2:00 pm,12.0,0,Afternoon,Fall,3801,830,CENTR,3A2,21950(a),"21950(a,c)",Driver or bicyclist to yield right-of-way at crosswalks,BB,Vehicle-Pedestrian,12307,2,1,57532,1
1985,28731,140654189.0,2014-08-06 14:30:00,2014 August 06,14:30:00,2014,August,Wednesday,2:01 pm to 6:00 pm,14.0,0,Afternoon,Summer,3801,1614,TENDERLOIN,,21703,21703,Following too closely prohibited,AA,Vehicle(s) Only Involved,1910,8,1,57658,8
1986,13403,140760485.0,2014-09-09 17:20:00,2014 September 09,17:20:00,2014,September,Tuesday,2:01 pm to 6:00 pm,17.0,0,Evening,Fall,3801,4253,901,MISSION,22517,22517,Opening door on traffic side when unsafe,CC,Vehicle-Bicycle,1911,2,2,57390,4
1987,59879,220683686.0,2022-10-05 15:11:00,2022 October 05,15:11:00,2022,October,Wednesday,2:01 pm to 6:00 pm,15.0,0,Afternoon,Fall,3801,2487,Bayview,3C4,21950(a),"21950(a,c)",Driver or bicyclist to yield right-of-way at crosswalks,AA,Vehicle(s) Only Involved,17388,2,1,57564,1
1988,6968,3437402.0,2007-10-06 15:50:00,2007 October 06,15:50:00,2007,October,Saturday,2:01 pm to 6:00 pm,15.0,1,Afternoon,Fall,3801,585,INGLE,3H1C,21200(a),21200(a),Bicycle riding - general rights and responsibilities,CC,Vehicle-Bicycle,422,2,1,57655,1
1989,43236,3416494.0,2007-09-19 10:30:00,2007 September 19,10:30:00,2007,September,Wednesday,10:01 am to 2:00 pm,10.0,0,Morning,Fall,3801,111,,4B1G,21453(a),"21453(a,c)",Red signal - driver or bicyclist responsibilities,AA,Vehicle(s) Only Involved,35673,2,1,57659,2
1990,3028,180746570.0,2018-10-02 16:24:00,2018 October 02,16:24:00,2018,October,Tuesday,2:01 pm to 6:00 pm,16.0,0,Afternoon,Fall,3801,215,Bayview,4 CAR,21950(a),"21950(a,c)",Driver or bicyclist to yield right-of-way at crosswalks,BB,Vehicle-Pedestrian,1914,2,1,57476,1
1991,47535,190331757.0,2019-05-09 08:01:00,2019 May 09,08:01:00,2019,May,Thursday,6:01 am to 10:00 am,8.0,0,Morning,Spring,3801,2714,Bayview,3C4A,22350,22350,Unsafe speed for prevailing conditions,AA,Vehicle(s) Only Involved,1915,2,2,57660,8
1992,58714,220560216.0,2022-08-16 17:00:00,2022 August 16,17:00:00,2022,August,Tuesday,2:01 pm to 6:00 pm,17.0,0,Evening,Summer,3801,4326,Southern,1,Unknown,Unknown,Unknown,AA,Vehicle(s) Only Involved,1916,2,1,57546,1
1993,49858,190934549.0,2019-12-12 10:37:00,2019 December 12,10:37:00,2019,December,Thursday,10:01 am to 2:00 pm,10.0,0,Morning,Winter,3801,4022,Taraval,3I15A,22107,22107,Unsafe turn or lane change prohibited,AA,Vehicle(s) Only Involved,1917,1,16,57660,2
1994,58339,220358469.0,2022-06-01 12:24:00,2022 June 01,12:24:00,2022,June,Wednesday,10:01 am to 2:00 pm,12.0,0,Afternoon,Summer,3801,610,Mission,3D11A,21453(d),21453(d),Red signal - pedestrian responsibilities,BB,Vehicle-Pedestrian,28286,2,1,55446,17
1995,1414,6142156.0,2012-04-18 18:05:00,2012 April 18,18:05:00,2012,April,Wednesday,6:01 pm to 10:00 pm,18.0,0,Evening,Spring,3801,244,INGLE,3H16C,22350,22350,Unsafe speed for prevailing conditions,AA,Vehicle(s) Only Involved,1919,2,2,57658,1
1996,39983,6096698.0,2012-09-25 09:17:00,2012 September 25,09:17:00,2012,September,Tuesday,6:01 am to 10:00 am,9.0,0,Morning,Fall,3801,2263,,,22450(a),22450(a),Failure to stop at STOP sign,AA,Vehicle(s) Only Involved,1920,9,1,57659,1
1997,47590,190313404.0,2019-05-02 17:30:00,2019 May 02,17:30:00,2019,May,Thursday,2:01 pm to 6:00 pm,17.0,0,Evening,Spring,3801,713,Central,3A4D,22350,22350,Unsafe speed for prevailing conditions,AA,Vehicle(s) Only Involved,11398,2,1,57658,1
1998,86207,240481501.0,2024-08-01 23:24:00,2024 August 01,23:24:00,2024,August,Thursday,10:01 pm to 2:00 am,23.0,0,Night,Summer,3801,1442,Northern,E3,21453(a),"21453(a,c)",Red signal - driver or bicyclist responsibilities,CC,Vehicle-Bicycle,37857,2,3,57621,4
1999,16400,130176836.0,2013-03-01 21:56:00,2013 March 01,21:56:00,2013,March,Friday,6:01 pm to 10:00 pm,21.0,0,Night,Spring,3801,2316,SOUTHERN,,22107,22107,Unsafe turn or lane change prohibited,AA,Vehicle(s) Only Involved,1923,8,12,57660,1
2000,21682,170530270.0,2017-06-29 14:00:00,2017 June 29,14:00:00,2017,June,Thursday,10:01 am to 2:00 pm,14.0,0,Afternoon,Summer,3801,216,E,2,22350,22350,Unsafe speed for prevailing conditions,CC,Vehicle-Bicycle,1924,2,2,57614,1
2001,12994,150087564.0,2015-01-29 03:14:00,2015 January 29,03:14:00,2015,January,Thursday,2:01 am to 6:00 am,3.0,0,Night,Winter,3801,2314,,,22350,22350,Unsafe speed for prevailing conditions,AA,Vehicle(s) Only Involved,1925,2,12,57584,2
2002,40049,3538929.0,2007-12-11 14:09:00,2007 December 11,14:09:00,2007,December,Tuesday,2:01 pm to 6:00 pm,14.0,0,Afternoon,Winter,3801,246,,4B6G,Unknown,Unknown,Unknown,AA,Vehicle(s) Only Involved,1926,2,1,57557,8
2003,58397,220313485.0,2022-05-13 18:52:00,2022 May 13,18:52:00,2022,May,Friday,6:01 pm to 10:00 pm,18.0,0,Evening,Spring,3801,2100,Mission,3D11D,21950(a),"21950(a,c)",Driver or bicyclist to yield right-of-way at crosswalks,BB,Vehicle-Pedestrian,22808,2,1,57649,2
2004,40908,140813727.0,2014-09-26 20:40:00,2014 September 26,20:40:00,2014,September,Friday,6:01 pm to 10:00 pm,20.0,0,Evening,Fall,3801,2065,TARAVAL,3111D,Unknown,Unknown,Unknown,BB,Vehicle-Pedestrian,35109,2,12,57622,2
2005,58550,220301703.0,2022-05-08 22:47:00,2022 May 08,22:47:00,2022,May,Sunday,10:01 pm to 2:00 am,22.0,1,Night,Spring,3801,1207,Tenderloin,J1,Other Improper Driving,Other Improper Driving,Unknown,FF,Bicycle Only,1929,2,12,57253,1
2006,59536,220797798.0,2022-11-19 19:18:00,2022 November 19,19:18:00,2022,November,Saturday,6:01 pm to 10:00 pm,19.0,1,Evening,Fall,3801,2089,Tenderloin,CO J/5 CAR,22107,22107,Unsafe turn or lane change prohibited,AA,Vehicle(s) Only Involved,1930,2,3,57654,8
2007,59512,220774376.0,2022-11-10 15:39:00,2022 November 10,15:39:00,2022,November,Thursday,2:01 pm to 6:00 pm,15.0,0,Afternoon,Fall,3801,1133,Central,2A,22350,22350,Unsafe speed for prevailing conditions,AA,Vehicle(s) Only Involved,1931,2,9,57658,1
2008,45234,3493681.0,2007-11-25 01:05:00,2007 November 25,01:05:00,2007,November,Sunday,10:01 pm to 2:00 am,1.0,1,Night,Fall,3801,1643,RICHM,3G15E,21453(a),"21453(a,c)",Red signal - driver or bicyclist responsibilities,BB,Vehicle-Pedestrian,17522,2,3,57454,2
2009,60100,220456938.0,2022-07-11 12:52:00,2022 July 11,12:52:00,2022,July,Monday,10:01 am to 2:00 pm,12.0,0,Afternoon,Summer,3801,,Tenderloin,,21703,21703,Following too closely prohibited,AA,Vehicle(s) Only Involved,1933,2,40,57658,8
2010,86278,240446549.0,2024-07-17 15:36:00,2024 July 17,15:36:00,2024,July,Wednesday,2:01 pm to 6:00 pm,15.0,0,Afternoon,Summer,3801,1226,Southern,1500,21950(a),"21950(a,c)",Driver or bicyclist to yield right-of-way at crosswalks,AA,Vehicle(s) Only Involved,39491,2,1,57564,1
2011,35727,6093544.0,2012-09-12 08:26:00,2012 September 12,08:26:00,2012,September,Wednesday,6:01 am to 10:00 am,8.0,0,Morning,Fall,3801,217,CENTR,3A13A,22350,22350,Unsafe speed for prevailing conditions,AA,Vehicle(s) Only Involved,1935,2,2,57658,1
2012,41477,140561095.0,2014-07-06 20:50:00,2014 July 06,20:50:00,2014,July,Sunday,6:01 pm to 10:00 pm,20.0,1,Evening,Summer,3801,4178,TARAVAL,4K71,21950(a),"21950(a,c)",Driver or bicyclist to yield right-of-way at crosswalks,BB,Vehicle-Pedestrian,1936,1,51,57649,17
2013,18952,1995884.0,2005-03-07 17:04:00,2005 March 07,17:04:00,2005,March,Monday,2:01 pm to 6:00 pm,17.0,0,Evening,Spring,3801,000829,,4B6H,21950(a),"21950(a,c)",Driver or bicyclist to yield right-of-way at crosswalks,BB,Vehicle-Pedestrian,1937,2,1,57649,2
2014,335,140732519.0,2014-08-31 09:30:00,2014 August 31,09:30:00,2014,August,Sunday,6:01 am to 10:00 am,9.0,1,Morning,Summer,3801,2179,INGLESIDE,4K5F,22450(a),22450(a),Failure to stop at STOP sign,AA,Vehicle(s) Only Involved,10756,2,1,57659,2
2015,47050,190335856.0,2019-05-10 18:14:00,2019 May 10,18:14:00,2019,May,Friday,6:01 pm to 10:00 pm,18.0,0,Evening,Spring,3801,2335,Richmond,G1,21950(a),"21950(a,c)",Driver or bicyclist to yield right-of-way at crosswalks,BB,Vehicle-Pedestrian,1939,1,2,57649,1
2016,27576,6137206.0,2012-07-29 07:53:00,2012 July 29,07:53:00,2012,July,Sunday,6:01 am to 10:00 am,7.0,1,Morning,Summer,3801,1529,CENT,3A12A,21453(a),"21453(a,c)",Red signal - driver or bicyclist responsibilities,AA,Vehicle(s) Only Involved,4314,1,1,57659,1
2017,40128,6143770.0,2012-05-20 17:37:00,2012 May 20,17:37:00,2012,May,Sunday,2:01 pm to 6:00 pm,17.0,1,Evening,Spring,3801,4220,,002,22350,22350,Unsafe speed for prevailing conditions,AA,Vehicle(s) Only Involved,33418,2,90,57659,2
2018,12997,3497442.0,2007-11-15 17:45:00,2007 November 15,17:45:00,2007,November,Thursday,2:01 pm to 6:00 pm,17.0,0,Evening,Fall,3801,1666,PARK,3CAR,22450(a),22450(a),Failure to stop at STOP sign,BB,Vehicle-Pedestrian,17523,2,3,57649,1
2019,58485,220419522.0,2022-06-26 16:13:00,2022 June 26,16:13:00,2022,June,Sunday,2:01 pm to 6:00 pm,16.0,1,Afternoon,Summer,3801,2704,Southern,,22517,22517,Opening door on traffic side when unsafe,AA,Vehicle(s) Only Involved,1943,2,2,57660,1
2020,12264,9019159.0,2006-09-09 18:33:00,2006 September 09,18:33:00,2006,September,Saturday,6:01 pm to 10:00 pm,18.0,1,Evening,Fall,3801,1149,CO D,4B7D,21456(b),"21456(a,b)",Pedestrian violation of walk or wait signals,BB,Vehicle-Pedestrian,1944,2,1,57622,1
2021,84758,240021577.0,2024-01-11 13:40:00,2024 January 11,13:40:00,2024,January,Thursday,10:01 am to 2:00 pm,13.0,0,Afternoon,Winter,3801,1457,Taraval,5,Unknown,Unknown,Unknown,AA,Vehicle(s) Only Involved,1945,1,4,57555,2
2022,85895,240329092.0,2024-05-25 23:53:00,2024 May 25,23:53:00,2024,May,Saturday,10:01 pm to 2:00 am,23.0,1,Night,Spring,3801,1447,Park,3,21453(a),"21453(a,c)",Red signal - driver or bicyclist responsibilities,AA,Vehicle(s) Only Involved,11396,2,3,57659,1
2023,44879,3538708.0,2007-12-04 18:07:00,2007 December 04,18:07:00,2007,December,Tuesday,6:01 pm to 10:00 pm,18.0,0,Evening,Winter,3801,246,RICHM,4B6G,21950(a),"21950(a,c)",Driver or bicyclist to yield right-of-way at crosswalks,BB,Vehicle-Pedestrian,1947,2,3,57649,1
2024,59657,220759798.0,2022-11-04 13:35:00,2022 November 04,13:35:00,2022,November,Friday,10:01 am to 2:00 pm,13.0,0,Afternoon,Fall,3801,1503,Bayview,3C15A,21750,21750,Overtaking and passing unsafely,AA,Vehicle(s) Only Involved,1948,2,2,57659,1
2025,35937,170876212.0,2017-10-26 15:50:00,2017 October 26,15:50:00,2017,October,Thursday,2:01 pm to 6:00 pm,15.0,0,Afternoon,Fall,3801,4026,NORTHERN,3E11C,21801(a),"21801(a,b)",Violation of right-of-way - left turn,AA,Vehicle(s) Only Involved,5225,2,1,57659,4
2026,59646,220892097.0,2022-12-29 19:45:00,2022 December 29,19:45:00,2022,December,Thursday,6:01 pm to 10:00 pm,19.0,0,Evening,Winter,3801,2341,Ingleside,3H12C,21950(a),"21950(a,c)",Driver or bicyclist to yield right-of-way at crosswalks,BB,Vehicle-Pedestrian,3852,4,7,57649,1
2027,34112,3844843.0,2008-08-12 08:00:00,2008 August 12,08:00:00,2008,August,Tuesday,6:01 am to 10:00 am,8.0,0,Morning,Summer,3801,2145,CENTR,4B4B,21451(a),"21451(a,b)",Green signal - driver or bicyclist responsibilities,AA,Vehicle(s) Only Involved,15310,2,1,57659,1
2028,84279,230714196.0,2023-10-04 19:32:00,2023 October 04,19:32:00,2023,October,Wednesday,6:01 pm to 10:00 pm,19.0,0,Evening,Fall,3801,837,Central,3A12D,22350,22350,Unsafe speed for prevailing conditions,FF,Bicycle Only,1950,3,3,57556,4
2029,14974,4367163.0,2009-08-25 09:00:00,2009 August 25,09:00:00,2009,August,Tuesday,6:01 am to 10:00 am,9.0,0,Morning,Summer,3801,309,,00B,22350,22350,Unsafe speed for prevailing conditions,AA,Vehicle(s) Only Involved,6321,2,1,57659,1
2030,86096,240447729.0,2024-07-18 00:08:00,2024 July 18,00:08:00,2024,July,Thursday,10:01 pm to 2:00 am,0.0,0,Night,Summer,3801,2374,Southern,2,21235(a),21235(a-j),Illegal operation of motorized scooter,AA,Vehicle(s) Only Involved,32713,2,3,57490,2
2031,58352,220346351.0,2022-05-27 07:25:00,2022 May 27,07:25:00,2022,May,Friday,6:01 am to 10:00 am,7.0,0,Morning,Spring,3801,2461,Southern,3B13A,Other Improper Driving,Other Improper Driving,Unknown,CC,Vehicle-Bicycle,1953,2,1,55192,2
2032,895,130167459.0,2013-02-26 18:22:00,2013 February 26,18:22:00,2013,February,Tuesday,6:01 pm to 10:00 pm,18.0,0,Evening,Winter,3801,4262,INGLESIDE,3H16D,21663,21663,Operating vehicle or bicycle on sidewalk prohibited,DD,Bicycle-Pedestrian,1954,2,12,57463,1
2033,18373,180251648.0,2018-04-05 10:20:00,2018 April 05,10:20:00,2018,April,Thursday,10:01 am to 2:00 pm,10.0,0,Morning,Spring,3801,381,Northern,3E12A,22101(d),22101(d),Violation of a turn prohibition sign,CC,Vehicle-Bicycle,21093,2,1,57581,2
2034,59790,220826080.0,2022-12-01 17:55:00,2022 December 01,17:55:00,2022,December,Thursday,2:01 pm to 6:00 pm,17.0,0,Evening,Winter,3801,1897,Ingleside,3H16D,22350,22350,Unsafe speed for prevailing conditions,AA,Vehicle(s) Only Involved,1956,2,3,57408,1
2035,2612,3847364.0,2008-07-28 13:50:00,2008 July 28,13:50:00,2008,July,Monday,10:01 am to 2:00 pm,13.0,0,Afternoon,Summer,3801,274,BAYVI,3C63,21703,21703,Following too closely prohibited,AA,Vehicle(s) Only Involved,8765,2,1,57658,8
2036,43929,3334065.0,2007-08-16 23:38:00,2007 August 16,23:38:00,2007,August,Thursday,10:01 pm to 2:00 am,23.0,0,Night,Summer,3801,001112,,3G14E,22350,22350,Unsafe speed for prevailing conditions,BB,Vehicle-Pedestrian,37235,2,3,57649,1
2037,41657,130088134.0,2013-01-31 13:20:00,2013 January 31,13:20:00,2013,January,Thursday,10:01 am to 2:00 pm,13.0,0,Afternoon,Winter,3801,1918,TARAVAL,3I16A,22350,22350,Unsafe speed for prevailing conditions,AA,Vehicle(s) Only Involved,1959,2,40,57659,1
2038,21027,3322845.0,2007-07-26 23:20:00,2007 July 26,23:20:00,2007,July,Thursday,10:01 pm to 2:00 am,23.0,0,Night,Summer,3801,1339,NORTH,3E11E,22350,22350,Unsafe speed for prevailing conditions,CC,Vehicle-Bicycle,16257,2,3,57621,2
2039,9331,2150099.0,2005-07-10 16:01:00,2005 July 10,16:01:00,2005,July,Sunday,2:01 pm to 6:00 pm,16.0,1,Afternoon,Summer,3801,002122,D,4B6D,22350,22350,Unsafe speed for prevailing conditions,AA,Vehicle(s) Only Involved,21615,2,1,57603,3
2040,84417,230905806.0,2023-12-28 21:30:00,2023 December 28,21:30:00,2023,December,Thursday,6:01 pm to 10:00 pm,21.0,0,Night,Winter,3801,1897,Northern,3E13E,21453(a),"21453(a,c)",Red signal - driver or bicyclist responsibilities,AA,Vehicle(s) Only Involved,1962,2,3,57237,8
2041,519,170850147.0,2017-10-17 16:30:00,2017 October 17,16:30:00,2017,October,Tuesday,2:01 pm to 6:00 pm,16.0,0,Afternoon,Fall,3801,1022,BAYVIEW,5,21760(b),21760(b),Overtaking or passing bicycle unsafely,CC,Vehicle-Bicycle,1963,2,2,57614,1
2042,5896,3319011.0,2007-08-07 14:14:00,2007 August 07,14:14:00,2007,August,Tuesday,2:01 pm to 6:00 pm,14.0,0,Afternoon,Summer,3801,000274,BAYVI,3C63,22106,22106,Unsafe starting or backing on highway,AA,Vehicle(s) Only Involved,1964,2,1,57658,1
2043,84384,230896540.0,2023-12-23 23:14:00,2023 December 23,23:14:00,2023,December,Saturday,10:01 pm to 2:00 am,23.0,1,Night,Winter,3801,2431,Northern,3E13E,22450(a),22450(a),Failure to stop at STOP sign,CC,Vehicle-Bicycle,1965,2,3,56247,1
2044,53781,200448024.0,2020-07-27 06:10:00,2020 July 27,06:10:00,2020,July,Monday,6:01 am to 10:00 am,6.0,0,Morning,Summer,3801,1572,Southern,3b1a,22101(d),22101(d),Violating special traffic control markers,AA,Vehicle(s) Only Involved,20894,2,1,57585,1
2045,86746,240626127.0,2024-10-05 01:45:00,2024 October 05,01:45:00,2024,October,Saturday,10:01 pm to 2:00 am,1.0,1,Night,Fall,3801,2425,Tenderloin,3J15E,21453(a),"21453(a,c)",Red signal - driver or bicyclist responsibilities,AA,Vehicle(s) Only Involved,1386,2,3,57490,2
2046,59680,220792124.0,2022-11-17 15:58:00,2022 November 17,15:58:00,2022,November,Thursday,2:01 pm to 6:00 pm,15.0,0,Afternoon,Fall,3801,200,Tenderloin,3J13D,22102,22102,Illegal U-turn in business district,AA,Vehicle(s) Only Involved,1967,2,8,57659,1
2047,55434,210240763.0,2021-04-19 16:47:00,2021 April 19,16:47:00,2021,April,Monday,2:01 pm to 6:00 pm,16.0,0,Afternoon,Spring,3801,233,Mission,3D,21453(a),"21453(a,c)",Red signal - driver or bicyclist responsibilities,AA,Vehicle(s) Only Involved,4448,2,1,57659,1