collision_id,unique_id,case_id_pkey,collision_datetime,collision_date,collision_time,accident_year,month,day_of_week,time_cat,hour_of_day,is_weekend,time_of_day,season,juris,officer_id,reporting_district,beat_number,vz_pcf_code,vz_pcf_group,vz_pcf_description,dph_col_grp,dph_col_grp_description,location_id,weather_id,road_id,party_id,severity_id
3764,59901,220717605.0,2022-10-19 03:50:00,2022 October 19,03:50:00,2022,October,Wednesday,2:01 am to 6:00 am,3.0,0,Night,Fall,3801,299,Central,3A12E,21657,21657,Going against one-way traffic patterns,CC,Vehicle-Bicycle,3538,2,21,57621,2
3765,36955,130984639.0,2013-11-20 19:10:00,2013 November 20,19:10:00,2013,November,Wednesday,6:01 pm to 10:00 pm,19.0,0,Evening,Fall,3801,1955,,,22350,22350,Unsafe speed for prevailing conditions,AA,Vehicle(s) Only Involved,3539,1,61,57584,1
3766,86311,240504169.0,2024-08-12 16:03:00,2024 August 12,16:03:00,2024,August,Monday,2:01 pm to 6:00 pm,16.0,0,Afternoon,Summer,3801,4115,Taraval,3I5D,22107,22107,Unsafe turn or lane change prohibited,AA,Vehicle(s) Only Involved,3540,2,1,57658,1
3767,36597,160491563.0,2016-06-17 08:22:00,2016 June 17,08:22:00,2016,June,Friday,6:01 am to 10:00 am,8.0,0,Morning,Summer,3801,2086,3116A,0822,22100(b),"22100(a,b)",Turn at intersection from wrong position,AA,Vehicle(s) Only Involved,4904,3,1,57659,13
3768,52927,200306494.0,2020-05-20 11:00:00,2020 May 20,11:00:00,2020,May,Wednesday,10:01 am to 2:00 pm,11.0,0,Morning,Spring,3801,2150,Ingleside,3H16C,22107,22107,Unsafe turn or lane change prohibited,AA,Vehicle(s) Only Involved,21211,1,1,57653,1
3769,61456,200376243.0,2020-06-23 10:31:00,2020 June 23,10:31:00,2020,June,Tuesday,10:01 am to 2:00 pm,10.0,0,Morning,Summer,3801,1023,Mission,1-Car,22350,22350,Unsafe speed for prevailing conditions,FF,Bicycle Only,3543,2,1,56707,2
3770,53425,200503543.0,2020-08-21 14:43:00,2020 August 21,14:43:00,2020,August,Friday,2:01 pm to 6:00 pm,14.0,0,Afternoon,Summer,3801,912,Central,3A11C,22350,22350,Unsafe speed for prevailing conditions,DD,Bicycle-Pedestrian,3544,2,2,57463,3
3771,42829,1995791.0,2005-02-11 17:04:00,2005 February 11,17:04:00,2005,February,Friday,2:01 pm to 6:00 pm,17.0,0,Evening,Winter,3801,1354,,4B7G,22103,22103,Illegal U-turn in residential district,AA,Vehicle(s) Only Involved,3545,1,2,57659,1
3772,85515,240261369.0,2024-04-25 18:15:00,2024 April 25,18:15:00,2024,April,Thursday,6:01 pm to 10:00 pm,18.0,0,Evening,Spring,3801,1988,Mission,3D11D,22350,22350,Unsafe speed for prevailing conditions,AA,Vehicle(s) Only Involved,3546,2,1,56916,4
3773,59532,220793586.0,2022-11-18 07:50:00,2022 November 18,07:50:00,2022,November,Friday,6:01 am to 10:00 am,7.0,0,Morning,Fall,3801,723,Tenderloin,1 CAR,21453(a),"21453(a,c)",Red signal - driver or bicyclist responsibilities,AA,Vehicle(s) Only Involved,5553,2,1,12706,8
3774,82213,230614449.0,2023-08-28 15:57:00,2023 August 28,15:57:00,2023,August,Monday,2:01 pm to 6:00 pm,15.0,0,Afternoon,Summer,3801,2134,Tenderloin,3J15D,Unknown,Unknown,Unknown,BB,Vehicle-Pedestrian,3655,2,1,57525,10
3775,86046,240376930.0,2024-06-16 17:20:00,2024 June 16,17:20:00,2024,June,Sunday,2:01 pm to 6:00 pm,17.0,1,Evening,Summer,3801,9,Central,3A13A,22350,22350,Unsafe speed for prevailing conditions,AA,Vehicle(s) Only Involved,3548,2,2,57658,10
3776,24056,170482568.0,2017-06-13 14:50:00,2017 June 13,14:50:00,2017,June,Tuesday,2:01 pm to 6:00 pm,14.0,0,Afternoon,Summer,3801,1744,TENDERLOIN,3J41C,21456(a),"21456(a,c)",Pedestrian violation of walk or wait signals,CC,Vehicle-Bicycle,3549,2,1,57655,2
3777,26534,160509837.0,2016-06-23 17:55:00,2016 June 23,17:55:00,2016,June,Thursday,2:01 pm to 6:00 pm,17.0,0,Evening,Summer,3801,1752,CENTRAL,A1,21950(a),"21950(a,c)",Driver or bicyclist to yield right-of-way at crosswalks,BB,Vehicle-Pedestrian,8671,2,1,57649,2
3778,40558,150005419.0,2015-01-02 19:34:00,2015 January 02,19:34:00,2015,January,Friday,6:01 pm to 10:00 pm,19.0,0,Evening,Winter,3801,1485,3F,11D,21460(a),"21460(a,b)",Improper turns over double lines or solid lines to right prohibited,AA,Vehicle(s) Only Involved,3551,2,12,57576,1
3779,42011,160492282.0,2016-06-17 13:23:00,2016 June 17,13:23:00,2016,June,Friday,10:01 am to 2:00 pm,13.0,0,Afternoon,Summer,3801,4286,RICHMOND,G1,21950(a),"21950(a,c)",Driver or bicyclist to yield right-of-way at crosswalks,BB,Vehicle-Pedestrian,3552,2,1,57649,3
3780,47996,190556507.0,2019-07-31 08:02:00,2019 July 31,08:02:00,2019,July,Wednesday,6:01 am to 10:00 am,8.0,0,Morning,Summer,3801,#1500,Central,3A60,21650.1,21650.1,Bicycle to travel in same direction as vehicles,CC,Vehicle-Bicycle,3553,2,2,57621,2
3781,2297,150911703.0,2015-10-18 16:43:00,2015 October 18,16:43:00,2015,October,Sunday,2:01 pm to 6:00 pm,16.0,1,Afternoon,Fall,3801,720,INGLESIDE,3H15D,Unknown,Unknown,Unknown,FF,Bicycle Only,3554,1,1,57524,2
3782,4078,6221524.0,2012-10-08 23:30:00,2012 October 08,23:30:00,2012,October,Monday,10:01 pm to 2:00 am,23.0,0,Night,Fall,3801,2266,INGLE,3H11E,22350,22350,Unsafe speed for prevailing conditions,AA,Vehicle(s) Only Involved,23796,2,3,57658,1
3783,48249,190592608.0,2019-08-12 21:40:00,2019 August 12,21:40:00,2019,August,Monday,6:01 pm to 10:00 pm,21.0,0,Night,Summer,3801,2471,Central,3A13E,22350,22350,Unsafe speed for prevailing conditions,AA,Vehicle(s) Only Involved,3556,2,3,57496,1
3784,25920,140403594.0,2014-05-14 12:21:00,2014 May 14,12:21:00,2014,May,Wednesday,10:01 am to 2:00 pm,12.0,0,Afternoon,Spring,3801,1560,TENDERLOIN,3J90A,21950(a),"21950(a,c)",Driver or bicyclist to yield right-of-way at crosswalks,BB,Vehicle-Pedestrian,3557,2,2,57622,2
3785,85272,240018091.0,2024-01-09 05:55:00,2024 January 09,05:55:00,2024,January,Tuesday,2:01 am to 6:00 am,5.0,0,Morning,Winter,3801,1351,Mission,3D11A,Unknown,Unknown,Unknown,AA,Vehicle(s) Only Involved,26584,7,129,57406,1
3786,11949,130481801.0,2013-06-11 18:17:00,2013 June 11,18:17:00,2013,June,Tuesday,6:01 pm to 10:00 pm,18.0,0,Evening,Summer,3801,1030,MISSION,3DHD,7.2.13,7.2.13,Non-motorized user-propelled vehicle - unspecified violation,BB,Vehicle-Pedestrian,3558,2,1,57622,2
3787,60011,220692530.0,2022-10-09 23:16:00,2022 October 09,23:16:00,2022,October,Sunday,10:01 pm to 2:00 am,23.0,1,Night,Fall,3801,2708,Southern,,22350,22350,Unsafe speed for prevailing conditions,BB,Vehicle-Pedestrian,3559,2,3,57454,4
3788,52901,200294441.0,2020-05-14 12:36:00,2020 May 14,12:36:00,2020,May,Thursday,10:01 am to 2:00 pm,12.0,0,Afternoon,Spring,3801,577,Taraval,I1,21950(a),"21950(a,c)",Driver or bicyclist to yield right-of-way at crosswalks,BB,Vehicle-Pedestrian,3560,7,4,57649,2
3789,52801,200231863.0,2020-04-10 11:00:00,2020 April 10,11:00:00,2020,April,Friday,10:01 am to 2:00 pm,11.0,0,Morning,Spring,3801,202,Traffic,4B1D,22350,22350,Unsafe speed for prevailing conditions,AA,Vehicle(s) Only Involved,3561,2,2,57607,1
3790,11775,9014124.0,2006-08-24 01:12:00,2006 August 24,01:12:00,2006,August,Thursday,10:01 pm to 2:00 am,1.0,0,Night,Summer,3801,4130,MSSN,3D60,21801(a),"21801(a,b)",Violation of right-of-way - left turn,CC,Vehicle-Bicycle,9535,2,3,57581,2
3791,28193,170903768.0,2017-11-05 14:36:00,2017 November 05,14:36:00,2017,November,Sunday,2:01 pm to 6:00 pm,14.0,1,Afternoon,Fall,3801,129,CENTRAL,3A15A,21453(a),"21453(a,c)",Red signal - driver or bicyclist responsibilities,AA,Vehicle(s) Only Involved,14511,2,1,57406,1
3792,24515,170625990.0,2017-08-01 17:45:00,2017 August 01,17:45:00,2017,August,Tuesday,2:01 pm to 6:00 pm,17.0,0,Evening,Summer,3801,293,NORTHERN,3E12D,Unknown,Unknown,Unknown,CC,Vehicle-Bicycle,3563,2,1,57639,1
3793,53846,200596300.0,2020-10-03 17:25:00,2020 October 03,17:25:00,2020,October,Saturday,2:01 pm to 6:00 pm,17.0,1,Evening,Fall,3801,2706,Tenderloin,3J12D,22350,22350,Unsafe speed for prevailing conditions,AA,Vehicle(s) Only Involved,22565,2,2,57656,2
3794,7464,2658919.0,2006-05-02 08:15:00,2006 May 02,08:15:00,2006,May,Tuesday,6:01 am to 10:00 am,8.0,0,Morning,Spring,3801,000373,H2,3H62,21801(b),"21801(a,b)",Violation of right-of-way - left turn,CC,Vehicle-Bicycle,10131,2,1,57655,2
3795,37096,2198422.0,2005-07-24 11:30:00,2005 July 24,11:30:00,2005,July,Sunday,10:01 am to 2:00 pm,11.0,1,Morning,Summer,3801,625,I,4B4G,Unknown,Unknown,Unknown,AA,Vehicle(s) Only Involved,3565,1,2,57557,1
3796,6093,140672216.0,2014-08-12 10:30:00,2014 August 12,10:30:00,2014,August,Tuesday,10:01 am to 2:00 pm,10.0,0,Morning,Summer,3801,4036,BAYVIEW,4B5I,22350,22350,Unsafe speed for prevailing conditions,AA,Vehicle(s) Only Involved,3566,1,2,57658,1
3797,78286,200044105.0,2020-01-18 09:53:00,2020 January 18,09:53:00,2020,January,Saturday,6:01 am to 10:00 am,9.0,1,Morning,Winter,3801,142,Bayview,901,22106,22106,Unsafe starting or backing on highway,AA,Vehicle(s) Only Involved,3567,2,2,57658,8
3798,48028,190576759.0,2019-08-07 10:55:00,2019 August 07,10:55:00,2019,August,Wednesday,10:01 am to 2:00 pm,10.0,0,Morning,Summer,3801,2728,Mission,908,22107,22107,Unsafe turn or lane change prohibited,AA,Vehicle(s) Only Involved,3568,2,2,56363,1
3799,34171,3433909.0,2007-11-09 03:24:00,2007 November 09,03:24:00,2007,November,Friday,2:01 am to 6:00 am,3.0,0,Night,Fall,3801,965,CENTR,3A4E,23153(a),23153(a-g),Driving under influence causing injury,AA,Vehicle(s) Only Involved,11141,3,3,57659,25
3800,86832,240641573.0,2024-10-11 18:50:00,2024 October 11,18:50:00,2024,October,Friday,6:01 pm to 10:00 pm,18.0,0,Evening,Fall,3801,1148,Mission,3D5D,21453(a),"21453(a,c)",Red signal - driver or bicyclist responsibilities,CC,Vehicle-Bicycle,29728,2,3,56954,2
3801,7720,141054821.0,2014-12-15 22:40:00,2014 December 15,22:40:00,2014,December,Monday,10:01 pm to 2:00 am,22.0,0,Night,Winter,3801,615,MISSION,3D14E,21954(a),21954(a),Pedestrians must yield right-of-way outside of crosswalks,BB,Vehicle-Pedestrian,3571,4,13,57622,4
3802,54043,200649216.0,2020-10-27 19:03:00,2020 October 27,19:03:00,2020,October,Tuesday,6:01 pm to 10:00 pm,19.0,0,Evening,Fall,3801,1435,Traffic,4B4I,22350,22350,Unsafe speed for prevailing conditions,AA,Vehicle(s) Only Involved,3572,2,3,57408,6
3803,8338,180227821.0,2018-03-27 14:16:00,2018 March 27,14:16:00,2018,March,Tuesday,2:01 pm to 6:00 pm,14.0,0,Afternoon,Spring,3801,219,Bayview,3C11A,21803(a),"21803(a,b)",Violation of Yield sign,AA,Vehicle(s) Only Involved,3573,2,2,57659,8
3804,3893,2382569.0,2005-11-03 16:18:00,2005 November 03,16:18:00,2005,November,Thursday,2:01 pm to 6:00 pm,16.0,0,Afternoon,Fall,3801,1993,INGLE,3H16C,21801(a),"21801(a,b)",Violation of right-of-way - left turn,AA,Vehicle(s) Only Involved,3574,2,2,57659,8
3805,52954,200320701.0,2020-05-27 12:35:00,2020 May 27,12:35:00,2020,May,Wednesday,10:01 am to 2:00 pm,12.0,0,Afternoon,Spring,3801,1933,Central,3A12A,Unknown,Unknown,Unknown,FF,Bicycle Only,3575,2,2,57524,2
3806,13304,150443461.0,2015-05-21 17:59:00,2015 May 21,17:59:00,2015,May,Thursday,2:01 pm to 6:00 pm,17.0,0,Evening,Spring,3801,1994,SOUTHERN,4B4B,21460(a),"21460(a,b)",Improper turns over double lines or solid lines to right prohibited,AA,Vehicle(s) Only Involved,3576,2,2,57660,1
3807,35146,3234475.0,2007-05-05 17:25:00,2007 May 05,17:25:00,2007,May,Saturday,2:01 pm to 6:00 pm,17.0,1,Evening,Spring,3801,767,NORTH,3E5D,"21801(a,b)","21801(a,b)",Violation of right-of-way - left turn,AA,Vehicle(s) Only Involved,12411,2,1,57659,1
3808,48576,190545845.0,2019-07-27 13:30:00,2019 July 27,13:30:00,2019,July,Saturday,10:01 am to 2:00 pm,13.0,1,Afternoon,Summer,3801,2743,Southern,3B3C,22350,22350,Unsafe speed for prevailing conditions,CC,Vehicle-Bicycle,24444,2,1,57655,1
3809,14018,6076414.0,2012-03-20 08:00:00,2012 March 20,08:00:00,2012,March,Tuesday,6:01 am to 10:00 am,8.0,0,Morning,Spring,3801,1681,B,004,21801(a),"21801(a,b)",Violation of right-of-way - left turn,AA,Vehicle(s) Only Involved,40123,2,1,57660,1
3810,10764,170757929.0,2017-09-16 17:07:00,2017 September 16,17:07:00,2017,September,Saturday,2:01 pm to 6:00 pm,17.0,1,Evening,Fall,3801,1306,CO D,,7.2.13(c),7.2.13(c),Operating a non-motorized user-propelled vehicle in a reckless manner,AA,Vehicle(s) Only Involved,3579,2,1,57313,2
3811,43666,3723306.0,2008-03-26 14:35:00,2008 March 26,14:35:00,2008,March,Wednesday,2:01 pm to 6:00 pm,14.0,0,Afternoon,Spring,3801,246,RICHM,4B6G,21453(a),"21453(a,c)",Red signal - driver or bicyclist responsibilities,AA,Vehicle(s) Only Involved,3580,2,1,57585,1
3812,53943,200623787.0,2020-10-16 07:45:00,2020 October 16,07:45:00,2020,October,Friday,6:01 am to 10:00 am,7.0,0,Morning,Fall,3801,2065,Northern,3E12A,Unknown,Unknown,Unknown,AA,Vehicle(s) Only Involved,21740,3,2,57653,1
3813,82194,230576617.0,2023-08-14 22:42:00,2023 August 14,22:42:00,2023,August,Monday,10:01 pm to 2:00 am,22.0,0,Night,Summer,3801,1422,Traffic,4B,21954(a),21954(a),Pedestrians must yield right-of-way outside of crosswalks,BB,Vehicle-Pedestrian,3582,2,3,57622,6
3814,34096,3437628.0,2007-10-22 18:07:00,2007 October 22,18:07:00,2007,October,Monday,6:01 pm to 10:00 pm,18.0,0,Evening,Fall,3801,2082,,4B8H,21456(b),"21456(a,b)",Pedestrian violation of walk or wait signals,BB,Vehicle-Pedestrian,3583,2,1,57622,2
3815,11156,2340065.0,2005-10-12 03:12:00,2005 October 12,03:12:00,2005,October,Wednesday,2:01 am to 6:00 am,3.0,0,Night,Fall,3801,1101,,,21453(a),"21453(a,c)",Red signal - driver or bicyclist responsibilities,AA,Vehicle(s) Only Involved,7730,2,3,57659,8
3816,32807,140990303.0,2014-11-22 20:44:00,2014 November 22,20:44:00,2014,November,Saturday,6:01 pm to 10:00 pm,20.0,1,Evening,Fall,3801,302,NORTHERN,3E14D,22350,22350,Unsafe speed for prevailing conditions,AA,Vehicle(s) Only Involved,5892,2,3,57658,1
3817,59745,220778914.0,2022-11-12 14:35:00,2022 November 12,14:35:00,2022,November,Saturday,2:01 pm to 6:00 pm,14.0,1,Afternoon,Fall,3801,1628,Richmond,,22350,22350,Unsafe speed for prevailing conditions,AA,Vehicle(s) Only Involved,3586,2,1,57607,2
3818,39916,6096666.0,2012-09-27 09:21:00,2012 September 27,09:21:00,2012,September,Thursday,6:01 am to 10:00 am,9.0,0,Morning,Fall,3801,1378,TARAV,3I3A,22450(a),22450(a),Failure to stop at STOP sign,AA,Vehicle(s) Only Involved,3587,1,1,57659,2
3819,59959,220718017.0,2022-10-19 08:38:00,2022 October 19,08:38:00,2022,October,Wednesday,6:01 am to 10:00 am,8.0,0,Morning,Fall,3801,2453,Mission,3D16A,22517,22517,Opening door on traffic side when unsafe,AA,Vehicle(s) Only Involved,3588,2,2,57461,2
3820,50504,190793276.0,2019-10-21 08:57:00,2019 October 21,08:57:00,2019,October,Monday,6:01 am to 10:00 am,8.0,0,Morning,Fall,3801,1463,Park,F3,Unknown,Unknown,Unknown,BB,Vehicle-Pedestrian,3589,2,1,57525,4
3821,38581,130655880.0,2013-08-08 22:06:00,2013 August 08,22:06:00,2013,August,Thursday,10:01 pm to 2:00 am,22.0,0,Night,Summer,3801,0974,TARAVAL,,22350,22350,Unsafe speed for prevailing conditions,AA,Vehicle(s) Only Involved,3590,8,12,57607,2
3822,83,130377448.0,2013-05-08 14:43:00,2013 May 08,14:43:00,2013,May,Wednesday,2:01 pm to 6:00 pm,14.0,0,Afternoon,Spring,3801,1513,BAYVIEW,3C15C,22350,22350,Unsafe speed for prevailing conditions,AA,Vehicle(s) Only Involved,3591,2,2,57654,8
3823,32651,140401015.0,2014-05-13 13:33:00,2014 May 13,13:33:00,2014,May,Tuesday,10:01 am to 2:00 pm,13.0,0,Afternoon,Spring,3801,591,NORTHERN,3E4C,21658(a),"21658(a,b)",Lane straddling or failure to use specified lanes,AA,Vehicle(s) Only Involved,3592,2,2,57658,1
3824,82812,230033015.0,2023-01-14 17:30:00,2023 January 14,17:30:00,2023,January,Saturday,2:01 pm to 6:00 pm,17.0,1,Evening,Winter,3801,2028,Bayview,3C12D,22350,22350,Unsafe speed for prevailing conditions,AA,Vehicle(s) Only Involved,3593,4,7,57608,1
3825,13132,160627768.0,2016-08-04 08:54:00,2016 August 04,08:54:00,2016,August,Thursday,6:01 am to 10:00 am,8.0,0,Morning,Summer,3801,1273,MISSION,3D77,Unknown,Unknown,Unknown,FF,Bicycle Only,3594,2,19,53854,1
3826,27261,160032286.0,2016-01-12 17:13:00,2016 January 12,17:13:00,2016,January,Tuesday,2:01 pm to 6:00 pm,17.0,0,Evening,Winter,3801,751,CENTRAL,3A46D,21456(b),"21456(a,b)",Pedestrian violation of walk or wait signals,BB,Vehicle-Pedestrian,3595,2,33,57622,1
3827,59350,220773271.0,2022-11-10 10:30:00,2022 November 10,10:30:00,2022,November,Thursday,10:01 am to 2:00 pm,10.0,0,Morning,Fall,3801,2310,Bayview,3C15A,22450(a),22450(a),Failure to stop at STOP sign,AA,Vehicle(s) Only Involved,40714,2,1,57660,1
3828,61435,190725887.0,2019-09-27 19:00:00,2019 September 27,19:00:00,2019,September,Friday,6:01 pm to 10:00 pm,19.0,0,Evening,Fall,3801,1421,Richmond,3G12D,22107,22107,Unsafe turn or lane change prohibited,CC,Vehicle-Bicycle,3596,2,1,57390,1
3829,47780,190546990.0,2019-07-27 22:08:00,2019 July 27,22:08:00,2019,July,Saturday,10:01 pm to 2:00 am,22.0,1,Night,Summer,3801,488,Ingleside,3H15E,21801(a),"21801(a,b)",Violation of right-of-way - left turn,AA,Vehicle(s) Only Involved,3597,2,3,57659,8
3830,18322,3431202.0,2007-10-16 22:18:00,2007 October 16,22:18:00,2007,October,Tuesday,10:01 pm to 2:00 am,22.0,0,Night,Fall,3801,1415,SOUTH,3B62,22350,22350,Unsafe speed for prevailing conditions,AA,Vehicle(s) Only Involved,40407,2,12,57583,1
3831,53262,200432475.0,2020-07-19 21:47:00,2020 July 19,21:47:00,2020,July,Sunday,6:01 pm to 10:00 pm,21.0,1,Night,Summer,3801,2457,Southern,B4,21954(a),21954(a),Pedestrians must yield right-of-way outside of crosswalks,BB,Vehicle-Pedestrian,3599,2,79,57123,4
3832,1506,3431386.0,2007-10-12 20:44:00,2007 October 12,20:44:00,2007,October,Friday,6:01 pm to 10:00 pm,20.0,0,Evening,Fall,3801,983,SF,3H5,21801(a),"21801(a,b)",Violation of right-of-way - left turn,AA,Vehicle(s) Only Involved,3600,1,3,57659,1
3833,83128,230446123.0,2023-06-28 09:20:00,2023 June 28,09:20:00,2023,June,Wednesday,6:01 am to 10:00 am,9.0,0,Morning,Summer,3801,1945,Bayview,3C15A,23152(a),23152(a-g),Driving under influence of alcohol and/or drugs,AA,Vehicle(s) Only Involved,3601,2,1,57660,1
3834,11982,3369435.0,2007-08-28 18:00:00,2007 August 28,18:00:00,2007,August,Tuesday,2:01 pm to 6:00 pm,18.0,0,Evening,Summer,3801,002122,D,4B6D,Unknown,Unknown,Unknown,EE,Bicycle-Parked Car,3602,2,2,35681,2
3835,83632,230594170.0,2023-08-21 08:26:00,2023 August 21,08:26:00,2023,August,Monday,6:01 am to 10:00 am,8.0,0,Morning,Summer,3801,4001,Mission,3D11A,21804(a),"21804(a,b)",Entering highway from alley or driveway,AA,Vehicle(s) Only Involved,3603,2,1,57659,1
3836,61464,210233019.0,2021-04-13 08:03:00,2021 April 13,08:03:00,2021,April,Tuesday,6:01 am to 10:00 am,8.0,0,Morning,Spring,3801,801,Southern,Ingleside,22350,22350,Unsafe speed for prevailing conditions,AA,Vehicle(s) Only Involved,3604,2,24,57659,1
3837,47532,190326441.0,2019-05-07 07:49:00,2019 May 07,07:49:00,2019,May,Tuesday,6:01 am to 10:00 am,7.0,0,Morning,Spring,3801,#1500,Central,3A3A,22350,22350,Unsafe speed for prevailing conditions,AA,Vehicle(s) Only Involved,3605,1,2,57658,1
3838,86215,240483977.0,2024-08-03 05:19:00,2024 August 03,05:19:00,2024,August,Saturday,2:01 am to 6:00 am,5.0,1,Morning,Summer,3801,709,Bayview,3C11E,22350,22350,Unsafe speed for prevailing conditions,AA,Vehicle(s) Only Involved,3606,2,12,57608,2
3839,43705,2395800.0,2005-11-21 12:12:00,2005 November 21,12:12:00,2005,November,Monday,10:01 am to 2:00 pm,12.0,0,Afternoon,Fall,3801,438,,4B3F,21453(a),"21453(a,c)",Red signal - driver or bicyclist responsibilities,AA,Vehicle(s) Only Involved,18061,2,1,57659,1
3840,47968,190688348.0,2019-09-14 23:54:00,2019 September 14,23:54:00,2019,September,Saturday,10:01 pm to 2:00 am,23.0,1,Night,Fall,3801,2407,Tenderloin,3J15E,Unknown,Unknown,Unknown,AA,Vehicle(s) Only Involved,3608,2,21,57557,1
3841,82739,230354112.0,2023-05-22 20:02:00,2023 May 22,20:02:00,2023,May,Monday,6:01 pm to 10:00 pm,20.0,0,Evening,Spring,3801,380,Central,1 Car,22350,22350,Unsafe speed for prevailing conditions,BB,Vehicle-Pedestrian,5383,2,2,56666,1
3842,29945,3318778.0,2007-07-18 12:30:00,2007 July 18,12:30:00,2007,July,Wednesday,10:01 am to 2:00 pm,12.0,0,Afternoon,Summer,3801,000043,NORTH,3E61,22107,22107,Unsafe turn or lane change prohibited,CC,Vehicle-Bicycle,9108,2,2,57614,2
3843,39121,140531242.0,2014-06-27 00:10:00,2014 June 27,00:10:00,2014,June,Friday,10:01 pm to 2:00 am,0.0,0,Night,Summer,3801,2354,,,22107,22107,Unsafe turn or lane change prohibited,AA,Vehicle(s) Only Involved,6478,2,3,57659,11
3844,32587,3730190.0,2008-03-16 02:17:00,2008 March 16,02:17:00,2008,March,Sunday,2:01 am to 6:00 am,2.0,1,Night,Spring,3801,1338,A,3A11E,21950(a),"21950(a,c)",Driver or bicyclist to yield right-of-way at crosswalks,BB,Vehicle-Pedestrian,12832,1,3,57649,2
3845,52911,200299300.0,2020-05-16 21:52:00,2020 May 16,21:52:00,2020,May,Saturday,6:01 pm to 10:00 pm,21.0,1,Night,Spring,3801,1252,Southern,B4,21453(d),21453(d),Red signal - pedestrian responsibilities,BB,Vehicle-Pedestrian,23855,4,13,57566,1
3846,9742,170743097.0,2017-09-11 17:30:00,2017 September 11,17:30:00,2017,September,Monday,2:01 pm to 6:00 pm,17.0,0,Evening,Fall,3801,1430,MISSION,3D13D,21802(a),"21802(a,b)",Violation of right-of-way - entering through highway,AA,Vehicle(s) Only Involved,9354,1,1,57659,8
3847,26625,140497575.0,2014-06-15 23:20:00,2014 June 15,23:20:00,2014,June,Sunday,10:01 pm to 2:00 am,23.0,1,Night,Summer,3801,2343,SOUTHERN,3B1E,7.2.12,7.2.12,"Local ordinance, bicycles prohibited from sidewalk",CC,Vehicle-Bicycle,3614,16,12,57621,2
3848,20503,5477656.0,2011-12-27 23:28:00,2011 December 27,23:28:00,2011,December,Tuesday,10:01 pm to 2:00 am,23.0,0,Night,Winter,3801,2366,NORTH,001,21954(b),21954(b),Failure of driver or bicyclist to exercise due care for safety of pedestrian on roadway,BB,Vehicle-Pedestrian,8605,2,3,57649,1
3849,59348,220788606.0,2022-11-16 11:23:00,2022 November 16,11:23:00,2022,November,Wednesday,10:01 am to 2:00 pm,11.0,0,Morning,Fall,3801,2097,Bayview,3C11A,22107,22107,Unsafe turn or lane change prohibited,AA,Vehicle(s) Only Involved,3616,2,2,57654,2
3850,59787,220824181.0,2022-11-30 22:47:00,2022 November 30,22:47:00,2022,November,Wednesday,10:01 pm to 2:00 am,22.0,0,Night,Fall,3801,2089,Tenderloin,CO J/4 CAR,21950(b),21950(b),Pedestrian suddenly entering into vehicle path close enough to create an immediate hazard,BB,Vehicle-Pedestrian,3617,2,3,57622,4
3851,5146,2409236.0,2005-12-25 03:10:00,2005 December 25,03:10:00,2005,December,Sunday,2:01 am to 6:00 am,3.0,1,Night,Winter,3801,1146,H,3H4,22350,22350,Unsafe speed for prevailing conditions,AA,Vehicle(s) Only Involved,3618,4,91,57607,8
3852,32336,3342630.0,2007-08-26 14:06:00,2007 August 26,14:06:00,2007,August,Sunday,2:01 pm to 6:00 pm,14.0,1,Afternoon,Summer,3801,3E13A,NOTHE,004,Unknown,Unknown,Unknown,AA,Vehicle(s) Only Involved,36544,2,1,57659,1
3853,60052,220746325.0,2022-10-30 02:47:00,2022 October 30,02:47:00,2022,October,Sunday,2:01 am to 6:00 am,2.0,1,Night,Fall,3801,2494,Mission,3D13E,22350,22350,Unsafe speed for prevailing conditions,AA,Vehicle(s) Only Involved,20375,2,3,57658,11
3854,86437,240533146.0,2024-08-25 14:13:00,2024 August 25,14:13:00,2024,August,Sunday,2:01 pm to 6:00 pm,14.0,1,Afternoon,Summer,3801,Chew #2088,Ingleside,3H12A,22350,22350,Unsafe speed for prevailing conditions,AA,Vehicle(s) Only Involved,3621,3,2,57658,1
3855,47781,190564180.0,2019-08-02 17:01:00,2019 August 02,17:01:00,2019,August,Friday,2:01 pm to 6:00 pm,17.0,0,Evening,Summer,3801,470,Richmond,3G13D,21954(a),21954(a),Pedestrians must yield right-of-way outside of crosswalks,BB,Vehicle-Pedestrian,3622,2,2,57622,1
3856,1750,6143806.0,2012-05-23 19:31:00,2012 May 23,19:31:00,2012,May,Wednesday,6:01 pm to 10:00 pm,19.0,0,Evening,Spring,3801,1747,,3H15D,21954(a),21954(a),Pedestrians must yield right-of-way outside of crosswalks,BB,Vehicle-Pedestrian,3623,2,2,57649,1
3857,41478,130851113.0,2013-10-08 15:06:00,2013 October 08,15:06:00,2013,October,Tuesday,2:01 pm to 6:00 pm,15.0,0,Afternoon,Fall,3801,2345,TARAVAL,3113B,22107,22107,Unsafe turn or lane change prohibited,AA,Vehicle(s) Only Involved,27109,2,1,57660,1
3858,26674,160186297.0,2016-03-03 14:00:00,2016 March 03,14:00:00,2016,March,Thursday,10:01 am to 2:00 pm,14.0,0,Afternoon,Spring,3801,2392,MISSION,901,Unknown,Unknown,Unknown,AA,Vehicle(s) Only Involved,3625,3,6,57546,1
3859,22146,6226950.0,2012-10-15 17:24:00,2012 October 15,17:24:00,2012,October,Monday,2:01 pm to 6:00 pm,17.0,0,Evening,Fall,3801,2082,NORTH,3E62,22350,22350,Unsafe speed for prevailing conditions,AA,Vehicle(s) Only Involved,4601,2,1,57658,1
3860,58721,220653350.0,2022-09-24 02:18:00,2022 September 24,02:18:00,2022,September,Saturday,2:01 am to 6:00 am,2.0,1,Night,Fall,3801,2730,Bayview,3C13E,Unknown,Unknown,Unknown,AA,Vehicle(s) Only Involved,344,2,3,55715,4