collision_id,unique_id,case_id_pkey,collision_datetime,collision_date,collision_time,accident_year,month,day_of_week,time_cat,hour_of_day,is_weekend,time_of_day,season,juris,officer_id,reporting_district,beat_number,vz_pcf_code,vz_pcf_group,vz_pcf_description,dph_col_grp,dph_col_grp_description,location_id,weather_id,road_id,party_id,severity_id
3861,10145,3493758.0,2007-11-16 12:46:00,2007 November 16,12:46:00,2007,November,Friday,10:01 am to 2:00 pm,12.0,0,Afternoon,Fall,3801,1602,MISSI,3D11A,21453(a),"21453(a,c)",Red signal - driver or bicyclist responsibilities,AA,Vehicle(s) Only Involved,6511,2,1,57659,1
3862,59518,220786581.0,2022-11-15 14:33:00,2022 November 15,14:33:00,2022,November,Tuesday,2:01 pm to 6:00 pm,14.0,0,Afternoon,Fall,3801,2493,Park,3F13A,22107,22107,Unsafe turn or lane change prohibited,AA,Vehicle(s) Only Involved,3628,2,2,57450,2
3863,58498,220393578.0,2022-06-15 18:59:00,2022 June 15,18:59:00,2022,June,Wednesday,6:01 pm to 10:00 pm,18.0,0,Evening,Summer,3801,#309,Taraval,3I11D,21703,21703,Following too closely prohibited,CC,Vehicle-Bicycle,3629,2,1,57639,2
3864,87634,240295982.0,2024-05-10 23:35:00,2024 May 10,23:35:00,2024,May,Friday,10:01 pm to 2:00 am,23.0,0,Night,Spring,3801,996,Bayview,3D3,22350,22350,Unsafe speed for prevailing conditions,AA,Vehicle(s) Only Involved,20375,2,3,57658,1
3865,82937,230369456.0,2023-05-29 04:17:00,2023 May 29,04:17:00,2023,May,Monday,2:01 am to 6:00 am,4.0,0,Night,Spring,3801,1769,Bayview,3C13E,22350,22350,Unsafe speed for prevailing conditions,AA,Vehicle(s) Only Involved,3630,2,3,57607,21
3866,7953,130645596.0,2013-08-05 12:22:00,2013 August 05,12:22:00,2013,August,Monday,10:01 am to 2:00 pm,12.0,0,Afternoon,Summer,3801,892,MISSION,901,22101(d),22101(d),Violation of a turn prohibition sign,AA,Vehicle(s) Only Involved,7409,2,1,57603,1
3867,59201,220623949.0,2022-09-13 08:00:00,2022 September 13,08:00:00,2022,September,Tuesday,6:01 am to 10:00 am,8.0,0,Morning,Fall,3801,BASS,Southern,3B14A,22350,22350,Unsafe speed for prevailing conditions,AA,Vehicle(s) Only Involved,3631,2,2,57658,8
3868,85432,240053661.0,2024-01-24 22:55:00,2024 January 24,22:55:00,2024,January,Wednesday,10:01 pm to 2:00 am,22.0,0,Night,Winter,3801,#2437,Bayview,3C15E,22350,22350,Unsafe speed for prevailing conditions,AA,Vehicle(s) Only Involved,3632,2,12,57659,1
3869,82276,230694968.0,2023-09-27 12:06:00,2023 September 27,12:06:00,2023,September,Wednesday,10:01 am to 2:00 pm,12.0,0,Afternoon,Fall,3801,4265,Ingleside,3H13A,21801(b),"21801(a,b)",Violation of right-of-way - left turn,CC,Vehicle-Bicycle,23796,2,1,57621,2
3870,59370,220805056.0,2022-11-22 17:08:00,2022 November 22,17:08:00,2022,November,Tuesday,2:01 pm to 6:00 pm,17.0,0,Evening,Fall,3801,1414,Mission,3D13D,Unknown,Unknown,Unknown,FF,Bicycle Only,3634,2,3,57524,2
3871,28626,6128628.0,2012-06-20 14:57:00,2012 June 20,14:57:00,2012,June,Wednesday,2:01 pm to 6:00 pm,14.0,0,Afternoon,Summer,3801,2082,CENTR,3E62,Unknown,Unknown,Unknown,AA,Vehicle(s) Only Involved,3635,2,1,57557,11
3872,59540,220800363.0,2022-11-20 16:40:00,2022 November 20,16:40:00,2022,November,Sunday,2:01 pm to 6:00 pm,16.0,1,Afternoon,Fall,3801,1474,Mission,901,22450(a),22450(a),Failure to stop at STOP sign,AA,Vehicle(s) Only Involved,3636,2,1,57659,1
3873,44875,2238762.0,2005-09-06 10:30:00,2005 September 06,10:30:00,2005,September,Tuesday,10:01 am to 2:00 pm,10.0,0,Morning,Fall,3801,625,G,4B4G,22517,22517,Opening door on traffic side when unsafe,CC,Vehicle-Bicycle,3637,1,2,57390,4
3874,83568,230573663.0,2023-08-14 01:20:00,2023 August 14,01:20:00,2023,August,Monday,10:01 pm to 2:00 am,1.0,0,Night,Summer,3801,488,Ingleside,3H15E,23153(a),23153(a-g),Driving under influence causing injury,AA,Vehicle(s) Only Involved,3638,9,12,57654,1
3875,83386,230229145.0,2023-04-02 22:00:00,2023 April 02,22:00:00,2023,April,Sunday,6:01 pm to 10:00 pm,22.0,1,Night,Spring,3801,2497,Bayview,3C12E,22350,22350,Unsafe speed for prevailing conditions,AA,Vehicle(s) Only Involved,3639,2,3,57658,8
3876,59384,220823070.0,2022-11-30 14:24:00,2022 November 30,14:24:00,2022,November,Wednesday,2:01 pm to 6:00 pm,14.0,0,Afternoon,Fall,3801,1870,Richmond,RICHMOND,22350,22350,Unsafe speed for prevailing conditions,AA,Vehicle(s) Only Involved,3640,2,2,32993,2
3877,45483,5070168.0,2011-01-07 23:39:00,2011 January 07,23:39:00,2011,January,Friday,10:01 pm to 2:00 am,23.0,0,Night,Winter,9335,019847,,901,23152(a),23152(a-g),Driving under influence of alcohol and/or drugs,AA,Vehicle(s) Only Involved,40965,1,34,57659,1
3878,83613,230591041.0,2023-08-19 19:42:00,2023 August 19,19:42:00,2023,August,Saturday,6:01 pm to 10:00 pm,19.0,1,Evening,Summer,3801,1286,Southern,3B1,22107,22107,Unsafe turn or lane change prohibited,AA,Vehicle(s) Only Involved,3765,2,33,57660,1
3879,59789,220822737.0,2022-11-30 11:50:00,2022 November 30,11:50:00,2022,November,Wednesday,10:01 am to 2:00 pm,11.0,0,Morning,Fall,3801,1100,Tenderloin,3J97C,21750,21750,Overtaking and passing unsafely,BB,Vehicle-Pedestrian,3643,3,2,54570,1
3880,86147,240326189.0,2024-05-24 14:28:00,2024 May 24,14:28:00,2024,May,Friday,2:01 pm to 6:00 pm,14.0,0,Afternoon,Spring,3801,1994,Traffic,,22450(a),22450(a),Failure to stop at STOP sign,AA,Vehicle(s) Only Involved,3644,2,1,57659,4
3881,59915,220728094.0,2022-10-22 20:15:00,2022 October 22,20:15:00,2022,October,Saturday,6:01 pm to 10:00 pm,20.0,1,Evening,Fall,3801,964,Northern,3E14D,21950(a),"21950(a,c)",Driver or bicyclist to yield right-of-way at crosswalks,BB,Vehicle-Pedestrian,3645,2,3,57649,4
3882,40368,9015408.0,2006-08-31 12:55:00,2006 August 31,12:55:00,2006,August,Thursday,10:01 am to 2:00 pm,12.0,0,Afternoon,Summer,3801,1983,COF,001,21801(a),"21801(a,b)",Violation of right-of-way - left turn,AA,Vehicle(s) Only Involved,35264,2,1,57603,1
3883,54969,210192261.0,2021-03-27 23:14:00,2021 March 27,23:14:00,2021,March,Saturday,10:01 pm to 2:00 am,23.0,1,Night,Spring,3801,1490,Taraval,3I15E,22350,22350,Unsafe speed for prevailing conditions,AA,Vehicle(s) Only Involved,3647,2,3,57576,1
3884,43423,3437406.0,2007-10-05 15:40:00,2007 October 05,15:40:00,2007,October,Friday,2:01 pm to 6:00 pm,15.0,0,Afternoon,Fall,3801,1869,RICHM,3G12D,21801(a),"21801(a,b)",Violation of right-of-way - left turn,AA,Vehicle(s) Only Involved,22260,2,2,57659,8
3885,39521,5383977.0,2011-09-29 22:14:00,2011 September 29,22:14:00,2011,September,Thursday,10:01 pm to 2:00 am,22.0,0,Night,Fall,3801,264,TARAV,3I11E,21453(a),"21453(a,c)",Red signal - driver or bicyclist responsibilities,BB,Vehicle-Pedestrian,789,2,3,57649,2
3886,12184,6221488.0,2012-12-22 02:17:00,2012 December 22,02:17:00,2012,December,Saturday,2:01 am to 6:00 am,2.0,1,Night,Winter,3801,123,MISSI,901,22350,22350,Unsafe speed for prevailing conditions,AA,Vehicle(s) Only Involved,3649,1,13,57658,3
3887,11799,3324972.0,2007-08-13 11:15:00,2007 August 13,11:15:00,2007,August,Monday,10:01 am to 2:00 pm,11.0,0,Morning,Summer,3801,2226,,3D61K,21955,21955,Crossing between controlled intersections (Jaywalking),BB,Vehicle-Pedestrian,3650,2,1,57622,13
3888,40149,130276345.0,2013-04-04 21:46:00,2013 April 04,21:46:00,2013,April,Thursday,6:01 pm to 10:00 pm,21.0,0,Night,Spring,3801,,TARAVAL,3H6E,21950(a),"21950(a,c)",Driver or bicyclist to yield right-of-way at crosswalks,BB,Vehicle-Pedestrian,3651,2,7,57522,1
3889,59628,220880967.0,2022-12-25 02:24:00,2022 December 25,02:24:00,2022,December,Sunday,2:01 am to 6:00 am,2.0,1,Night,Winter,3801,196,Central,3A13E,21658(a),"21658(a,b)",Lane straddling or failure to use specified lanes,AA,Vehicle(s) Only Involved,3652,2,12,57576,2
3890,40591,130473256.0,2013-06-08 22:53:00,2013 June 08,22:53:00,2013,June,Saturday,10:01 pm to 2:00 am,22.0,1,Night,Summer,3801,2380,PARK STATI,3F2D,22350,22350,Unsafe speed for prevailing conditions,AA,Vehicle(s) Only Involved,3653,2,3,57658,1
3891,58901,220630966.0,2022-09-15 18:43:00,2022 September 15,18:43:00,2022,September,Thursday,6:01 pm to 10:00 pm,18.0,0,Evening,Fall,3801,2407,Mission,3D13D,21800(a),21800(a-c),Violation of right-of-way or uncontrolled intersection,CC,Vehicle-Bicycle,3654,2,1,57581,2
3892,58880,220610059.0,2022-09-07 22:47:00,2022 September 07,22:47:00,2022,September,Wednesday,10:01 pm to 2:00 am,22.0,0,Night,Fall,3801,2741,Tenderloin,901,21755(a),21755(a),Unsafe passing on right shoulder,CC,Vehicle-Bicycle,3655,2,12,57621,1
3893,53149,200272760.0,2020-05-02 19:38:00,2020 May 02,19:38:00,2020,May,Saturday,6:01 pm to 10:00 pm,19.0,1,Evening,Spring,3801,1907,Southern,3B14D,21453(a),"21453(a,c)",Red signal - driver or bicyclist responsibilities,AA,Vehicle(s) Only Involved,26941,2,33,57659,1
3894,58256,220328848.0,2022-05-19 21:12:00,2022 May 19,21:12:00,2022,May,Thursday,6:01 pm to 10:00 pm,21.0,0,Night,Spring,3801,1709,Ingleside,,22107,22107,Unsafe turn or lane change prohibited,AA,Vehicle(s) Only Involved,3656,2,12,57619,1
3895,45045,2340038.0,2005-10-26 16:16:00,2005 October 26,16:16:00,2005,October,Wednesday,2:01 pm to 6:00 pm,16.0,0,Afternoon,Fall,3801,1279,G,4B5H,21801(a),"21801(a,b)",Violation of right-of-way - left turn,AA,Vehicle(s) Only Involved,40323,2,1,57659,1
3896,37015,130172721.0,2013-02-28 15:04:00,2013 February 28,15:04:00,2013,February,Thursday,2:01 pm to 6:00 pm,15.0,0,Afternoon,Winter,3801,251,M A I T,4C3,Unknown,Unknown,Unknown,BB,Vehicle-Pedestrian,3658,1,1,3875,4
3897,84146,230186868.0,2023-03-16 16:39:00,2023 March 16,16:39:00,2023,March,Thursday,2:01 pm to 6:00 pm,16.0,0,Afternoon,Spring,3801,2286,Bayview,3C14D,22350,22350,Unsafe speed for prevailing conditions,EE,Bicycle-Parked Car,3659,2,11,57302,2
3898,59564,220820963.0,2022-11-29 16:00:00,2022 November 29,16:00:00,2022,November,Tuesday,2:01 pm to 6:00 pm,16.0,0,Afternoon,Fall,3801,A09968,Park,3F13D,22107,22107,Unsafe turn or lane change prohibited,CC,Vehicle-Bicycle,33467,2,1,57614,1
3899,39268,2110369.0,2005-06-16 16:53:00,2005 June 16,16:53:00,2005,June,Thursday,2:01 pm to 6:00 pm,16.0,0,Afternoon,Summer,3801,125,PARK,4B5F,21802(a),"21802(a,b)",Violation of right-of-way - entering through highway,AA,Vehicle(s) Only Involved,3661,4,16,57659,3
3900,59661,220777148.0,2022-11-11 18:03:00,2022 November 11,18:03:00,2022,November,Friday,6:01 pm to 10:00 pm,18.0,0,Evening,Fall,3801,1336,Northern,E1,22101(d),22101(d),Violating special traffic control markers,AA,Vehicle(s) Only Involved,3662,2,3,57455,1
3901,86086,240442252.0,2024-07-15 21:56:00,2024 July 15,21:56:00,2024,July,Monday,6:01 pm to 10:00 pm,21.0,0,Night,Summer,3801,2237,Taraval,3I16E,Unknown,Unknown,Unknown,BB,Vehicle-Pedestrian,34706,2,3,57525,1
3902,12381,3802560.0,2008-06-22 16:26:00,2008 June 22,16:26:00,2008,June,Sunday,2:01 pm to 6:00 pm,16.0,1,Afternoon,Summer,3801,2095,COD,,21801(a),"21801(a,b)",Violation of right-of-way - left turn,AA,Vehicle(s) Only Involved,3664,2,2,56911,1
3903,53820,200591582.0,2020-10-01 15:49:00,2020 October 01,15:49:00,2020,October,Thursday,2:01 pm to 6:00 pm,15.0,0,Afternoon,Fall,3801,4277,Bayview,3C14D,22450(a),22450(a),Failure to stop at STOP sign,AA,Vehicle(s) Only Involved,3665,2,1,57659,1
3904,43389,3179536.0,2007-04-11 08:00:00,2007 April 11,08:00:00,2007,April,Wednesday,6:01 am to 10:00 am,8.0,0,Morning,Spring,3801,649,,4B2H,Unknown,Unknown,Unknown,AA,Vehicle(s) Only Involved,20819,2,1,57585,13
3905,725,150011836.0,2015-01-05 06:58:00,2015 January 05,06:58:00,2015,January,Monday,6:01 am to 10:00 am,6.0,0,Morning,Winter,3801,1043,INGLESIDE,4K6H,21954(a),21954(a),Pedestrians must yield right-of-way outside of crosswalks,BB,Vehicle-Pedestrian,3667,2,29,57622,1
3906,36212,170531892.0,2017-06-30 07:00:00,2017 June 30,07:00:00,2017,June,Friday,6:01 am to 10:00 am,7.0,0,Morning,Summer,3801,1917,TARAVAL,3116A,21802(a),"21802(a,b)",Violation of right-of-way - entering through highway,AA,Vehicle(s) Only Involved,7885,9,16,57659,1
3907,4218,140323760.0,2014-04-18 21:37:00,2014 April 18,21:37:00,2014,April,Friday,6:01 pm to 10:00 pm,21.0,0,Night,Spring,3801,241,CO H,4K7H,23152,23152,Under the influence of alcohol or drug,BB,Vehicle-Pedestrian,3669,2,3,57649,17
3908,31687,3318845.0,2007-08-06 08:27:00,2007 August 06,08:27:00,2007,August,Monday,6:01 am to 10:00 am,8.0,0,Morning,Summer,3801,1446,4B2J,3G60,21755(a),21755(a),Unsafe passing on right shoulder,AA,Vehicle(s) Only Involved,3670,2,1,57659,1
3909,58233,220309434.0,2022-05-12 07:20:00,2022 May 12,07:20:00,2022,May,Thursday,6:01 am to 10:00 am,7.0,0,Morning,Spring,3801,1477,Mission,3D13A,21453(a),"21453(a,c)",Red signal - driver or bicyclist responsibilities,AA,Vehicle(s) Only Involved,3671,2,1,57659,1
3910,48212,190555418.0,2019-07-30 18:25:00,2019 July 30,18:25:00,2019,July,Tuesday,6:01 pm to 10:00 pm,18.0,0,Evening,Summer,3801,32,Northern,1,21703,21703,Following too closely prohibited,AA,Vehicle(s) Only Involved,3672,2,1,57658,1
3911,83582,230585721.0,2023-08-17 22:43:00,2023 August 17,22:43:00,2023,August,Thursday,10:01 pm to 2:00 am,22.0,0,Night,Summer,3801,4039,Central,3A3,22350,22350,Unsafe speed for prevailing conditions,AA,Vehicle(s) Only Involved,3673,2,12,57605,2
3912,52905,200296732.0,2020-05-15 14:03:00,2020 May 15,14:03:00,2020,May,Friday,2:01 pm to 6:00 pm,14.0,0,Afternoon,Spring,3801,899,Tenderloin,3J55C,22107,22107,Unsafe turn or lane change prohibited,AA,Vehicle(s) Only Involved,3674,2,1,57660,1
3913,36725,140721653.0,2014-08-27 16:22:00,2014 August 27,16:22:00,2014,August,Wednesday,2:01 pm to 6:00 pm,16.0,0,Afternoon,Summer,3801,4330,TARAVAL,,21658(a),"21658(a,b)",Lane straddling or failure to use specified lanes,AA,Vehicle(s) Only Involved,15453,8,2,57237,1
3914,29610,4395871.0,2009-09-08 18:12:00,2009 September 08,18:12:00,2009,September,Tuesday,6:01 pm to 10:00 pm,18.0,0,Evening,Fall,3801,100,3E,3E14D,22350,22350,Unsafe speed for prevailing conditions,AA,Vehicle(s) Only Involved,3675,2,1,57658,1
3915,59449,220838671.0,2022-12-07 09:23:00,2022 December 07,09:23:00,2022,December,Wednesday,6:01 am to 10:00 am,9.0,0,Morning,Winter,3801,707,Traffic,4B1C,21801(a),"21801(a,b)",Violation of right-of-way - left turn,AA,Vehicle(s) Only Involved,24848,2,1,57659,9
3916,27353,2340064.0,2005-10-01 14:06:00,2005 October 01,14:06:00,2005,October,Saturday,2:01 pm to 6:00 pm,14.0,1,Afternoon,Fall,3801,1396,CENTR,3A61,21453(a),"21453(a,c)",Red signal - driver or bicyclist responsibilities,CC,Vehicle-Bicycle,12694,2,1,57581,1
3917,58962,220438221.0,2022-07-04 11:00:00,2022 July 04,11:00:00,2022,July,Monday,10:01 am to 2:00 pm,11.0,0,Morning,Summer,3801,4267,Taraval,3I41,22107,22107,Unsafe turn or lane change prohibited,CC,Vehicle-Bicycle,3677,2,2,57614,1
3918,42885,140686916.0,2014-08-16 18:28:00,2014 August 16,18:28:00,2014,August,Saturday,6:01 pm to 10:00 pm,18.0,1,Evening,Summer,3801,985,RICHMOND,3G13D,21801(a),"21801(a,b)",Violation of right-of-way - left turn,AA,Vehicle(s) Only Involved,10316,2,1,57659,8
3919,16665,6068172.0,2012-09-22 21:10:00,2012 September 22,21:10:00,2012,September,Saturday,6:01 pm to 10:00 pm,21.0,1,Night,Fall,3801,2410,SOUTH,3BI2E,21952,21952,Failure to yield right-of-way on sidewalk to pedestrian,BB,Vehicle-Pedestrian,3679,2,3,57649,1
3920,47051,190335903.0,2019-05-10 18:46:00,2019 May 10,18:46:00,2019,May,Friday,6:01 pm to 10:00 pm,18.0,0,Evening,Spring,3801,2470,Central,3A13D,22400(a),"22400(a,b)",Minimum speed law - impeding traffic flow,AA,Vehicle(s) Only Involved,3680,2,40,56911,1
3921,59409,220852201.0,2022-12-13 07:00:00,2022 December 13,07:00:00,2022,December,Tuesday,6:01 am to 10:00 am,7.0,0,Morning,Winter,3801,189,Northern,3,21453(a),"21453(a,c)",Red signal - driver or bicyclist responsibilities,AA,Vehicle(s) Only Involved,40128,2,1,57659,8
3922,13198,130045350.0,2013-01-17 01:09:00,2013 January 17,01:09:00,2013,January,Thursday,10:01 pm to 2:00 am,1.0,0,Night,Winter,3801,1881,SOUTHERN,3B16E,Unknown,Unknown,Unknown,AA,Vehicle(s) Only Involved,3682,2,3,57496,13
3923,26906,170293531.0,2017-04-10 15:24:00,2017 April 10,15:24:00,2017,April,Monday,2:01 pm to 6:00 pm,15.0,0,Afternoon,Spring,3801,837,CENTRAL,3A15B,21453(a),"21453(a,c)",Red signal - driver or bicyclist responsibilities,CC,Vehicle-Bicycle,34216,2,1,57621,1
3924,42481,130691878.0,2013-08-20 08:06:00,2013 August 20,08:06:00,2013,August,Tuesday,6:01 am to 10:00 am,8.0,0,Morning,Summer,3801,84,4 CAR,CO G,21703,21703,Following too closely prohibited,AA,Vehicle(s) Only Involved,3684,2,2,57658,8
3925,56239,210452714.0,2021-07-17 20:30:00,2021 July 17,20:30:00,2021,July,Saturday,6:01 pm to 10:00 pm,20.0,1,Evening,Summer,3801,2179,Central,3A12D,21453(a),"21453(a,c)",Red signal - driver or bicyclist responsibilities,AA,Vehicle(s) Only Involved,3685,2,12,57659,8
3926,19361,2658931.0,2006-05-06 17:22:00,2006 May 06,17:22:00,2006,May,Saturday,2:01 pm to 6:00 pm,17.0,1,Evening,Spring,3801,002038,F,3F443D,21755(a),21755(a),Unsafe passing on right shoulder,CC,Vehicle-Bicycle,4915,2,2,57655,2
3927,85264,240130485.0,2024-02-26 19:00:00,2024 February 26,19:00:00,2024,February,Monday,6:01 pm to 10:00 pm,19.0,0,Evening,Winter,3801,2741,Tenderloin,3J14E,20001(a),20001(a),Duty to stop when involved in accident with injury or death,CC,Vehicle-Bicycle,3686,2,57,57614,1
3928,58452,220383557.0,2022-06-11 19:30:00,2022 June 11,19:30:00,2022,June,Saturday,6:01 pm to 10:00 pm,19.0,1,Evening,Summer,3801,1933,Northern,3E15D,22350,22350,Unsafe speed for prevailing conditions,AA,Vehicle(s) Only Involved,3687,2,2,57583,2
3929,43265,130130763.0,2013-02-14 14:00:00,2013 February 14,14:00:00,2013,February,Thursday,10:01 am to 2:00 pm,14.0,0,Afternoon,Winter,3801,1073,RICHMOND,4B2G,Unknown,Unknown,Unknown,AA,Vehicle(s) Only Involved,3688,2,2,57406,1
3930,48034,190604764.0,2019-08-17 21:08:00,2019 August 17,21:08:00,2019,August,Saturday,6:01 pm to 10:00 pm,21.0,1,Night,Summer,3801,933,Central,3A62,22102,22102,Illegal U-turn in business district,AA,Vehicle(s) Only Involved,3689,2,12,57658,1
3931,34398,160626403.0,2016-08-02 17:23:00,2016 August 02,17:23:00,2016,August,Tuesday,2:01 pm to 6:00 pm,17.0,0,Evening,Summer,3801,837,CENTRAL,3A40D,21950(b),21950(b),Pedestrian suddenly entering into vehicle path close enough to create an immediate hazard,BB,Vehicle-Pedestrian,6241,2,1,57622,2
3932,59149,220585468.0,2022-08-30 06:53:00,2022 August 30,06:53:00,2022,August,Tuesday,6:01 am to 10:00 am,6.0,0,Morning,Summer,3801,2425,Mission,3D11A,22350,22350,Unsafe speed for prevailing conditions,AA,Vehicle(s) Only Involved,3691,2,1,57607,2
3933,48535,190519044.0,2019-07-17 18:25:00,2019 July 17,18:25:00,2019,July,Wednesday,6:01 pm to 10:00 pm,18.0,0,Evening,Summer,3801,556,Southern,B1,22107,22107,Unsafe turn or lane change prohibited,CC,Vehicle-Bicycle,3692,2,1,57614,2
3934,60106,220626818.0,2022-09-14 11:50:00,2022 September 14,11:50:00,2022,September,Wednesday,10:01 am to 2:00 pm,11.0,0,Morning,Fall,3801,563,Taraval,1,22106,22106,Unsafe starting or backing on highway,AA,Vehicle(s) Only Involved,3693,2,2,57607,2
3935,38906,4260782.0,2009-05-13 10:05:00,2009 May 13,10:05:00,2009,May,Wednesday,10:01 am to 2:00 pm,10.0,0,Morning,Spring,3801,1629,TARAV,3I62,Unknown,Unknown,Unknown,AA,Vehicle(s) Only Involved,3694,2,2,57555,4
3936,21051,2378989.0,2005-11-03 12:30:00,2005 November 03,12:30:00,2005,November,Thursday,10:01 am to 2:00 pm,12.0,0,Afternoon,Fall,3801,000779,,3E62,22106,22106,Unsafe starting or backing on highway,BB,Vehicle-Pedestrian,3695,2,2,57649,1
3937,84212,230497524.0,2023-07-17 17:17:00,2023 July 17,17:17:00,2023,July,Monday,2:01 pm to 6:00 pm,17.0,0,Evening,Summer,3801,260,Southern,3B12D,21750,21750,Overtaking and passing unsafely,CC,Vehicle-Bicycle,3696,2,45,57639,1
3938,36214,3497443.0,2007-11-20 17:09:00,2007 November 20,17:09:00,2007,November,Tuesday,2:01 pm to 6:00 pm,17.0,0,Evening,Fall,3801,2082,TARAV,4B8H,21801(a),"21801(a,b)",Violation of right-of-way - left turn,AA,Vehicle(s) Only Involved,7885,2,3,57659,1
3939,59452,220878514.0,2022-12-23 18:40:00,2022 December 23,18:40:00,2022,December,Friday,6:01 pm to 10:00 pm,18.0,0,Evening,Winter,3801,1336,Northern,3E12D,23153(a),23153(a-g),Driving under influence causing injury,AA,Vehicle(s) Only Involved,3697,2,3,57658,1
3940,15080,5553642.0,2012-01-26 10:06:00,2012 January 26,10:06:00,2012,January,Thursday,10:01 am to 2:00 pm,10.0,0,Morning,Winter,3801,1794,SOUTH,3B60,22107,22107,Unsafe turn or lane change prohibited,AA,Vehicle(s) Only Involved,3698,1,2,57659,1
3941,48561,190550004.0,2019-07-29 02:22:00,2019 July 29,02:22:00,2019,July,Monday,2:01 am to 6:00 am,2.0,0,Night,Summer,3801,219,Bayview,C3,22350,22350,Unsafe speed for prevailing conditions,AA,Vehicle(s) Only Involved,3699,2,12,57654,4
3942,86395,240528391.0,2024-08-23 11:32:00,2024 August 23,11:32:00,2024,August,Friday,10:01 am to 2:00 pm,11.0,0,Morning,Summer,3801,1513,Richmond,3G13A,22350,22350,Unsafe speed for prevailing conditions,AA,Vehicle(s) Only Involved,3700,2,1,57658,8
3943,58773,220453229.0,2022-07-09 20:30:00,2022 July 09,20:30:00,2022,July,Saturday,6:01 pm to 10:00 pm,20.0,1,Evening,Summer,3801,#2228,Central,3A14D,22350,22350,Unsafe speed for prevailing conditions,AA,Vehicle(s) Only Involved,3701,2,2,57583,1
3944,14304,130593791.0,2013-07-19 09:30:00,2013 July 19,09:30:00,2013,July,Friday,6:01 am to 10:00 am,9.0,0,Morning,Summer,3801,4699,SOUTHERN,3B00,Unknown,Unknown,Unknown,AA,Vehicle(s) Only Involved,41049,3,14,57546,1
3945,4736,130631589.0,2013-07-31 17:19:00,2013 July 31,17:19:00,2013,July,Wednesday,2:01 pm to 6:00 pm,17.0,0,Evening,Summer,3801,42,INGLESIDE,3H4C,21950(a),"21950(a,c)",Driver or bicyclist to yield right-of-way at crosswalks,BB,Vehicle-Pedestrian,3703,2,2,57649,1
3946,59578,220833427.0,2022-12-05 02:39:00,2022 December 05,02:39:00,2022,December,Monday,2:01 am to 6:00 am,2.0,0,Night,Winter,3801,2139,Taraval,901,22107,22107,Unsafe turn or lane change prohibited,AA,Vehicle(s) Only Involved,3704,4,7,57654,1
3947,27852,5484421.0,2012-01-13 20:58:00,2012 January 13,20:58:00,2012,January,Friday,6:01 pm to 10:00 pm,20.0,0,Evening,Winter,3801,1126,,,21954(a),21954(a),Pedestrians must yield right-of-way outside of crosswalks,BB,Vehicle-Pedestrian,3705,2,82,57622,1
3948,14297,3733863.0,2008-04-28 17:20:00,2008 April 28,17:20:00,2008,April,Monday,2:01 pm to 6:00 pm,17.0,0,Evening,Spring,3801,000401,,3B61,21801(a),"21801(a,b)",Violation of right-of-way - left turn,CC,Vehicle-Bicycle,3706,2,2,57581,2
3949,82619,230179948.0,2023-03-14 10:00:00,2023 March 14,10:00:00,2023,March,Tuesday,6:01 am to 10:00 am,10.0,0,Morning,Spring,3801,#2088,Ingleside,3H2A,21802(a),"21802(a,b)",Violation of right-of-way - entering through highway,AA,Vehicle(s) Only Involved,3707,2,130,57659,1
3950,59336,220761210.0,2022-11-05 00:51:00,2022 November 05,00:51:00,2022,November,Saturday,10:01 pm to 2:00 am,0.0,1,Night,Fall,3801,2157,Richmond,4,Unknown,Unknown,Unknown,AA,Vehicle(s) Only Involved,3708,2,12,55715,2
3951,4618,6221543.0,2012-10-02 06:30:00,2012 October 02,06:30:00,2012,October,Tuesday,6:01 am to 10:00 am,6.0,0,Morning,Fall,3801,1043,INGLE,4B1H,22350,22350,Unsafe speed for prevailing conditions,AA,Vehicle(s) Only Involved,3709,2,12,57658,3
3952,60036,220726888.0,2022-10-22 12:31:00,2022 October 22,12:31:00,2022,October,Saturday,10:01 am to 2:00 pm,12.0,1,Afternoon,Fall,3801,2495,Richmond,3G12A,22350,22350,Unsafe speed for prevailing conditions,AA,Vehicle(s) Only Involved,3710,2,1,57658,2
3953,84954,240061959.0,2024-01-28 14:03:00,2024 January 28,14:03:00,2024,January,Sunday,2:01 pm to 6:00 pm,14.0,1,Afternoon,Winter,3801,1075,Southern,3B1A,Unknown,Unknown,Unknown,AA,Vehicle(s) Only Involved,8276,2,2,57557,2
3954,60022,220710104.0,2022-10-15 23:33:00,2022 October 15,23:33:00,2022,October,Saturday,10:01 pm to 2:00 am,23.0,1,Night,Fall,3801,2398,Northern,1E,22350,22350,Unsafe speed for prevailing conditions,AA,Vehicle(s) Only Involved,3712,2,3,57584,1
3955,14468,5263191.0,2011-06-30 18:20:00,2011 June 30,18:20:00,2011,June,Thursday,6:01 pm to 10:00 pm,18.0,0,Evening,Summer,9335,020294,,024,21703,21703,Following too closely prohibited,AA,Vehicle(s) Only Involved,20756,2,2,57658,1
3956,17071,1995882.0,2005-03-02 13:42:00,2005 March 02,13:42:00,2005,March,Wednesday,10:01 am to 2:00 pm,13.0,0,Afternoon,Spring,3801,1751,B,001,21456(b),"21456(a,b)",Pedestrian violation of walk or wait signals,BB,Vehicle-Pedestrian,3714,2,1,57622,1
3957,14798,130631749.0,2013-07-31 18:14:00,2013 July 31,18:14:00,2013,July,Wednesday,6:01 pm to 10:00 pm,18.0,0,Evening,Summer,3801,2468,COB,5,22350,22350,Unsafe speed for prevailing conditions,AA,Vehicle(s) Only Involved,3715,2,2,57658,1