collision_id,unique_id,case_id_pkey,collision_datetime,collision_date,collision_time,accident_year,month,day_of_week,time_cat,hour_of_day,is_weekend,time_of_day,season,juris,officer_id,reporting_district,beat_number,vz_pcf_code,vz_pcf_group,vz_pcf_description,dph_col_grp,dph_col_grp_description,location_id,weather_id,road_id,party_id,severity_id
4246,44783,3434191.0,2007-11-05 15:30:00,2007 November 05,15:30:00,2007,November,Monday,2:01 pm to 6:00 pm,15.0,0,Afternoon,Fall,3801,1597,RICHM,3G62,21453(a),"21453(a,c)",Red signal - driver or bicyclist responsibilities,AA,Vehicle(s) Only Involved,35094,2,1,57585,1
4247,29464,130623978.0,2013-07-29 11:48:00,2013 July 29,11:48:00,2013,July,Monday,10:01 am to 2:00 pm,11.0,0,Morning,Summer,3801,1819,NORTHERN,3E68,22106,22106,Unsafe starting or backing on highway,AA,Vehicle(s) Only Involved,3978,2,1,57658,1
4248,40565,3497457.0,2007-11-10 11:47:00,2007 November 10,11:47:00,2007,November,Saturday,10:01 am to 2:00 pm,11.0,1,Morning,Fall,3801,001580,PARK,4B2F,22350,22350,Unsafe speed for prevailing conditions,AA,Vehicle(s) Only Involved,3979,4,16,57654,2
4249,59833,220744131.0,2022-10-29 02:40:00,2022 October 29,02:40:00,2022,October,Saturday,2:01 am to 6:00 am,2.0,1,Night,Fall,3801,1660,Southern,3B14E,21453(a),"21453(a,c)",Red signal - driver or bicyclist responsibilities,AA,Vehicle(s) Only Involved,3980,2,3,57553,1
4250,59702,220831380.0,2022-12-04 01:15:00,2022 December 04,01:15:00,2022,December,Sunday,10:01 pm to 2:00 am,1.0,1,Night,Winter,3801,4095,Ingleside,H4,22350,22350,Unsafe speed for prevailing conditions,AA,Vehicle(s) Only Involved,3981,4,61,57607,1
4251,22081,6076242.0,2012-07-15 08:45:00,2012 July 15,08:45:00,2012,July,Sunday,6:01 am to 10:00 am,8.0,1,Morning,Summer,3801,1947,NORTH,3E11A,21950(a),"21950(a,c)",Driver or bicyclist to yield right-of-way at crosswalks,BB,Vehicle-Pedestrian,3508,1,1,57454,1
4252,41507,3709575.0,2008-02-15 11:02:00,2008 February 15,11:02:00,2008,February,Friday,10:01 am to 2:00 pm,11.0,0,Morning,Winter,3801,1010,TARAV,3I12,22106,22106,Unsafe starting or backing on highway,AA,Vehicle(s) Only Involved,3982,2,2,57658,1
4253,19660,140082881.0,2014-01-28 13:35:00,2014 January 28,13:35:00,2014,January,Tuesday,10:01 am to 2:00 pm,13.0,0,Afternoon,Winter,3801,899,PARK,4K5F,7.2.12,7.2.12,"Local ordinance, bicycles prohibited from sidewalk",CC,Vehicle-Bicycle,3983,2,2,57655,1
4254,60025,220714413.0,2022-10-17 18:01:00,2022 October 17,18:01:00,2022,October,Monday,6:01 pm to 10:00 pm,18.0,0,Evening,Fall,3801,2725,Richmond,,21802(a),"21802(a,b)",Violation of right-of-way - entering through highway,AA,Vehicle(s) Only Involved,3984,2,1,57490,1
4255,34044,130712264.0,2013-08-26 18:30:00,2013 August 26,18:30:00,2013,August,Monday,6:01 pm to 10:00 pm,18.0,0,Evening,Summer,3801,1428,CENTRAL,3A60,22106,22106,Unsafe starting or backing on highway,CC,Vehicle-Bicycle,3985,2,2,57614,1
4256,43782,3425592.0,2007-09-26 16:02:00,2007 September 26,16:02:00,2007,September,Wednesday,2:01 pm to 6:00 pm,16.0,0,Afternoon,Fall,3801,002122,G,4B6D,21750,21750,Overtaking and passing unsafely,AA,Vehicle(s) Only Involved,3986,2,2,57659,2
4257,27450,3319031.0,2007-08-04 12:25:00,2007 August 04,12:25:00,2007,August,Saturday,10:01 am to 2:00 pm,12.0,1,Afternoon,Summer,3801,952,COB,3B11A,22101(d),22101(d),Violation of a turn prohibition sign,CC,Vehicle-Bicycle,16486,2,1,57581,2
4258,83420,230113344.0,2023-02-15 17:40:00,2023 February 15,17:40:00,2023,February,Wednesday,2:01 pm to 6:00 pm,17.0,0,Evening,Winter,3801,670,Ingleside,3H13D,21802(a),"21802(a,b)",Violation of right-of-way - entering through highway,AA,Vehicle(s) Only Involved,3988,2,1,57659,14
4259,54042,200649181.0,2020-10-27 18:39:00,2020 October 27,18:39:00,2020,October,Tuesday,6:01 pm to 10:00 pm,18.0,0,Evening,Fall,3801,2080,Central,3A15D,22106,22106,Unsafe starting or backing on highway,AA,Vehicle(s) Only Involved,24740,2,15,57608,1
4260,59612,220872776.0,2022-12-21 14:39:00,2022 December 21,14:39:00,2022,December,Wednesday,2:01 pm to 6:00 pm,14.0,0,Afternoon,Winter,3801,327,Mission,3D15C,21955,21955,Crossing between controlled intersections (Jaywalking),BB,Vehicle-Pedestrian,3990,2,2,56779,1
4261,52951,200315683.0,2020-05-24 18:25:00,2020 May 24,18:25:00,2020,May,Sunday,6:01 pm to 10:00 pm,18.0,1,Evening,Spring,3801,499,Park,3F13D,21453(a),"21453(a,c)",Red signal - driver or bicyclist responsibilities,AA,Vehicle(s) Only Involved,21269,2,66,57585,2
4262,24734,5774619.0,2012-07-07 16:41:00,2012 July 07,16:41:00,2012,July,Saturday,2:01 pm to 6:00 pm,16.0,1,Afternoon,Summer,3801,1078,,,Unknown,Unknown,Unknown,BB,Vehicle-Pedestrian,33366,2,1,57522,1
4263,4693,3469279.0,2007-11-11 01:20:00,2007 November 11,01:20:00,2007,November,Sunday,10:01 pm to 2:00 am,1.0,1,Night,Fall,3801,365,,3H11E,22450(a),22450(a),Failure to stop at STOP sign,AA,Vehicle(s) Only Involved,38116,1,133,57659,11
4264,82228,230368919.0,2023-05-28 19:47:00,2023 May 28,19:47:00,2023,May,Sunday,6:01 pm to 10:00 pm,19.0,1,Evening,Spring,3801,2408,Mission,3D11D,22108,22108,Signal required before turning or changing lanes,AA,Vehicle(s) Only Involved,27726,2,1,57659,8
4265,58863,220596465.0,2022-09-03 00:53:00,2022 September 03,00:53:00,2022,September,Saturday,10:01 pm to 2:00 am,0.0,1,Night,Fall,3801,1454,Northern,3E16E,23153(a),23153(a-g),Driving under influence causing injury,AA,Vehicle(s) Only Involved,3994,2,3,57658,2
4266,59631,220882048.0,2022-12-25 19:17:00,2022 December 25,19:17:00,2022,December,Sunday,6:01 pm to 10:00 pm,19.0,1,Evening,Winter,3801,539,Northern,,21703,21703,Following too closely prohibited,AA,Vehicle(s) Only Involved,3995,2,134,57658,1
4267,35745,170624685.0,2017-08-01 13:02:00,2017 August 01,13:02:00,2017,August,Tuesday,10:01 am to 2:00 pm,13.0,0,Afternoon,Summer,3801,837,CENTRAL,3A3B,22350,22350,Unsafe speed for prevailing conditions,AA,Vehicle(s) Only Involved,7291,2,44,57583,1
4268,52780,200222828.0,2020-04-04 13:16:00,2020 April 04,13:16:00,2020,April,Saturday,10:01 am to 2:00 pm,13.0,1,Afternoon,Spring,3801,2375,Richmond,3G4A,21950(b),21950(b),Pedestrian suddenly entering into vehicle path close enough to create an immediate hazard,BB,Vehicle-Pedestrian,3997,7,4,57622,2
4269,61460,200721682.0,2020-11-30 10:23:00,2020 November 30,10:23:00,2020,November,Monday,10:01 am to 2:00 pm,10.0,0,Morning,Fall,3801,2476,Bayview,3C14A,Unknown,Unknown,Unknown,AA,Vehicle(s) Only Involved,35120,2,40,57585,8
4270,11028,3432035.0,2007-10-17 15:30:00,2007 October 17,15:30:00,2007,October,Wednesday,2:01 pm to 6:00 pm,15.0,0,Afternoon,Fall,3801,1506,MSSN,005,22350,22350,Unsafe speed for prevailing conditions,AA,Vehicle(s) Only Involved,3999,2,2,57584,1
4271,84846,240078982.0,2024-02-05 15:46:00,2024 February 05,15:46:00,2024,February,Monday,2:01 pm to 6:00 pm,15.0,0,Afternoon,Winter,3801,1435,Traffic,4B4C,21954(a),21954(a),Pedestrians must yield right-of-way outside of crosswalks,BB,Vehicle-Pedestrian,4000,2,1,57622,2
4272,47623,190323475.0,2019-05-06 08:57:00,2019 May 06,08:57:00,2019,May,Monday,6:01 am to 10:00 am,8.0,0,Morning,Spring,3801,392,Ingleside,3H3A,22450(a),22450(a),Failure to stop at STOP sign,AA,Vehicle(s) Only Involved,40420,2,37,57636,1
4273,27864,6096681.0,2012-09-07 08:47:00,2012 September 07,08:47:00,2012,September,Friday,6:01 am to 10:00 am,8.0,0,Morning,Fall,3801,1529,CENTR,3A11A,21658(a),"21658(a,b)",Lane straddling or failure to use specified lanes,AA,Vehicle(s) Only Involved,4002,2,1,57660,1
4274,26558,170029370.0,2017-01-11 17:49:00,2017 January 11,17:49:00,2017,January,Wednesday,2:01 pm to 6:00 pm,17.0,0,Evening,Winter,3801,397,SOUTHERN,3B11D,22517,22517,Opening door on traffic side when unsafe,AA,Vehicle(s) Only Involved,38897,2,23,57636,8
4275,48273,190618737.0,2019-08-21 15:01:00,2019 August 21,15:01:00,2019,August,Wednesday,2:01 pm to 6:00 pm,15.0,0,Afternoon,Summer,3801,1853,Central,3A11D,21235(g),21235(a-j),Illegal operation of motorized scooter,DD,Bicycle-Pedestrian,4003,2,2,24578,2
4276,53085,200339473.0,2020-06-04 17:12:00,2020 June 04,17:12:00,2020,June,Thursday,2:01 pm to 6:00 pm,17.0,0,Evening,Summer,3801,1031,Park,3F13D,22450(a),22450(a),Failure to stop at STOP sign,AA,Vehicle(s) Only Involved,4004,2,2,57237,14
4277,41087,3709593.0,2008-02-24 17:28:00,2008 February 24,17:28:00,2008,February,Sunday,2:01 pm to 6:00 pm,17.0,1,Evening,Winter,3801,2145,TARAV,4B7D,21801(a),"21801(a,b)",Violation of right-of-way - left turn,AA,Vehicle(s) Only Involved,10078,2,3,57066,2
4278,57685,220832383.0,2022-03-24 16:50:00,2022 March 24,16:50:00,2022,March,Thursday,2:01 pm to 6:00 pm,16.0,0,Afternoon,Spring,3801,1148,Mission,3D15D,21804(a),"21804(a,b)",Entering highway from alley or driveway,AA,Vehicle(s) Only Involved,24131,2,2,57660,1
4279,6804,130646685.0,2013-08-05 21:38:00,2013 August 05,21:38:00,2013,August,Monday,6:01 pm to 10:00 pm,21.0,0,Night,Summer,3801,4354,MISSION,3D14D,21663,21663,Operating vehicle or bicycle on sidewalk prohibited,BB,Vehicle-Pedestrian,10420,2,33,56131,23
4280,84421,230902711.0,2023-12-27 14:13:00,2023 December 27,14:13:00,2023,December,Wednesday,2:01 pm to 6:00 pm,14.0,0,Afternoon,Winter,3801,1249,Central,3A77,21453(b),21453(b),Red signal - driver or bicyclist responsibilities with right turn,AA,Vehicle(s) Only Involved,4008,4,37,57659,1
4281,13574,150410288.0,2015-05-11 16:45:00,2015 May 11,16:45:00,2015,May,Monday,2:01 pm to 6:00 pm,16.0,0,Afternoon,Spring,3801,441,,4B7F,21950(a),"21950(a,c)",Driver or bicyclist to yield right-of-way at crosswalks,BB,Vehicle-Pedestrian,15236,2,1,57649,4
4282,52964,200327155.0,2020-05-30 15:28:00,2020 May 30,15:28:00,2020,May,Saturday,2:01 pm to 6:00 pm,15.0,1,Afternoon,Spring,3801,878,Central,3A11C,21453(a),"21453(a,c)",Red signal - driver or bicyclist responsibilities,AA,Vehicle(s) Only Involved,4010,2,1,57659,1
4283,25147,140957717.0,2014-11-11 23:35:00,2014 November 11,23:35:00,2014,November,Tuesday,10:01 pm to 2:00 am,23.0,0,Night,Fall,3801,2287,TENDERLOIN,3J60,21453(a),"21453(a,c)",Red signal - driver or bicyclist responsibilities,AA,Vehicle(s) Only Involved,9955,1,3,57659,3
4284,33094,2150143.0,2005-07-18 07:10:00,2005 July 18,07:10:00,2005,July,Monday,6:01 am to 10:00 am,7.0,0,Morning,Summer,3801,001278,SOUTH,3B61,22350,22350,Unsafe speed for prevailing conditions,AA,Vehicle(s) Only Involved,4011,2,2,57659,3
4285,8770,140086617.0,2014-01-29 17:02:00,2014 January 29,17:02:00,2014,January,Wednesday,2:01 pm to 6:00 pm,17.0,0,Evening,Winter,3801,,MISSION ST,3D14D,21453(d),21453(d),Red signal - pedestrian responsibilities,BB,Vehicle-Pedestrian,30201,2,1,57622,2
4286,84207,230494702.0,2023-07-16 16:27:00,2023 July 16,16:27:00,2023,July,Sunday,2:01 pm to 6:00 pm,16.0,1,Afternoon,Summer,3801,1371,Richmond,3,21804(a),"21804(a,b)",Entering highway from alley or driveway,AA,Vehicle(s) Only Involved,4013,2,1,57659,3
4287,36523,150555834.0,2015-06-26 09:55:00,2015 June 26,09:55:00,2015,June,Friday,6:01 am to 10:00 am,9.0,0,Morning,Summer,3801,86,TARAVAL,3116A,21800(a),21800(a-c),Violation of right-of-way or uncontrolled intersection,CC,Vehicle-Bicycle,4014,1,1,57581,1
4288,86842,240645600.0,2024-10-13 18:11:00,2024 October 13,18:11:00,2024,October,Sunday,6:01 pm to 10:00 pm,18.0,1,Evening,Fall,3801,#2228,Central,3A14D,21453(a),"21453(a,c)",Red signal - driver or bicyclist responsibilities,CC,Vehicle-Bicycle,10901,2,1,57581,2
4289,40521,130757862.0,2013-09-10 08:00:00,2013 September 10,08:00:00,2013,September,Tuesday,6:01 am to 10:00 am,8.0,0,Morning,Fall,3801,2179,PARK,3F62,Unknown,Unknown,Unknown,CC,Vehicle-Bicycle,4016,2,1,55448,1
4290,59729,220707753.0,2022-10-14 22:17:00,2022 October 14,22:17:00,2022,October,Friday,10:01 pm to 2:00 am,22.0,0,Night,Fall,3801,#2035,Mission,3D14E,21955,21955,Crossing between controlled intersections (Jaywalking),BB,Vehicle-Pedestrian,4017,2,12,57622,1
4291,85237,240114702.0,2024-02-21 12:30:00,2024 February 21,12:30:00,2024,February,Wednesday,10:01 am to 2:00 pm,12.0,0,Afternoon,Winter,3801,1892,Bayview,3C13A,22350,22350,Unsafe speed for prevailing conditions,AA,Vehicle(s) Only Involved,4018,2,1,57576,1
4292,5656,171034655.0,2017-12-22 22:20:00,2017 December 22,22:20:00,2017,December,Friday,10:01 pm to 2:00 am,22.0,0,Night,Winter,3801,4360,BAYVIEW,2,21453(a),"21453(a,c)",Red signal - driver or bicyclist responsibilities,AA,Vehicle(s) Only Involved,4019,2,3,57659,8
4293,48539,190526481.0,2019-07-20 17:28:00,2019 July 20,17:28:00,2019,July,Saturday,2:01 pm to 6:00 pm,17.0,1,Evening,Summer,3801,1544,Central,3A4,22350,22350,Unsafe speed for prevailing conditions,AA,Vehicle(s) Only Involved,4020,2,2,57584,2
4294,482,140368073.0,2014-05-03 23:40:00,2014 May 03,23:40:00,2014,May,Saturday,10:01 pm to 2:00 am,23.0,1,Night,Spring,3801,1379,BAYVIEW,,7.2.25,7.2.25,Parking in a red zone,AA,Vehicle(s) Only Involved,4021,2,12,57660,1
4295,37146,6104513.0,2012-08-30 07:40:00,2012 August 30,07:40:00,2012,August,Thursday,6:01 am to 10:00 am,7.0,0,Morning,Summer,3801,001918,TARAV,315A,22350,22350,Unsafe speed for prevailing conditions,AA,Vehicle(s) Only Involved,4022,2,2,57658,13
4296,85083,240007179.0,2024-01-04 07:50:00,2024 January 04,07:50:00,2024,January,Thursday,6:01 am to 10:00 am,7.0,0,Morning,Winter,3801,2397,Bayview,3C13A,21950(a),"21950(a,c)",Driver or bicyclist to yield right-of-way at crosswalks,BB,Vehicle-Pedestrian,8960,2,2,57649,1
4297,49432,190727742.0,2019-09-28 13:09:00,2019 September 28,13:09:00,2019,September,Saturday,10:01 am to 2:00 pm,13.0,1,Afternoon,Fall,3801,2376,Southern,3B6A,22106,22106,Unsafe starting or backing on highway,AA,Vehicle(s) Only Involved,4023,2,2,57653,1
4298,42055,3538851.0,2007-12-17 17:45:00,2007 December 17,17:45:00,2007,December,Monday,2:01 pm to 6:00 pm,17.0,0,Evening,Winter,3801,821,PARK,4B8F,21802(a),"21802(a,b)",Violation of right-of-way - entering through highway,AA,Vehicle(s) Only Involved,4024,1,3,57659,1
4299,2535,2079335.0,2005-06-05 15:00:00,2005 June 05,15:00:00,2005,June,Sunday,2:01 pm to 6:00 pm,15.0,1,Afternoon,Summer,3801,MJ274,,,21950(b),21950(b),Pedestrian suddenly entering into vehicle path close enough to create an immediate hazard,BB,Vehicle-Pedestrian,4025,2,2,57280,2
4300,47836,190544342.0,2019-07-26 21:21:00,2019 July 26,21:21:00,2019,July,Friday,6:01 pm to 10:00 pm,21.0,0,Night,Summer,3801,#1856,Northern,E1,21950(a),"21950(a,c)",Driver or bicyclist to yield right-of-way at crosswalks,BB,Vehicle-Pedestrian,4026,2,3,57454,2
4301,44557,160251129.0,2016-03-26 15:30:00,2016 March 26,15:30:00,2016,March,Saturday,2:01 pm to 6:00 pm,15.0,1,Afternoon,Spring,3801,4286,RICHMOND,G5,Unknown,Unknown,Unknown,AA,Vehicle(s) Only Involved,4027,2,2,57660,1
4302,82697,230326315.0,2023-05-10 22:06:00,2023 May 10,22:06:00,2023,May,Wednesday,10:01 pm to 2:00 am,22.0,0,Night,Spring,3801,1806,Bayview,3C13E,23152(a),23152(a-g),Driving under influence of alcohol and/or drugs,AA,Vehicle(s) Only Involved,4028,5,3,57237,1
4303,8051,2395845.0,2005-10-19 16:00:00,2005 October 19,16:00:00,2005,October,Wednesday,2:01 pm to 6:00 pm,16.0,0,Afternoon,Fall,3801,112,MISSI,3D13D,21800(a),21800(a-c),Violation of right-of-way or uncontrolled intersection,AA,Vehicle(s) Only Involved,4029,2,1,57659,1
4304,48066,190694505.0,2019-09-17 12:16:00,2019 September 17,12:16:00,2019,September,Tuesday,10:01 am to 2:00 pm,12.0,0,Afternoon,Fall,3801,1362,Richmond,3G4C,Unknown,Unknown,Unknown,BB,Vehicle-Pedestrian,4030,2,1,54570,1
4305,34004,130080607.0,2013-01-28 23:10:00,2013 January 28,23:10:00,2013,January,Monday,10:01 pm to 2:00 am,23.0,0,Night,Winter,3801,2414,CENTRAL,3A60,21650,21650,Failure to keep to right side of road,AA,Vehicle(s) Only Involved,4031,2,3,57636,1
4306,28826,150125766.0,2015-02-10 13:42:00,2015 February 10,13:42:00,2015,February,Tuesday,10:01 am to 2:00 pm,13.0,0,Afternoon,Winter,3801,680,NORTHERN,3,22350,22350,Unsafe speed for prevailing conditions,AA,Vehicle(s) Only Involved,27966,2,1,57660,1
4307,59333,220771485.0,2022-11-09 14:45:00,2022 November 09,14:45:00,2022,November,Wednesday,2:01 pm to 6:00 pm,14.0,0,Afternoon,Fall,3801,885,Bayview,B2,21703,21703,Following too closely prohibited,AA,Vehicle(s) Only Involved,4032,2,1,57658,1
4308,27997,151045343.0,2015-12-02 13:48:00,2015 December 02,13:48:00,2015,December,Wednesday,10:01 am to 2:00 pm,13.0,0,Afternoon,Winter,3801,1994,CENTRAL,4B3B,21954(a),21954(a),Pedestrians must yield right-of-way outside of crosswalks,BB,Vehicle-Pedestrian,4033,2,2,57590,1
4309,60104,220608907.0,2022-09-07 15:20:00,2022 September 07,15:20:00,2022,September,Wednesday,2:01 pm to 6:00 pm,15.0,0,Afternoon,Fall,3801,1909,Northern,Northern,22350,22350,Unsafe speed for prevailing conditions,AA,Vehicle(s) Only Involved,4034,2,2,57658,1
4310,4064,130033189.0,2013-01-12 17:04:00,2013 January 12,17:04:00,2013,January,Saturday,2:01 pm to 6:00 pm,17.0,1,Evening,Winter,3801,241,CO H,4B3H,21955,21955,Crossing between controlled intersections (Jaywalking),BB,Vehicle-Pedestrian,4035,2,81,57622,1
4311,83579,230583612.0,2023-08-17 09:25:00,2023 August 17,09:25:00,2023,August,Thursday,6:01 am to 10:00 am,9.0,0,Morning,Summer,3801,2453,Mission,3D13A,22517,22517,Opening door on traffic side when unsafe,CC,Vehicle-Bicycle,4036,2,2,57614,1
4312,6379,3466212.0,2007-11-07 14:46:00,2007 November 07,14:46:00,2007,November,Wednesday,2:01 pm to 6:00 pm,14.0,0,Afternoon,Fall,3801,1570,MISSI,0D4,22350,22350,Unsafe speed for prevailing conditions,AA,Vehicle(s) Only Involved,4037,2,1,57557,1
4313,23076,130143584.0,2013-02-18 20:43:00,2013 February 18,20:43:00,2013,February,Monday,6:01 pm to 10:00 pm,20.0,0,Evening,Winter,3801,1402,3B,3B1D,22350,22350,Unsafe speed for prevailing conditions,AA,Vehicle(s) Only Involved,4038,2,12,57583,2
4314,58271,220403008.0,2022-06-20 00:08:00,2022 June 20,00:08:00,2022,June,Monday,10:01 pm to 2:00 am,0.0,0,Night,Summer,3801,1252,Richmond,G2,23152(a),23152(a-g),Driving under influence of alcohol and/or drugs,AA,Vehicle(s) Only Involved,4039,2,3,57584,1
4315,53685,200443444.0,2020-07-24 14:47:00,2020 July 24,14:47:00,2020,July,Friday,2:01 pm to 6:00 pm,14.0,0,Afternoon,Summer,3801,2100,Taraval,3I61,21703,21703,Following too closely prohibited,AA,Vehicle(s) Only Involved,4040,2,2,57658,4
4316,43405,3730229.0,2008-03-20 17:30:00,2008 March 20,17:30:00,2008,March,Thursday,2:01 pm to 6:00 pm,17.0,0,Evening,Spring,3801,2175,,4B5E,21950(a),"21950(a,c)",Driver or bicyclist to yield right-of-way at crosswalks,BB,Vehicle-Pedestrian,4041,2,2,57649,1
4317,40769,3325007.0,2007-08-06 06:36:00,2007 August 06,06:36:00,2007,August,Monday,6:01 am to 10:00 am,6.0,0,Morning,Summer,3801,001593,PARK,4B51,21950(a),"21950(a,c)",Driver or bicyclist to yield right-of-way at crosswalks,BB,Vehicle-Pedestrian,4042,2,1,57649,1
4318,83401,230232621.0,2023-04-04 04:45:00,2023 April 04,04:45:00,2023,April,Tuesday,2:01 am to 6:00 am,4.0,0,Night,Spring,3801,4125,Richmond,3G12E,22350,22350,Unsafe speed for prevailing conditions,AA,Vehicle(s) Only Involved,4043,2,12,57607,2
4319,12787,2112309.0,2005-07-08 12:40:00,2005 July 08,12:40:00,2005,July,Friday,10:01 am to 2:00 pm,12.0,0,Afternoon,Summer,3801,925,D,3D2,22350,22350,Unsafe speed for prevailing conditions,AA,Vehicle(s) Only Involved,4044,2,1,57658,1
4320,82191,230170065.0,2023-03-10 12:16:00,2023 March 10,12:16:00,2023,March,Friday,10:01 am to 2:00 pm,12.0,0,Afternoon,Spring,3801,1061,Central,3A91A,21955(a),21955(a-b),Crossing between controlled intersections (Jaywalking),BB,Vehicle-Pedestrian,4045,2,1,57622,2
4321,85188,240071920.0,2024-02-01 18:31:00,2024 February 01,18:31:00,2024,February,Thursday,6:01 pm to 10:00 pm,18.0,0,Evening,Winter,3801,938,Ingleside,6,23153(a),23153(a-g),Driving under influence causing injury,AA,Vehicle(s) Only Involved,4046,2,7,57654,1
4322,14905,6221484.0,2012-12-20 14:50:00,2012 December 20,14:50:00,2012,December,Thursday,2:01 pm to 6:00 pm,14.0,0,Afternoon,Winter,3801,1926,SOUTH,4K8C,22100(b),"22100(a,b)",Turn at intersection from wrong position,AA,Vehicle(s) Only Involved,32286,2,1,57659,2
4323,59360,220733021.0,2022-10-24 18:53:00,2022 October 24,18:53:00,2022,October,Monday,6:01 pm to 10:00 pm,18.0,0,Evening,Fall,3801,445,Ingleside,3H15D,21954(a),21954(a),Pedestrians must yield right-of-way outside of crosswalks,BB,Vehicle-Pedestrian,4048,2,12,57622,2
4324,2731,130414501.0,2013-05-20 11:05:00,2013 May 20,11:05:00,2013,May,Monday,10:01 am to 2:00 pm,11.0,0,Morning,Spring,3801,1430,BAYVIEW,3C62,21801(a),"21801(a,b)",Violation of right-of-way - left turn,AA,Vehicle(s) Only Involved,2999,2,1,57659,8
4325,84180,230463757.0,2023-07-05 11:10:00,2023 July 05,11:10:00,2023,July,Wednesday,10:01 am to 2:00 pm,11.0,0,Morning,Summer,3801,2474,Bayview,3C13A,22350,22350,Unsafe speed for prevailing conditions,AA,Vehicle(s) Only Involved,4049,2,1,57603,13
4326,86372,240534451.0,2024-08-26 06:53:00,2024 August 26,06:53:00,2024,August,Monday,6:01 am to 10:00 am,6.0,0,Morning,Summer,3801,610,Mission,3D41A,21453(a),"21453(a,c)",Red signal - driver or bicyclist responsibilities,AA,Vehicle(s) Only Involved,31628,2,1,57659,1
4327,30625,9014128.0,2006-08-19 01:59:00,2006 August 19,01:59:00,2006,August,Saturday,10:01 pm to 2:00 am,1.0,1,Night,Summer,3801,1603,CO E,03E,21453(a),"21453(a,c)",Red signal - driver or bicyclist responsibilities,AA,Vehicle(s) Only Involved,15885,2,3,57659,3
4328,40783,3324967.0,2007-08-03 09:24:00,2007 August 03,09:24:00,2007,August,Friday,6:01 am to 10:00 am,9.0,0,Morning,Summer,3801,1484,TARAV,3I61,21950(a),"21950(a,c)",Driver or bicyclist to yield right-of-way at crosswalks,BB,Vehicle-Pedestrian,4052,9,4,57649,2
4329,7683,6221619.0,2012-10-31 23:10:00,2012 October 31,23:10:00,2012,October,Wednesday,10:01 pm to 2:00 am,23.0,0,Night,Fall,3801,666,MISSI,901,22350,22350,Unsafe speed for prevailing conditions,AA,Vehicle(s) Only Involved,4053,4,17,57607,1
4330,26314,6093620.0,2012-08-21 11:36:00,2012 August 21,11:36:00,2012,August,Tuesday,10:01 am to 2:00 pm,11.0,0,Morning,Summer,3801,1882,CENTR,3A61,22106,22106,Unsafe starting or backing on highway,AA,Vehicle(s) Only Involved,4054,2,2,57658,1
4331,59388,220807886.0,2022-11-23 18:06:00,2022 November 23,18:06:00,2022,November,Wednesday,6:01 pm to 10:00 pm,18.0,0,Evening,Fall,3801,1406,Tenderloin,3J4,22350,22350,Unsafe speed for prevailing conditions,AA,Vehicle(s) Only Involved,4055,2,12,57658,8
4332,60064,220000541.0,2022-01-01 08:09:00,2022 January 01,08:09:00,2022,January,Saturday,6:01 am to 10:00 am,8.0,1,Morning,Winter,3801,1693,Bayview,901,21658(a),"21658(a,b)",Lane straddling or failure to use specified lanes,AA,Vehicle(s) Only Involved,26608,2,2,57408,2
4333,59664,220803549.0,2022-11-22 09:58:00,2022 November 22,09:58:00,2022,November,Tuesday,6:01 am to 10:00 am,9.0,0,Morning,Fall,3801,1562,Ingleside,3H15A,21658(a),"21658(a,b)",Lane straddling or failure to use specified lanes,AA,Vehicle(s) Only Involved,1998,2,1,57406,1
4334,37908,2307515.0,2005-09-23 09:45:00,2005 September 23,09:45:00,2005,September,Friday,6:01 am to 10:00 am,9.0,0,Morning,Fall,3801,533,,3I3B,Unknown,Unknown,Unknown,AA,Vehicle(s) Only Involved,4057,2,1,57557,8
4335,53844,200596253.0,2020-10-03 16:46:00,2020 October 03,16:46:00,2020,October,Saturday,2:01 pm to 6:00 pm,16.0,1,Afternoon,Fall,3801,1332,Southern,3B12D,21703,21703,Following too closely prohibited,AA,Vehicle(s) Only Involved,4058,2,1,57658,11
4336,82321,230501595.0,2023-07-19 08:53:00,2023 July 19,08:53:00,2023,July,Wednesday,6:01 am to 10:00 am,8.0,0,Morning,Summer,3801,1457,Taraval,1,21703,21703,Following too closely prohibited,AA,Vehicle(s) Only Involved,4059,1,2,57658,1
4337,23006,130963467.0,2013-11-13 18:22:00,2013 November 13,18:22:00,2013,November,Wednesday,6:01 pm to 10:00 pm,18.0,0,Evening,Fall,3801,1460,,CO B,21950(a),"21950(a,c)",Driver or bicyclist to yield right-of-way at crosswalks,BB,Vehicle-Pedestrian,4060,2,12,57649,8
4338,47848,190556563.0,2019-07-31 08:20:00,2019 July 31,08:20:00,2019,July,Wednesday,6:01 am to 10:00 am,8.0,0,Morning,Summer,3801,2491,Southern,,22107,22107,Unsafe turn or lane change prohibited,AA,Vehicle(s) Only Involved,36396,2,2,57564,1
4339,37956,3398943.0,2007-10-24 17:09:00,2007 October 24,17:09:00,2007,October,Wednesday,2:01 pm to 6:00 pm,17.0,0,Evening,Fall,3801,1279,TARAV,4B6I,21801(a),"21801(a,b)",Violation of right-of-way - left turn,CC,Vehicle-Bicycle,4062,2,1,57581,1