collision_id,unique_id,case_id_pkey,collision_datetime,collision_date,collision_time,accident_year,month,day_of_week,time_cat,hour_of_day,is_weekend,time_of_day,season,juris,officer_id,reporting_district,beat_number,vz_pcf_code,vz_pcf_group,vz_pcf_description,dph_col_grp,dph_col_grp_description,location_id,weather_id,road_id,party_id,severity_id
4340,59712,220896500.0,2022-12-31 21:15:00,2022 December 31,21:15:00,2022,December,Saturday,6:01 pm to 10:00 pm,21.0,1,Night,Winter,3801,2113,Bayview,3C12E,23152(a),23152(a-g),Driving under influence of alcohol and/or drugs,AA,Vehicle(s) Only Involved,4063,1,135,57654,1
4341,8123,160832525.0,2016-10-12 17:00:00,2016 October 12,17:00:00,2016,October,Wednesday,2:01 pm to 6:00 pm,17.0,0,Evening,Fall,3801,4329,MISSION,3D62,21801(a),"21801(a,b)",Violation of right-of-way - left turn,AA,Vehicle(s) Only Involved,32917,2,1,57585,1
4342,7572,6131750.0,2012-06-11 15:55:00,2012 June 11,15:55:00,2012,June,Monday,2:01 pm to 6:00 pm,15.0,0,Afternoon,Summer,3801,2175,D,4B6D,22107,22107,Unsafe turn or lane change prohibited,AA,Vehicle(s) Only Involved,7630,2,44,57659,14
4343,29819,140090652.0,2014-01-31 02:08:00,2014 January 31,02:08:00,2014,January,Friday,2:01 am to 6:00 am,2.0,0,Night,Winter,3801,2287,TENDERLOIN,3J62,21950(a),"21950(a,c)",Driver or bicyclist to yield right-of-way at crosswalks,BB,Vehicle-Pedestrian,4066,1,3,57649,2
4344,82243,230646969.0,2023-09-09 17:38:00,2023 September 09,17:38:00,2023,September,Saturday,2:01 pm to 6:00 pm,17.0,1,Evening,Fall,3801,1823,Mission,1,Unknown,Unknown,Unknown,AA,Vehicle(s) Only Involved,4067,2,2,55715,2
4345,48260,190605079.0,2019-08-17 00:01:00,2019 August 17,00:01:00,2019,August,Saturday,10:01 pm to 2:00 am,0.0,1,Night,Summer,3801,867,Southern,5,21800(c),21800(a-c),Violation of right-of-way or uncontrolled intersection,AA,Vehicle(s) Only Involved,4068,2,12,57585,1
4346,61008,230285618.0,2023-02-04 20:36:00,2023 February 04,20:36:00,2023,February,Saturday,6:01 pm to 10:00 pm,20.0,1,Evening,Winter,3801,1988,Ingleside,3H15D,22450(a),22450(a),Failure to stop at STOP sign,AA,Vehicle(s) Only Involved,29946,4,13,57585,8
4347,58189,220413392.0,2022-06-24 09:00:00,2022 June 24,09:00:00,2022,June,Friday,6:01 am to 10:00 am,9.0,0,Morning,Summer,3801,1273,Central,3A11A,21950(a),"21950(a,c)",Driver or bicyclist to yield right-of-way at crosswalks,BB,Vehicle-Pedestrian,4070,2,1,57649,1
4348,57914,220265698.0,2022-04-23 15:24:00,2022 April 23,15:24:00,2022,April,Saturday,2:01 pm to 6:00 pm,15.0,1,Afternoon,Spring,3801,2100,Mission,3D11D,21750,21750,Overtaking and passing unsafely,AA,Vehicle(s) Only Involved,4071,2,43,57137,2
4349,48231,190576260.0,2019-08-07 09:28:00,2019 August 07,09:28:00,2019,August,Wednesday,6:01 am to 10:00 am,9.0,0,Morning,Summer,3801,1451,Southern,901,22400(a),"22400(a,b)",Minimum speed law - impeding traffic flow,AA,Vehicle(s) Only Involved,4072,2,1,57235,2
4350,47496,190427566.0,2019-06-14 08:35:00,2019 June 14,08:35:00,2019,June,Friday,6:01 am to 10:00 am,8.0,0,Morning,Summer,3801,2372,Ingleside,3H11A,22107,22107,Unsafe turn or lane change prohibited,AA,Vehicle(s) Only Involved,4073,1,2,57660,8
4351,58937,220666654.0,2022-09-29 10:36:00,2022 September 29,10:36:00,2022,September,Thursday,10:01 am to 2:00 pm,10.0,0,Morning,Fall,3801,2310,Bayview,3C15A,21954(a),21954(a),Pedestrians must yield right-of-way outside of crosswalks,BB,Vehicle-Pedestrian,4074,2,1,57622,1
4352,59662,220778362.0,2022-11-12 10:08:00,2022 November 12,10:08:00,2022,November,Saturday,10:01 am to 2:00 pm,10.0,1,Morning,Fall,3801,1061,Southern,3B14A,22101(d),22101(d),Violating special traffic control markers,CC,Vehicle-Bicycle,4075,2,40,57614,2
4353,50376,190886122.0,2019-11-22 23:39:00,2019 November 22,23:39:00,2019,November,Friday,10:01 pm to 2:00 am,23.0,0,Night,Fall,3801,1157,Bayview,3C61,Unknown,Unknown,Unknown,AA,Vehicle(s) Only Involved,27637,2,12,57406,2
4354,37017,130782392.0,2013-09-17 13:20:00,2013 September 17,13:20:00,2013,September,Tuesday,10:01 am to 2:00 pm,13.0,0,Afternoon,Fall,3801,1081,TARAVAL,3112H,21453(a),"21453(a,c)",Red signal - driver or bicyclist responsibilities,AA,Vehicle(s) Only Involved,3658,2,1,57659,1
4355,45021,130650692.0,2013-08-07 09:43:00,2013 August 07,09:43:00,2013,August,Wednesday,6:01 am to 10:00 am,9.0,0,Morning,Summer,3801,2382,RICHMOND,3G3A,22106,22106,Unsafe starting or backing on highway,AA,Vehicle(s) Only Involved,4077,2,2,57660,1
4356,58331,220356510.0,2022-05-31 16:12:00,2022 May 31,16:12:00,2022,May,Tuesday,2:01 pm to 6:00 pm,16.0,0,Afternoon,Spring,3801,1860,Taraval,3I16D,21703,21703,Following too closely prohibited,AA,Vehicle(s) Only Involved,4078,2,2,57658,1
4357,53763,200340696.0,2020-06-05 11:55:00,2020 June 05,11:55:00,2020,June,Friday,10:01 am to 2:00 pm,11.0,0,Morning,Summer,3801,386,Mission,3D14C,22102,22102,Illegal U-turn in business district,CC,Vehicle-Bicycle,4079,2,2,55448,1
4358,47047,190333195.0,2019-05-09 18:22:00,2019 May 09,18:22:00,2019,May,Thursday,6:01 pm to 10:00 pm,18.0,0,Evening,Spring,3801,#4102,Southern,3B13D,22107,22107,Unsafe turn or lane change prohibited,CC,Vehicle-Bicycle,4080,2,2,57614,1
4359,55351,210229886.0,2021-04-14 15:09:00,2021 April 14,15:09:00,2021,April,Wednesday,2:01 pm to 6:00 pm,15.0,0,Afternoon,Spring,3801,2196,Mission,3D16d,21804(a),"21804(a,b)",Entering highway from alley or driveway,AA,Vehicle(s) Only Involved,4081,2,2,57659,14
4360,20177,140641164.0,2014-08-02 05:25:00,2014 August 02,05:25:00,2014,August,Saturday,2:01 am to 6:00 am,5.0,1,Morning,Summer,3801,2265,SOUTHERN,3B14A,20001(a),20001(a),Duty to stop when involved in accident with injury or death,AA,Vehicle(s) Only Involved,26095,9,15,57659,1
4361,47768,190532256.0,2019-07-22 19:40:00,2019 July 22,19:40:00,2019,July,Monday,6:01 pm to 10:00 pm,19.0,0,Evening,Summer,3801,426,Northern,3E12E,22350,22350,Unsafe speed for prevailing conditions,AA,Vehicle(s) Only Involved,4083,2,2,57659,1
4362,43909,130038418.0,2013-01-14 16:23:00,2013 January 14,16:23:00,2013,January,Monday,2:01 pm to 6:00 pm,16.0,0,Afternoon,Winter,3801,2375,RICHMOND,3G3D,21453(d),21453(d),Red signal - pedestrian responsibilities,BB,Vehicle-Pedestrian,4084,2,1,57622,1
4363,4572,130294002.0,2013-04-10 18:58:00,2013 April 10,18:58:00,2013,April,Wednesday,6:01 pm to 10:00 pm,18.0,0,Evening,Spring,3801,241,CO H,4B3H,21950(a),"21950(a,c)",Driver or bicyclist to yield right-of-way at crosswalks,BB,Vehicle-Pedestrian,4085,2,24,57649,6
4364,59581,220834334.0,2022-12-05 12:00:00,2022 December 05,12:00:00,2022,December,Monday,10:01 am to 2:00 pm,12.0,0,Afternoon,Winter,3801,1540,Taraval,3I11A,22107,22107,Unsafe turn or lane change prohibited,AA,Vehicle(s) Only Involved,4086,2,1,57660,1
4365,23979,3441357.0,2007-11-11 02:50:00,2007 November 11,02:50:00,2007,November,Sunday,2:01 am to 6:00 am,2.0,1,Night,Fall,3801,1014,,3B11E,21955,21955,Crossing between controlled intersections (Jaywalking),BB,Vehicle-Pedestrian,4087,2,7,57622,4
4366,53583,200571487.0,2020-09-22 13:19:00,2020 September 22,13:19:00,2020,September,Tuesday,10:01 am to 2:00 pm,13.0,0,Afternoon,Fall,3801,1242,Central,3A15A,21703,21703,Following too closely prohibited,AA,Vehicle(s) Only Involved,2330,2,1,57658,14
4367,1609,130674705.0,2013-08-14 22:53:00,2013 August 14,22:53:00,2013,August,Wednesday,10:01 pm to 2:00 am,22.0,0,Night,Summer,3801,1108,INGLESIDE,3H,22450(a),22450(a),Failure to stop at STOP sign,AA,Vehicle(s) Only Involved,4088,2,12,57659,13
4368,10868,5427733.0,2011-11-01 08:44:00,2011 November 01,08:44:00,2011,November,Tuesday,6:01 am to 10:00 am,8.0,0,Morning,Fall,3801,0874,PARK,3F61,22350,22350,Unsafe speed for prevailing conditions,FF,Bicycle Only,4089,2,2,57253,4
4369,48114,190548601.0,2019-07-28 13:48:00,2019 July 28,13:48:00,2019,July,Sunday,10:01 am to 2:00 pm,13.0,1,Afternoon,Summer,3801,1276,Mission,3D16A,21950(a),"21950(a,c)",Driver or bicyclist to yield right-of-way at crosswalks,BB,Vehicle-Pedestrian,4448,2,1,57649,1
4370,25754,130279098.0,2013-04-05 19:24:00,2013 April 05,19:24:00,2013,April,Friday,6:01 pm to 10:00 pm,19.0,0,Evening,Spring,3801,2466,SOUTHERN,3B61,21456(b),"21456(a,b)",Pedestrian violation of walk or wait signals,BB,Vehicle-Pedestrian,33333,2,1,57622,2
4371,28119,170544538.0,2017-07-05 07:59:00,2017 July 05,07:59:00,2017,July,Wednesday,6:01 am to 10:00 am,7.0,0,Morning,Summer,3801,235,CENTRAL,3A12B,22102,22102,Illegal U-turn in business district,AA,Vehicle(s) Only Involved,4090,2,1,57585,8
4372,55536,210283412.0,2021-05-08 18:59:00,2021 May 08,18:59:00,2021,May,Saturday,6:01 pm to 10:00 pm,18.0,1,Evening,Spring,3801,4187,Northern,3E15D,22107,22107,Unsafe turn or lane change prohibited,FF,Bicycle Only,4091,2,1,57253,2
4373,26969,160159357.0,2016-02-23 13:19:00,2016 February 23,13:19:00,2016,February,Tuesday,10:01 am to 2:00 pm,13.0,0,Afternoon,Winter,3801,1817,CENTRAL,3A60,21658(a),"21658(a,b)",Lane straddling or failure to use specified lanes,CC,Vehicle-Bicycle,27730,2,1,57614,1
4374,38519,3497449.0,2007-11-20 10:30:00,2007 November 20,10:30:00,2007,November,Tuesday,10:01 am to 2:00 pm,10.0,0,Morning,Fall,3801,1629,TARAV,315,21802(a),"21802(a,b)",Violation of right-of-way - entering through highway,AA,Vehicle(s) Only Involved,22591,2,1,57659,1
4375,29870,130583247.0,2013-07-15 20:26:00,2013 July 15,20:26:00,2013,July,Monday,6:01 pm to 10:00 pm,20.0,0,Evening,Summer,3801,2117,NORTHERN,3E13E,22107,22107,Unsafe turn or lane change prohibited,CC,Vehicle-Bicycle,14836,2,53,57581,1
4376,59492,220730390.0,2022-10-23 20:58:00,2022 October 23,20:58:00,2022,October,Sunday,6:01 pm to 10:00 pm,20.0,1,Evening,Fall,3801,1133,Central,A3,22350,22350,Unsafe speed for prevailing conditions,AA,Vehicle(s) Only Involved,4093,2,21,57569,2
4377,57461,220089294.0,2022-02-09 07:07:00,2022 February 09,07:07:00,2022,February,Wednesday,6:01 am to 10:00 am,7.0,0,Morning,Winter,3801,1172,Southern,3B14A,Other Improper Driving,Unknown,Unknown,AA,Vehicle(s) Only Involved,26941,2,1,57490,1
4378,84220,230435336.0,2023-06-24 13:50:00,2023 June 24,13:50:00,2023,June,Saturday,10:01 am to 2:00 pm,13.0,1,Afternoon,Summer,3801,50,Tenderloin,5,21954(a),21954(a),Pedestrians must yield right-of-way outside of crosswalks,BB,Vehicle-Pedestrian,4094,2,2,57622,2
4379,2437,5484073.0,2012-01-07 00:55:00,2012 January 07,00:55:00,2012,January,Saturday,10:01 pm to 2:00 am,0.0,1,Night,Winter,3801,1053,TARAV,3I16E,21954(b),21954(b),Failure of driver or bicyclist to exercise due care for safety of pedestrian on roadway,CC,Vehicle-Bicycle,10744,2,32,57025,4
4380,9904,151120337.0,2015-12-29 15:33:00,2015 December 29,15:33:00,2015,December,Tuesday,2:01 pm to 6:00 pm,15.0,0,Afternoon,Winter,3801,2008,MISSION,3D11C,21802(a),"21802(a,b)",Violation of right-of-way - entering through highway,AA,Vehicle(s) Only Involved,7853,2,1,57659,8
4381,27187,180957642.0,2018-12-20 16:37:00,2018 December 20,16:37:00,2018,December,Thursday,2:01 pm to 6:00 pm,16.0,0,Afternoon,Winter,3801,1023,Central,3A13D,Other improper driving,Unknown,Unknown,FF,Bicycle Only,4096,2,1,56707,2
4382,2669,3436810.0,2007-10-04 12:25:00,2007 October 04,12:25:00,2007,October,Thursday,10:01 am to 2:00 pm,12.0,0,Afternoon,Fall,3801,000274,,3C63,21650.1,21650.1,Bicycle to travel in same direction as vehicles,CC,Vehicle-Bicycle,18368,2,1,57616,1
4383,38617,140148853.0,2014-02-19 18:17:00,2014 February 19,18:17:00,2014,February,Wednesday,6:01 pm to 10:00 pm,18.0,0,Evening,Winter,3801,4084,TARAVAL,901,21950(a),"21950(a,c)",Driver or bicyclist to yield right-of-way at crosswalks,BB,Vehicle-Pedestrian,4097,2,3,57476,2
4384,43496,140680714.0,2014-08-14 18:49:00,2014 August 14,18:49:00,2014,August,Thursday,6:01 pm to 10:00 pm,18.0,0,Evening,Summer,3801,985,RICHMOND,3G3D,21750,21750,Overtaking and passing unsafely,AA,Vehicle(s) Only Involved,4098,2,1,57660,2
4385,48044,190641192.0,2019-08-29 12:45:00,2019 August 29,12:45:00,2019,August,Thursday,10:01 am to 2:00 pm,12.0,0,Afternoon,Summer,3801,2065,Northern,3E13A,21750,21750,Overtaking and passing unsafely,FF,Bicycle Only,19332,2,1,57054,2
4386,60041,220733344.0,2022-10-24 22:55:00,2022 October 24,22:55:00,2022,October,Monday,10:01 pm to 2:00 am,22.0,0,Night,Fall,3801,1466,Southern,B1,22350,22350,Unsafe speed for prevailing conditions,AA,Vehicle(s) Only Involved,1041,2,3,57603,8
4387,59714,220731661.0,2022-10-24 11:31:00,2022 October 24,11:31:00,2022,October,Monday,10:01 am to 2:00 pm,11.0,0,Morning,Fall,3801,1423,Tenderloin,3J11A,22107,22107,Unsafe turn or lane change prohibited,AA,Vehicle(s) Only Involved,4100,2,1,57659,2
4388,57730,220064581.0,2022-01-29 14:40:00,2022 January 29,14:40:00,2022,January,Saturday,2:01 pm to 6:00 pm,14.0,1,Afternoon,Winter,3801,2707,Taraval,6 CAR,21801(a),"21801(a,b)",Violation of right-of-way - left turn,CC,Vehicle-Bicycle,4101,2,2,57621,1
4389,23235,6096641.0,2012-04-06 08:49:00,2012 April 06,08:49:00,2012,April,Friday,6:01 am to 10:00 am,8.0,0,Morning,Spring,3801,848,B,001,Unknown,Unknown,Unknown,AA,Vehicle(s) Only Involved,36570,2,1,57659,1
4390,40431,4197162.0,2009-03-27 10:59:00,2009 March 27,10:59:00,2009,March,Friday,10:01 am to 2:00 pm,10.0,0,Morning,Spring,3801,959,,3113,22102,22102,Illegal U-turn in business district,CC,Vehicle-Bicycle,4102,2,2,57614,2
4391,12628,2008170.0,2005-03-25 09:23:00,2005 March 25,09:23:00,2005,March,Friday,6:01 am to 10:00 am,9.0,0,Morning,Spring,3801,649,,4B3D,21717,21717,Turning across bicycle lane,CC,Vehicle-Bicycle,4103,2,1,57581,1
4392,83992,230743349.0,2023-10-16 16:50:00,2023 October 16,16:50:00,2023,October,Monday,2:01 pm to 6:00 pm,16.0,0,Afternoon,Fall,3801,812,Bayview,3,21453(a),"21453(a,c)",Red signal - driver or bicyclist responsibilities,AA,Vehicle(s) Only Involved,2479,2,1,57490,2
4393,40813,3709586.0,2008-02-23 11:50:00,2008 February 23,11:50:00,2008,February,Saturday,10:01 am to 2:00 pm,11.0,1,Morning,Winter,3801,1182,TARAV,3I1,22350,22350,Unsafe speed for prevailing conditions,AA,Vehicle(s) Only Involved,4104,1,1,57583,2
4394,83161,230454524.0,2023-07-01 15:07:00,2023 July 01,15:07:00,2023,July,Saturday,2:01 pm to 6:00 pm,15.0,1,Afternoon,Summer,3801,2190,Ingleside,3H13D,21703,21703,Following too closely prohibited,AA,Vehicle(s) Only Involved,4105,2,1,57658,1
4395,29305,5483527.0,2012-01-16 22:32:00,2012 January 16,22:32:00,2012,January,Monday,10:01 pm to 2:00 am,22.0,0,Night,Winter,3801,449,3E,003,22107,22107,Unsafe turn or lane change prohibited,AA,Vehicle(s) Only Involved,8279,2,3,57660,3
4396,27419,2395794.0,2005-11-19 17:36:00,2005 November 19,17:36:00,2005,November,Saturday,2:01 pm to 6:00 pm,17.0,1,Evening,Fall,3801,1384,3B,4B7G,21453(a),"21453(a,c)",Red signal - driver or bicyclist responsibilities,CC,Vehicle-Bicycle,7488,2,3,56247,2
4397,58820,220533279.0,2022-08-10 05:31:00,2022 August 10,05:31:00,2022,August,Wednesday,2:01 am to 6:00 am,5.0,0,Morning,Summer,3801,1078,Northern,3E12E,21453(a),"21453(a,c)",Red signal - driver or bicyclist responsibilities,AA,Vehicle(s) Only Involved,39674,2,1,57659,1
4398,32536,5383989.0,2011-09-11 15:50:00,2011 September 11,15:50:00,2011,September,Sunday,2:01 pm to 6:00 pm,15.0,1,Afternoon,Fall,3801,900,NORTH,3EBC,21453(a),"21453(a,c)",Red signal - driver or bicyclist responsibilities,BB,Vehicle-Pedestrian,27820,2,1,57522,1
4399,36947,130085920.0,2013-01-30 18:45:00,2013 January 30,18:45:00,2013,January,Wednesday,6:01 pm to 10:00 pm,18.0,0,Evening,Winter,3801,1955,,,21950(a),"21950(a,c)",Driver or bicyclist to yield right-of-way at crosswalks,BB,Vehicle-Pedestrian,4110,2,12,57649,2
4400,85274,240071663.0,2024-02-01 16:45:00,2024 February 01,16:45:00,2024,February,Thursday,2:01 pm to 6:00 pm,16.0,0,Afternoon,Winter,3801,2470,Central,3A13D,21950(a),"21950(a,c)",Driver or bicyclist to yield right-of-way at crosswalks,BB,Vehicle-Pedestrian,38214,1,1,57649,1
4401,13952,3603486.0,2008-01-22 10:59:00,2008 January 22,10:59:00,2008,January,Tuesday,10:01 am to 2:00 pm,10.0,0,Morning,Winter,3801,001278,SOUTH,3B61,22350,22350,Unsafe speed for prevailing conditions,AA,Vehicle(s) Only Involved,4111,1,20,57658,1
4402,58082,220377168.0,2022-06-09 07:38:00,2022 June 09,07:38:00,2022,June,Thursday,6:01 am to 10:00 am,7.0,0,Morning,Summer,3801,1418,Taraval,I1,Unknown,Unknown,Unknown,AA,Vehicle(s) Only Involved,4112,2,2,57557,3
4403,57600,220128949.0,2022-02-25 16:24:00,2022 February 25,16:24:00,2022,February,Friday,2:01 pm to 6:00 pm,16.0,0,Afternoon,Winter,3801,4104,Tenderloin,3J91D,21703,21703,Following too closely prohibited,FF,Bicycle Only,4113,2,1,57645,2
4404,58629,220537544.0,2022-08-11 16:02:00,2022 August 11,16:02:00,2022,August,Thursday,2:01 pm to 6:00 pm,16.0,0,Afternoon,Summer,3801,539,Mission,MISSION 1,22350,22350,Unsafe speed for prevailing conditions,AA,Vehicle(s) Only Involved,4114,2,1,57569,2
4405,36575,160514347.0,2016-06-25 09:19:00,2016 June 25,09:19:00,2016,June,Saturday,6:01 am to 10:00 am,9.0,1,Morning,Summer,3801,670,TARAVAL,3I13A,21804(a),"21804(a,b)",Entering highway from alley or driveway,CC,Vehicle-Bicycle,4115,2,2,57621,2
4406,11390,3603412.0,2008-01-16 06:54:00,2008 January 16,06:54:00,2008,January,Wednesday,6:01 am to 10:00 am,6.0,0,Morning,Winter,3801,1866,,4B1D,21801(a),"21801(a,b)",Violation of right-of-way - left turn,AA,Vehicle(s) Only Involved,5987,2,3,57603,1
4407,47896,190588908.0,2019-08-11 16:15:00,2019 August 11,16:15:00,2019,August,Sunday,2:01 pm to 6:00 pm,16.0,1,Afternoon,Summer,3801,470,Richmond,3G14D,22350,22350,Unsafe speed for prevailing conditions,AA,Vehicle(s) Only Involved,4117,2,1,57660,8
4408,29645,2232296.0,2005-09-05 13:20:00,2005 September 05,13:20:00,2005,September,Monday,10:01 am to 2:00 pm,13.0,0,Afternoon,Fall,3801,43,,3E61,21453(a),"21453(a,c)",Red signal - driver or bicyclist responsibilities,CC,Vehicle-Bicycle,31130,2,1,57621,2
4409,82108,230012047.0,2023-01-06 06:37:00,2023 January 06,06:37:00,2023,January,Friday,6:01 am to 10:00 am,6.0,0,Morning,Winter,3801,1519,Bayview,,21453(d),21453(d),Red signal - pedestrian responsibilities,BB,Vehicle-Pedestrian,29644,1,3,57622,2
4410,36950,160379436.0,2016-05-09 10:50:00,2016 May 09,10:50:00,2016,May,Monday,10:01 am to 2:00 pm,10.0,0,Morning,Spring,3801,2482,TARAVAL,3I11A,21663,21663,Operating vehicle or bicycle on sidewalk prohibited,AA,Vehicle(s) Only Involved,8274,1,2,57607,2
4411,49877,190966592.0,2019-12-25 01:10:00,2019 December 25,01:10:00,2019,December,Wednesday,10:01 pm to 2:00 am,1.0,0,Night,Winter,3801,488,Tenderloin,3H11E,21955,21955,Crossing between controlled intersections (Jaywalking),BB,Vehicle-Pedestrian,23823,4,13,57280,1
4412,87598,240274594.0,2024-05-01 16:14:00,2024 May 01,16:14:00,2024,May,Wednesday,2:01 pm to 6:00 pm,16.0,0,Afternoon,Spring,3801,1594,Northern,3E13D,21950(a),"21950(a,c)",Driver or bicyclist to yield right-of-way at crosswalks,BB,Vehicle-Pedestrian,4121,2,1,57649,2
4413,38568,170627792.0,2017-08-02 12:58:00,2017 August 02,12:58:00,2017,August,Wednesday,10:01 am to 2:00 pm,12.0,0,Afternoon,Summer,3801,1498,TARAVAL,3I16B,21950(a),"21950(a,c)",Driver or bicyclist to yield right-of-way at crosswalks,BB,Vehicle-Pedestrian,4122,2,1,57649,1
4414,47844,190569328.0,2019-08-04 20:37:00,2019 August 04,20:37:00,2019,August,Sunday,6:01 pm to 10:00 pm,20.0,1,Evening,Summer,3801,2132,Mission,3D60,21760(c),21760(c),Overtaking or passing bicycle at distance of less than three feet,CC,Vehicle-Bicycle,14933,2,3,57614,1
4415,4896,6096607.0,2012-04-04 22:50:00,2012 April 04,22:50:00,2012,April,Wednesday,10:01 pm to 2:00 am,22.0,0,Night,Spring,3801,A09854,3H13E,3H60,22350,22350,Unsafe speed for prevailing conditions,AA,Vehicle(s) Only Involved,4124,2,3,57636,1
4416,18364,3496583.0,2007-11-13 22:48:00,2007 November 13,22:48:00,2007,November,Tuesday,10:01 pm to 2:00 am,22.0,0,Night,Fall,3801,1657,SOUTH,3B14E,22100.5,22100.5,U-Turn at controlled intersection,AA,Vehicle(s) Only Involved,22234,2,3,57660,1
4417,83064,230115936.0,2023-02-16 17:21:00,2023 February 16,17:21:00,2023,February,Thursday,2:01 pm to 6:00 pm,17.0,0,Evening,Winter,3801,2407,Mission,3D13D,22107,22107,Unsafe turn or lane change prohibited,CC,Vehicle-Bicycle,35208,2,1,57655,2
4418,22961,140509277.0,2014-06-19 17:26:00,2014 June 19,17:26:00,2014,June,Thursday,2:01 pm to 6:00 pm,17.0,0,Evening,Summer,3801,1460,,CO B,Unknown,Unknown,Unknown,CC,Vehicle-Bicycle,38010,2,1,57581,1
4419,5254,130498715.0,2013-06-17 21:15:00,2013 June 17,21:15:00,2013,June,Monday,6:01 pm to 10:00 pm,21.0,0,Night,Summer,3801,4361,BAYVIEW,3C13D,23152(a),23152(a-g),Driving under influence of alcohol and/or drugs,AA,Vehicle(s) Only Involved,4128,2,3,57496,17
4420,45273,3514713.0,2008-01-01 15:28:00,2008 January 01,15:28:00,2008,January,Tuesday,2:01 pm to 6:00 pm,15.0,0,Afternoon,Winter,3801,001599,,3G4D,22106,22106,Unsafe starting or backing on highway,AA,Vehicle(s) Only Involved,21703,2,2,57660,1
4421,39533,3523330.0,2007-12-21 14:52:00,2007 December 21,14:52:00,2007,December,Friday,2:01 pm to 6:00 pm,14.0,0,Afternoon,Winter,3801,1484,,3T61,21950(a),"21950(a,c)",Driver or bicyclist to yield right-of-way at crosswalks,BB,Vehicle-Pedestrian,4130,2,23,57649,6
4422,59677,220764979.0,2022-11-06 19:41:00,2022 November 06,19:41:00,2022,November,Sunday,6:01 pm to 10:00 pm,19.0,1,Evening,Fall,3801,319,Central,3A12D,22350,22350,Unsafe speed for prevailing conditions,AA,Vehicle(s) Only Involved,4131,2,136,57583,2
4423,59697,220796580.0,2022-11-19 10:34:00,2022 November 19,10:34:00,2022,November,Saturday,10:01 am to 2:00 pm,10.0,1,Morning,Fall,3801,1457,Taraval,2 CAR,21954(a),21954(a),Pedestrians must yield right-of-way outside of crosswalks,BB,Vehicle-Pedestrian,4132,2,1,56732,2
4424,57334,220048212.0,2022-01-22 14:55:00,2022 January 22,14:55:00,2022,January,Saturday,2:01 pm to 6:00 pm,14.0,1,Afternoon,Winter,3801,A21165,Northern,3E93F,Unknown,Unknown,Unknown,FF,Bicycle Only,4133,2,2,57524,2
4425,59727,220702559.0,2022-10-12 17:35:00,2022 October 12,17:35:00,2022,October,Wednesday,2:01 pm to 6:00 pm,17.0,0,Evening,Fall,3801,2328,Bayview,901,22350,22350,Unsafe speed for prevailing conditions,AA,Vehicle(s) Only Involved,3404,1,1,57569,4
4426,15581,140497860.0,2014-06-16 07:30:00,2014 June 16,07:30:00,2014,June,Monday,6:01 am to 10:00 am,7.0,0,Morning,Summer,3801,687,SOUTHERN,3B4A,21051,21051,Provisions pertaining to trolley coaches,BB,Vehicle-Pedestrian,1454,2,1,57649,1
4427,40625,5477517.0,2011-12-10 15:23:00,2011 December 10,15:23:00,2011,December,Saturday,2:01 pm to 6:00 pm,15.0,1,Afternoon,Winter,3801,02179,,3I62,21950(a),"21950(a,c)",Driver or bicyclist to yield right-of-way at crosswalks,BB,Vehicle-Pedestrian,4134,2,1,57649,1
4428,38977,130288629.0,2013-04-08 22:36:00,2013 April 08,22:36:00,2013,April,Monday,10:01 pm to 2:00 am,22.0,0,Night,Spring,3801,1917,TARAVAL,3T14D,22350,22350,Unsafe speed for prevailing conditions,BB,Vehicle-Pedestrian,4135,2,3,57649,4
4429,8803,3400125.0,2007-10-29 19:02:00,2007 October 29,19:02:00,2007,October,Monday,6:01 pm to 10:00 pm,19.0,0,Evening,Fall,3801,1926,MISSI,4B8B,21453(a),"21453(a,c)",Red signal - driver or bicyclist responsibilities,CC,Vehicle-Bicycle,20375,2,3,57621,1
4430,37119,3703658.0,2008-02-03 13:40:00,2008 February 03,13:40:00,2008,February,Sunday,10:01 am to 2:00 pm,13.0,1,Afternoon,Winter,3801,1629,TARAV,315,22350,22350,Unsafe speed for prevailing conditions,AA,Vehicle(s) Only Involved,4136,11,2,57658,1
4431,7471,6089144.0,2012-08-29 16:04:00,2012 August 29,16:04:00,2012,August,Wednesday,2:01 pm to 6:00 pm,16.0,0,Afternoon,Summer,3801,1043,INGLE,4B1H,22450(a),22450(a),Failure to stop at STOP sign,AA,Vehicle(s) Only Involved,4137,2,1,57659,1
4432,24150,150063683.0,2015-01-21 12:20:00,2015 January 21,12:20:00,2015,January,Wednesday,10:01 am to 2:00 pm,12.0,0,Afternoon,Winter,3801,1421,,,21750,21750,Overtaking and passing unsafely,CC,Vehicle-Bicycle,27166,2,1,57614,1
4433,50368,190879989.0,2019-11-20 19:55:00,2019 November 20,19:55:00,2019,November,Wednesday,6:01 pm to 10:00 pm,19.0,0,Evening,Fall,3801,4040,Central,3A13D,22350,22350,Unsafe speed for prevailing conditions,AA,Vehicle(s) Only Involved,4139,2,12,57576,1
4434,22947,6093612.0,2012-08-26 16:28:00,2012 August 26,16:28:00,2012,August,Sunday,2:01 pm to 6:00 pm,16.0,1,Afternoon,Summer,3801,004178,SOUTH,3B15D,22350,22350,Unsafe speed for prevailing conditions,AA,Vehicle(s) Only Involved,4140,2,1,57658,1
4435,53043,200358542.0,2020-06-14 18:20:00,2020 June 14,18:20:00,2020,June,Sunday,6:01 pm to 10:00 pm,18.0,1,Evening,Summer,3801,4300,Northern,3E12D,22107,22107,Unsafe turn or lane change prohibited,AA,Vehicle(s) Only Involved,4141,2,2,57607,1