collision_id,unique_id,case_id_pkey,collision_datetime,collision_date,collision_time,accident_year,month,day_of_week,time_cat,hour_of_day,is_weekend,time_of_day,season,juris,officer_id,reporting_district,beat_number,vz_pcf_code,vz_pcf_group,vz_pcf_description,dph_col_grp,dph_col_grp_description,location_id,weather_id,road_id,party_id,severity_id
4721,12569,6135396.0,2012-05-03 14:49:00,2012 May 03,14:49:00,2012,May,Thursday,2:01 pm to 6:00 pm,14.0,0,Afternoon,Spring,3801,1821,MISSI,4B3D,22350,22350,Unsafe speed for prevailing conditions,AA,Vehicle(s) Only Involved,4390,2,2,57658,1
4722,11357,3709572.0,2008-02-03 02:57:00,2008 February 03,02:57:00,2008,February,Sunday,2:01 am to 6:00 am,2.0,1,Night,Winter,3801,4084,MISS,0D1,22100(b),"22100(a,b)",Turn at intersection from wrong position,CC,Vehicle-Bicycle,14005,1,13,57374,1
4723,53549,200549600.0,2020-09-12 15:34:00,2020 September 12,15:34:00,2020,September,Saturday,2:01 pm to 6:00 pm,15.0,1,Afternoon,Fall,3801,2490,Northern,3E15D,21950(b),21950(b),Pedestrian suddenly entering into vehicle path close enough to create an immediate hazard,BB,Vehicle-Pedestrian,23488,2,1,57123,1
4724,57974,220315312.0,2022-05-14 14:49:00,2022 May 14,14:49:00,2022,May,Saturday,2:01 pm to 6:00 pm,14.0,1,Afternoon,Spring,3801,4253,Ingleside,H6,21235(g),21235(a-j),Illegal operation of motorized scooter,CC,Vehicle-Bicycle,4391,2,2,56954,2
4725,26834,6221460.0,2012-12-08 15:16:00,2012 December 08,15:16:00,2012,December,Saturday,2:01 pm to 6:00 pm,15.0,1,Afternoon,Winter,3801,1078,SOUTH,,21804(a),"21804(a,b)",Entering highway from alley or driveway,AA,Vehicle(s) Only Involved,4392,2,1,57659,1
4726,41479,150020633.0,2015-01-07 17:38:00,2015 January 07,17:38:00,2015,January,Wednesday,2:01 pm to 6:00 pm,17.0,0,Evening,Winter,3801,4084,TARAVAL,901,22107,22107,Unsafe turn or lane change prohibited,AA,Vehicle(s) Only Involved,27109,2,3,57659,1
4727,41447,130213256.0,2013-03-14 11:50:00,2013 March 14,11:50:00,2013,March,Thursday,10:01 am to 2:00 pm,11.0,0,Morning,Spring,3801,1629,TARAVAL,31,21800(d),"21800(d)(1,2)",Violation of right-of-way or controlled intersection with inoperative control signals,AA,Vehicle(s) Only Involved,29113,1,2,57585,1
4728,36382,3731385.0,2008-04-17 10:20:00,2008 April 17,10:20:00,2008,April,Thursday,10:01 am to 2:00 pm,10.0,0,Morning,Spring,3801,1067,,,21453(a),"21453(a,c)",Red signal - driver or bicyclist responsibilities,BB,Vehicle-Pedestrian,4393,2,1,57522,1
4729,28758,170051016.0,2017-01-19 12:32:00,2017 January 19,12:32:00,2017,January,Thursday,10:01 am to 2:00 pm,12.0,0,Afternoon,Winter,3801,300,NORTHERN,3E11C,22107,22107,Unsafe turn or lane change prohibited,AA,Vehicle(s) Only Involved,4394,2,1,57658,1
4730,59496,220759635.0,2022-11-04 12:30:00,2022 November 04,12:30:00,2022,November,Friday,10:01 am to 2:00 pm,12.0,0,Afternoon,Fall,3801,2328,Bayview,901,21650,21650,Failure to keep to right side of road,AA,Vehicle(s) Only Involved,4395,1,2,57660,1
4731,5434,3538751.0,2007-12-13 17:10:00,2007 December 13,17:10:00,2007,December,Thursday,2:01 pm to 6:00 pm,17.0,0,Evening,Winter,3801,4167,BAYVI,3C60,21453(a),"21453(a,c)",Red signal - driver or bicyclist responsibilities,AA,Vehicle(s) Only Involved,14689,2,1,57659,1
4732,52870,200276502.0,2020-05-04 23:08:00,2020 May 04,23:08:00,2020,May,Monday,10:01 pm to 2:00 am,23.0,0,Night,Spring,3801,141,Ingleside,3H16E,22106,22106,Unsafe starting or backing on highway,AA,Vehicle(s) Only Involved,4396,2,12,57274,11
4733,47775,190540908.0,2019-07-25 18:17:00,2019 July 25,18:17:00,2019,July,Thursday,6:01 pm to 10:00 pm,18.0,0,Evening,Summer,3801,1463,Park,3F13D,21950(a),"21950(a,c)",Driver or bicyclist to yield right-of-way at crosswalks,BB,Vehicle-Pedestrian,4397,2,2,57649,2
4734,83409,230201109.0,2023-03-22 07:46:00,2023 March 22,07:46:00,2023,March,Wednesday,6:01 am to 10:00 am,7.0,0,Morning,Spring,3801,229,Mission,D4,22450(a),22450(a),Failure to stop at STOP sign,BB,Vehicle-Pedestrian,4398,2,1,57649,1
4735,86074,240437178.0,2024-07-13 16:50:00,2024 July 13,16:50:00,2024,July,Saturday,2:01 pm to 6:00 pm,16.0,1,Afternoon,Summer,3801,1198,Mission,3D13D,21703,21703,Following too closely prohibited,AA,Vehicle(s) Only Involved,974,2,1,57658,8
4736,58158,220393700.0,2022-06-15 20:04:00,2022 June 15,20:04:00,2022,June,Wednesday,6:01 pm to 10:00 pm,20.0,0,Evening,Summer,3801,Li 1074,Bayview,3C14D,21955,21955,Crossing between controlled intersections (Jaywalking),BB,Vehicle-Pedestrian,4399,2,105,57622,1
4737,26612,3463074.0,2007-11-08 07:39:00,2007 November 08,07:39:00,2007,November,Thursday,6:01 am to 10:00 am,7.0,0,Morning,Fall,3801,001870,SOUTH,3B62,21453(a),"21453(a,c)",Red signal - driver or bicyclist responsibilities,CC,Vehicle-Bicycle,4400,2,1,57625,2
4738,59761,220798611.0,2022-11-20 08:24:00,2022 November 20,08:24:00,2022,November,Sunday,6:01 am to 10:00 am,8.0,1,Morning,Fall,3801,1226,Mission,,21750,21750,Overtaking and passing unsafely,AA,Vehicle(s) Only Involved,4401,2,1,57659,2
4739,84917,240094502.0,2024-02-12 12:50:00,2024 February 12,12:50:00,2024,February,Monday,10:01 am to 2:00 pm,12.0,0,Afternoon,Winter,3801,1336,Central,,22107,22107,Unsafe turn or lane change prohibited,BB,Vehicle-Pedestrian,4402,2,1,57649,2
4740,52874,200279073.0,2020-05-06 03:47:00,2020 May 06,03:47:00,2020,May,Wednesday,2:01 am to 6:00 am,3.0,0,Night,Spring,3801,4115,Southern,3B4,21453(a),"21453(a,c)",Red signal - driver or bicyclist responsibilities,AA,Vehicle(s) Only Involved,20379,2,3,57636,8
4741,2733,130635575.0,2013-08-01 21:15:00,2013 August 01,21:15:00,2013,August,Thursday,6:01 pm to 10:00 pm,21.0,0,Night,Summer,3801,1088,BAYVIEW,3C12E,21950(a),"21950(a,c)",Driver or bicyclist to yield right-of-way at crosswalks,BB,Vehicle-Pedestrian,2999,2,3,57649,2
4742,32797,6142283.0,2012-09-22 12:45:00,2012 September 22,12:45:00,2012,September,Saturday,10:01 am to 2:00 pm,12.0,1,Afternoon,Fall,3801,002006,,0E4,21453(a),"21453(a,c)",Red signal - driver or bicyclist responsibilities,AA,Vehicle(s) Only Involved,35457,2,1,57659,1
4743,82878,230307315.0,2023-05-03 13:00:00,2023 May 03,13:00:00,2023,May,Wednesday,10:01 am to 2:00 pm,13.0,0,Afternoon,Spring,3801,2417,Bayview,901,21703,21703,Following too closely prohibited,AA,Vehicle(s) Only Involved,4404,1,16,57658,1
4744,33771,3437652.0,2007-10-13 16:03:00,2007 October 13,16:03:00,2007,October,Saturday,2:01 pm to 6:00 pm,16.0,1,Afternoon,Fall,3801,960,,,Unknown,Unknown,Unknown,DD,Bicycle-Pedestrian,4405,2,1,56208,2
4745,3146,141050318.0,2014-12-14 12:53:00,2014 December 14,12:53:00,2014,December,Sunday,10:01 am to 2:00 pm,12.0,1,Afternoon,Winter,3801,4275,BAYVIEW,3C12A,21453(a),"21453(a,c)",Red signal - driver or bicyclist responsibilities,AA,Vehicle(s) Only Involved,4406,2,1,57659,8
4746,7963,3431370.0,2007-10-09 06:40:00,2007 October 09,06:40:00,2007,October,Tuesday,6:01 am to 10:00 am,6.0,0,Morning,Fall,3801,000514,CO K,4B4D,22101(d),22101(d),Violation of a turn prohibition sign,AA,Vehicle(s) Only Involved,7409,2,42,57659,1
4747,41771,3709557.0,2008-02-27 20:51:00,2008 February 27,20:51:00,2008,February,Wednesday,6:01 pm to 10:00 pm,20.0,0,Evening,Winter,3801,307,TARAV,4B8E,22350,22350,Unsafe speed for prevailing conditions,AA,Vehicle(s) Only Involved,4407,2,12,57654,1
4748,58722,220663666.0,2022-09-28 10:19:00,2022 September 28,10:19:00,2022,September,Wednesday,10:01 am to 2:00 pm,10.0,0,Morning,Fall,3801,1557,Taraval,3I16A,22101(d),22101(d),Violating special traffic control markers,AA,Vehicle(s) Only Involved,27011,2,1,57603,4
4749,47805,190562811.0,2019-08-02 09:30:00,2019 August 02,09:30:00,2019,August,Friday,6:01 am to 10:00 am,9.0,0,Morning,Summer,3801,2728,Mission,908,21801(a),"21801(a,b)",Violation of right-of-way - left turn,AA,Vehicle(s) Only Involved,4420,2,1,57659,1
4750,8601,170998838.0,2017-12-10 15:06:00,2017 December 10,15:06:00,2017,December,Sunday,2:01 pm to 6:00 pm,15.0,1,Afternoon,Winter,3801,865,MISSION,3D44C,22517,22517,Opening door on traffic side when unsafe,CC,Vehicle-Bicycle,4410,2,1,57581,1
4751,53186,200298738.0,2020-05-16 15:08:00,2020 May 16,15:08:00,2020,May,Saturday,2:01 pm to 6:00 pm,15.0,1,Afternoon,Spring,3801,427,Bayview,3C15D,22350,22350,Unsafe speed for prevailing conditions,AA,Vehicle(s) Only Involved,4411,2,2,57658,1
4752,2980,130630070.0,2013-07-31 08:40:00,2013 July 31,08:40:00,2013,July,Wednesday,6:01 am to 10:00 am,8.0,0,Morning,Summer,3801,1430,BAYVIEW,3C62,21802(a),"21802(a,b)",Violation of right-of-way - entering through highway,AA,Vehicle(s) Only Involved,4412,2,1,57659,8
4753,84356,230887141.0,2023-12-19 16:30:00,2023 December 19,16:30:00,2023,December,Tuesday,2:01 pm to 6:00 pm,16.0,0,Afternoon,Winter,3801,2180,Bayview,3C91B,22450(a),22450(a),Failure to stop at STOP sign,AA,Vehicle(s) Only Involved,28826,2,33,57583,2
4754,29573,140143790.0,2014-02-18 11:20:00,2014 February 18,11:20:00,2014,February,Tuesday,10:01 am to 2:00 pm,11.0,0,Morning,Winter,3801,1584,NORTHERN,4K2D,22101(d),22101(d),Violation of a turn prohibition sign,AA,Vehicle(s) Only Involved,31683,2,23,57659,1
4755,84582,230885678.0,2023-12-19 08:05:00,2023 December 19,08:05:00,2023,December,Tuesday,6:01 am to 10:00 am,8.0,0,Morning,Winter,3801,1157,Bayview,3C12A,22350,22350,Unsafe speed for prevailing conditions,BB,Vehicle-Pedestrian,4414,4,13,57532,4
4756,24754,2252640.0,2005-09-14 19:28:00,2005 September 14,19:28:00,2005,September,Wednesday,6:01 pm to 10:00 pm,19.0,0,Evening,Fall,3801,2089,SOUTH,4B6B,21955,21955,Crossing between controlled intersections (Jaywalking),BB,Vehicle-Pedestrian,4415,2,3,57649,1
4757,57894,220245985.0,2022-04-15 08:15:00,2022 April 15,08:15:00,2022,April,Friday,6:01 am to 10:00 am,8.0,0,Morning,Spring,3801,2151,Park,3F13A,Unknown,Unknown,Unknown,BB,Vehicle-Pedestrian,4416,2,1,57525,1
4758,26440,140386859.0,2014-05-08 11:55:00,2014 May 08,11:55:00,2014,May,Thursday,10:01 am to 2:00 pm,11.0,0,Morning,Spring,3801,1486,SF,4K6A,21755(a),21755(a),Unsafe passing on right shoulder,CC,Vehicle-Bicycle,4417,2,2,57655,2
4759,27225,170410650.0,2017-05-19 09:30:00,2017 May 19,09:30:00,2017,May,Friday,6:01 am to 10:00 am,9.0,0,Morning,Spring,3801,,CENTRAL,,22517,22517,Opening door on traffic side when unsafe,CC,Vehicle-Bicycle,70,1,1,54723,4
4760,57900,220258900.0,2022-04-20 17:20:00,2022 April 20,17:20:00,2022,April,Wednesday,2:01 pm to 6:00 pm,17.0,0,Evening,Spring,3801,2475,Central,3A13D,Unknown,Unknown,Unknown,BB,Vehicle-Pedestrian,28610,3,6,56772,2
4761,83238,230472617.0,2023-07-08 08:15:00,2023 July 08,08:15:00,2023,July,Saturday,6:01 am to 10:00 am,8.0,1,Morning,Summer,3801,1653,Ingleside,3H5A,21453(a),"21453(a,c)",Red signal - driver or bicyclist responsibilities,AA,Vehicle(s) Only Involved,4419,1,1,57659,4
4762,56019,210536506.0,2021-08-22 02:35:00,2021 August 22,02:35:00,2021,August,Sunday,2:01 am to 6:00 am,2.0,1,Night,Summer,3801,1510,Mission,3D15E,Unknown,Unknown,Unknown,AA,Vehicle(s) Only Involved,4420,2,3,57585,11
4763,54563,210101541.0,2021-02-14 11:50:00,2021 February 14,11:50:00,2021,February,Sunday,10:01 am to 2:00 pm,11.0,1,Morning,Winter,3801,73,Traffic,4K1G,21954(a),21954(a),Pedestrians must yield right-of-way outside of crosswalks,FF,Bicycle Only,21269,1,1,57524,4
4764,28946,9004215.0,2006-08-06 01:23:00,2006 August 06,01:23:00,2006,August,Sunday,10:01 pm to 2:00 am,1.0,1,Night,Summer,3801,001088,NORTH,3E11E,23152(a),23152(a-g),Driving under influence of alcohol and/or drugs,BB,Vehicle-Pedestrian,4422,2,3,57658,3
4765,38103,6468305.0,2012-07-31 18:37:00,2012 July 31,18:37:00,2012,July,Tuesday,6:01 pm to 10:00 pm,18.0,0,Evening,Summer,3801,2265,TAAVA,3I2B,21801(a),"21801(a,b)",Violation of right-of-way - left turn,AA,Vehicle(s) Only Involved,4423,11,1,57660,1
4766,39718,2183785.0,2005-08-03 14:51:00,2005 August 03,14:51:00,2005,August,Wednesday,2:01 pm to 6:00 pm,14.0,0,Afternoon,Summer,3801,000829,,4B61,21453(a),"21453(a,c)",Red signal - driver or bicyclist responsibilities,AA,Vehicle(s) Only Involved,6525,2,1,57659,3
4767,39566,130794591.0,2013-09-20 23:56:00,2013 September 20,23:56:00,2013,September,Friday,10:01 pm to 2:00 am,23.0,0,Night,Fall,3801,4330,TARAVAL,3I15D,22107,22107,Unsafe turn or lane change prohibited,AA,Vehicle(s) Only Involved,4424,1,39,57584,2
4768,29756,130406887.0,2013-05-17 19:06:00,2013 May 17,19:06:00,2013,May,Friday,6:01 pm to 10:00 pm,19.0,0,Evening,Spring,3801,860,NORTHERN,3E11D,21950(a),"21950(a,c)",Driver or bicyclist to yield right-of-way at crosswalks,BB,Vehicle-Pedestrian,4425,2,1,57649,1
4769,28169,130257604.0,2013-03-22 11:25:00,2013 March 22,11:25:00,2013,March,Friday,10:01 am to 2:00 pm,11.0,0,Morning,Spring,3801,1428,CENTRAL,3A4,Unknown,Unknown,Unknown,BB,Vehicle-Pedestrian,6942,2,47,57649,3
4770,82578,230526082.0,2023-07-27 18:43:00,2023 July 27,18:43:00,2023,July,Thursday,6:01 pm to 10:00 pm,18.0,0,Evening,Summer,3801,2400,Bayview,5-CAR,22450(a),22450(a),Failure to stop at STOP sign,AA,Vehicle(s) Only Involved,4427,2,1,57659,2
4771,31766,130380639.0,2013-05-09 12:55:00,2013 May 09,12:55:00,2013,May,Thursday,10:01 am to 2:00 pm,12.0,0,Afternoon,Spring,3801,183,NORTHERN,3E13C,22350,22350,Unsafe speed for prevailing conditions,AA,Vehicle(s) Only Involved,4428,2,27,57658,1
4772,82721,230341460.0,2023-05-17 14:14:00,2023 May 17,14:14:00,2023,May,Wednesday,2:01 pm to 6:00 pm,14.0,0,Afternoon,Spring,3801,750,Tenderloin,3J13A,21950(a),"21950(a,c)",Driver or bicyclist to yield right-of-way at crosswalks,BB,Vehicle-Pedestrian,28321,2,1,57649,1
4773,49232,190037416.0,2019-01-15 17:45:00,2019 January 15,17:45:00,2019,January,Tuesday,2:01 pm to 6:00 pm,17.0,0,Evening,Winter,3801,231,Bayview,3C44D,Unknown,Unknown,Unknown,BB,Vehicle-Pedestrian,4429,4,139,49217,2
4774,5502,3318112.0,2007-08-03 21:41:00,2007 August 03,21:41:00,2007,August,Friday,6:01 pm to 10:00 pm,21.0,0,Night,Summer,3801,4215,BAYVI,002,23152(a),23152(a-g),Driving under influence of alcohol and/or drugs,AA,Vehicle(s) Only Involved,4430,2,12,57607,1
4775,59715,220803884.0,2022-11-22 11:49:00,2022 November 22,11:49:00,2022,November,Tuesday,10:01 am to 2:00 pm,11.0,0,Morning,Fall,3801,4259,Richmond,3G13A,21651(b),21651(b),Wrong way driving,BB,Vehicle-Pedestrian,4431,3,1,56779,1
4776,53747,200252819.0,2020-04-21 19:19:00,2020 April 21,19:19:00,2020,April,Tuesday,6:01 pm to 10:00 pm,19.0,0,Evening,Spring,3801,34,Traffic,Bayview,22350,22350,Unsafe speed for prevailing conditions,AA,Vehicle(s) Only Involved,4432,2,15,57607,35
4777,83299,230223028.0,2023-03-31 10:41:00,2023 March 31,10:41:00,2023,March,Friday,10:01 am to 2:00 pm,10.0,0,Morning,Spring,3801,4301,Taraval,3I15A,22107,22107,Unsafe turn or lane change prohibited,AA,Vehicle(s) Only Involved,4433,2,1,57659,4
4778,55355,210242941.0,2021-04-20 17:00:00,2021 April 20,17:00:00,2021,April,Tuesday,2:01 pm to 6:00 pm,17.0,0,Evening,Spring,3801,4358,Bayview,3 CAR,23152(a),23152(a-g),Driving under influence of alcohol and/or drugs,AA,Vehicle(s) Only Involved,4434,2,1,57607,1
4779,6158,160379630.0,2016-05-09 11:48:00,2016 May 09,11:48:00,2016,May,Monday,10:01 am to 2:00 pm,11.0,0,Morning,Spring,3801,2023,BAYVIEW,1,Unknown,Unknown,Unknown,AA,Vehicle(s) Only Involved,4435,2,2,57576,13
4780,21950,2384211.0,2005-10-17 17:15:00,2005 October 17,17:15:00,2005,October,Monday,2:01 pm to 6:00 pm,17.0,0,Evening,Fall,3801,001580,NORTH,4BG6,22106,22106,Unsafe starting or backing on highway,AA,Vehicle(s) Only Involved,4436,2,1,57660,2
4781,47821,190573608.0,2019-08-06 10:44:00,2019 August 06,10:44:00,2019,August,Tuesday,10:01 am to 2:00 pm,10.0,0,Morning,Summer,3801,1147,Tenderloin,3J3A,21453(d),21453(d),Red signal - pedestrian responsibilities,BB,Vehicle-Pedestrian,20087,2,1,57622,1
4782,5556,3416568.0,2007-09-09 13:30:00,2007 September 09,13:30:00,2007,September,Sunday,10:01 am to 2:00 pm,13.0,1,Afternoon,Fall,3801,1219,COC,,22350,22350,Unsafe speed for prevailing conditions,AA,Vehicle(s) Only Involved,4438,2,8,57607,2
4783,18756,130059602.0,2013-01-22 06:35:00,2013 January 22,06:35:00,2013,January,Tuesday,6:01 am to 10:00 am,6.0,0,Morning,Winter,3801,1819,SOUTHERN,3E68,22100(a),"22100(a,b)",Turn at intersection from wrong position,AA,Vehicle(s) Only Involved,22252,2,140,57659,1
4784,5204,160055818.0,2016-01-20 13:02:00,2016 January 20,13:02:00,2016,January,Wednesday,10:01 am to 2:00 pm,13.0,0,Afternoon,Winter,3801,32,INGLESIDE,H,Unknown,Unknown,Unknown,AA,Vehicle(s) Only Involved,4439,2,141,56568,2
4785,53996,200638366.0,2020-10-22 16:55:00,2020 October 22,16:55:00,2020,October,Thursday,2:01 pm to 6:00 pm,16.0,0,Afternoon,Fall,3801,312,Taraval,3I11D,21453(a),"21453(a,c)",Red signal - driver or bicyclist responsibilities,AA,Vehicle(s) Only Involved,4440,2,1,57659,8
4786,4517,2308682.0,2005-09-27 16:56:00,2005 September 27,16:56:00,2005,September,Tuesday,2:01 pm to 6:00 pm,16.0,0,Afternoon,Fall,3801,1364,INGLE,3H11D,22107,22107,Unsafe turn or lane change prohibited,AA,Vehicle(s) Only Involved,4441,2,2,56363,1
4787,40992,5135568.0,2011-03-27 03:20:00,2011 March 27,03:20:00,2011,March,Sunday,2:01 am to 6:00 am,3.0,1,Night,Spring,3801,2482,TARAV,3I12E,22350,22350,Unsafe speed for prevailing conditions,AA,Vehicle(s) Only Involved,4442,2,12,57569,17
4788,20485,4652494.0,2010-03-30 18:19:00,2010 March 30,18:19:00,2010,March,Tuesday,6:01 pm to 10:00 pm,18.0,0,Evening,Spring,3801,346,NORTH,3.00E+01,Unknown,Unknown,Unknown,AA,Vehicle(s) Only Involved,3072,2,1,57660,1
4789,61454,200348565.0,2020-06-09 14:26:00,2020 June 09,14:26:00,2020,June,Tuesday,2:01 pm to 6:00 pm,14.0,0,Afternoon,Summer,3801,455,Southern,Southern,22107,22107,Unsafe turn or lane change prohibited,AA,Vehicle(s) Only Involved,5477,2,1,57406,1
4790,24978,160591232.0,2016-07-22 15:21:00,2016 July 22,15:21:00,2016,July,Friday,2:01 pm to 6:00 pm,15.0,0,Afternoon,Summer,3801,2205,TENDERLOIN,3J13D,22350,22350,Unsafe speed for prevailing conditions,BB,Vehicle-Pedestrian,4444,1,2,57522,1
4791,59045,220521478.0,2022-08-05 16:28:00,2022 August 05,16:28:00,2022,August,Friday,2:01 pm to 6:00 pm,16.0,0,Afternoon,Summer,3801,2419,Richmond,908,22350,22350,Unsafe speed for prevailing conditions,FF,Bicycle Only,4445,2,9,57556,4
4792,492,140455028.0,2014-05-31 18:26:00,2014 May 31,18:26:00,2014,May,Saturday,6:01 pm to 10:00 pm,18.0,1,Evening,Spring,3801,4352,BAYVIEW,,21750,21750,Overtaking and passing unsafely,AA,Vehicle(s) Only Involved,4446,8,1,57603,1
4793,47829,190538016.0,2019-07-24 17:48:00,2019 July 24,17:48:00,2019,July,Wednesday,2:01 pm to 6:00 pm,17.0,0,Evening,Summer,3801,2392,Mission,908,22106,22106,Unsafe starting or backing on highway,AA,Vehicle(s) Only Involved,4447,2,1,57658,8
4794,77966,200020945.0,2020-01-09 09:47:00,2020 January 09,09:47:00,2020,January,Thursday,6:01 am to 10:00 am,9.0,0,Morning,Winter,3801,728,Mission,3D28,unknown,Unknown,Unknown,CC,Vehicle-Bicycle,4448,4,74,55448,1
4795,86338,240518819.0,2024-08-19 09:09:00,2024 August 19,09:09:00,2024,August,Monday,6:01 am to 10:00 am,9.0,0,Morning,Summer,3801,643,Taraval,3I15A,22350,22350,Unsafe speed for prevailing conditions,AA,Vehicle(s) Only Involved,4449,1,1,57658,14
4796,48923,190914165.0,2019-12-04 14:45:00,2019 December 04,14:45:00,2019,December,Wednesday,2:01 pm to 6:00 pm,14.0,0,Afternoon,Winter,3801,118,Mission,3D11C,22517,22517,Opening door on traffic side when unsafe,AA,Vehicle(s) Only Involved,4450,3,6,57636,1
4797,49961,190938212.0,2019-12-13 17:10:00,2019 December 13,17:10:00,2019,December,Friday,2:01 pm to 6:00 pm,17.0,0,Evening,Winter,3801,312,Taraval,1 Car,21950(a),"21950(a,c)",Driver or bicyclist to yield right-of-way at crosswalks,BB,Vehicle-Pedestrian,4451,7,16,57649,1
4798,58673,220466288.0,2022-07-14 18:43:00,2022 July 14,18:43:00,2022,July,Thursday,6:01 pm to 10:00 pm,18.0,0,Evening,Summer,3801,1833,Northern,3E13D,Unknown,Unknown,Unknown,AA,Vehicle(s) Only Involved,4452,2,2,57406,1
4799,10720,9009623.0,2006-08-28 07:30:00,2006 August 28,07:30:00,2006,August,Monday,6:01 am to 10:00 am,7.0,0,Morning,Summer,3801,645,MISSI,3D6A,Unknown,Unknown,Unknown,FF,Bicycle Only,4453,1,142,56662,2
4800,47769,190538505.0,2019-07-24 18:35:00,2019 July 24,18:35:00,2019,July,Wednesday,6:01 pm to 10:00 pm,18.0,0,Evening,Summer,3801,209,Northern,2,21453(a),"21453(a,c)",Red signal - driver or bicyclist responsibilities,AA,Vehicle(s) Only Involved,4454,2,1,57659,1
4801,82241,230644703.0,2023-09-08 18:32:00,2023 September 08,18:32:00,2023,September,Friday,6:01 pm to 10:00 pm,18.0,0,Evening,Fall,3801,203,Mission,Mission,21801(a),"21801(a,b)",Violation of right-of-way - left turn,AA,Vehicle(s) Only Involved,4455,2,2,57659,2
4802,41620,5483563.0,2012-01-15 18:36:00,2012 January 15,18:36:00,2012,January,Sunday,6:01 pm to 10:00 pm,18.0,1,Evening,Winter,3801,001607,SANFR,,22450(a),22450(a),Failure to stop at STOP sign,CC,Vehicle-Bicycle,4456,2,12,57614,1
4803,83812,230685161.0,2023-09-23 16:49:00,2023 September 23,16:49:00,2023,September,Saturday,2:01 pm to 6:00 pm,16.0,1,Afternoon,Fall,3801,1825,Southern,3B14D,22107,22107,Unsafe turn or lane change prohibited,AA,Vehicle(s) Only Involved,12902,2,1,57659,2
4804,38520,3709556.0,2008-02-27 15:19:00,2008 February 27,15:19:00,2008,February,Wednesday,2:01 pm to 6:00 pm,15.0,0,Afternoon,Winter,3801,1484,TARA,3161,21801(a),"21801(a,b)",Violation of right-of-way - left turn,AA,Vehicle(s) Only Involved,22591,2,1,57659,18
4805,9169,150038937.0,2015-01-13 15:35:00,2015 January 13,15:35:00,2015,January,Tuesday,2:01 pm to 6:00 pm,15.0,0,Afternoon,Winter,3801,4256,BAYVIEW,3C11D,21954(a),21954(a),Pedestrians must yield right-of-way outside of crosswalks,BB,Vehicle-Pedestrian,4459,2,2,57649,2
4806,28461,5545063.0,2012-01-28 15:20:00,2012 January 28,15:20:00,2012,January,Saturday,2:01 pm to 6:00 pm,15.0,1,Afternoon,Winter,3801,2414,A,3A60,21956(a),21956(a),Pedestrian on roadway prohibited,BB,Vehicle-Pedestrian,4460,2,23,57622,1
4807,37903,130938040.0,2013-11-05 07:14:00,2013 November 05,07:14:00,2013,November,Tuesday,6:01 am to 10:00 am,7.0,0,Morning,Fall,3801,1171,TARAVAL,4B61,22350,22350,Unsafe speed for prevailing conditions,AA,Vehicle(s) Only Involved,4057,2,1,57658,3
4808,59429,220874073.0,2022-12-22 01:22:00,2022 December 22,01:22:00,2022,December,Thursday,10:01 pm to 2:00 am,1.0,0,Night,Winter,3801,1252,Richmond,G3,23153(a),23153(a-g),Driving under influence causing injury,AA,Vehicle(s) Only Involved,4461,2,3,57658,1
4809,8657,150526409.0,2015-06-16 15:52:00,2015 June 16,15:52:00,2015,June,Tuesday,2:01 pm to 6:00 pm,15.0,0,Afternoon,Summer,3801,4330,MISSION,3D14D,21802(a),"21802(a,b)",Violation of right-of-way - entering through highway,AA,Vehicle(s) Only Involved,28206,2,1,57659,13
4810,84967,240101492.0,2024-02-15 12:51:00,2024 February 15,12:51:00,2024,February,Thursday,10:01 am to 2:00 pm,12.0,0,Afternoon,Winter,3801,1513,Richmond,3G13A,21456(a),"21456(a,c)",Pedestrian violation of walk or wait signals,BB,Vehicle-Pedestrian,40605,2,47,49217,1
4811,28757,4395864.0,2009-09-02 20:35:00,2009 September 02,20:35:00,2009,September,Wednesday,6:01 pm to 10:00 pm,20.0,0,Evening,Fall,3801,2076,3E,3E14D,22107,22107,Unsafe turn or lane change prohibited,CC,Vehicle-Bicycle,4464,2,12,57614,1
4812,14483,3318096.0,2007-08-01 16:25:00,2007 August 01,16:25:00,2007,August,Wednesday,2:01 pm to 6:00 pm,16.0,0,Afternoon,Summer,3801,2175,SOUTH,4B5H,22107,22107,Unsafe turn or lane change prohibited,CC,Vehicle-Bicycle,4465,2,2,57390,2
4813,2136,130522693.0,2013-06-25 20:43:00,2013 June 25,20:43:00,2013,June,Tuesday,6:01 pm to 10:00 pm,20.0,0,Evening,Summer,3801,241,CO H,4B3H,22350,22350,Unsafe speed for prevailing conditions,AA,Vehicle(s) Only Involved,4466,2,12,57658,1
4814,59344,220784319.0,2022-11-14 15:45:00,2022 November 14,15:45:00,2022,November,Monday,2:01 pm to 6:00 pm,15.0,0,Afternoon,Fall,3801,380,Central,1 Car,22350,22350,Unsafe speed for prevailing conditions,BB,Vehicle-Pedestrian,4467,2,2,57649,1
4815,596,3497518.0,2007-11-19 15:47:00,2007 November 19,15:47:00,2007,November,Monday,2:01 pm to 6:00 pm,15.0,0,Afternoon,Fall,3801,1519,BAYVI,3C15B,21802(a),"21802(a,b)",Violation of right-of-way - entering through highway,AA,Vehicle(s) Only Involved,4468,1,2,57659,1
4816,36644,150859147.0,2015-10-01 06:30:00,2015 October 01,06:30:00,2015,October,Thursday,6:01 am to 10:00 am,6.0,0,Morning,Fall,3801,2482,TARAVAL,3116A,21658(a),"21658(a,b)",Lane straddling or failure to use specified lanes,AA,Vehicle(s) Only Involved,4533,1,2,57659,2