collision_id,unique_id,case_id_pkey,collision_datetime,collision_date,collision_time,accident_year,month,day_of_week,time_cat,hour_of_day,is_weekend,time_of_day,season,juris,officer_id,reporting_district,beat_number,vz_pcf_code,vz_pcf_group,vz_pcf_description,dph_col_grp,dph_col_grp_description,location_id,weather_id,road_id,party_id,severity_id
5388,30924,5477501.0,2011-12-15 15:22:00,2011 December 15,15:22:00,2011,December,Thursday,2:01 pm to 6:00 pm,15.0,0,Afternoon,Winter,3801,1073,PARK,4B2G,21651(a),21651(a),Crossing dividing section on freeway prohibited,BB,Vehicle-Pedestrian,4959,2,1,57649,1
5389,86347,240522478.0,2024-08-20 19:01:00,2024 August 20,19:01:00,2024,August,Tuesday,6:01 pm to 10:00 pm,19.0,0,Evening,Summer,3801,438,Northern,3E12D,22107,22107,Unsafe turn or lane change prohibited,AA,Vehicle(s) Only Involved,4960,2,1,55753,1
5390,48311,190654214.0,2019-09-02 21:46:00,2019 September 02,21:46:00,2019,September,Monday,6:01 pm to 10:00 pm,21.0,0,Night,Fall,3801,1713,Taraval,3I15E,22350,22350,Unsafe speed for prevailing conditions,AA,Vehicle(s) Only Involved,4606,2,3,57658,1
5391,21310,151056691.0,2015-12-06 15:02:00,2015 December 06,15:02:00,2015,December,Sunday,2:01 pm to 6:00 pm,15.0,1,Afternoon,Winter,3801,2108,NORTHERN,3E13C,21658(a),"21658(a,b)",Lane straddling or failure to use specified lanes,AA,Vehicle(s) Only Involved,4961,1,2,57660,1
5392,40510,2150124.0,2005-07-16 15:00:00,2005 July 16,15:00:00,2005,July,Saturday,2:01 pm to 6:00 pm,15.0,1,Afternoon,Summer,3801,001593,PARK,4B5I,21658(a),"21658(a,b)",Lane straddling or failure to use specified lanes,AA,Vehicle(s) Only Involved,4962,2,1,57576,1
5393,83109,230054500.0,2023-01-23 18:47:00,2023 January 23,18:47:00,2023,January,Monday,6:01 pm to 10:00 pm,18.0,0,Evening,Winter,3801,1951,Southern,B2,22106,22106,Unsafe starting or backing on highway,AA,Vehicle(s) Only Involved,4963,2,3,57659,10
5394,50358,190868932.0,2019-11-17 04:18:00,2019 November 17,04:18:00,2019,November,Sunday,2:01 am to 6:00 am,4.0,1,Night,Fall,3801,386,Ingleside,3H15E,22350,22350,Unsafe speed for prevailing conditions,AA,Vehicle(s) Only Involved,4964,2,12,57654,1
5395,59766,220799409.0,2022-11-20 14:31:00,2022 November 20,14:31:00,2022,November,Sunday,2:01 pm to 6:00 pm,14.0,1,Afternoon,Fall,3801,2400,Bayview,4-CAR,21950(a),"21950(a,c)",Driver or bicyclist to yield right-of-way at crosswalks,BB,Vehicle-Pedestrian,4965,2,1,57649,2
5396,13789,6070977.0,2012-07-08 18:37:00,2012 July 08,18:37:00,2012,July,Sunday,6:01 pm to 10:00 pm,18.0,1,Evening,Summer,3801,2254,COB,3B15D,21801(a),"21801(a,b)",Violation of right-of-way - left turn,CC,Vehicle-Bicycle,4966,2,2,57390,2
5397,31624,2885919.0,2006-10-24 12:18:00,2006 October 24,12:18:00,2006,October,Tuesday,10:01 am to 2:00 pm,12.0,0,Afternoon,Fall,3801,334,RICHM,3G2A,Unknown,Unknown,Unknown,AA,Vehicle(s) Only Involved,4967,2,2,57033,2
5398,47029,190310591.0,2019-05-01 16:30:00,2019 May 01,16:30:00,2019,May,Wednesday,2:01 pm to 6:00 pm,16.0,0,Afternoon,Spring,3801,1601,Park,,21760(d),21760(d),Overtaking or passing bicycle without slowing to reasonable speed,CC,Vehicle-Bicycle,4817,2,1,57614,1
5399,59878,220686113.0,2022-10-06 12:30:00,2022 October 06,12:30:00,2022,October,Thursday,10:01 am to 2:00 pm,12.0,0,Afternoon,Fall,3801,1396,Southern,3B13A,22100(b),"22100(a,b)",Turn at intersection from wrong position,AA,Vehicle(s) Only Involved,4968,2,2,57237,2
5400,44469,2409251.0,2006-01-05 16:49:00,2006 January 05,16:49:00,2006,January,Thursday,2:01 pm to 6:00 pm,16.0,0,Afternoon,Winter,3801,246,,4B7E,21658(a),"21658(a,b)",Lane straddling or failure to use specified lanes,AA,Vehicle(s) Only Involved,4969,2,12,57660,2
5401,82504,230846686.0,2023-12-01 18:03:00,2023 December 01,18:03:00,2023,December,Friday,6:01 pm to 10:00 pm,18.0,0,Evening,Winter,3801,2407,Mission,3D14D,21801(a),"21801(a,b)",Violation of right-of-way - left turn,CC,Vehicle-Bicycle,31051,2,65,57621,1
5402,1849,3342637.0,2007-08-17 18:27:00,2007 August 17,18:27:00,2007,August,Friday,6:01 pm to 10:00 pm,18.0,0,Evening,Summer,3801,821,INGLE,4B8F,23153(a),23153(a-g),Driving under influence causing injury,BB,Vehicle-Pedestrian,39570,2,1,57649,1
5403,30392,130334909.0,2013-04-24 11:37:00,2013 April 24,11:37:00,2013,April,Wednesday,10:01 am to 2:00 pm,11.0,0,Morning,Spring,3801,4287,NORTHERN,3E12C,22350,22350,Unsafe speed for prevailing conditions,AA,Vehicle(s) Only Involved,4972,6,12,57576,1
5404,57557,220150033.0,2022-03-06 13:25:00,2022 March 06,13:25:00,2022,March,Sunday,10:01 am to 2:00 pm,13.0,1,Afternoon,Spring,3801,1297,Park,3F14A,Other Than Driver,Unknown,Unknown,CC,Vehicle-Bicycle,37731,2,1,56230,2
5405,84179,230453548.0,2023-07-01 07:02:00,2023 July 01,07:02:00,2023,July,Saturday,6:01 am to 10:00 am,7.0,1,Morning,Summer,3801,,Ingleside,3H16A,21950(a),"21950(a,c)",Driver or bicyclist to yield right-of-way at crosswalks,BB,Vehicle-Pedestrian,4974,2,1,57649,2
5406,58692,220526688.0,2022-08-07 17:28:00,2022 August 07,17:28:00,2022,August,Sunday,2:01 pm to 6:00 pm,17.0,1,Evening,Summer,3801,#2008,Mission,3D15D,Unknown,Unknown,Unknown,BB,Vehicle-Pedestrian,26921,2,1,57566,2
5407,59161,220599027.0,2022-09-03 23:15:00,2022 September 03,23:15:00,2022,September,Saturday,10:01 pm to 2:00 am,23.0,1,Night,Fall,3801,1602,Mission,Sector 3,21453(a),"21453(a,c)",Red signal - driver or bicyclist responsibilities,AA,Vehicle(s) Only Involved,38467,2,3,57603,12
5408,82929,230062183.0,2023-01-25 11:15:00,2023 January 25,11:15:00,2023,January,Wednesday,10:01 am to 2:00 pm,11.0,0,Morning,Winter,3801,1766,Traffic,4B103,21950(a),"21950(a,c)",Driver or bicyclist to yield right-of-way at crosswalks,BB,Vehicle-Pedestrian,4976,2,1,57649,1
5409,85153,240109703.0,2024-02-19 10:03:00,2024 February 19,10:03:00,2024,February,Monday,10:01 am to 2:00 pm,10.0,0,Morning,Winter,3801,621,Central,3A13A,21950(a),"21950(a,c)",Driver or bicyclist to yield right-of-way at crosswalks,BB,Vehicle-Pedestrian,4977,4,16,57649,1
5410,5236,140028164.0,2014-01-10 15:40:00,2014 January 10,15:40:00,2014,January,Friday,2:01 pm to 6:00 pm,15.0,0,Afternoon,Winter,3801,1637,BAYVIEW,3C12C,21453(a),"21453(a,c)",Red signal - driver or bicyclist responsibilities,AA,Vehicle(s) Only Involved,5723,2,1,57659,1
5411,21824,170814369.0,2017-09-26 14:00:00,2017 September 26,14:00:00,2017,September,Tuesday,10:01 am to 2:00 pm,14.0,0,Afternoon,Fall,3801,564,NORTHERN,3E11D,Unknown,Unknown,Unknown,CC,Vehicle-Bicycle,14407,2,1,55448,2
5412,86821,240640058.0,2024-10-11 07:55:00,2024 October 11,07:55:00,2024,October,Friday,6:01 am to 10:00 am,7.0,0,Morning,Fall,3801,J.Elizondo,Central,3A11A,22106,22106,Unsafe starting or backing on highway,BB,Vehicle-Pedestrian,4979,2,2,57649,21
5413,45421,150918210.0,2015-10-20 17:50:00,2015 October 20,17:50:00,2015,October,Tuesday,2:01 pm to 6:00 pm,17.0,0,Evening,Fall,3801,1925,NORTHERN,3E16D,21802(a),"21802(a,b)",Violation of right-of-way - entering through highway,AA,Vehicle(s) Only Involved,40965,2,2,57659,8
5414,78023,210001060.0,2020-01-01 13:43:00,2020 January 01,13:43:00,2020,January,Wednesday,10:01 am to 2:00 pm,13.0,0,Afternoon,Winter,3801,970,Southern,,22101(d),22101(d),Violating special traffic control markers,CC,Vehicle-Bicycle,37797,2,1,57581,21
5415,49380,190916989.0,2019-12-05 15:19:00,2019 December 05,15:19:00,2019,December,Thursday,2:01 pm to 6:00 pm,15.0,0,Afternoon,Winter,3801,1318,Bayview,3C72,21462,21462,Failure to obey a traffic control signal,BB,Vehicle-Pedestrian,4981,1,1,57454,2
5416,6398,5484071.0,2012-01-07 12:43:00,2012 January 07,12:43:00,2012,January,Saturday,10:01 am to 2:00 pm,12.0,1,Afternoon,Winter,3801,747,MISSI,901,21453(a),"21453(a,c)",Red signal - driver or bicyclist responsibilities,CC,Vehicle-Bicycle,4982,2,44,57581,1
5417,84359,230890774.0,2023-12-21 10:50:00,2023 December 21,10:50:00,2023,December,Thursday,10:01 am to 2:00 pm,10.0,0,Morning,Winter,3801,1917,Taraval,3I4A,21801(a),"21801(a,b)",Violation of right-of-way - left turn,AA,Vehicle(s) Only Involved,25367,2,1,57659,8
5418,86857,240649373.0,2024-10-15 13:29:00,2024 October 15,13:29:00,2024,October,Tuesday,10:01 am to 2:00 pm,13.0,0,Afternoon,Fall,3801,310,Southern,3B49,21800(a),21800(a-c),Violation of right-of-way or uncontrolled intersection,AA,Vehicle(s) Only Involved,4984,2,9,57490,2
5419,13606,6142261.0,2012-05-13 18:54:00,2012 May 13,18:54:00,2012,May,Sunday,6:01 pm to 10:00 pm,18.0,1,Evening,Spring,3801,2303,MISSI,3D60,21801(a),"21801(a,b)",Violation of right-of-way - left turn,AA,Vehicle(s) Only Involved,15236,2,1,57659,1
5420,49344,190880801.0,2019-11-21 07:44:00,2019 November 21,07:44:00,2019,November,Thursday,6:01 am to 10:00 am,7.0,0,Morning,Fall,3801,796,Northern,3E15A,21950(a),"21950(a,c)",Driver or bicyclist to yield right-of-way at crosswalks,BB,Vehicle-Pedestrian,4091,2,2,57649,2
5421,25707,6076656.0,2012-07-24 17:21:00,2012 July 24,17:21:00,2012,July,Tuesday,2:01 pm to 6:00 pm,17.0,0,Evening,Summer,3801,864,COB,001,21950(a),"21950(a,c)",Driver or bicyclist to yield right-of-way at crosswalks,BB,Vehicle-Pedestrian,38209,2,1,57649,1
5422,255,2160578.0,2005-07-31 09:40:00,2005 July 31,09:40:00,2005,July,Sunday,6:01 am to 10:00 am,9.0,1,Morning,Summer,3801,649,BAYVI,4B3D,22350,22350,Unsafe speed for prevailing conditions,AA,Vehicle(s) Only Involved,4986,2,1,57660,14
5423,10504,2308642.0,2005-09-26 12:56:00,2005 September 26,12:56:00,2005,September,Monday,10:01 am to 2:00 pm,12.0,0,Afternoon,Fall,3801,2226,MISSI,3D62,22106,22106,Unsafe starting or backing on highway,BB,Vehicle-Pedestrian,4987,2,1,57649,1
5424,52633,200209547.0,2020-03-26 16:02:00,2020 March 26,16:02:00,2020,March,Thursday,2:01 pm to 6:00 pm,16.0,0,Afternoon,Spring,3801,4023,Mission,3D13C,22350,22350,Unsafe speed for prevailing conditions,CC,Vehicle-Bicycle,4988,2,1,57639,2
5425,59535,220797776.0,2022-11-19 18:35:00,2022 November 19,18:35:00,2022,November,Saturday,6:01 pm to 10:00 pm,18.0,1,Evening,Fall,3801,2046,Northern,,22350,22350,Unsafe speed for prevailing conditions,EE,Bicycle-Parked Car,4989,2,3,57302,1
5426,58066,220367329.0,2022-06-03 20:31:00,2022 June 03,20:31:00,2022,June,Friday,6:01 pm to 10:00 pm,20.0,0,Evening,Summer,3801,2017,Mission,3D16D,21801(a),"21801(a,b)",Violation of right-of-way - left turn,AA,Vehicle(s) Only Involved,4990,2,3,57659,2
5427,41371,3437869.0,2007-10-07 15:30:00,2007 October 07,15:30:00,2007,October,Sunday,2:01 pm to 6:00 pm,15.0,1,Afternoon,Fall,3801,885,I,03I,22450(a),22450(a),Failure to stop at STOP sign,AA,Vehicle(s) Only Involved,4991,2,2,57659,1
5428,82864,230282472.0,2023-04-23 17:23:00,2023 April 23,17:23:00,2023,April,Sunday,2:01 pm to 6:00 pm,17.0,1,Evening,Spring,3801,2017,Mission,3D14D,20001(a),20001(a),Duty to stop when involved in accident with injury or death,BB,Vehicle-Pedestrian,14263,2,1,57649,1
5429,58317,220429775.0,2022-06-30 14:00:00,2022 June 30,14:00:00,2022,June,Thursday,10:01 am to 2:00 pm,14.0,0,Afternoon,Summer,3801,4274,Richmond,3G13C,22450(a),22450(a),Failure to stop at STOP sign,CC,Vehicle-Bicycle,4993,2,1,57621,1
5430,9989,6076672.0,2012-07-12 10:21:00,2012 July 12,10:21:00,2012,July,Thursday,10:01 am to 2:00 pm,10.0,0,Morning,Summer,3801,1991,MISSI,901,22350,22350,Unsafe speed for prevailing conditions,BB,Vehicle-Pedestrian,4994,6,58,57649,4
5431,41365,180610038.0,2018-08-14 15:15:00,2018 August 14,15:15:00,2018,August,Tuesday,2:01 pm to 6:00 pm,15.0,0,Afternoon,Summer,3801,1900,Taraval,3I91,21658(a),"21658(a,b)",Lane straddling or failure to use specified lanes,BB,Vehicle-Pedestrian,4995,2,2,57660,2
5432,39368,151059413.0,2015-12-07 13:00:00,2015 December 07,13:00:00,2015,December,Monday,10:01 am to 2:00 pm,13.0,0,Afternoon,Winter,3801,4258,TARAVAL,1 CAR,Unknown,Unknown,Unknown,AA,Vehicle(s) Only Involved,4996,2,45,57585,1
5433,11494,2188566.0,2005-08-19 17:40:00,2005 August 19,17:40:00,2005,August,Friday,2:01 pm to 6:00 pm,17.0,0,Evening,Summer,3801,140,MISSI,3D110,22350,22350,Unsafe speed for prevailing conditions,DD,Bicycle-Pedestrian,4997,2,2,57463,3
5434,2706,6221586.0,2012-10-27 11:05:00,2012 October 27,11:05:00,2012,October,Saturday,10:01 am to 2:00 pm,11.0,1,Morning,Fall,3801,1446,,3C60,22101(d),22101(d),Violation of a turn prohibition sign,AA,Vehicle(s) Only Involved,20119,2,23,57553,8
5435,47529,190328259.0,2019-05-07 18:57:00,2019 May 07,18:57:00,2019,May,Tuesday,6:01 pm to 10:00 pm,18.0,0,Evening,Spring,3801,1062,Taraval,3I15D,21703,21703,Following too closely prohibited,AA,Vehicle(s) Only Involved,4999,2,1,57658,8
5436,79962,220838160.0,2022-12-06 22:19:00,2022 December 06,22:19:00,2022,December,Tuesday,10:01 pm to 2:00 am,22.0,0,Night,Winter,3801,4175,Traffic,4B4D,21954(a),21954(a),Pedestrians must yield right-of-way outside of crosswalks,BB,Vehicle-Pedestrian,5000,2,3,57622,6
5437,52996,200341359.0,2020-06-05 17:30:00,2020 June 05,17:30:00,2020,June,Friday,2:01 pm to 6:00 pm,17.0,0,Evening,Summer,3801,1160,Southern,3B11D,22107,22107,Unsafe turn or lane change prohibited,AA,Vehicle(s) Only Involved,5001,2,2,57660,2
5438,52961,200325143.0,2020-05-29 13:00:00,2020 May 29,13:00:00,2020,May,Friday,10:01 am to 2:00 pm,13.0,0,Afternoon,Spring,3801,2256,Ingleside,3H16C,21453(a),"21453(a,c)",Red signal - driver or bicyclist responsibilities,AA,Vehicle(s) Only Involved,27454,2,1,57659,14
5439,45336,3400208.0,2007-10-10 20:15:00,2007 October 10,20:15:00,2007,October,Wednesday,6:01 pm to 10:00 pm,20.0,0,Evening,Fall,3801,1926,,4B8B,22350,22350,Unsafe speed for prevailing conditions,AA,Vehicle(s) Only Involved,5002,2,29,57607,6
5440,21081,3466200.0,2007-11-05 08:15:00,2007 November 05,08:15:00,2007,November,Monday,6:01 am to 10:00 am,8.0,0,Morning,Fall,3801,729,NORTH,3E13A,21802(a),"21802(a,b)",Violation of right-of-way - entering through highway,AA,Vehicle(s) Only Involved,13944,2,1,57659,1
5441,59328,220740907.0,2022-10-27 18:29:00,2022 October 27,18:29:00,2022,October,Thursday,6:01 pm to 10:00 pm,18.0,0,Evening,Fall,3801,4102,Southern,3B47,22107,22107,Unsafe turn or lane change prohibited,CC,Vehicle-Bicycle,5004,2,12,57614,2
5442,59643,220891572.0,2022-12-29 16:54:00,2022 December 29,16:54:00,2022,December,Thursday,2:01 pm to 6:00 pm,16.0,0,Afternoon,Winter,3801,2342,Northern,3E4D,21950(a),"21950(a,c)",Driver or bicyclist to yield right-of-way at crosswalks,BB,Vehicle-Pedestrian,4237,4,7,57476,1
5443,41161,3342288.0,2007-08-29 17:50:00,2007 August 29,17:50:00,2007,August,Wednesday,2:01 pm to 6:00 pm,17.0,0,Evening,Summer,3801,76,,1750,22350,22350,Unsafe speed for prevailing conditions,AA,Vehicle(s) Only Involved,5005,2,2,57658,8
5444,26159,9019172.0,2006-09-09 11:15:00,2006 September 09,11:15:00,2006,September,Saturday,10:01 am to 2:00 pm,11.0,1,Morning,Fall,3801,2179,,3J62,22100(a),"22100(a,b)",Turn at intersection from wrong position,AA,Vehicle(s) Only Involved,10329,2,1,57659,11
5445,59551,220812073.0,2022-11-25 20:55:00,2022 November 25,20:55:00,2022,November,Friday,6:01 pm to 10:00 pm,20.0,0,Evening,Fall,3801,4178,Traffic,4B3A,22350,22350,Unsafe speed for prevailing conditions,AA,Vehicle(s) Only Involved,5007,2,12,57660,8
5446,53187,200332869.0,2020-06-01 19:07:00,2020 June 01,19:07:00,2020,June,Monday,6:01 pm to 10:00 pm,19.0,0,Evening,Summer,3801,2200,Northern,1,Unknown,Unknown,Unknown,AA,Vehicle(s) Only Involved,24975,2,1,57585,8
5447,3448,140525176.0,2014-06-24 23:11:00,2014 June 24,23:11:00,2014,June,Tuesday,10:01 pm to 2:00 am,23.0,0,Night,Summer,3801,1745,BAYVIEW,2,Unknown,Unknown,Unknown,FF,Bicycle Only,5009,9,12,57253,2
5448,7346,130102085.0,2013-02-05 07:50:00,2013 February 05,07:50:00,2013,February,Tuesday,6:01 am to 10:00 am,7.0,0,Morning,Winter,3801,1043,INGLESIDE,4BIH,21801(a),"21801(a,b)",Violation of right-of-way - left turn,AA,Vehicle(s) Only Involved,5010,1,2,57659,1
5449,42250,170032492.0,2017-01-12 22:24:00,2017 January 12,22:24:00,2017,January,Thursday,10:01 pm to 2:00 am,22.0,0,Night,Winter,3801,1597,RICHMOND,3G13E,21658(a),"21658(a,b)",Lane straddling or failure to use specified lanes,AA,Vehicle(s) Only Involved,5011,2,3,57553,1
5450,55235,210332489.0,2021-05-29 18:37:00,2021 May 29,18:37:00,2021,May,Saturday,6:01 pm to 10:00 pm,18.0,1,Evening,Spring,3801,2186,Northern,3E5D,21453(a),"21453(a,c)",Red signal - driver or bicyclist responsibilities,AA,Vehicle(s) Only Involved,36545,2,1,57659,3
5451,40673,5484397.0,2012-01-13 19:04:00,2012 January 13,19:04:00,2012,January,Friday,6:01 pm to 10:00 pm,19.0,0,Evening,Winter,3801,4137,TARVA,3111D,22450(a),22450(a),Failure to stop at STOP sign,CC,Vehicle-Bicycle,5013,2,3,57625,2
5452,36801,180287712.0,2018-04-18 17:25:00,2018 April 18,17:25:00,2018,April,Wednesday,2:01 pm to 6:00 pm,17.0,0,Evening,Spring,3801,4041,Taraval,3I15D,22350,22350,Unsafe speed for prevailing conditions,AA,Vehicle(s) Only Involved,5014,2,2,57658,8
5453,19029,3322837.0,2007-07-28 16:00:00,2007 July 28,16:00:00,2007,July,Saturday,2:01 pm to 6:00 pm,16.0,1,Afternoon,Summer,3801,1835,3E,3E77,Unknown,Unknown,Unknown,AA,Vehicle(s) Only Involved,30128,2,2,57658,1
5454,54706,210098829.0,2021-02-12 23:52:00,2021 February 12,23:52:00,2021,February,Friday,10:01 pm to 2:00 am,23.0,0,Night,Winter,3801,1463,Southern,B2,21650.1,21650.1,Bicycle to travel in same direction as vehicles,CC,Vehicle-Bicycle,35432,2,3,50912,2
5455,56766,210715813.0,2021-11-01 00:12:00,2021 November 01,00:12:00,2021,November,Monday,10:01 pm to 2:00 am,0.0,0,Night,Fall,3801,Price #1414,Mission,3D11E,Unknown,Unknown,Unknown,FF,Bicycle Only,2082,1,12,45919,2
5456,85127,240094273.0,2024-02-12 11:16:00,2024 February 12,11:16:00,2024,February,Monday,10:01 am to 2:00 pm,11.0,0,Morning,Winter,3801,2744,Southern,B4,21804(a),"21804(a,b)",Entering highway from alley or driveway,AA,Vehicle(s) Only Involved,5017,2,1,57128,1
5457,44977,2658456.0,2006-03-21 09:15:00,2006 March 21,09:15:00,2006,March,Tuesday,6:01 am to 10:00 am,9.0,0,Morning,Spring,3801,625,G,4B4G,22515(b),"22515(a, b)",Unattended vehicle requirements,AA,Vehicle(s) Only Involved,5018,1,1,57658,1
5458,8003,6068224.0,2012-09-07 16:30:00,2012 September 07,16:30:00,2012,September,Friday,2:01 pm to 6:00 pm,16.0,0,Afternoon,Fall,3801,1537,,,21950(a),"21950(a,c)",Driver or bicyclist to yield right-of-way at crosswalks,BB,Vehicle-Pedestrian,5019,2,1,57649,1
5459,82112,230013562.0,2023-01-05 18:08:00,2023 January 05,18:08:00,2023,January,Thursday,6:01 pm to 10:00 pm,18.0,0,Evening,Winter,3801,643,Taraval,5-car,22350,22350,Unsafe speed for prevailing conditions,AA,Vehicle(s) Only Involved,5020,3,6,57658,8
5460,59432,220855794.0,2022-12-14 13:20:00,2022 December 14,13:20:00,2022,December,Wednesday,10:01 am to 2:00 pm,13.0,0,Afternoon,Winter,3801,1358,Southern,3B12A,21453(a),"21453(a,c)",Red signal - driver or bicyclist responsibilities,AA,Vehicle(s) Only Involved,9323,2,2,57585,2
5461,83788,230672174.0,2023-09-19 05:53:00,2023 September 19,05:53:00,2023,September,Tuesday,2:01 am to 6:00 am,5.0,0,Morning,Fall,3801,1188,Ingleside,3H15D,22350,22350,Unsafe speed for prevailing conditions,AA,Vehicle(s) Only Involved,5022,2,3,57658,10
5462,48267,190614951.0,2019-08-20 13:23:00,2019 August 20,13:23:00,2019,August,Tuesday,10:01 am to 2:00 pm,13.0,0,Afternoon,Summer,3801,912,Central,3A1C,22100(a),"22100(a,b)",Turn at intersection from wrong position,AA,Vehicle(s) Only Involved,24941,2,44,57406,1
5463,22174,3724677.0,2008-03-15 15:00:00,2008 March 15,15:00:00,2008,March,Saturday,2:01 pm to 6:00 pm,15.0,1,Afternoon,Spring,3801,1187,3E,3E42A,21453(a),"21453(a,c)",Red signal - driver or bicyclist responsibilities,AA,Vehicle(s) Only Involved,33197,2,1,57585,1
5464,14751,130297658.0,2013-04-11 21:40:00,2013 April 11,21:40:00,2013,April,Thursday,6:01 pm to 10:00 pm,21.0,0,Night,Spring,3801,4063,SOUTHERN,,21208(a),"21208(a,b)",Riding outside bicycle lane prohibited,EE,Bicycle-Parked Car,5025,2,3,53240,1
5465,48026,190568007.0,2019-08-04 12:12:00,2019 August 04,12:12:00,2019,August,Sunday,10:01 am to 2:00 pm,12.0,1,Afternoon,Summer,3801,171,Central,4 Car,21955,21955,Crossing between controlled intersections (Jaywalking),BB,Vehicle-Pedestrian,5026,2,20,57622,2
5466,39955,140811919.0,2014-09-26 11:34:00,2014 September 26,11:34:00,2014,September,Friday,10:01 am to 2:00 pm,11.0,0,Morning,Fall,3801,2482,TARAVAL,3115A,21802(a),"21802(a,b)",Violation of right-of-way - entering through highway,AA,Vehicle(s) Only Involved,9916,2,1,57659,2
5467,4657,130214470.0,2013-03-14 18:54:00,2013 March 14,18:54:00,2013,March,Thursday,6:01 pm to 10:00 pm,18.0,0,Evening,Spring,3801,2088,INGLESIDE,3H18,Unknown,Unknown,Unknown,CC,Vehicle-Bicycle,5028,2,1,56954,4
5468,14543,3915497.0,2008-08-06 21:45:00,2008 August 06,21:45:00,2008,August,Wednesday,6:01 pm to 10:00 pm,21.0,0,Night,Summer,9335,18702,335,024,22107,22107,Unsafe turn or lane change prohibited,AA,Vehicle(s) Only Involved,5029,2,12,57607,1
5469,53708,200460874.0,2020-08-01 17:48:00,2020 August 01,17:48:00,2020,August,Saturday,2:01 pm to 6:00 pm,17.0,1,Evening,Summer,3801,132,Traffic,4B3F,Other Than Driver,Other Than Driver,Unknown,AA,Vehicle(s) Only Involved,5030,2,1,57653,4
5470,6340,150105031.0,2015-02-03 16:00:00,2015 February 03,16:00:00,2015,February,Tuesday,2:01 pm to 6:00 pm,16.0,0,Afternoon,Winter,3801,1014,MISSION,3D14D,Unknown,Unknown,Unknown,CC,Vehicle-Bicycle,5031,2,1,57650,4
5471,4674,130221312.0,2013-03-17 07:41:00,2013 March 17,07:41:00,2013,March,Sunday,6:01 am to 10:00 am,7.0,1,Morning,Spring,3801,1939,INGLESIDE,4B2H,21453(a),"21453(a,c)",Red signal - driver or bicyclist responsibilities,AA,Vehicle(s) Only Involved,38116,2,1,57659,2
5472,47944,190620061.0,2019-08-22 04:34:00,2019 August 22,04:34:00,2019,August,Thursday,2:01 am to 6:00 am,4.0,0,Night,Summer,3801,933,Central,3A4E,Unknown,Unknown,Unknown,AA,Vehicle(s) Only Involved,5032,2,3,57585,8
5473,18700,5386610.0,2011-11-11 04:15:00,2011 November 11,04:15:00,2011,November,Friday,2:01 am to 6:00 am,4.0,0,Night,Fall,3801,2293,SOUTH,3814E,22350,22350,Unsafe speed for prevailing conditions,CC,Vehicle-Bicycle,37797,4,13,55601,1
5474,59831,220740430.0,2022-10-27 15:15:00,2022 October 27,15:15:00,2022,October,Thursday,2:01 pm to 6:00 pm,15.0,0,Afternoon,Fall,3801,2231,Southern,3B12D,21663,21663,Operating vehicle or bicycle on sidewalk prohibited,BB,Vehicle-Pedestrian,23229,2,1,57454,1
5475,59690,220725040.0,2022-10-21 19:50:00,2022 October 21,19:50:00,2022,October,Friday,6:01 pm to 10:00 pm,19.0,0,Evening,Fall,3801,1851,Central,3A13D,21703,21703,Following too closely prohibited,AA,Vehicle(s) Only Involved,5034,2,1,57658,1
5476,86744,240630106.0,2024-10-07 07:07:00,2024 October 07,07:07:00,2024,October,Monday,6:01 am to 10:00 am,7.0,0,Morning,Fall,3801,1580,Southern,,22107,22107,Unsafe turn or lane change prohibited,AA,Vehicle(s) Only Involved,5035,2,2,57235,4
5477,48236,190585910.0,2019-08-10 12:21:00,2019 August 10,12:21:00,2019,August,Saturday,10:01 am to 2:00 pm,12.0,1,Afternoon,Summer,3801,207,Central,3A15A,21367(b),"21367(b,c)",Failure to obey traffic control or devices at construction site,BB,Vehicle-Pedestrian,5036,2,44,57649,1
5478,4588,5477462.0,2011-12-03 03:13:00,2011 December 03,03:13:00,2011,December,Saturday,2:01 am to 6:00 am,3.0,1,Night,Winter,3801,02347,INGLE,3H13E,23152(a),23152(a-g),Driving under influence of alcohol and/or drugs,AA,Vehicle(s) Only Involved,5037,2,12,57576,2
5479,58586,220539277.0,2022-08-12 10:00:00,2022 August 12,10:00:00,2022,August,Friday,6:01 am to 10:00 am,10.0,0,Morning,Summer,3801,A22051,Central,3A13A,21451(a),"21451(a,b)",Green signal - driver or bicyclist responsibilities,BB,Vehicle-Pedestrian,5788,2,1,57649,8
5480,28308,130869865.0,2013-10-14 14:20:00,2013 October 14,14:20:00,2013,October,Monday,2:01 pm to 6:00 pm,14.0,0,Afternoon,Fall,3801,1428,CENTRAL,3A60,21658(a),"21658(a,b)",Lane straddling or failure to use specified lanes,AA,Vehicle(s) Only Involved,5039,2,2,57660,1
5481,16934,160321471.0,2016-04-18 08:40:00,2016 April 18,08:40:00,2016,April,Monday,6:01 am to 10:00 am,8.0,0,Morning,Spring,3801,2334,,B3,22107,22107,Unsafe turn or lane change prohibited,AA,Vehicle(s) Only Involved,5040,6,9,57659,1
5482,52939,200313552.0,2020-05-23 12:25:00,2020 May 23,12:25:00,2020,May,Saturday,10:01 am to 2:00 pm,12.0,1,Afternoon,Spring,3801,1249,Central,3A44C,21658(a),"21658(a,b)",Lane straddling or failure to use specified lanes,AA,Vehicle(s) Only Involved,5041,2,1,57660,1