collision_id,unique_id,case_id_pkey,collision_datetime,collision_date,collision_time,accident_year,month,day_of_week,time_cat,hour_of_day,is_weekend,time_of_day,season,juris,officer_id,reporting_district,beat_number,vz_pcf_code,vz_pcf_group,vz_pcf_description,dph_col_grp,dph_col_grp_description,location_id,weather_id,road_id,party_id,severity_id
5961,59772,220808301.0,2022-11-23 20:50:00,2022 November 23,20:50:00,2022,November,Wednesday,6:01 pm to 10:00 pm,20.0,0,Evening,Fall,3801,460,Ingleside,3H11E,22350,22350,Unsafe speed for prevailing conditions,AA,Vehicle(s) Only Involved,22823,2,3,57658,31
5962,59717,220826648.0,2022-12-02 21:30:00,2022 December 02,21:30:00,2022,December,Friday,6:01 pm to 10:00 pm,21.0,0,Night,Winter,3801,1496,Ingleside,H6,21651(a)(1),21651(a)(1),"Driving over, upon, or across dividing section",AA,Vehicle(s) Only Involved,31851,2,12,57603,14
5963,47823,190578523.0,2019-08-07 18:50:00,2019 August 07,18:50:00,2019,August,Wednesday,6:01 pm to 10:00 pm,18.0,0,Evening,Summer,3801,54,Northern,3E12D,21703,21703,Following too closely prohibited,AA,Vehicle(s) Only Involved,5460,2,1,57658,1
5964,83823,230687587.0,2023-09-24 18:17:00,2023 September 24,18:17:00,2023,September,Sunday,6:01 pm to 10:00 pm,18.0,1,Evening,Fall,3801,1931,Northern,3E16D,22107,22107,Unsafe turn or lane change prohibited,AA,Vehicle(s) Only Involved,5461,2,1,57660,2
5965,42489,160092638.0,2016-02-01 08:37:00,2016 February 01,08:37:00,2016,February,Monday,6:01 am to 10:00 am,8.0,0,Morning,Winter,3801,1054,RICHMOND,G 1,22400(a),"22400(a,b)",Minimum speed law - impeding traffic flow,AA,Vehicle(s) Only Involved,5462,2,1,57658,1
5966,23307,130541615.0,2013-07-01 19:05:00,2013 July 01,19:05:00,2013,July,Monday,6:01 pm to 10:00 pm,19.0,0,Evening,Summer,3801,4246,SOUTHERN,,21703,21703,Following too closely prohibited,AA,Vehicle(s) Only Involved,5463,8,1,57658,1
5967,22600,3834821.0,2008-07-09 14:23:00,2008 July 09,14:23:00,2008,July,Wednesday,2:01 pm to 6:00 pm,14.0,0,Afternoon,Summer,3801,02122,G,4B6D,22106,22106,Unsafe starting or backing on highway,BB,Vehicle-Pedestrian,5464,2,2,57649,1
5968,10861,6221487.0,2012-12-21 22:35:00,2012 December 21,22:35:00,2012,December,Friday,10:01 pm to 2:00 am,22.0,0,Night,Winter,3801,000952,MISSI,,22350,22350,Unsafe speed for prevailing conditions,AA,Vehicle(s) Only Involved,5465,4,7,57659,1
5969,42735,6135445.0,2012-05-09 13:47:00,2012 May 09,13:47:00,2012,May,Wednesday,10:01 am to 2:00 pm,13.0,0,Afternoon,Spring,3801,1073,RICHM,4B2G,21703,21703,Following too closely prohibited,AA,Vehicle(s) Only Involved,5466,2,1,57658,8
5970,30434,150126225.0,2015-02-10 16:14:00,2015 February 10,16:14:00,2015,February,Tuesday,2:01 pm to 6:00 pm,16.0,0,Afternoon,Winter,3801,4051,NORTHERN,3E13D,21950(a),"21950(a,c)",Driver or bicyclist to yield right-of-way at crosswalks,BB,Vehicle-Pedestrian,5624,2,1,57459,2
5971,49177,190771711.0,2019-10-13 13:50:00,2019 October 13,13:50:00,2019,October,Sunday,10:01 am to 2:00 pm,13.0,1,Afternoon,Fall,3801,319,Central,3A11A,22517,22517,Opening door on traffic side when unsafe,CC,Vehicle-Bicycle,5468,2,2,57088,2
5972,13903,5386393.0,2011-10-06 17:05:00,2011 October 06,17:05:00,2011,October,Thursday,2:01 pm to 6:00 pm,17.0,0,Evening,Fall,3801,2375,,3A1C,22106,22106,Unsafe starting or backing on highway,CC,Vehicle-Bicycle,5469,2,2,57614,1
5973,14776,2145290.0,2005-01-17 10:30:00,2005 January 17,10:30:00,2005,January,Monday,10:01 am to 2:00 pm,10.0,0,Morning,Winter,3801,002137,SOUTH,00B,22350,22350,Unsafe speed for prevailing conditions,AA,Vehicle(s) Only Involved,8571,2,1,57659,8
5974,44739,6096587.0,2012-04-01 15:50:00,2012 April 01,15:50:00,2012,April,Sunday,2:01 pm to 6:00 pm,15.0,1,Afternoon,Spring,3801,1073,RICHM,4B2G,22450(a),22450(a),Failure to stop at STOP sign,AA,Vehicle(s) Only Involved,416,2,1,57659,1
5975,83223,230148567.0,2023-03-01 22:00:00,2023 March 01,22:00:00,2023,March,Wednesday,6:01 pm to 10:00 pm,22.0,0,Night,Spring,3801,4040,Southern,,21453(a),"21453(a,c)",Red signal - driver or bicyclist responsibilities,AA,Vehicle(s) Only Involved,10437,2,3,57659,4
5976,53283,200440086.0,2020-07-23 01:40:00,2020 July 23,01:40:00,2020,July,Thursday,10:01 pm to 2:00 am,1.0,0,Night,Summer,3801,246,Taraval,6 Car,23153(a),23153(a-g),Driving under influence causing injury,AA,Vehicle(s) Only Involved,5472,2,3,57658,8
5977,52955,200334558.0,2020-06-02 14:45:00,2020 June 02,14:45:00,2020,June,Tuesday,2:01 pm to 6:00 pm,14.0,0,Afternoon,Summer,3801,1023,Mission,3 Car,21801(b),"21801(a,b)",Violation of right-of-way - left turn,CC,Vehicle-Bicycle,5473,2,1,57650,2
5978,42886,140992650.0,2014-11-23 15:45:00,2014 November 23,15:45:00,2014,November,Sunday,2:01 pm to 6:00 pm,15.0,1,Afternoon,Fall,3801,1134,RICHMOND,3,22107,22107,Unsafe turn or lane change prohibited,AA,Vehicle(s) Only Involved,10316,1,1,57659,1
5979,53512,200473930.0,2020-08-07 23:35:00,2020 August 07,23:35:00,2020,August,Friday,10:01 pm to 2:00 am,23.0,0,Night,Summer,3801,1825,Ingleside,3H15E,22107,22107,Unsafe turn or lane change prohibited,AA,Vehicle(s) Only Involved,5474,2,12,57607,2
5980,35424,5484720.0,2012-01-12 16:14:00,2012 January 12,16:14:00,2012,January,Thursday,2:01 pm to 6:00 pm,16.0,0,Afternoon,Winter,3801,2082,NORTH,3E62,22350,22350,Unsafe speed for prevailing conditions,AA,Vehicle(s) Only Involved,5475,2,1,57658,1
5981,30050,5386385.0,2011-10-06 16:22:00,2011 October 06,16:22:00,2011,October,Thursday,2:01 pm to 6:00 pm,16.0,0,Afternoon,Fall,3801,2082,NORTH,3E62,21453(a),"21453(a,c)",Red signal - driver or bicyclist responsibilities,CC,Vehicle-Bicycle,2695,1,1,57621,1
5982,13930,130410929.0,2013-05-19 06:30:00,2013 May 19,06:30:00,2013,May,Sunday,6:01 am to 10:00 am,6.0,1,Morning,Spring,3801,1241,SOUTHERN,3B3A,22350,22350,Unsafe speed for prevailing conditions,AA,Vehicle(s) Only Involved,5476,2,33,57658,1
5983,13703,150961413.0,2015-11-03 17:42:00,2015 November 03,17:42:00,2015,November,Tuesday,2:01 pm to 6:00 pm,17.0,0,Evening,Fall,3801,892,SOUTHERN,3B13D,21801(a),"21801(a,b)",Violation of right-of-way - left turn,CC,Vehicle-Bicycle,35825,2,3,57581,1
5984,59968,220728721.0,2022-10-23 06:01:00,2022 October 23,06:01:00,2022,October,Sunday,6:01 am to 10:00 am,6.0,1,Morning,Fall,3801,2122,Tenderloin,3J12A,22350,22350,Unsafe speed for prevailing conditions,AA,Vehicle(s) Only Involved,1967,2,75,57564,2
5985,86076,240439760.0,2024-07-15 00:48:00,2024 July 15,00:48:00,2024,July,Monday,10:01 pm to 2:00 am,0.0,0,Night,Summer,3801,,Southern,2,22350,22350,Unsafe speed for prevailing conditions,BB,Vehicle-Pedestrian,5477,2,3,57649,2
5986,5578,130168407.0,2013-02-27 03:40:00,2013 February 27,03:40:00,2013,February,Wednesday,2:01 am to 6:00 am,3.0,0,Night,Winter,3801,4264,BAYVIEW,3C11E,21950(a),"21950(a,c)",Driver or bicyclist to yield right-of-way at crosswalks,BB,Vehicle-Pedestrian,7354,2,12,57649,1
5987,14885,160051515.0,2016-01-19 07:14:00,2016 January 19,07:14:00,2016,January,Tuesday,6:01 am to 10:00 am,7.0,0,Morning,Winter,3801,1572,,,21953,21953,Pedestrian must use tunnel or overhead crossing,BB,Vehicle-Pedestrian,5479,4,13,57522,1
5988,59778,220813429.0,2022-11-26 13:01:00,2022 November 26,13:01:00,2022,November,Saturday,10:01 am to 2:00 pm,13.0,1,Afternoon,Fall,3801,327,Mission,3D45C,21453(a),"21453(a,c)",Red signal - driver or bicyclist responsibilities,AA,Vehicle(s) Only Involved,4732,2,1,57659,1
5989,58860,220542361.0,2022-08-13 14:00:00,2022 August 13,14:00:00,2022,August,Saturday,10:01 am to 2:00 pm,14.0,1,Afternoon,Summer,3801,282,Taraval,3I41,21954(a),21954(a),Pedestrians must yield right-of-way outside of crosswalks,BB,Vehicle-Pedestrian,5480,2,2,57622,1
5990,10038,3359198.0,2007-09-04 11:30:00,2007 September 04,11:30:00,2007,September,Tuesday,10:01 am to 2:00 pm,11.0,0,Morning,Fall,3801,649,,4B2H,21802(a),"21802(a,b)",Violation of right-of-way - entering through highway,AA,Vehicle(s) Only Involved,34399,2,1,57659,1
5991,49789,190804431.0,2019-10-24 21:11:00,2019 October 24,21:11:00,2019,October,Thursday,6:01 pm to 10:00 pm,21.0,0,Night,Fall,3801,1447,Park,3F13E,Other improper driving,Unknown,Unknown,AA,Vehicle(s) Only Involved,22059,2,3,56911,1
5992,53414,200499594.0,2020-08-19 16:35:00,2020 August 19,16:35:00,2020,August,Wednesday,2:01 pm to 6:00 pm,16.0,0,Afternoon,Summer,3801,33,Richmond,3,21950(a),"21950(a,c)",Driver or bicyclist to yield right-of-way at crosswalks,BB,Vehicle-Pedestrian,5482,2,1,57649,1
5993,50422,190937424.0,2019-12-13 12:00:00,2019 December 13,12:00:00,2019,December,Friday,10:01 am to 2:00 pm,12.0,0,Afternoon,Winter,3801,230,Tenderloin,3J14A,22107,22107,Unsafe turn or lane change prohibited,AA,Vehicle(s) Only Involved,5483,2,1,57659,1
5994,59882,220694934.0,2022-10-10 02:00:00,2022 October 10,02:00:00,2022,October,Monday,10:01 pm to 2:00 am,2.0,0,Night,Fall,3801,P. Rechsteiner,Ingleside,3H13E,22450(a),22450(a),Failure to stop at STOP sign,AA,Vehicle(s) Only Involved,2990,2,12,57659,2
5995,57739,220153407.0,2022-03-07 21:54:00,2022 March 07,21:54:00,2022,March,Monday,6:01 pm to 10:00 pm,21.0,0,Night,Spring,3801,2499,Taraval,3I16E,Other Than Driver,Unknown,Unknown,BB,Vehicle-Pedestrian,2611,2,3,57566,4
5996,10485,130429663.0,2013-05-25 02:14:00,2013 May 25,02:14:00,2013,May,Saturday,2:01 am to 6:00 am,2.0,1,Night,Spring,3801,4295,MISSION,3D13E,22106,22106,Unsafe starting or backing on highway,AA,Vehicle(s) Only Involved,5484,2,3,57659,2
5997,8315,6135368.0,2012-05-11 18:05:00,2012 May 11,18:05:00,2012,May,Friday,6:01 pm to 10:00 pm,18.0,0,Evening,Spring,3801,4108,BAYVI,3C11D,22350,22350,Unsafe speed for prevailing conditions,AA,Vehicle(s) Only Involved,5485,2,2,57583,1
5998,82507,230851726.0,2023-12-04 09:41:00,2023 December 04,09:41:00,2023,December,Monday,6:01 am to 10:00 am,9.0,0,Morning,Winter,3801,1892,Richmond,3G60,22106,22106,Unsafe starting or backing on highway,AA,Vehicle(s) Only Involved,5486,1,1,55413,1
5999,6926,6221526.0,2012-10-14 09:03:00,2012 October 14,09:03:00,2012,October,Sunday,6:01 am to 10:00 am,9.0,1,Morning,Fall,3801,444,H,3H2,23114(a),23114(a),Spilling load on highway prohibited,AA,Vehicle(s) Only Involved,7205,1,154,57237,2
6000,19438,130384095.0,2013-05-10 13:38:00,2013 May 10,13:38:00,2013,May,Friday,10:01 am to 2:00 pm,13.0,0,Afternoon,Spring,3801,4288,PARK,3F67,21453(d),21453(d),Red signal - pedestrian responsibilities,BB,Vehicle-Pedestrian,7401,2,1,57123,1
6001,85960,240410732.0,2024-07-01 22:08:00,2024 July 01,22:08:00,2024,July,Monday,10:01 pm to 2:00 am,22.0,0,Night,Summer,3801,4125,Richmond,3G12E,21456(a)(3),"21456(a,c)",Pedestrian violation of walk or wait signals,BB,Vehicle-Pedestrian,11055,2,3,57622,4
6002,58005,220254243.0,2022-04-18 23:15:00,2022 April 18,23:15:00,2022,April,Monday,10:01 pm to 2:00 am,23.0,0,Night,Spring,3801,2094,Southern,3B14E,22107,22107,Unsafe turn or lane change prohibited,CC,Vehicle-Bicycle,5489,1,3,57614,2
6003,47792,190524093.0,2019-07-19 17:00:00,2019 July 19,17:00:00,2019,July,Friday,2:01 pm to 6:00 pm,17.0,0,Evening,Summer,3801,32,Northern,4,22450(a),22450(a),Failure to stop at STOP sign,AA,Vehicle(s) Only Involved,5490,2,2,57659,1
6004,48215,190559896.0,2019-08-01 09:10:00,2019 August 01,09:10:00,2019,August,Thursday,6:01 am to 10:00 am,9.0,0,Morning,Summer,3801,2316,Southern,B4,22350,22350,Unsafe speed for prevailing conditions,CC,Vehicle-Bicycle,5491,2,2,57625,2
6005,39376,6142309.0,2012-05-16 19:04:00,2012 May 16,19:04:00,2012,May,Wednesday,6:01 pm to 10:00 pm,19.0,0,Evening,Spring,3801,1147,TARAV,3I60,21804(a),"21804(a,b)",Entering highway from alley or driveway,AA,Vehicle(s) Only Involved,5492,1,15,57659,8
6006,55346,210218124.0,2021-04-08 16:51:00,2021 April 08,16:51:00,2021,April,Thursday,2:01 pm to 6:00 pm,16.0,0,Afternoon,Spring,3801,1803,Bayview,3C14D,21453(a),"21453(a,c)",Red signal - driver or bicyclist responsibilities,AA,Vehicle(s) Only Involved,5493,2,1,57659,1
6007,15411,2188594.0,2005-08-22 14:33:00,2005 August 22,14:33:00,2005,August,Monday,2:01 pm to 6:00 pm,14.0,0,Afternoon,Summer,3801,001278,3B61,005,21804(a),"21804(a,b)",Entering highway from alley or driveway,BB,Vehicle-Pedestrian,5494,2,2,57476,1
6008,57112,210018930.0,2021-01-09 12:30:00,2021 January 09,12:30:00,2021,January,Saturday,10:01 am to 2:00 pm,12.0,1,Afternoon,Winter,3801,2483,Northern,3E14C,22350,22350,Unsafe speed for prevailing conditions,AA,Vehicle(s) Only Involved,5495,2,1,57658,1
6009,82539,230159718.0,2023-03-06 11:30:00,2023 March 06,11:30:00,2023,March,Monday,10:01 am to 2:00 pm,11.0,0,Morning,Spring,3801,4259,Richmond,3G13A,22107,22107,Unsafe turn or lane change prohibited,AA,Vehicle(s) Only Involved,5496,2,8,57475,10
6010,53217,200413776.0,2020-07-10 18:55:00,2020 July 10,18:55:00,2020,July,Friday,6:01 pm to 10:00 pm,18.0,0,Evening,Summer,3801,1058,Ingleside,3H13D,21950(b),21950(b),Pedestrian suddenly entering into vehicle path close enough to create an immediate hazard,AA,Vehicle(s) Only Involved,5497,2,1,57659,1
6011,52698,200213918.0,2020-03-29 18:21:00,2020 March 29,18:21:00,2020,March,Sunday,6:01 pm to 10:00 pm,18.0,1,Evening,Spring,3801,1116,Mission,3D30,21208(b),"21208(a,b)",Riding outside bicycle lane prohibited,EE,Bicycle-Parked Car,5498,2,2,57302,4
6012,11499,3844980.0,2008-08-12 12:31:00,2008 August 12,12:31:00,2008,August,Tuesday,10:01 am to 2:00 pm,12.0,0,Afternoon,Summer,3801,1149,COD,4B2B,21950(b),21950(b),Pedestrian suddenly entering into vehicle path close enough to create an immediate hazard,BB,Vehicle-Pedestrian,5499,2,1,57622,4
6013,1561,3787632.0,2008-06-21 18:58:00,2008 June 21,18:58:00,2008,June,Saturday,6:01 pm to 10:00 pm,18.0,1,Evening,Summer,3801,1888,3801,00H,22450(a),22450(a),Failure to stop at STOP sign,AA,Vehicle(s) Only Involved,5500,2,8,57659,8
6014,48845,190928815.0,2019-12-10 08:23:00,2019 December 10,08:23:00,2019,December,Tuesday,6:01 am to 10:00 am,8.0,0,Morning,Winter,3801,1066,Mission,3D11A,Other than driver,Not Stated,Unknown,CC,Vehicle-Bicycle,5501,1,2,5967,1
6015,14571,5479591.0,2011-12-29 15:01:00,2011 December 29,15:01:00,2011,December,Thursday,2:01 pm to 6:00 pm,15.0,0,Afternoon,Winter,3801,1794,SOUTH,3B60,21950(a),"21950(a,c)",Driver or bicyclist to yield right-of-way at crosswalks,BB,Vehicle-Pedestrian,5502,2,1,57649,1
6016,82198,230457108.0,2023-07-02 16:15:00,2023 July 02,16:15:00,2023,July,Sunday,2:01 pm to 6:00 pm,16.0,1,Afternoon,Summer,3801,2379,Central,3A13D,21800(c),21800(a-c),Violation of right-of-way or uncontrolled intersection,AA,Vehicle(s) Only Involved,22522,2,1,57659,1
6017,22400,3496722.0,2007-12-01 01:39:00,2007 December 01,01:39:00,2007,December,Saturday,10:01 pm to 2:00 am,1.0,1,Night,Winter,3801,000275,,3F14E,Unknown,Unknown,Unknown,AA,Vehicle(s) Only Involved,14405,2,3,57585,4
6018,27713,3371081.0,2007-09-14 12:42:00,2007 September 14,12:42:00,2007,September,Friday,10:01 am to 2:00 pm,12.0,0,Afternoon,Fall,3801,001751,,4B1B,21950(a),"21950(a,c)",Driver or bicyclist to yield right-of-way at crosswalks,BB,Vehicle-Pedestrian,5505,2,1,57649,1
6019,60037,220727999.0,2022-10-22 19:03:00,2022 October 22,19:03:00,2022,October,Saturday,6:01 pm to 10:00 pm,19.0,1,Evening,Fall,3801,2100,Mission,3D11D,22107,22107,Unsafe turn or lane change prohibited,AA,Vehicle(s) Only Involved,5506,2,3,57660,8
6020,10378,170754878.0,2017-09-15 15:43:00,2017 September 15,15:43:00,2017,September,Friday,2:01 pm to 6:00 pm,15.0,0,Afternoon,Fall,3801,1290,MISSION,3D,22350,22350,Unsafe speed for prevailing conditions,BB,Vehicle-Pedestrian,8935,2,1,57649,1
6021,428,160836066.0,2016-10-12 09:15:00,2016 October 12,09:15:00,2016,October,Wednesday,6:01 am to 10:00 am,9.0,0,Morning,Fall,3801,2348,INGLESIDE,3H16C,22350,22350,Unsafe speed for prevailing conditions,AA,Vehicle(s) Only Involved,5508,2,1,57585,8
6022,41239,130214624.0,2013-03-14 19:19:00,2013 March 14,19:19:00,2013,March,Thursday,6:01 pm to 10:00 pm,19.0,0,Evening,Spring,3801,49,RICHMOND,3G60,21801(a),"21801(a,b)",Violation of right-of-way - left turn,AA,Vehicle(s) Only Involved,31861,2,3,57585,1
6023,20161,140240998.0,2014-03-21 22:45:00,2014 March 21,22:45:00,2014,March,Friday,10:01 pm to 2:00 am,22.0,0,Night,Spring,3801,1533,SOUTHERN,3B14E,21703,21703,Following too closely prohibited,AA,Vehicle(s) Only Involved,5509,2,3,57658,1
6024,29767,3346769.0,2007-08-09 21:49:00,2007 August 09,21:49:00,2007,August,Thursday,6:01 pm to 10:00 pm,21.0,0,Night,Summer,3801,1655,NORTH,0E4,23152,23152,Under the influence of alcohol or drug,AA,Vehicle(s) Only Involved,34825,2,3,57603,2
6025,49111,190895935.0,2019-11-26 19:38:00,2019 November 26,19:38:00,2019,November,Tuesday,6:01 pm to 10:00 pm,19.0,0,Evening,Fall,3801,2379,Ingleside,3H15D,21950(a),"21950(a,c)",Driver or bicyclist to yield right-of-way at crosswalks,BB,Vehicle-Pedestrian,5511,13,13,57649,1
6026,2728,3437663.0,2007-10-05 00:28:00,2007 October 05,00:28:00,2007,October,Friday,10:01 pm to 2:00 am,0.0,0,Night,Fall,3801,000686,,3C11D,23153(a),23153(a-g),Driving under influence causing injury,AA,Vehicle(s) Only Involved,5512,2,3,57658,3
6027,14059,130174965.0,2013-03-01 10:26:00,2013 March 01,10:26:00,2013,March,Friday,10:01 am to 2:00 pm,10.0,0,Morning,Spring,3801,351,SOUTHERN,3B3A,22350,22350,Unsafe speed for prevailing conditions,AA,Vehicle(s) Only Involved,5513,2,1,57658,1
6028,48227,190573266.0,2019-08-06 08:40:00,2019 August 06,08:40:00,2019,August,Tuesday,6:01 am to 10:00 am,8.0,0,Morning,Summer,3801,610,Mission,3D11A,21703,21703,Following too closely prohibited,AA,Vehicle(s) Only Involved,5514,2,2,57658,1
6029,21566,3342292.0,2007-08-31 13:40:00,2007 August 31,13:40:00,2007,August,Friday,10:01 am to 2:00 pm,13.0,0,Afternoon,Summer,3801,000043,TENDE,1340,22350,22350,Unsafe speed for prevailing conditions,AA,Vehicle(s) Only Involved,5515,2,1,57658,14
6030,46486,190043805.0,2019-01-18 14:27:00,2019 January 18,14:27:00,2019,January,Friday,2:01 pm to 6:00 pm,14.0,0,Afternoon,Winter,3801,2239,Ingleside,3H11C,Unknown,Unknown,Unknown,AA,Vehicle(s) Only Involved,5516,2,1,51708,8
6031,17282,150118034.0,2015-02-07 19:55:00,2015 February 07,19:55:00,2015,February,Saturday,6:01 pm to 10:00 pm,19.0,1,Evening,Winter,3801,1324,MISSION,4C4,Unknown,Unknown,Unknown,BB,Vehicle-Pedestrian,5517,2,3,5983,23
6032,33687,9015297.0,2006-08-31 14:55:00,2006 August 31,14:55:00,2006,August,Thursday,2:01 pm to 6:00 pm,14.0,0,Afternoon,Summer,3801,1723,A,,21950(a),"21950(a,c)",Driver or bicyclist to yield right-of-way at crosswalks,BB,Vehicle-Pedestrian,13174,2,1,57649,1
6033,36978,130784081.0,2013-09-17 22:45:00,2013 September 17,22:45:00,2013,September,Tuesday,10:01 pm to 2:00 am,22.0,0,Night,Fall,3801,2343,TARAVAL,3B5E,21954(a),21954(a),Pedestrians must yield right-of-way outside of crosswalks,BB,Vehicle-Pedestrian,5519,2,12,57622,17
6034,21828,3435931.0,2007-10-06 19:56:00,2007 October 06,19:56:00,2007,October,Saturday,6:01 pm to 10:00 pm,19.0,1,Evening,Fall,3801,178,NORTH,3E12D,22107,22107,Unsafe turn or lane change prohibited,CC,Vehicle-Bicycle,14407,2,3,57581,2
6035,83657,230611702.0,2023-08-27 16:04:00,2023 August 27,16:04:00,2023,August,Sunday,2:01 pm to 6:00 pm,16.0,1,Afternoon,Summer,3801,2718,Bayview,3C11D,21801(a),"21801(a,b)",Violation of right-of-way - left turn,AA,Vehicle(s) Only Involved,5520,2,1,57659,13
6036,34217,3550678.0,2007-12-03 17:50:00,2007 December 03,17:50:00,2007,December,Monday,2:01 pm to 6:00 pm,17.0,0,Evening,Winter,3801,1727,CENTR,3A130,21950(b),21950(b),Pedestrian suddenly entering into vehicle path close enough to create an immediate hazard,BB,Vehicle-Pedestrian,5521,2,12,57622,1
6037,47809,190561841.0,2019-08-01 20:50:00,2019 August 01,20:50:00,2019,August,Thursday,6:01 pm to 10:00 pm,20.0,0,Evening,Summer,3801,SFPD 2211,Northern,3E12E,21950(a),"21950(a,c)",Driver or bicyclist to yield right-of-way at crosswalks,BB,Vehicle-Pedestrian,5522,2,12,57649,1
6038,5811,5477457.0,2011-12-24 08:20:00,2011 December 24,08:20:00,2011,December,Saturday,6:01 am to 10:00 am,8.0,1,Morning,Winter,3801,648,C,002,22350,22350,Unsafe speed for prevailing conditions,AA,Vehicle(s) Only Involved,5523,2,1,57658,8
6039,25805,3497569.0,2007-11-26 18:40:00,2007 November 26,18:40:00,2007,November,Monday,6:01 pm to 10:00 pm,18.0,0,Evening,Fall,3801,1417,CENTR,0A2,22106,22106,Unsafe starting or backing on highway,CC,Vehicle-Bicycle,5524,2,12,57639,1
6040,86874,240655198.0,2024-10-18 01:07:00,2024 October 18,01:07:00,2024,October,Friday,10:01 pm to 2:00 am,1.0,0,Night,Fall,3801,2279,Central,3A11E,22350,22350,Unsafe speed for prevailing conditions,AA,Vehicle(s) Only Involved,10901,2,3,57654,1
6041,21526,6143689.0,2012-10-01 20:53:00,2012 October 01,20:53:00,2012,October,Monday,6:01 pm to 10:00 pm,20.0,0,Evening,Fall,3801,2082,NORTH,3E62,22517,22517,Opening door on traffic side when unsafe,CC,Vehicle-Bicycle,9649,2,3,57390,4
6042,87617,240289145.0,2024-05-07 09:51:00,2024 May 07,09:51:00,2024,May,Tuesday,6:01 am to 10:00 am,9.0,0,Morning,Spring,3801,1572,Southern,,21954(a),21954(a),Pedestrians must yield right-of-way outside of crosswalks,BB,Vehicle-Pedestrian,37797,2,1,56779,2
6043,49402,190880011.0,2019-11-20 20:03:00,2019 November 20,20:03:00,2019,November,Wednesday,6:01 pm to 10:00 pm,20.0,0,Evening,Fall,3801,654,Park,3F11D,21801(a),"21801(a,b)",Violation of right-of-way - left turn,CC,Vehicle-Bicycle,5527,2,39,57581,2
6044,4451,2008162.0,2005-03-30 14:00:00,2005 March 30,14:00:00,2005,March,Wednesday,10:01 am to 2:00 pm,14.0,0,Afternoon,Spring,3801,001482,,3H61,21658(a),"21658(a,b)",Lane straddling or failure to use specified lanes,AA,Vehicle(s) Only Involved,5528,2,1,57654,2
6045,52963,200327036.0,2020-05-30 14:28:00,2020 May 30,14:28:00,2020,May,Saturday,2:01 pm to 6:00 pm,14.0,1,Afternoon,Spring,3801,#1622,Southern,3B13D,21453(a),"21453(a,c)",Red signal - driver or bicyclist responsibilities,AA,Vehicle(s) Only Involved,21684,2,1,57659,8
6046,7932,130598371.0,2013-07-20 21:43:00,2013 July 20,21:43:00,2013,July,Saturday,6:01 pm to 10:00 pm,21.0,1,Night,Summer,3801,4360,MISSION,901,21802(a),"21802(a,b)",Violation of right-of-way - entering through highway,CC,Vehicle-Bicycle,6730,2,3,57581,2
6047,84538,230876649.0,2023-12-14 18:10:00,2023 December 14,18:10:00,2023,December,Thursday,6:01 pm to 10:00 pm,18.0,0,Evening,Winter,3801,312,Taraval,4-Car,21950(a),"21950(a,c)",Driver or bicyclist to yield right-of-way at crosswalks,BB,Vehicle-Pedestrian,34894,2,155,57649,4
6048,8901,130293640.0,2013-04-10 16:24:00,2013 April 10,16:24:00,2013,April,Wednesday,2:01 pm to 6:00 pm,16.0,0,Afternoon,Spring,3801,2329,MISSION ST,3D60,21801(a),"21801(a,b)",Violation of right-of-way - left turn,AA,Vehicle(s) Only Involved,9251,2,1,57659,14
6049,36949,140545873.0,2014-07-01 14:25:00,2014 July 01,14:25:00,2014,July,Tuesday,2:01 pm to 6:00 pm,14.0,0,Afternoon,Summer,3801,1081,TARAVAL,3116B,22350,22350,Unsafe speed for prevailing conditions,AA,Vehicle(s) Only Involved,5532,1,2,57619,8
6050,39941,9004188.0,2006-08-21 22:40:00,2006 August 21,22:40:00,2006,August,Monday,10:01 pm to 2:00 am,22.0,0,Night,Summer,3801,001324,TARAV,3161,21703,21703,Following too closely prohibited,AA,Vehicle(s) Only Involved,5533,2,42,57658,1
6051,41146,6089127.0,2012-04-06 14:16:00,2012 April 06,14:16:00,2012,April,Friday,2:01 pm to 6:00 pm,14.0,0,Afternoon,Spring,3801,001593,TARAV,4B21,22106,22106,Unsafe starting or backing on highway,AA,Vehicle(s) Only Involved,5534,2,25,57658,1
6052,15965,3709576.0,2008-02-08 12:17:00,2008 February 08,12:17:00,2008,February,Friday,10:01 am to 2:00 pm,12.0,0,Afternoon,Winter,3801,000401,SOUTH,3B61,22517,22517,Opening door on traffic side when unsafe,EE,Bicycle-Parked Car,5535,2,2,55217,1
6053,31535,2019252.0,2005-04-05 09:00:00,2005 April 05,09:00:00,2005,April,Tuesday,6:01 am to 10:00 am,9.0,0,Morning,Spring,3801,001580,RICHM,4B4F,21801(a),"21801(a,b)",Violation of right-of-way - left turn,AA,Vehicle(s) Only Involved,33523,2,1,57659,3
6054,59577,220832742.0,2022-12-04 17:10:00,2022 December 04,17:10:00,2022,December,Sunday,2:01 pm to 6:00 pm,17.0,1,Evening,Winter,3801,221,Richmond,3G13D,21801(a),"21801(a,b)",Violation of right-of-way - left turn,CC,Vehicle-Bicycle,5536,4,156,57581,2
6055,82863,230420876.0,2023-06-18 23:10:00,2023 June 18,23:10:00,2023,June,Sunday,10:01 pm to 2:00 am,23.0,1,Night,Summer,3801,2293,Northern,6,21703,21703,Following too closely prohibited,AA,Vehicle(s) Only Involved,28796,2,3,57658,1
6056,54922,210090740.0,2021-02-09 15:30:00,2021 February 09,15:30:00,2021,February,Tuesday,2:01 pm to 6:00 pm,15.0,0,Afternoon,Winter,3801,262,Traffic,4B4E,21755(a),21755(a),Unsafe passing on right shoulder,AA,Vehicle(s) Only Involved,5538,2,2,57660,1