collision_id,unique_id,case_id_pkey,collision_datetime,collision_date,collision_time,accident_year,month,day_of_week,time_cat,hour_of_day,is_weekend,time_of_day,season,juris,officer_id,reporting_district,beat_number,vz_pcf_code,vz_pcf_group,vz_pcf_description,dph_col_grp,dph_col_grp_description,location_id,weather_id,road_id,party_id,severity_id
6249,4704,6471251.0,2012-08-12 18:00:00,2012 August 12,18:00:00,2012,August,Sunday,2:01 pm to 6:00 pm,18.0,1,Evening,Summer,3801,01268,INGLE,3H60,21453(a),"21453(a,c)",Red signal - driver or bicyclist responsibilities,AA,Vehicle(s) Only Involved,38116,1,1,57659,14
6250,37880,140393321.0,2014-05-10 17:28:00,2014 May 10,17:28:00,2014,May,Saturday,2:01 pm to 6:00 pm,17.0,1,Evening,Spring,3801,4307,TARAVAL,3115D,22350,22350,Unsafe speed for prevailing conditions,AA,Vehicle(s) Only Involved,9589,2,2,57658,4
6251,16138,6104422.0,2012-09-15 20:15:00,2012 September 15,20:15:00,2012,September,Saturday,6:01 pm to 10:00 pm,20.0,1,Evening,Fall,3801,681,COB,3B12D,21453(a),"21453(a,c)",Red signal - driver or bicyclist responsibilities,AA,Vehicle(s) Only Involved,10641,2,3,57659,12
6252,2943,140984265.0,2014-11-20 18:35:00,2014 November 20,18:35:00,2014,November,Thursday,6:01 pm to 10:00 pm,18.0,0,Evening,Fall,3801,1418,,3C15C,21950(a),"21950(a,c)",Driver or bicyclist to yield right-of-way at crosswalks,BB,Vehicle-Pedestrian,5709,4,13,57649,1
6253,59716,220889226.0,2022-12-28 17:50:00,2022 December 28,17:50:00,2022,December,Wednesday,2:01 pm to 6:00 pm,17.0,0,Evening,Winter,3801,2705,Bayview,3C11D,21453(a),"21453(a,c)",Red signal - driver or bicyclist responsibilities,BB,Vehicle-Pedestrian,30556,2,3,57476,1
6254,19474,6076636.0,2012-06-24 23:42:00,2012 June 24,23:42:00,2012,June,Sunday,10:01 pm to 2:00 am,23.0,1,Night,Summer,3801,3801,F,3F14E,22350,22350,Unsafe speed for prevailing conditions,EE,Bicycle-Parked Car,5711,2,12,51996,2
6255,57374,220067591.0,2022-01-31 00:28:00,2022 January 31,00:28:00,2022,January,Monday,10:01 pm to 2:00 am,0.0,0,Night,Winter,3801,158,Ingleside,,21703,21703,Following too closely prohibited,AA,Vehicle(s) Only Involved,5511,2,3,57658,1
6256,40828,160142302.0,2016-02-17 14:00:00,2016 February 17,14:00:00,2016,February,Wednesday,10:01 am to 2:00 pm,14.0,0,Afternoon,Winter,3801,1081,TARAVAL,3I11A,Unknown,Unknown,Unknown,AA,Vehicle(s) Only Involved,5712,2,1,57659,1
6257,55153,210271116.0,2021-05-03 16:56:00,2021 May 03,16:56:00,2021,May,Monday,2:01 pm to 6:00 pm,16.0,0,Afternoon,Spring,3801,2157,Southern,4,Other Than Driver,Unknown,Unknown,CC,Vehicle-Bicycle,5713,2,2,53253,2
6258,23544,1986260.0,2005-01-03 10:02:00,2005 January 03,10:02:00,2005,January,Monday,10:01 am to 2:00 pm,10.0,0,Morning,Winter,3801,001580,,4B4F,21950(a),"21950(a,c)",Driver or bicyclist to yield right-of-way at crosswalks,BB,Vehicle-Pedestrian,5714,2,1,57649,2
6259,33332,3724658.0,2008-03-08 12:00:00,2008 March 08,12:00:00,2008,March,Saturday,10:01 am to 2:00 pm,12.0,1,Afternoon,Spring,3801,1723,A,,22106,22106,Unsafe starting or backing on highway,BB,Vehicle-Pedestrian,5715,2,1,57649,2
6260,52499,200201173.0,2020-03-21 15:00:00,2020 March 21,15:00:00,2020,March,Saturday,2:01 pm to 6:00 pm,15.0,1,Afternoon,Spring,3801,478,Mission,3D13C,22106,22106,Unsafe starting or backing on highway,BB,Vehicle-Pedestrian,14933,2,2,57649,2
6261,60096,220341486.0,2022-05-25 09:05:00,2022 May 25,09:05:00,2022,May,Wednesday,6:01 am to 10:00 am,9.0,0,Morning,Spring,3801,670,Ingleside,3H16A,38300,38300,"Unlawful to disobey specified sign, signal, or traffic control device",BB,Vehicle-Pedestrian,25033,2,1,57649,2
6262,47812,190563950.0,2019-08-02 15:44:00,2019 August 02,15:44:00,2019,August,Friday,2:01 pm to 6:00 pm,15.0,0,Afternoon,Summer,3801,273,Richmond,3G13D,22450(a),22450(a),Failure to stop at STOP sign,AA,Vehicle(s) Only Involved,5717,2,1,57585,8
6263,27925,140513121.0,2014-06-20 19:30:00,2014 June 20,19:30:00,2014,June,Friday,6:01 pm to 10:00 pm,19.0,0,Evening,Summer,3801,4349,CENTRAL,3A4D,21804(a),"21804(a,b)",Entering highway from alley or driveway,AA,Vehicle(s) Only Involved,5718,2,12,57660,1
6264,41068,3467848.0,2007-10-26 19:00:00,2007 October 26,19:00:00,2007,October,Friday,6:01 pm to 10:00 pm,19.0,0,Evening,Fall,3801,4212,,3I11D,22107,22107,Unsafe turn or lane change prohibited,CC,Vehicle-Bicycle,28961,2,3,57581,2
6265,11598,9019187.0,2006-08-30 08:12:00,2006 August 30,08:12:00,2006,August,Wednesday,6:01 am to 10:00 am,8.0,0,Morning,Summer,3801,649,MISSI,4B2H,21954(a),21954(a),Pedestrians must yield right-of-way outside of crosswalks,BB,Vehicle-Pedestrian,5720,2,2,57622,1
6266,20133,170499654.0,2017-06-19 14:53:00,2017 June 19,14:53:00,2017,June,Monday,2:01 pm to 6:00 pm,14.0,0,Afternoon,Summer,3801,329,SOUTHERN,3B14C,22350,22350,Unsafe speed for prevailing conditions,AA,Vehicle(s) Only Involved,5721,2,2,57660,1
6267,11684,3709554.0,2008-02-25 16:47:00,2008 February 25,16:47:00,2008,February,Monday,2:01 pm to 6:00 pm,16.0,0,Afternoon,Winter,3801,2082,MISSI,4B8H,21801(a),"21801(a,b)",Violation of right-of-way - left turn,CC,Vehicle-Bicycle,5722,2,2,57581,1
6268,59114,220561004.0,2022-08-20 14:56:00,2022 August 20,14:56:00,2022,August,Saturday,2:01 pm to 6:00 pm,14.0,1,Afternoon,Summer,3801,1952,Bayview,3C12D,23152(a),23152(a-g),Driving under influence of alcohol and/or drugs,AA,Vehicle(s) Only Involved,5723,2,1,57658,1
6269,31715,3421298.0,2007-09-25 14:10:00,2007 September 25,14:10:00,2007,September,Tuesday,2:01 pm to 6:00 pm,14.0,0,Afternoon,Fall,3801,1637,A,3AIA,21451(a),"21451(a,b)",Green signal - driver or bicyclist responsibilities,BB,Vehicle-Pedestrian,5724,2,1,57649,1
6270,85061,240182890.0,2024-03-22 09:26:00,2024 March 22,09:26:00,2024,March,Friday,6:01 am to 10:00 am,9.0,0,Morning,Spring,3801,4275,Taraval,3I16A,21950(a),"21950(a,c)",Driver or bicyclist to yield right-of-way at crosswalks,BB,Vehicle-Pedestrian,5725,2,1,57649,2
6271,16723,150422249.0,2015-05-15 08:53:00,2015 May 15,08:53:00,2015,May,Friday,6:01 am to 10:00 am,8.0,0,Morning,Spring,3801,4246,,,22101(d),22101(d),Violation of a turn prohibition sign,CC,Vehicle-Bicycle,39896,2,1,57581,2
6272,47865,190589558.0,2019-08-11 20:04:00,2019 August 11,20:04:00,2019,August,Sunday,6:01 pm to 10:00 pm,20.0,1,Evening,Summer,3801,556,Southern,4,23153(a),23153(a-g),Driving under influence causing injury,AA,Vehicle(s) Only Involved,5726,2,1,56363,5
6273,47041,190322875.0,2019-05-05 22:25:00,2019 May 05,22:25:00,2019,May,Sunday,10:01 pm to 2:00 am,22.0,1,Night,Spring,3801,1679,Mission,3D14E,22106,22106,Unsafe starting or backing on highway,BB,Vehicle-Pedestrian,5727,2,3,57649,2
6274,9664,3433837.0,2007-10-28 22:50:00,2007 October 28,22:50:00,2007,October,Sunday,10:01 pm to 2:00 am,22.0,1,Night,Fall,3801,2082,,4B8H,Unknown,Unknown,Unknown,AA,Vehicle(s) Only Involved,3835,1,3,57659,8
6275,14662,130114999.0,2013-02-09 09:37:00,2013 February 09,09:37:00,2013,February,Saturday,6:01 am to 10:00 am,9.0,1,Morning,Winter,3801,251,M A I T,4C3,22106,22106,Unsafe starting or backing on highway,CC,Vehicle-Bicycle,5250,2,1,57655,6
6276,33009,6104515.0,2012-04-07 09:16:00,2012 April 07,09:16:00,2012,April,Saturday,6:01 am to 10:00 am,9.0,1,Morning,Spring,3801,191,RICHM,4B1G,Unknown,Unknown,Unknown,AA,Vehicle(s) Only Involved,5728,2,2,57555,1
6277,54438,200776881.0,2020-12-25 14:35:00,2020 December 25,14:35:00,2020,December,Friday,2:01 pm to 6:00 pm,14.0,0,Afternoon,Winter,3801,282,Taraval,3I41,22450(a),22450(a),Failure to stop at STOP sign,AA,Vehicle(s) Only Involved,5729,4,16,57659,1
6278,59435,220884975.0,2022-12-27 09:33:00,2022 December 27,09:33:00,2022,December,Tuesday,6:01 am to 10:00 am,9.0,0,Morning,Winter,3801,2039,Taraval,5,21453(c),"21453(a,c)",Red signal - driver or bicyclist responsibilities,AA,Vehicle(s) Only Involved,5730,4,16,57659,5
6279,41215,3602299.0,2008-01-15 17:17:00,2008 January 15,17:17:00,2008,January,Tuesday,2:01 pm to 6:00 pm,17.0,0,Evening,Winter,3801,1926,TARAV,4B8B,22350,22350,Unsafe speed for prevailing conditions,AA,Vehicle(s) Only Involved,5731,2,3,57658,1
6280,81979,230342731.0,2023-05-17 23:33:00,2023 May 17,23:33:00,2023,May,Wednesday,10:01 pm to 2:00 am,23.0,0,Night,Spring,3801,1602,Mission,Sector 1,22350,22350,Unsafe speed for prevailing conditions,AA,Vehicle(s) Only Involved,37140,2,3,57658,1
6281,54811,210176823.0,2021-03-20 17:39:00,2021 March 20,17:39:00,2021,March,Saturday,2:01 pm to 6:00 pm,17.0,1,Evening,Spring,3801,2408,Mission,3D11D,22107,22107,Unsafe turn or lane change prohibited,AA,Vehicle(s) Only Involved,5733,2,1,57607,1
6282,83820,230687355.0,2023-09-24 17:11:00,2023 September 24,17:11:00,2023,September,Sunday,2:01 pm to 6:00 pm,17.0,1,Evening,Fall,3801,2231,Southern,3B12D,21461(a),21461(a),Driver or bicyclist failure to obey signs or signals,CC,Vehicle-Bicycle,40236,2,1,57655,1
6283,59529,220792152.0,2022-11-17 16:03:00,2022 November 17,16:03:00,2022,November,Thursday,2:01 pm to 6:00 pm,16.0,0,Afternoon,Fall,3801,334,Bayview,C4,21954(a),21954(a),Pedestrians must yield right-of-way outside of crosswalks,BB,Vehicle-Pedestrian,5734,2,1,57123,2
6284,2445,5484069.0,2012-01-03 08:10:00,2012 January 03,08:10:00,2012,January,Tuesday,6:01 am to 10:00 am,8.0,0,Morning,Winter,3801,1430,BAYVI,3C62,22350,22350,Unsafe speed for prevailing conditions,AA,Vehicle(s) Only Involved,5735,30,4,57658,1
6285,20138,2851962.0,2006-10-20 09:45:00,2006 October 20,09:45:00,2006,October,Friday,6:01 am to 10:00 am,9.0,0,Morning,Fall,9335,010471,,015,22107,22107,Unsafe turn or lane change prohibited,AA,Vehicle(s) Only Involved,5736,2,1,56647,8
6286,58981,220451502.0,2022-07-09 03:19:00,2022 July 09,03:19:00,2022,July,Saturday,2:01 am to 6:00 am,3.0,1,Night,Summer,3801,1713,Northern,3E2E,22350,22350,Unsafe speed for prevailing conditions,AA,Vehicle(s) Only Involved,40758,1,13,57658,2
6287,59950,220711572.0,2022-10-16 17:08:00,2022 October 16,17:08:00,2022,October,Sunday,2:01 pm to 6:00 pm,17.0,1,Evening,Fall,3801,670,Ingleside,,22517,22517,Opening door on traffic side when unsafe,CC,Vehicle-Bicycle,5738,2,2,57088,2
6288,25722,141039328.0,2014-12-10 09:51:00,2014 December 10,09:51:00,2014,December,Wednesday,6:01 am to 10:00 am,9.0,0,Morning,Winter,3801,848,SOUTHERN,1,Unknown,Unknown,Unknown,FF,Bicycle Only,5739,2,1,57341,2
6289,48245,190590157.0,2019-08-12 00:41:00,2019 August 12,00:41:00,2019,August,Monday,10:01 pm to 2:00 am,0.0,0,Night,Summer,3801,1875,Ingleside,3H11E,23153(a),23153(a-g),Driving under influence causing injury,AA,Vehicle(s) Only Involved,19367,2,3,57659,8
6290,39371,150061201.0,2015-01-20 16:50:00,2015 January 20,16:50:00,2015,January,Tuesday,2:01 pm to 6:00 pm,16.0,0,Afternoon,Winter,3801,1917,TARAVAL,3111D,22350,22350,Unsafe speed for prevailing conditions,AA,Vehicle(s) Only Involved,5740,2,2,56363,1
6291,58183,220423539.0,2022-06-28 07:57:00,2022 June 28,07:57:00,2022,June,Tuesday,6:01 am to 10:00 am,7.0,0,Morning,Summer,3801,610,Mission,3D11A,21453(a),"21453(a,c)",Red signal - driver or bicyclist responsibilities,AA,Vehicle(s) Only Involved,39345,2,8,57636,13
6292,53147,200254122.0,2020-04-22 13:30:00,2020 April 22,13:30:00,2020,April,Wednesday,10:01 am to 2:00 pm,13.0,0,Afternoon,Spring,3801,2743,Southern,3B3,21453(a),"21453(a,c)",Red signal - driver or bicyclist responsibilities,AA,Vehicle(s) Only Involved,24425,2,1,57659,1
6293,84185,230487707.0,2023-07-14 21:20:00,2023 July 14,21:20:00,2023,July,Friday,6:01 pm to 10:00 pm,21.0,0,Night,Summer,3801,2457,Southern,3B14E,21954(a),21954(a),Pedestrians must yield right-of-way outside of crosswalks,BB,Vehicle-Pedestrian,6101,2,3,57622,1
6294,34588,4361741.0,2009-08-18 06:30:00,2009 August 18,06:30:00,2009,August,Tuesday,6:01 am to 10:00 am,6.0,0,Morning,Summer,3801,1529,,3A13A,Unknown,Unknown,Unknown,AA,Vehicle(s) Only Involved,5742,1,1,57585,1
6295,23811,5477497.0,2011-12-23 09:48:00,2011 December 23,09:48:00,2011,December,Friday,6:01 am to 10:00 am,9.0,0,Morning,Winter,3801,2416,SOUTH,002,21456(a),"21456(a,c)",Pedestrian violation of walk or wait signals,BB,Vehicle-Pedestrian,32713,2,1,57622,1
6296,8898,130668134.0,2013-08-12 19:15:00,2013 August 12,19:15:00,2013,August,Monday,6:01 pm to 10:00 pm,19.0,0,Evening,Summer,3801,4253,901,3801,22107,22107,Unsafe turn or lane change prohibited,CC,Vehicle-Bicycle,5744,2,25,57614,1
6297,59627,220880848.0,2022-12-24 23:55:00,2022 December 24,23:55:00,2022,December,Saturday,10:01 pm to 2:00 am,23.0,1,Night,Winter,3801,2148,Mission,3D14E,22350,22350,Unsafe speed for prevailing conditions,CC,Vehicle-Bicycle,5745,2,3,57639,2
6298,59513,220774489.0,2022-11-10 16:25:00,2022 November 10,16:25:00,2022,November,Thursday,2:01 pm to 6:00 pm,16.0,0,Afternoon,Fall,3801,2305,Traffic,4B3F,22350,22350,Unsafe speed for prevailing conditions,AA,Vehicle(s) Only Involved,5746,2,2,57660,14
6299,3705,2339137.0,2005-10-29 13:35:00,2005 October 29,13:35:00,2005,October,Saturday,10:01 am to 2:00 pm,13.0,1,Afternoon,Fall,3801,654,BAYVI,3C60,22107,22107,Unsafe turn or lane change prohibited,AA,Vehicle(s) Only Involved,5747,2,2,57584,1
6300,58697,220544527.0,2022-08-14 15:44:00,2022 August 14,15:44:00,2022,August,Sunday,2:01 pm to 6:00 pm,15.0,1,Afternoon,Summer,3801,1994,Traffic,4B3D,Unknown,Unknown,Unknown,AA,Vehicle(s) Only Involved,5748,2,1,57557,4
6301,56490,210713817.0,2021-10-31 02:53:00,2021 October 31,02:53:00,2021,October,Sunday,2:01 am to 6:00 am,2.0,1,Night,Fall,3801,933,Central,A3,Unknown,Unknown,Unknown,AA,Vehicle(s) Only Involved,5749,1,13,56568,2
6302,49934,190840902.0,2019-11-06 16:10:00,2019 November 06,16:10:00,2019,November,Wednesday,2:01 pm to 6:00 pm,16.0,0,Afternoon,Fall,3801,1398,Traffic,Northern 1 Car,Other than driver,Not Stated,Unknown,AA,Vehicle(s) Only Involved,5750,2,1,57653,1
6303,45397,150083697.0,2015-01-28 18:32:00,2015 January 28,18:32:00,2015,January,Wednesday,6:01 pm to 10:00 pm,18.0,0,Evening,Winter,3801,2076,CENTRAL,3A14D,21703,21703,Following too closely prohibited,EE,Bicycle-Parked Car,40965,2,12,57302,2
6304,53227,200418704.0,2020-07-13 12:48:00,2020 July 13,12:48:00,2020,July,Monday,10:01 am to 2:00 pm,12.0,0,Afternoon,Summer,3801,2375,Richmond,3G60,21801(a),"21801(a,b)",Violation of right-of-way - left turn,AA,Vehicle(s) Only Involved,5751,1,2,57659,2
6305,40583,150895975.0,2015-10-13 11:30:00,2015 October 13,11:30:00,2015,October,Tuesday,10:01 am to 2:00 pm,11.0,0,Morning,Fall,3801,97,PARK,3FIA,Unknown,Unknown,Unknown,AA,Vehicle(s) Only Involved,5752,2,1,57660,1
6306,61481,220770512.0,2022-11-09 10:00:00,2022 November 09,10:00:00,2022,November,Wednesday,6:01 am to 10:00 am,10.0,0,Morning,Fall,3801,624,Northern,2,21703,21703,Following too closely prohibited,AA,Vehicle(s) Only Involved,5753,2,1,57658,1
6307,60790,220002236.0,2023-01-01 20:19:00,2023 January 01,20:19:00,2023,January,Sunday,6:01 pm to 10:00 pm,20.0,1,Evening,Winter,3801,4119,Traffic,4b103,21456(a),"21456(a,c)",Pedestrian violation of walk or wait signals,BB,Vehicle-Pedestrian,5754,2,3,57280,6
6308,13594,3726604.0,2008-04-04 05:44:00,2008 April 04,05:44:00,2008,April,Friday,2:01 am to 6:00 am,5.0,0,Morning,Spring,3801,1337,MISSI,3F62,21453(a),"21453(a,c)",Red signal - driver or bicyclist responsibilities,AA,Vehicle(s) Only Involved,15236,2,3,57659,8
6309,47399,190385738.0,2019-05-29 14:40:00,2019 May 29,14:40:00,2019,May,Wednesday,2:01 pm to 6:00 pm,14.0,0,Afternoon,Spring,3801,1794,Traffic,4B1I,21657,21657,Going against one-way traffic patterns,AA,Vehicle(s) Only Involved,5756,2,2,57603,1
6310,52575,200135679.0,2020-02-22 23:34:00,2020 February 22,23:34:00,2020,February,Saturday,10:01 pm to 2:00 am,23.0,1,Night,Winter,3801,2166,Southern,3B13E,22350,22350,Unsafe speed for prevailing conditions,AA,Vehicle(s) Only Involved,5757,2,3,57659,17
6311,86025,240430445.0,2024-07-10 16:19:00,2024 July 10,16:19:00,2024,July,Wednesday,2:01 pm to 6:00 pm,16.0,0,Afternoon,Summer,3801,1205,Tenderloin,3J15D,21453(d),21453(d),Red signal - pedestrian responsibilities,BB,Vehicle-Pedestrian,5758,2,1,57622,2
6312,39061,130838337.0,2013-10-04 14:10:00,2013 October 04,14:10:00,2013,October,Friday,2:01 pm to 6:00 pm,14.0,0,Afternoon,Fall,3801,1053,TARAVAL,3191A,21756(a),21756(a-c),"Unsafe passing of standing streetcar, trolley coach, or bus safety zones",BB,Vehicle-Pedestrian,5759,2,1,57649,2
6313,24844,130340655.0,2013-04-26 04:06:00,2013 April 26,04:06:00,2013,April,Friday,2:01 am to 6:00 am,4.0,0,Night,Spring,3801,1458,TENDERLOIN,3J13E,21950(b),21950(b),Pedestrian suddenly entering into vehicle path close enough to create an immediate hazard,BB,Vehicle-Pedestrian,7460,2,3,57622,1
6314,48969,190846966.0,2019-11-08 17:55:00,2019 November 08,17:55:00,2019,November,Friday,2:01 pm to 6:00 pm,17.0,0,Evening,Fall,3801,323,Central,3A5D,Unknown,Unknown,Unknown,CC,Vehicle-Bicycle,5760,2,12,57650,1
6315,20926,2190737.0,2005-08-05 11:55:00,2005 August 05,11:55:00,2005,August,Friday,10:01 am to 2:00 pm,11.0,0,Morning,Summer,3801,000779,,3E62,21453(a),"21453(a,c)",Red signal - driver or bicyclist responsibilities,AA,Vehicle(s) Only Involved,28701,2,1,57066,8
6316,38664,5383930.0,2011-09-19 11:10:00,2011 September 19,11:10:00,2011,September,Monday,10:01 am to 2:00 pm,11.0,0,Morning,Fall,3801,1629,TARAV,3I62,22350,22350,Unsafe speed for prevailing conditions,AA,Vehicle(s) Only Involved,5762,2,1,57659,1
6317,36573,3342252.0,2007-08-27 16:00:00,2007 August 27,16:00:00,2007,August,Monday,2:01 pm to 6:00 pm,16.0,0,Afternoon,Summer,3801,1279,TARAV,4B61,22350,22350,Unsafe speed for prevailing conditions,AA,Vehicle(s) Only Involved,5763,2,2,57583,1
6318,82740,230353904.0,2023-05-22 19:14:00,2023 May 22,19:14:00,2023,May,Monday,6:01 pm to 10:00 pm,19.0,0,Evening,Spring,3801,2238,Bayview,3C15D,22350,22350,Unsafe speed for prevailing conditions,AA,Vehicle(s) Only Involved,5764,2,2,57603,1
6319,84764,240028830.0,2024-01-13 17:31:00,2024 January 13,17:31:00,2024,January,Saturday,2:01 pm to 6:00 pm,17.0,1,Evening,Winter,3801,1825,Southern,3B4D,21658(a),"21658(a,b,c)",Lane straddling or failure to use specified lanes,AA,Vehicle(s) Only Involved,5765,4,7,57660,1
6320,27299,130444871.0,2013-05-30 08:35:00,2013 May 30,08:35:00,2013,May,Thursday,6:01 am to 10:00 am,8.0,0,Morning,Spring,3801,1887,TRAFFIC MT,4K1C,21950(a),"21950(a,c)",Driver or bicyclist to yield right-of-way at crosswalks,BB,Vehicle-Pedestrian,5766,2,1,57649,1
6321,58193,220419516.0,2022-06-26 16:46:00,2022 June 26,16:46:00,2022,June,Sunday,2:01 pm to 6:00 pm,16.0,1,Afternoon,Summer,3801,#2008,Mission,3D15D,21954(a),21954(a),Pedestrians must yield right-of-way outside of crosswalks,BB,Vehicle-Pedestrian,5767,2,2,57622,1
6322,53514,200464456.0,2020-08-03 17:12:00,2020 August 03,17:12:00,2020,August,Monday,2:01 pm to 6:00 pm,17.0,0,Evening,Summer,3801,4324,Richmond,5 car,21453(a),"21453(a,c)",Red signal - driver or bicyclist responsibilities,AA,Vehicle(s) Only Involved,5768,2,1,57659,8
6323,56750,210699740.0,2021-10-25 17:10:00,2021 October 25,17:10:00,2021,October,Monday,2:01 pm to 6:00 pm,17.0,0,Evening,Fall,3801,233,Mission,3D,22450(a),22450(a),Failure to stop at STOP sign,AA,Vehicle(s) Only Involved,5769,2,1,57564,2
6324,53814,200589866.0,2020-09-30 20:20:00,2020 September 30,20:20:00,2020,September,Wednesday,6:01 pm to 10:00 pm,20.0,0,Evening,Fall,3801,1937,Park,3F13D,22107,22107,Unsafe turn or lane change prohibited,CC,Vehicle-Bicycle,21269,2,3,57655,2
6325,13517,3235102.0,2007-06-15 12:54:00,2007 June 15,12:54:00,2007,June,Friday,10:01 am to 2:00 pm,12.0,0,Afternoon,Summer,3801,001870,,3B62,21800(d),"21800(d)(1,2)",Violation of right-of-way or controlled intersection with inoperative control signals,AA,Vehicle(s) Only Involved,5771,2,30,57659,8
6326,59408,220852198.0,2022-12-13 07:02:00,2022 December 13,07:02:00,2022,December,Tuesday,6:01 am to 10:00 am,7.0,0,Morning,Winter,3801,2161,Mission,3D14A,22350,22350,Unsafe speed for prevailing conditions,AA,Vehicle(s) Only Involved,5772,2,2,57658,1
6327,85431,240047620.0,2024-01-22 13:36:00,2024 January 22,13:36:00,2024,January,Monday,10:01 am to 2:00 pm,13.0,0,Afternoon,Winter,3801,2229,Tenderloin,,21955(a),21955(a-b),Crossing between controlled intersections (Jaywalking),BB,Vehicle-Pedestrian,15087,2,1,57622,1
6328,10806,180218284.0,2018-03-23 17:05:00,2018 March 23,17:05:00,2018,March,Friday,2:01 pm to 6:00 pm,17.0,0,Evening,Spring,3801,2097,Mission,2 CAR,22107,22107,Unsafe turn or lane change prohibited,AA,Vehicle(s) Only Involved,5773,2,2,57659,8
6329,54058,200653358.0,2020-10-29 16:20:00,2020 October 29,16:20:00,2020,October,Thursday,2:01 pm to 6:00 pm,16.0,0,Afternoon,Fall,3801,2132,Park,3F60,21804(a),"21804(a,b)",Entering highway from alley or driveway,CC,Vehicle-Bicycle,5774,2,1,57581,2
6330,24037,130252652.0,2013-03-27 13:01:00,2013 March 27,13:01:00,2013,March,Wednesday,10:01 am to 2:00 pm,13.0,0,Afternoon,Spring,3801,2450,SOUTHERN,3B14C,Unknown,Unknown,Unknown,FF,Bicycle Only,5775,2,2,57524,4
6331,59864,220717984.0,2022-10-19 08:40:00,2022 October 19,08:40:00,2022,October,Wednesday,6:01 am to 10:00 am,8.0,0,Morning,Fall,3801,2348,Ingleside,3H14A,22107,22107,Unsafe turn or lane change prohibited,AA,Vehicle(s) Only Involved,1479,2,27,57659,1
6332,48098,190547493.0,2019-07-28 02:38:00,2019 July 28,02:38:00,2019,July,Sunday,2:01 am to 6:00 am,2.0,1,Night,Summer,3801,488,Ingleside,3H15E,21650,21650,Failure to keep to right side of road,AA,Vehicle(s) Only Involved,5776,2,12,57496,3
6333,20811,5386085.0,2011-09-21 19:22:00,2011 September 21,19:22:00,2011,September,Wednesday,6:01 pm to 10:00 pm,19.0,0,Evening,Fall,3801,1916,NORTH,3612D,21201(d),21201(a-d),Equipment requirements for bicycles,CC,Vehicle-Bicycle,5777,2,3,57625,1
6334,59558,220815390.0,2022-11-27 12:47:00,2022 November 27,12:47:00,2022,November,Sunday,10:01 am to 2:00 pm,12.0,1,Afternoon,Fall,3801,2455,Central,3A15C,22350,22350,Unsafe speed for prevailing conditions,AA,Vehicle(s) Only Involved,5778,2,2,57654,1
6335,82916,230290356.0,2023-04-26 17:05:00,2023 April 26,17:05:00,2023,April,Wednesday,2:01 pm to 6:00 pm,17.0,0,Evening,Spring,3801,19,Bayview,901,22350,22350,Unsafe speed for prevailing conditions,AA,Vehicle(s) Only Involved,7540,2,1,57659,1
6336,55826,210555910.0,2021-08-30 09:26:00,2021 August 30,09:26:00,2021,August,Monday,6:01 am to 10:00 am,9.0,0,Morning,Summer,3801,156,Bayview,3C60,22350,22350,Unsafe speed for prevailing conditions,AA,Vehicle(s) Only Involved,26019,2,2,57608,1
6337,39640,6221969.0,2012-11-02 23:35:00,2012 November 02,23:35:00,2012,November,Friday,10:01 pm to 2:00 am,23.0,0,Night,Fall,3801,4212,3801,3I2E,21802(a),"21802(a,b)",Violation of right-of-way - entering through highway,AA,Vehicle(s) Only Involved,5781,2,12,57659,8
6338,20543,3319365.0,2007-08-10 19:28:00,2007 August 10,19:28:00,2007,August,Friday,6:01 pm to 10:00 pm,19.0,0,Evening,Summer,3801,2175,,4B5H,22101(d),22101(d),Violation of a turn prohibition sign,AA,Vehicle(s) Only Involved,33344,2,1,57659,1
6339,19490,6073002.0,2012-05-01 12:51:00,2012 May 01,12:51:00,2012,May,Tuesday,10:01 am to 2:00 pm,12.0,0,Afternoon,Spring,3801,004149,,,22517,22517,Opening door on traffic side when unsafe,EE,Bicycle-Parked Car,5783,2,2,57227,1
6340,42013,130565405.0,2013-07-09 22:43:00,2013 July 09,22:43:00,2013,July,Tuesday,10:01 pm to 2:00 am,22.0,0,Night,Summer,3801,1036,RICHMOND,,22350,22350,Unsafe speed for prevailing conditions,AA,Vehicle(s) Only Involved,5784,33,94,57607,12
6341,59372,220806189.0,2022-11-23 09:36:00,2022 November 23,09:36:00,2022,November,Wednesday,6:01 am to 10:00 am,9.0,0,Morning,Fall,3801,2122,Tenderloin,3J12A,21950(a),"21950(a,c)",Driver or bicyclist to yield right-of-way at crosswalks,BB,Vehicle-Pedestrian,5785,2,1,57476,1
6342,58684,220500648.0,2022-07-28 14:55:00,2022 July 28,14:55:00,2022,July,Thursday,2:01 pm to 6:00 pm,14.0,0,Afternoon,Summer,3801,Green #301,Ingleside,3H13C,Unknown,Unknown,Unknown,AA,Vehicle(s) Only Involved,5786,1,1,57631,8
6343,26680,160244384.0,2016-03-24 09:30:00,2016 March 24,09:30:00,2016,March,Thursday,6:01 am to 10:00 am,9.0,0,Morning,Spring,3801,1572,SOUTHERN,3B1A,21955,21955,Crossing between controlled intersections (Jaywalking),BB,Vehicle-Pedestrian,5787,2,1,57622,1
6344,58935,220669034.0,2022-09-30 02:28:00,2022 September 30,02:28:00,2022,September,Friday,2:01 am to 6:00 am,2.0,0,Night,Fall,3801,317,Central,SECTOR 2,21658(a),"21658(a,b)",Lane straddling or failure to use specified lanes,AA,Vehicle(s) Only Involved,5788,2,3,57137,2