collision_id,unique_id,case_id_pkey,collision_datetime,collision_date,collision_time,accident_year,month,day_of_week,time_cat,hour_of_day,is_weekend,time_of_day,season,juris,officer_id,reporting_district,beat_number,vz_pcf_code,vz_pcf_group,vz_pcf_description,dph_col_grp,dph_col_grp_description,location_id,weather_id,road_id,party_id,severity_id
7011,14311,160099628.0,2016-02-03 13:35:00,2016 February 03,13:35:00,2016,February,Wednesday,10:01 am to 2:00 pm,13.0,0,Afternoon,Winter,3801,2039,SOUTHERN,4,22350,22350,Unsafe speed for prevailing conditions,FF,Bicycle Only,41049,2,1,57341,1
7012,43413,4416558.0,2009-09-24 15:30:00,2009 September 24,15:30:00,2009,September,Thursday,2:01 pm to 6:00 pm,15.0,0,Afternoon,Fall,3801,00868,3G,3G60,22350,22350,Unsafe speed for prevailing conditions,AA,Vehicle(s) Only Involved,6301,1,1,57658,11
7013,7311,3123976.0,2007-03-24 14:28:00,2007 March 24,14:28:00,2007,March,Saturday,2:01 pm to 6:00 pm,14.0,1,Afternoon,Spring,3801,000373,H4,3H62,22450(a),22450(a),Failure to stop at STOP sign,CC,Vehicle-Bicycle,6302,7,16,49721,1
7014,31934,4215446.0,2009-03-09 12:44:00,2009 March 09,12:44:00,2009,March,Monday,10:01 am to 2:00 pm,12.0,0,Afternoon,Spring,3801,00043,NORTH,3E61K,21453(a),"21453(a,c)",Red signal - driver or bicyclist responsibilities,AA,Vehicle(s) Only Involved,6303,2,1,57659,18
7015,27163,2829502.0,2006-09-20 13:25:00,2006 September 20,13:25:00,2006,September,Wednesday,10:01 am to 2:00 pm,13.0,0,Afternoon,Fall,3801,1723,3A62,,21703,21703,Following too closely prohibited,AA,Vehicle(s) Only Involved,6304,2,1,57658,1
7016,20104,160211634.0,2016-03-13 00:55:00,2016 March 13,00:55:00,2016,March,Sunday,10:01 pm to 2:00 am,0.0,1,Night,Spring,3801,467,SOUTHERN,3B14E,21453(a),"21453(a,c)",Red signal - driver or bicyclist responsibilities,AA,Vehicle(s) Only Involved,27630,1,3,57585,2
7017,16645,2657232.0,2006-05-28 14:24:00,2006 May 28,14:24:00,2006,May,Sunday,2:01 pm to 6:00 pm,14.0,1,Afternoon,Spring,3801,002122,B,4B6D,21950(a),"21950(a,c)",Driver or bicyclist to yield right-of-way at crosswalks,BB,Vehicle-Pedestrian,6305,2,1,57649,2
7018,8893,4041655.0,2009-01-12 09:00:00,2009 January 12,09:00:00,2009,January,Monday,6:01 am to 10:00 am,9.0,0,Morning,Winter,3801,2226,MISSI,3D61K,21209(a),21209(a),Motor vehicle in bicycle lane prohibited,CC,Vehicle-Bicycle,6306,2,1,57614,2
7019,26774,160056800.0,2016-01-20 17:54:00,2016 January 20,17:54:00,2016,January,Wednesday,2:01 pm to 6:00 pm,17.0,0,Evening,Winter,3801,878,SOUTHERN,,21663,21663,Operating vehicle or bicycle on sidewalk prohibited,BB,Vehicle-Pedestrian,6307,2,12,57522,1
7020,4558,160165263.0,2016-02-25 16:58:00,2016 February 25,16:58:00,2016,February,Thursday,2:01 pm to 6:00 pm,16.0,0,Afternoon,Winter,3801,979,INGLESIDE,3H13C,Unknown,Unknown,Unknown,AA,Vehicle(s) Only Involved,6308,2,1,57653,17
7021,18318,2022676.0,2005-01-20 07:58:00,2005 January 20,07:58:00,2005,January,Thursday,6:01 am to 10:00 am,7.0,0,Morning,Winter,3801,1870,SOUTH,3B62,21801(a),"21801(a,b)",Violation of right-of-way - left turn,AA,Vehicle(s) Only Involved,40407,2,1,57659,1
7022,26453,140884320.0,2014-10-19 08:45:00,2014 October 19,08:45:00,2014,October,Sunday,6:01 am to 10:00 am,8.0,1,Morning,Fall,3801,723,CENTRAL,519,21950(a),"21950(a,c)",Driver or bicyclist to yield right-of-way at crosswalks,BB,Vehicle-Pedestrian,5175,2,1,57649,1
7023,24952,3199990.0,2007-04-15 20:34:00,2007 April 15,20:34:00,2007,April,Sunday,6:01 pm to 10:00 pm,20.0,1,Evening,Spring,3801,985,COJ,3J12E,21658(a),"21658(a,b)",Lane straddling or failure to use specified lanes,CC,Vehicle-Bicycle,6309,2,12,57614,4
7024,33616,170035355.0,2017-01-13 22:10:00,2017 January 13,22:10:00,2017,January,Friday,10:01 pm to 2:00 am,22.0,0,Night,Winter,3801,402,CENTRAL,3A11E,22517,22517,Opening door on traffic side when unsafe,BB,Vehicle-Pedestrian,6310,2,3,57590,1
7025,5750,160793018.0,2016-09-29 21:50:00,2016 September 29,21:50:00,2016,September,Thursday,6:01 pm to 10:00 pm,21.0,0,Night,Fall,3801,2347,INGLESIDE,3H11E,22350,22350,Unsafe speed for prevailing conditions,AA,Vehicle(s) Only Involved,6311,2,12,57584,4
7026,16656,2831537.0,2006-09-24 14:33:00,2006 September 24,14:33:00,2006,September,Sunday,2:01 pm to 6:00 pm,14.0,1,Afternoon,Fall,3801,000401,SOUTH,3B61,21650,21650,Failure to keep to right side of road,BB,Vehicle-Pedestrian,6312,2,2,57649,2
7027,1410,161036053.0,2016-12-21 17:53:00,2016 December 21,17:53:00,2016,December,Wednesday,2:01 pm to 6:00 pm,17.0,0,Evening,Winter,3801,499,INGLESIDE,3H15C,21950(a),"21950(a,c)",Driver or bicyclist to yield right-of-way at crosswalks,BB,Vehicle-Pedestrian,28877,2,12,57649,1
7028,5801,3020913.0,2007-02-01 16:00:00,2007 February 01,16:00:00,2007,February,Thursday,2:01 pm to 6:00 pm,16.0,0,Afternoon,Winter,3801,1292,BAYVI,3C12D,22450(a),22450(a),Failure to stop at STOP sign,AA,Vehicle(s) Only Involved,6314,1,1,57659,1
7029,58,151025317.0,2015-11-25 13:05:00,2015 November 25,13:05:00,2015,November,Wednesday,10:01 am to 2:00 pm,13.0,0,Afternoon,Fall,3801,4119,BAYVIEW,4B5C,21460(a),"21460(a,b)",Improper turns over double lines or solid lines to right prohibited,AA,Vehicle(s) Only Involved,6315,2,2,57660,14
7030,19194,3979470.0,2008-10-31 23:24:00,2008 October 31,23:24:00,2008,October,Friday,10:01 pm to 2:00 am,23.0,0,Night,Fall,3801,1243,PARK,3192E,22350,22350,Unsafe speed for prevailing conditions,AA,Vehicle(s) Only Involved,6316,1,3,56568,1
7031,5914,140139341.0,2014-02-16 17:48:00,2014 February 16,17:48:00,2014,February,Sunday,2:01 pm to 6:00 pm,17.0,1,Evening,Winter,3801,4324,BAYVIEW,3,22350,22350,Unsafe speed for prevailing conditions,AA,Vehicle(s) Only Involved,6317,2,1,57576,4
7032,40647,180893886.0,2018-11-26 09:15:00,2018 November 26,09:15:00,2018,November,Monday,6:01 am to 10:00 am,9.0,0,Morning,Fall,3801,2402,Taraval,3i00,21756(a),21756(a-c),"Unsafe passing of standing streetcar, trolley coach, or bus safety zones",BB,Vehicle-Pedestrian,6318,2,2,57649,1
7033,83056,230112067.0,2023-02-15 11:10:00,2023 February 15,11:10:00,2023,February,Wednesday,10:01 am to 2:00 pm,11.0,0,Morning,Winter,3801,1540,Taraval,3I11A,21950(a),"21950(a,c)",Driver or bicyclist to yield right-of-way at crosswalks,BB,Vehicle-Pedestrian,6319,2,2,57532,1
7034,25474,140760140.0,2014-09-09 15:30:00,2014 September 09,15:30:00,2014,September,Tuesday,2:01 pm to 6:00 pm,15.0,0,Afternoon,Fall,3801,1849,SOUTHERN,3B15C,21954(a),21954(a),Pedestrians must yield right-of-way outside of crosswalks,BB,Vehicle-Pedestrian,6320,2,2,57525,2
7035,14969,160883302.0,2016-10-30 03:30:00,2016 October 30,03:30:00,2016,October,Sunday,2:01 am to 6:00 am,3.0,1,Night,Fall,3801,2734,TENDERLOIN,SOUTHERN,Unknown,Unknown,Unknown,AA,Vehicle(s) Only Involved,6321,2,3,57585,1
7036,14592,160699416.0,2016-08-29 10:40:00,2016 August 29,10:40:00,2016,August,Monday,10:01 am to 2:00 pm,10.0,0,Morning,Summer,3801,1083,SOUTHERN,SOUTHERN,21952,21952,Failure to yield right-of-way on sidewalk to pedestrian,BB,Vehicle-Pedestrian,6322,2,2,57649,1
7037,26804,4253408.0,2009-04-14 08:10:00,2009 April 14,08:10:00,2009,April,Tuesday,6:01 am to 10:00 am,8.0,0,Morning,Spring,3801,2060,COB,3B12A,21453(b),21453(b),Red signal - driver or bicyclist responsibilities with right turn,BB,Vehicle-Pedestrian,6323,2,1,57649,1
7038,27012,2775985.0,2006-08-16 16:22:00,2006 August 16,16:22:00,2006,August,Wednesday,2:01 pm to 6:00 pm,16.0,0,Afternoon,Summer,3801,671,SOUTH,4B8C,22517,22517,Opening door on traffic side when unsafe,CC,Vehicle-Bicycle,6324,2,2,57614,2
7039,43710,160324271.0,2016-04-20 13:49:00,2016 April 20,13:49:00,2016,April,Wednesday,10:01 am to 2:00 pm,13.0,0,Afternoon,Spring,3801,1054,RICHMOND,4,Unknown,Unknown,Unknown,AA,Vehicle(s) Only Involved,6325,2,1,57658,1
7040,28418,6096571.0,2012-04-08 20:10:00,2012 April 08,20:10:00,2012,April,Sunday,6:01 pm to 10:00 pm,20.0,1,Evening,Spring,3801,782,CENTR,0A2,22350,22350,Unsafe speed for prevailing conditions,AA,Vehicle(s) Only Involved,6326,2,3,57658,2
7041,5432,3216933.0,2007-05-06 15:37:00,2007 May 06,15:37:00,2007,May,Sunday,2:01 pm to 6:00 pm,15.0,1,Afternoon,Spring,3801,4188,,003,22350,22350,Unsafe speed for prevailing conditions,AA,Vehicle(s) Only Involved,14689,2,1,57659,8
7042,28542,160796147.0,2016-09-30 22:28:00,2016 September 30,22:28:00,2016,September,Friday,10:01 pm to 2:00 am,22.0,0,Night,Fall,3801,1061,CENTRAL,3A11E,21800(a),21800(a-c),Violation of right-of-way or uncontrolled intersection,AA,Vehicle(s) Only Involved,6327,2,29,57659,1
7043,21365,170249584.0,2017-03-27 00:34:00,2017 March 27,00:34:00,2017,March,Monday,10:01 pm to 2:00 am,0.0,0,Night,Spring,3801,629,NORTHERN,3E13E,22107,22107,Unsafe turn or lane change prohibited,AA,Vehicle(s) Only Involved,18304,2,3,57658,1
7044,610,3804766.0,2008-06-30 00:06:00,2008 June 30,00:06:00,2008,June,Monday,10:01 pm to 2:00 am,0.0,0,Night,Summer,3801,1866,POTRE,4B7I,23152(a),23152(a-g),Driving under influence of alcohol and/or drugs,AA,Vehicle(s) Only Involved,6329,2,3,57607,17
7045,21655,161050655.0,2016-12-27 15:22:00,2016 December 27,15:22:00,2016,December,Tuesday,2:01 pm to 6:00 pm,15.0,0,Afternoon,Winter,3801,481,NORTHERN,3E13C,22350,22350,Unsafe speed for prevailing conditions,AA,Vehicle(s) Only Involved,4217,2,1,57619,1
7046,31111,150994680.0,2015-11-15 11:32:00,2015 November 15,11:32:00,2015,November,Sunday,10:01 am to 2:00 pm,11.0,1,Morning,Fall,3801,1523,NORTHERN,4 CAR,21453(a),"21453(a,c)",Red signal - driver or bicyclist responsibilities,AA,Vehicle(s) Only Involved,3412,2,1,57659,11
7047,8623,3209165.0,2007-05-23 12:50:00,2007 May 23,12:50:00,2007,May,Wednesday,10:01 am to 2:00 pm,12.0,0,Afternoon,Spring,3801,1655,MISSI,3D14A,21950(a),"21950(a,c)",Driver or bicyclist to yield right-of-way at crosswalks,BB,Vehicle-Pedestrian,16154,2,1,57649,1
7048,26727,4433526.0,2009-10-26 16:30:00,2009 October 26,16:30:00,2009,October,Monday,2:01 pm to 6:00 pm,16.0,0,Afternoon,Fall,3801,00676,SOUTH,4B6C,21456(b),"21456(a,b)",Pedestrian violation of walk or wait signals,BB,Vehicle-Pedestrian,6331,2,1,57622,1
7049,3576,4077725.0,2008-12-11 10:28:00,2008 December 11,10:28:00,2008,December,Thursday,10:01 am to 2:00 pm,10.0,0,Morning,Winter,3801,266,BAYVI,3C44A,22450(a),22450(a),Failure to stop at STOP sign,AA,Vehicle(s) Only Involved,6629,2,1,57659,1
7050,29051,130298145.0,2013-04-12 03:02:00,2013 April 12,03:02:00,2013,April,Friday,2:01 am to 6:00 am,3.0,0,Night,Spring,3801,4259,NORTHERN,3E13E,Unknown,Unknown,Unknown,BB,Vehicle-Pedestrian,39077,2,1,57525,1
7051,11031,170233587.0,2017-03-21 22:12:00,2017 March 21,22:12:00,2017,March,Tuesday,10:01 pm to 2:00 am,22.0,0,Night,Spring,3801,1375,CO D,3D12E,21801(a),"21801(a,b)",Violation of right-of-way - left turn,CC,Vehicle-Bicycle,6334,1,12,57581,1
7052,14157,3049603.0,2007-02-19 11:15:00,2007 February 19,11:15:00,2007,February,Monday,10:01 am to 2:00 pm,11.0,0,Morning,Winter,3801,708,COB,4B4A,21453(a),"21453(a,c)",Red signal - driver or bicyclist responsibilities,AA,Vehicle(s) Only Involved,31539,2,1,57659,8
7053,25371,140748908.0,2014-09-05 15:56:00,2014 September 05,15:56:00,2014,September,Friday,2:01 pm to 6:00 pm,15.0,0,Afternoon,Fall,3801,183,SOUTHERN,3B12C,21209(a),21209(a),Motor vehicle in bicycle lane prohibited,CC,Vehicle-Bicycle,6335,2,1,57614,1
7054,13540,3123933.0,2007-03-13 09:27:00,2007 March 13,09:27:00,2007,March,Tuesday,6:01 am to 10:00 am,9.0,0,Morning,Spring,3801,001870,SOUTH,3B62,21453(a),"21453(a,c)",Red signal - driver or bicyclist responsibilities,AA,Vehicle(s) Only Involved,1905,2,1,57659,1
7055,18125,160392961.0,2016-05-13 23:05:00,2016 May 13,23:05:00,2016,May,Friday,10:01 pm to 2:00 am,23.0,0,Night,Spring,3801,2038,F,3F4E,22450(a),22450(a),Failure to stop at STOP sign,CC,Vehicle-Bicycle,29578,2,3,57621,2
7056,20510,3011329.0,2007-01-17 14:22:00,2007 January 17,14:22:00,2007,January,Wednesday,2:01 pm to 6:00 pm,14.0,0,Afternoon,Winter,3801,001870,SOUTH,3B62,22350,22350,Unsafe speed for prevailing conditions,CC,Vehicle-Bicycle,6336,2,1,57390,1
7057,33862,170446774.0,2017-05-31 18:32:00,2017 May 31,18:32:00,2017,May,Wednesday,6:01 pm to 10:00 pm,18.0,0,Evening,Spring,3801,33,CENTRAL,3,21955,21955,Crossing between controlled intersections (Jaywalking),BB,Vehicle-Pedestrian,6337,2,1,57622,2
7058,1939,160196622.0,2016-03-07 14:05:00,2016 March 07,14:05:00,2016,March,Monday,2:01 pm to 6:00 pm,14.0,0,Afternoon,Spring,3801,1533,TARAVAL,3116B,21804(a),"21804(a,b)",Entering highway from alley or driveway,AA,Vehicle(s) Only Involved,6338,1,2,57660,1
7059,9378,2987850.0,2007-01-04 08:30:00,2007 January 04,08:30:00,2007,January,Thursday,6:01 am to 10:00 am,8.0,0,Morning,Winter,3801,2145,,3B1D,22450(a),22450(a),Failure to stop at STOP sign,AA,Vehicle(s) Only Involved,6339,4,16,57659,1
7060,13225,4439279.0,2009-10-02 07:55:00,2009 October 02,07:55:00,2009,October,Friday,6:01 am to 10:00 am,7.0,0,Morning,Fall,3801,1073,SOUTH,4B3B,22107,22107,Unsafe turn or lane change prohibited,CC,Vehicle-Bicycle,6340,2,2,57561,2
7061,25104,2060061.0,2005-05-11 15:05:00,2005 May 11,15:05:00,2005,May,Wednesday,2:01 pm to 6:00 pm,15.0,0,Afternoon,Spring,3801,2179,,3J61,22350,22350,Unsafe speed for prevailing conditions,BB,Vehicle-Pedestrian,3202,2,1,57649,1
7062,33746,161047442.0,2016-12-26 12:00:00,2016 December 26,12:00:00,2016,December,Monday,10:01 am to 2:00 pm,12.0,0,Afternoon,Winter,3801,708,CENTRAL,,21950(a),"21950(a,c)",Driver or bicyclist to yield right-of-way at crosswalks,BB,Vehicle-Pedestrian,6341,2,1,57649,1
7063,31117,160621889.0,2016-08-02 10:42:00,2016 August 02,10:42:00,2016,August,Tuesday,10:01 am to 2:00 pm,10.0,0,Morning,Summer,3801,1487,NORTHERN,4B6G,21453(a),"21453(a,c)",Red signal - driver or bicyclist responsibilities,AA,Vehicle(s) Only Involved,3412,8,1,57585,3
7064,36505,4140529.0,2009-02-24 07:24:00,2009 February 24,07:24:00,2009,February,Tuesday,6:01 am to 10:00 am,7.0,0,Morning,Winter,3801,874,TARAV,4B4H,Unknown,Unknown,Unknown,AA,Vehicle(s) Only Involved,6342,2,2,57274,1
7065,11928,4316806.0,2009-07-09 22:00:00,2009 July 09,22:00:00,2009,July,Thursday,6:01 pm to 10:00 pm,22.0,0,Night,Summer,3801,1140,,3D15E,22107,22107,Unsafe turn or lane change prohibited,CC,Vehicle-Bicycle,16053,2,12,57581,1
7066,27622,160229245.0,2016-03-19 00:25:00,2016 March 19,00:25:00,2016,March,Saturday,10:01 pm to 2:00 am,0.0,1,Night,Spring,3801,424,CENTRAL,3A11E,22350,22350,Unsafe speed for prevailing conditions,AA,Vehicle(s) Only Involved,6343,2,3,57583,1
7067,34507,160590789.0,2016-07-22 12:37:00,2016 July 22,12:37:00,2016,July,Friday,10:01 am to 2:00 pm,12.0,0,Afternoon,Summer,3801,2078,CENTRAL,3A14A,21456(b),"21456(a,b)",Pedestrian violation of walk or wait signals,BB,Vehicle-Pedestrian,6344,2,1,57622,1
7068,1991,160976242.0,2016-12-01 10:10:00,2016 December 01,10:10:00,2016,December,Thursday,10:01 am to 2:00 pm,10.0,0,Morning,Winter,3801,2723,INGLESIDE,3H,Unknown,Unknown,Unknown,AA,Vehicle(s) Only Involved,6345,2,1,57659,8
7069,41718,160256298.0,2016-03-28 12:29:00,2016 March 28,12:29:00,2016,March,Monday,10:01 am to 2:00 pm,12.0,0,Afternoon,Spring,3801,1707,TARAVAL,2X6,21802(a),"21802(a,b)",Violation of right-of-way - entering through highway,AA,Vehicle(s) Only Involved,6346,2,1,57659,1
7070,43084,2967435.0,2006-12-15 08:34:00,2006 December 15,08:34:00,2006,December,Friday,6:01 am to 10:00 am,8.0,0,Morning,Winter,3801,1361,RICHM,3G3,21950(a),"21950(a,c)",Driver or bicyclist to yield right-of-way at crosswalks,BB,Vehicle-Pedestrian,6347,2,1,57649,1
7071,37888,150972705.0,2015-11-07 16:11:00,2015 November 07,16:11:00,2015,November,Saturday,2:01 pm to 6:00 pm,16.0,1,Afternoon,Fall,3801,2035,TARAVAL,3115D,22350,22350,Unsafe speed for prevailing conditions,CC,Vehicle-Bicycle,6348,2,1,57614,1
7072,54476,202092535.0,2020-07-27 17:50:00,2020 July 27,17:50:00,2020,July,Monday,2:01 pm to 6:00 pm,17.0,0,Evening,Summer,3801,2447,Tenderloin,3J12D,21453(a),"21453(a,c)",Red signal - driver or bicyclist responsibilities,CC,Vehicle-Bicycle,18769,2,1,57621,1
7073,37854,4346996.0,2009-08-08 19:39:00,2009 August 08,19:39:00,2009,August,Saturday,6:01 pm to 10:00 pm,19.0,1,Evening,Summer,3801,01917,TARAV,3I5D,22107,22107,Unsafe turn or lane change prohibited,AA,Vehicle(s) Only Involved,28076,2,1,57659,14
7074,27892,2079349.0,2005-06-04 03:00:00,2005 June 04,03:00:00,2005,June,Saturday,2:01 am to 6:00 am,3.0,1,Night,Summer,3801,776,CENTR,3A11E,21453(a),"21453(a,c)",Red signal - driver or bicyclist responsibilities,AA,Vehicle(s) Only Involved,7941,2,3,57659,16
7075,13781,170282841.0,2017-04-06 17:55:00,2017 April 06,17:55:00,2017,April,Thursday,2:01 pm to 6:00 pm,17.0,0,Evening,Spring,3801,,SOUTHERN,3B13D,21804(a),"21804(a,b)",Entering highway from alley or driveway,CC,Vehicle-Bicycle,6351,4,16,57581,1
7076,44090,161062967.0,2016-12-31 16:33:00,2016 December 31,16:33:00,2016,December,Saturday,2:01 pm to 6:00 pm,16.0,1,Afternoon,Winter,3801,1025,RICHMOND,3G14C,22107,22107,Unsafe turn or lane change prohibited,AA,Vehicle(s) Only Involved,6352,2,1,57583,1
7077,20739,170406922.0,2017-05-18 01:11:00,2017 May 18,01:11:00,2017,May,Thursday,10:01 pm to 2:00 am,1.0,0,Night,Spring,3801,1931,NORTHERN,3E,21803(a),"21803(a,b)",Violation of Yield sign,AA,Vehicle(s) Only Involved,5622,2,21,57659,1
7078,44820,2705323.0,2006-07-03 18:26:00,2006 July 03,18:26:00,2006,July,Monday,6:01 pm to 10:00 pm,18.0,0,Evening,Summer,3801,659,G3,RICHMO,21453(a),"21453(a,c)",Red signal - driver or bicyclist responsibilities,AA,Vehicle(s) Only Involved,37298,5,1,57659,11
7079,34163,170248451.0,2017-03-26 17:15:00,2017 March 26,17:15:00,2017,March,Sunday,2:01 pm to 6:00 pm,17.0,1,Evening,Spring,3801,257,CENTRAL,3A14D,22350,22350,Unsafe speed for prevailing conditions,AA,Vehicle(s) Only Involved,11141,4,46,57658,2
7080,38441,3123252.0,2007-03-07 06:30:00,2007 March 07,06:30:00,2007,March,Wednesday,6:01 am to 10:00 am,6.0,0,Morning,Spring,3801,1629,TARAV,3I62,21806(a),"21806(a,b)",Failure to yield to emergency vehicle,AA,Vehicle(s) Only Involved,4719,1,2,57659,1
7081,23019,170220095.0,2017-02-03 17:20:00,2017 February 03,17:20:00,2017,February,Friday,2:01 pm to 6:00 pm,17.0,0,Evening,Winter,3801,2355,SOUTHERN,1,21801(a),"21801(a,b)",Violation of right-of-way - left turn,AA,Vehicle(s) Only Involved,32832,2,1,57659,1
7082,36611,4754537.0,2011-04-08 11:04:00,2011 April 08,11:04:00,2011,April,Friday,10:01 am to 2:00 pm,11.0,0,Morning,Spring,3801,1629,TARAV,1104,21800(d),"21800(d)(1,2)",Violation of right-of-way or controlled intersection with inoperative control signals,AA,Vehicle(s) Only Involved,4904,7,72,57659,8
7083,22116,3816337.0,2008-07-06 14:39:00,2008 July 06,14:39:00,2008,July,Sunday,2:01 pm to 6:00 pm,14.0,1,Afternoon,Summer,3801,1279,E,4B6I,22106,22106,Unsafe starting or backing on highway,BB,Vehicle-Pedestrian,6354,2,1,57649,1
7084,31776,160696393.0,2016-08-28 01:26:00,2016 August 28,01:26:00,2016,August,Sunday,10:01 pm to 2:00 am,1.0,1,Night,Summer,3801,737,NORTHERN,OFFICER,21453(a),"21453(a,c)",Red signal - driver or bicyclist responsibilities,AA,Vehicle(s) Only Involved,36724,2,3,57659,1
7085,34527,160260108.0,2016-03-29 17:08:00,2016 March 29,17:08:00,2016,March,Tuesday,2:01 pm to 6:00 pm,17.0,0,Evening,Spring,3801,737,CENTRAL,3A13D,22517,22517,Opening door on traffic side when unsafe,AA,Vehicle(s) Only Involved,6355,2,1,57446,1
7086,37144,150237452.0,2015-03-17 11:40:00,2015 March 17,11:40:00,2015,March,Tuesday,10:01 am to 2:00 pm,11.0,0,Morning,Spring,3801,2482,TARAVAL,3II5A,22350,22350,Unsafe speed for prevailing conditions,AA,Vehicle(s) Only Involved,6356,2,1,57658,14
7087,3039,140173270.0,2014-02-28 02:10:00,2014 February 28,02:10:00,2014,February,Friday,2:01 am to 6:00 am,2.0,0,Night,Winter,3801,2297,BAYVIEW,C4,22106,22106,Unsafe starting or backing on highway,AA,Vehicle(s) Only Involved,6357,4,13,57569,2
7088,22800,4445630.0,2009-10-16 23:50:00,2009 October 16,23:50:00,2009,October,Friday,10:01 pm to 2:00 am,23.0,0,Night,Fall,3801,002285,COF,3F60,21950(a),"21950(a,c)",Driver or bicyclist to yield right-of-way at crosswalks,BB,Vehicle-Pedestrian,6358,2,3,57649,4
7089,29928,130039563.0,2013-01-15 00:11:00,2013 January 15,00:11:00,2013,January,Tuesday,10:01 pm to 2:00 am,0.0,0,Night,Winter,3801,4051,NORTHERN,3E13D,21950(a),"21950(a,c)",Driver or bicyclist to yield right-of-way at crosswalks,BB,Vehicle-Pedestrian,9108,2,3,57522,2
7090,15184,2638538.0,2006-02-13 20:23:00,2006 February 13,20:23:00,2006,February,Monday,6:01 pm to 10:00 pm,20.0,0,Evening,Winter,3801,307,SOUTH,4B8E,23104(a),23104(a),Reckless operation - bodily injury,AA,Vehicle(s) Only Involved,40859,2,3,57659,13
7091,14548,160947801.0,2016-11-21 10:40:00,2016 November 21,10:40:00,2016,November,Monday,10:01 am to 2:00 pm,10.0,0,Morning,Fall,3801,207,SOUTHERN,3B14A,21703,21703,Following too closely prohibited,AA,Vehicle(s) Only Involved,6360,2,1,57658,4
7092,20508,2829447.0,2006-09-28 14:12:00,2006 September 28,14:12:00,2006,September,Thursday,2:01 pm to 6:00 pm,14.0,0,Afternoon,Fall,3801,246,SOUTH,4B5G,22350,22350,Unsafe speed for prevailing conditions,AA,Vehicle(s) Only Involved,6361,2,2,57553,2
7093,13876,4427235.0,2009-10-07 13:46:00,2009 October 07,13:46:00,2009,October,Wednesday,10:01 am to 2:00 pm,13.0,0,Afternoon,Fall,3801,1794,SOUTH,3B60,Unknown,Unknown,Unknown,AA,Vehicle(s) Only Involved,19249,2,19,57406,1
7094,8832,4323850.0,2009-07-13 10:03:00,2009 July 13,10:03:00,2009,July,Monday,10:01 am to 2:00 pm,10.0,0,Morning,Summer,3801,649,BAYVI,4B2H,22350,22350,Unsafe speed for prevailing conditions,AA,Vehicle(s) Only Involved,6362,2,2,57584,1
7095,13355,160432868.0,2016-05-27 08:55:00,2016 May 27,08:55:00,2016,May,Friday,6:01 am to 10:00 am,8.0,0,Morning,Spring,3801,73,MISSION,4B5D,21950(a),"21950(a,c)",Driver or bicyclist to yield right-of-way at crosswalks,BB,Vehicle-Pedestrian,6363,8,1,57649,4
7096,18282,160336367.0,2016-04-24 04:01:00,2016 April 24,04:01:00,2016,April,Sunday,2:01 am to 6:00 am,4.0,1,Night,Spring,3801,880,B,4,21755(a),21755(a),Unsafe passing on right shoulder,AA,Vehicle(s) Only Involved,6364,2,1,57660,1
7097,15078,170007423.0,2017-01-03 18:37:00,2017 January 03,18:37:00,2017,January,Tuesday,6:01 pm to 10:00 pm,18.0,0,Evening,Winter,3801,4294,SOUTHERN,3B90,22107,22107,Unsafe turn or lane change prohibited,AA,Vehicle(s) Only Involved,6365,4,13,57660,14
7098,21544,3954781.0,2008-10-15 13:47:00,2008 October 15,13:47:00,2008,October,Wednesday,10:01 am to 2:00 pm,13.0,0,Afternoon,Fall,3801,779,NORTH,3E62,22107,22107,Unsafe turn or lane change prohibited,CC,Vehicle-Bicycle,6291,2,1,57581,2
7099,298,160842126.0,2016-10-15 22:35:00,2016 October 15,22:35:00,2016,October,Saturday,10:01 pm to 2:00 am,22.0,1,Night,Fall,3801,445,INGLESIDE,3H16E,Unknown,Unknown,Unknown,AA,Vehicle(s) Only Involved,6366,3,51,56793,2
7100,24500,4457330.0,2009-11-01 02:11:00,2009 November 01,02:11:00,2009,November,Sunday,2:01 am to 6:00 am,2.0,1,Night,Fall,3801,1739,J,03J,21453(a),"21453(a,c)",Red signal - driver or bicyclist responsibilities,AA,Vehicle(s) Only Involved,40170,2,3,57636,14
7101,24550,170107142.0,2017-02-07 13:20:00,2017 February 07,13:20:00,2017,February,Tuesday,10:01 am to 2:00 pm,13.0,0,Afternoon,Winter,3801,905,TENDERLION,,21453(a),"21453(a,c)",Red signal - driver or bicyclist responsibilities,BB,Vehicle-Pedestrian,36505,4,16,57525,2
7102,17046,4072097.0,2008-12-19 12:45:00,2008 December 19,12:45:00,2008,December,Friday,10:01 am to 2:00 pm,12.0,0,Afternoon,Winter,3801,0714,,4B3D,21950(a),"21950(a,c)",Driver or bicyclist to yield right-of-way at crosswalks,BB,Vehicle-Pedestrian,20272,2,1,57649,1
7103,12788,170382924.0,2017-05-10 11:00:00,2017 May 10,11:00:00,2017,May,Wednesday,10:01 am to 2:00 pm,11.0,0,Morning,Spring,3801,723,MISSION,3D13A,21650.1,21650.1,Bicycle to travel in same direction as vehicles,CC,Vehicle-Bicycle,6368,2,1,55192,1
7104,28246,160136929.0,2016-02-15 20:41:00,2016 February 15,20:41:00,2016,February,Monday,6:01 pm to 10:00 pm,20.0,0,Evening,Winter,3801,4229,CENTRAL,3A2D,22106,22106,Unsafe starting or backing on highway,BB,Vehicle-Pedestrian,6369,2,62,57649,1
7105,16078,150969570.0,2015-11-06 13:00:00,2015 November 06,13:00:00,2015,November,Friday,10:01 am to 2:00 pm,13.0,0,Afternoon,Fall,3801,1883,SOUTHERN,3,21755(a),21755(a),Unsafe passing on right shoulder,AA,Vehicle(s) Only Involved,6370,2,1,57660,1
7106,20733,160931973.0,2016-11-15 22:15:00,2016 November 15,22:15:00,2016,November,Tuesday,10:01 pm to 2:00 am,22.0,0,Night,Fall,3801,1614,NORTHERN,3,21801(a),"21801(a,b)",Violation of right-of-way - left turn,AA,Vehicle(s) Only Involved,5622,2,3,57659,1