collision_id,unique_id,case_id_pkey,collision_datetime,collision_date,collision_time,accident_year,month,day_of_week,time_cat,hour_of_day,is_weekend,time_of_day,season,juris,officer_id,reporting_district,beat_number,vz_pcf_code,vz_pcf_group,vz_pcf_description,dph_col_grp,dph_col_grp_description,location_id,weather_id,road_id,party_id,severity_id
7201,35650,170311393.0,2017-04-16 07:30:00,2017 April 16,07:30:00,2017,April,Sunday,6:01 am to 10:00 am,7.0,1,Morning,Spring,3801,2452,CENTRAL,3A60,21453(a),"21453(a,c)",Red signal - driver or bicyclist responsibilities,AA,Vehicle(s) Only Involved,15545,1,1,57659,1
7202,25671,170255406.0,2017-03-28 21:51:00,2017 March 28,21:51:00,2017,March,Tuesday,6:01 pm to 10:00 pm,21.0,0,Night,Spring,3801,715,CENTRAL,3A11E,21955,21955,Crossing between controlled intersections (Jaywalking),BB,Vehicle-Pedestrian,6440,2,3,57622,2
7203,41791,2484850.0,2006-01-30 08:10:00,2006 January 30,08:10:00,2006,January,Monday,6:01 am to 10:00 am,8.0,0,Morning,Winter,3801,001317,TARAV,4B41,22350,22350,Unsafe speed for prevailing conditions,AA,Vehicle(s) Only Involved,31216,4,4,57658,1
7204,30200,2972692.0,2006-12-23 16:06:00,2006 December 23,16:06:00,2006,December,Saturday,2:01 pm to 6:00 pm,16.0,1,Afternoon,Winter,3801,740,NORTH,4B8C,21955,21955,Crossing between controlled intersections (Jaywalking),BB,Vehicle-Pedestrian,6441,2,2,57373,1
7205,31743,3049612.0,2007-02-23 02:13:00,2007 February 23,02:13:00,2007,February,Friday,2:01 am to 6:00 am,2.0,0,Night,Winter,3801,001922,NORTH,3E12E,21453(a),"21453(a,c)",Red signal - driver or bicyclist responsibilities,AA,Vehicle(s) Only Involved,7930,2,13,57659,2
7206,16959,160991751.0,2016-12-06 18:06:00,2016 December 06,18:06:00,2016,December,Tuesday,6:01 pm to 10:00 pm,18.0,0,Evening,Winter,3801,2747,TENDERLOIN,3J11D,21955,21955,Crossing between controlled intersections (Jaywalking),BB,Vehicle-Pedestrian,6442,2,3,57622,1
7207,13153,170277325.0,2017-04-04 23:33:00,2017 April 04,23:33:00,2017,April,Tuesday,10:01 pm to 2:00 am,23.0,0,Night,Spring,3801,311,SOUTHERN,3B15E,21453(a),"21453(a,c)",Red signal - driver or bicyclist responsibilities,CC,Vehicle-Bicycle,36221,2,3,55192,1
7208,21972,151105351.0,2015-12-23 15:54:00,2015 December 23,15:54:00,2015,December,Wednesday,2:01 pm to 6:00 pm,15.0,0,Afternoon,Winter,3801,1478,NORTHERN,3E42B,22107,22107,Unsafe turn or lane change prohibited,AA,Vehicle(s) Only Involved,29741,2,1,57660,1
7209,41960,160918216.0,2016-11-11 07:35:00,2016 November 11,07:35:00,2016,November,Friday,6:01 am to 10:00 am,7.0,0,Morning,Fall,3801,73,PARK,4B5F,21950(a),"21950(a,c)",Driver or bicyclist to yield right-of-way at crosswalks,BB,Vehicle-Pedestrian,35080,2,1,57649,8
7210,33678,2484831.0,2005-12-12 07:35:00,2005 December 12,07:35:00,2005,December,Monday,6:01 am to 10:00 am,7.0,0,Morning,Winter,3801,920,6A,4B2A,21453(a),"21453(a,c)",Red signal - driver or bicyclist responsibilities,CC,Vehicle-Bicycle,13174,2,1,57625,8
7211,36047,5553710.0,2012-01-29 12:20:00,2012 January 29,12:20:00,2012,January,Sunday,10:01 am to 2:00 pm,12.0,1,Afternoon,Winter,3801,0900,NORTH,3E5C,22106,22106,Unsafe starting or backing on highway,AA,Vehicle(s) Only Involved,6446,2,2,57658,1
7212,26362,150910090.0,2015-10-17 23:53:00,2015 October 17,23:53:00,2015,October,Saturday,10:01 pm to 2:00 am,23.0,1,Night,Fall,3801,1688,CENTRAL,3A11E,21954(a),21954(a),Pedestrians must yield right-of-way outside of crosswalks,BB,Vehicle-Pedestrian,9366,2,3,57622,1
7213,44565,4445725.0,2009-10-17 15:07:00,2009 October 17,15:07:00,2009,October,Saturday,2:01 pm to 6:00 pm,15.0,1,Afternoon,Fall,3801,2175,G,4B7E,22350,22350,Unsafe speed for prevailing conditions,AA,Vehicle(s) Only Involved,6448,1,2,57658,2
7214,732,160137999.0,2016-02-16 09:25:00,2016 February 16,09:25:00,2016,February,Tuesday,6:01 am to 10:00 am,9.0,0,Morning,Winter,3801,4360,BAYVIEW,2,21701,21701,Interference with control of vehicle or bicycle,AA,Vehicle(s) Only Involved,6449,2,2,29397,2
7215,18055,180957410.0,2018-12-20 15:33:00,2018 December 20,15:33:00,2018,December,Thursday,2:01 pm to 6:00 pm,15.0,0,Afternoon,Winter,3801,1666,Park,4-car,21950(a),"21950(a,c)",Driver or bicyclist to yield right-of-way at crosswalks,CC,Vehicle-Bicycle,38907,1,1,57581,2
7216,30733,130258763.0,2013-03-29 13:33:00,2013 March 29,13:33:00,2013,March,Friday,10:01 am to 2:00 pm,13.0,0,Afternoon,Spring,3801,4275,NORTHERN,3E15B,22100(b),"22100(a,b)",Turn at intersection from wrong position,AA,Vehicle(s) Only Involved,6451,2,1,57660,1
7217,28751,160577317.0,2016-07-17 19:00:00,2016 July 17,19:00:00,2016,July,Sunday,6:01 pm to 10:00 pm,19.0,1,Evening,Summer,3801,2205,TENDERLOIN,3J13D,21950(b),21950(b),Pedestrian suddenly entering into vehicle path close enough to create an immediate hazard,BB,Vehicle-Pedestrian,6452,1,2,57622,1
7218,6025,3762679.0,2008-06-12 07:50:00,2008 June 12,07:50:00,2008,June,Thursday,6:01 am to 10:00 am,7.0,0,Morning,Summer,3801,000274,BAYVI,3C63,21453(a),"21453(a,c)",Red signal - driver or bicyclist responsibilities,AA,Vehicle(s) Only Involved,6453,2,1,57659,1
7219,28800,160434927.0,2016-05-27 16:37:00,2016 May 27,16:37:00,2016,May,Friday,2:01 pm to 6:00 pm,16.0,0,Afternoon,Spring,3801,2364,TANDERLOIN,,22350,22350,Unsafe speed for prevailing conditions,AA,Vehicle(s) Only Involved,6454,2,1,57660,1
7220,39877,3179537.0,2007-04-24 07:49:00,2007 April 24,07:49:00,2007,April,Tuesday,6:01 am to 10:00 am,7.0,0,Morning,Spring,3801,1629,TARAV,3I3,21755(a),21755(a),Unsafe passing on right shoulder,AA,Vehicle(s) Only Involved,6455,1,2,57658,1
7221,1600,2063102.0,2005-05-26 17:40:00,2005 May 26,17:40:00,2005,May,Thursday,2:01 pm to 6:00 pm,17.0,0,Evening,Spring,3801,519,INGLE,3CAR,22450(a),22450(a),Failure to stop at STOP sign,AA,Vehicle(s) Only Involved,34749,2,1,57659,1
7222,32364,160498547.0,2016-06-19 18:35:00,2016 June 19,18:35:00,2016,June,Sunday,6:01 pm to 10:00 pm,18.0,1,Evening,Summer,3801,2455,NORTHERN,3E15D,21453(a),"21453(a,c)",Red signal - driver or bicyclist responsibilities,AA,Vehicle(s) Only Involved,21408,2,1,57659,14
7223,83034,230100874.0,2023-02-10 23:07:00,2023 February 10,23:07:00,2023,February,Friday,10:01 pm to 2:00 am,23.0,0,Night,Winter,3801,1902,Ingleside,3H15E,21950(a),"21950(a,c)",Driver or bicyclist to yield right-of-way at crosswalks,BB,Vehicle-Pedestrian,9170,2,21,57649,17
7224,32219,2985216.0,2006-12-06 14:33:00,2006 December 06,14:33:00,2006,December,Wednesday,2:01 pm to 6:00 pm,14.0,0,Afternoon,Winter,3801,002122,E,4B6D,21453(a),"21453(a,c)",Red signal - driver or bicyclist responsibilities,AA,Vehicle(s) Only Involved,35719,2,1,57585,14
7225,39632,2776247.0,2006-08-06 12:50:00,2006 August 06,12:50:00,2006,August,Sunday,10:01 am to 2:00 pm,12.0,1,Afternoon,Summer,3801,1794,TARAV,003,21802(a),"21802(a,b)",Violation of right-of-way - entering through highway,AA,Vehicle(s) Only Involved,5781,1,1,57659,1
7226,6978,3791503.0,2008-06-05 21:30:00,2008 June 05,21:30:00,2008,June,Thursday,6:01 pm to 10:00 pm,21.0,0,Night,Summer,3801,806,3H,3H1,21453(d),21453(d),Red signal - pedestrian responsibilities,BB,Vehicle-Pedestrian,6458,2,3,57622,2
7227,36230,160384037.0,2016-05-10 21:10:00,2016 May 10,21:10:00,2016,May,Tuesday,6:01 pm to 10:00 pm,21.0,0,Night,Spring,3801,4042,INGLESIDE,H5,21950(a),"21950(a,c)",Driver or bicyclist to yield right-of-way at crosswalks,BB,Vehicle-Pedestrian,6459,2,3,57649,4
7228,3670,3209177.0,2007-05-21 16:32:00,2007 May 21,16:32:00,2007,May,Monday,2:01 pm to 6:00 pm,16.0,0,Afternoon,Spring,3801,001279,C,4B61,21456(b),"21456(a,b)",Pedestrian violation of walk or wait signals,BB,Vehicle-Pedestrian,17388,2,1,57622,1
7229,30337,2636772.0,2006-03-15 14:55:00,2006 March 15,14:55:00,2006,March,Wednesday,2:01 pm to 6:00 pm,14.0,0,Afternoon,Spring,3801,001723,CENTR,3A62,21453(a),"21453(a,c)",Red signal - driver or bicyclist responsibilities,AA,Vehicle(s) Only Involved,34899,2,1,57659,8
7230,13370,150937878.0,2015-10-26 22:42:00,2015 October 26,22:42:00,2015,October,Monday,10:01 pm to 2:00 am,22.0,0,Night,Fall,3801,1718,MISSION,3D14E,23152(a),23152(a-g),Driving under influence of alcohol and/or drugs,BB,Vehicle-Pedestrian,6460,2,12,57649,16
7231,5923,170461421.0,2017-06-05 22:18:00,2017 June 05,22:18:00,2017,June,Monday,10:01 pm to 2:00 am,22.0,0,Night,Summer,3801,2705,BAYVIEW,3C12E,22107,22107,Unsafe turn or lane change prohibited,AA,Vehicle(s) Only Involved,6461,2,12,57660,1
7232,12455,160777169.0,2016-09-24 22:13:00,2016 September 24,22:13:00,2016,September,Saturday,10:01 pm to 2:00 am,22.0,1,Night,Fall,3801,2724,MISSION,3D13E,22103,22103,Illegal U-turn in residential district,AA,Vehicle(s) Only Involved,6462,2,12,57660,3
7233,29468,4445642.0,2009-10-15 15:55:00,2009 October 15,15:55:00,2009,October,Thursday,2:01 pm to 6:00 pm,15.0,0,Afternoon,Fall,3801,000680,NORTH,3E12D,21950(b),21950(b),Pedestrian suddenly entering into vehicle path close enough to create an immediate hazard,BB,Vehicle-Pedestrian,6463,2,1,57622,1
7234,26685,140242530.0,2014-03-22 15:08:00,2014 March 22,15:08:00,2014,March,Saturday,2:01 pm to 6:00 pm,15.0,1,Afternoon,Spring,3801,1460,,CO B,21453(a),"21453(a,c)",Red signal - driver or bicyclist responsibilities,AA,Vehicle(s) Only Involved,16011,2,1,57659,1
7235,40869,2490978.0,2006-01-29 14:30:00,2006 January 29,14:30:00,2006,January,Sunday,2:01 pm to 6:00 pm,14.0,1,Afternoon,Winter,3801,01173,,4B3H,21658(a),"21658(a,b)",Lane straddling or failure to use specified lanes,AA,Vehicle(s) Only Involved,6465,2,2,57660,1
7236,12689,1993115.0,2005-03-14 07:40:00,2005 March 14,07:40:00,2005,March,Monday,6:01 am to 10:00 am,7.0,0,Morning,Spring,3801,2044,,4B2B,22100(b),"22100(a,b)",Turn at intersection from wrong position,AA,Vehicle(s) Only Involved,6466,2,1,57659,2
7237,32413,3990159.0,2008-12-02 19:38:00,2008 December 02,19:38:00,2008,December,Tuesday,6:01 pm to 10:00 pm,19.0,0,Evening,Winter,3801,307,,,21750,21750,Overtaking and passing unsafely,AA,Vehicle(s) Only Involved,6467,2,12,57659,1
7238,1598,160841689.0,2016-10-15 19:00:00,2016 October 15,19:00:00,2016,October,Saturday,6:01 pm to 10:00 pm,19.0,1,Evening,Fall,3801,2700,INGLESIDE,3H13D,21800(a),21800(a-c),Violation of right-of-way or uncontrolled intersection,AA,Vehicle(s) Only Involved,34749,4,13,57659,8
7239,9489,160941916.0,2016-11-19 00:23:00,2016 November 19,00:23:00,2016,November,Saturday,10:01 pm to 2:00 am,0.0,1,Night,Fall,3801,2117,MISSION,3D13E,22450(a),22450(a),Failure to stop at STOP sign,CC,Vehicle-Bicycle,6468,2,3,57621,2
7240,22965,151081604.0,2015-12-15 11:22:00,2015 December 15,11:22:00,2015,December,Tuesday,10:01 am to 2:00 pm,11.0,0,Morning,Winter,3801,1171,SOUTHERN,SECTOR 5,22100(b),"22100(a,b)",Turn at intersection from wrong position,CC,Vehicle-Bicycle,38010,2,1,57655,2
7241,21332,2883872.0,2006-10-27 10:05:00,2006 October 27,10:05:00,2006,October,Friday,10:01 am to 2:00 pm,10.0,0,Morning,Fall,3801,2192,,3E2,21703,21703,Following too closely prohibited,AA,Vehicle(s) Only Involved,6469,2,2,57658,12
7242,39841,3123881.0,2007-03-07 04:18:00,2007 March 07,04:18:00,2007,March,Wednesday,2:01 am to 6:00 am,4.0,0,Night,Spring,3801,974,COI,3I3E,21453(d),21453(d),Red signal - pedestrian responsibilities,BB,Vehicle-Pedestrian,6470,2,3,57566,1
7243,43020,160801229.0,2016-10-02 17:24:00,2016 October 02,17:24:00,2016,October,Sunday,2:01 pm to 6:00 pm,17.0,1,Evening,Fall,3801,4280,RICHMOND,3G13D,22450(a),22450(a),Failure to stop at STOP sign,CC,Vehicle-Bicycle,6471,2,1,57639,2
7244,3088,160636349.0,2016-08-07 15:05:00,2016 August 07,15:05:00,2016,August,Sunday,2:01 pm to 6:00 pm,15.0,1,Afternoon,Summer,3801,1978,BAYVIEW,3,22107,22107,Unsafe turn or lane change prohibited,AA,Vehicle(s) Only Involved,6472,2,1,57607,2
7245,2588,151081159.0,2015-12-15 07:29:00,2015 December 15,07:29:00,2015,December,Tuesday,6:01 am to 10:00 am,7.0,0,Morning,Winter,3801,1942,BAYVIEW,5 CAR,22106,22106,Unsafe starting or backing on highway,AA,Vehicle(s) Only Involved,7866,2,1,57659,8
7246,19499,160563689.0,2016-07-12 16:38:00,2016 July 12,16:38:00,2016,July,Tuesday,2:01 pm to 6:00 pm,16.0,0,Afternoon,Summer,3801,964,NORTHERN,3E45,Unknown,Unknown,Unknown,AA,Vehicle(s) Only Involved,6474,2,1,56689,1
7247,42016,2629262.0,2006-02-28 21:07:00,2006 February 28,21:07:00,2006,February,Tuesday,6:01 pm to 10:00 pm,21.0,0,Night,Winter,3801,633,PARK,0F3,21955,21955,Crossing between controlled intersections (Jaywalking),BB,Vehicle-Pedestrian,6475,2,3,57622,2
7248,17406,170040536.0,2017-01-15 19:05:00,2017 January 15,19:05:00,2017,January,Sunday,6:01 pm to 10:00 pm,19.0,1,Evening,Winter,3801,2095,CO D,,21658(a),"21658(a,b)",Lane straddling or failure to use specified lanes,CC,Vehicle-Bicycle,6476,2,12,57614,2
7249,17999,4690259.0,2010-04-30 22:41:00,2010 April 30,22:41:00,2010,April,Friday,10:01 pm to 2:00 am,22.0,0,Night,Spring,3801,123,MISSI,3D11E,21453(a),"21453(a,c)",Red signal - driver or bicyclist responsibilities,BB,Vehicle-Pedestrian,17431,2,3,57649,1
7250,39122,160493478.0,2016-06-17 18:45:00,2016 June 17,18:45:00,2016,June,Friday,6:01 pm to 10:00 pm,18.0,0,Evening,Summer,3801,2169,TARAVAL,313D,Unknown,Unknown,Unknown,EE,Bicycle-Parked Car,6478,2,2,38287,2
7251,14919,160424730.0,2016-05-24 15:32:00,2016 May 24,15:32:00,2016,May,Tuesday,2:01 pm to 6:00 pm,15.0,0,Afternoon,Spring,3801,2200,SOUTHERN,2,Unknown,Unknown,Unknown,AA,Vehicle(s) Only Involved,35987,3,1,57557,2
7252,27762,150941073.0,2015-10-28 01:40:00,2015 October 28,01:40:00,2015,October,Wednesday,10:01 pm to 2:00 am,1.0,0,Night,Fall,3801,1836,3A14E,3A,Unknown,Unknown,Unknown,BB,Vehicle-Pedestrian,9282,2,12,56282,4
7253,20063,2416046.0,2005-12-02 11:29:00,2005 December 02,11:29:00,2005,December,Friday,10:01 am to 2:00 pm,11.0,0,Morning,Winter,3801,001481,PARKS,3C63,22100.5,22100.5,U-Turn at controlled intersection,AA,Vehicle(s) Only Involved,32545,2,1,57659,2
7254,32438,170268788.0,2017-04-02 06:51:00,2017 April 02,06:51:00,2017,April,Sunday,6:01 am to 10:00 am,6.0,1,Morning,Spring,3801,328,NORTHERN,3E13A,21950(a),"21950(a,c)",Driver or bicyclist to yield right-of-way at crosswalks,BB,Vehicle-Pedestrian,17418,2,1,57649,1
7255,18223,3042493.0,2007-02-13 10:11:00,2007 February 13,10:11:00,2007,February,Tuesday,10:01 am to 2:00 pm,10.0,0,Morning,Winter,3801,001241,,3B12A,22350,22350,Unsafe speed for prevailing conditions,AA,Vehicle(s) Only Involved,6480,2,2,57658,8
7256,20397,2624842.0,2006-01-01 21:41:00,2006 January 01,21:41:00,2006,January,Sunday,6:01 pm to 10:00 pm,21.0,1,Night,Winter,3801,1008,,3611E,23152(a),23152(a-g),Driving under influence of alcohol and/or drugs,AA,Vehicle(s) Only Involved,1395,2,12,57584,1
7257,19811,2862430.0,2006-10-20 19:40:00,2006 October 20,19:40:00,2006,October,Friday,6:01 pm to 10:00 pm,19.0,0,Evening,Fall,3801,2038,F,3F13D,21801(a),"21801(a,b)",Violation of right-of-way - left turn,CC,Vehicle-Bicycle,6481,2,3,57581,2
7258,1233,4433820.0,2009-10-20 06:35:00,2009 October 20,06:35:00,2009,October,Tuesday,6:01 am to 10:00 am,6.0,0,Morning,Fall,3801,625,H,4B4G,21950(a),"21950(a,c)",Driver or bicyclist to yield right-of-way at crosswalks,BB,Vehicle-Pedestrian,6482,1,34,57525,2
7259,8453,160779604.0,2016-09-25 20:34:00,2016 September 25,20:34:00,2016,September,Sunday,6:01 pm to 10:00 pm,20.0,1,Evening,Fall,3801,2035,MISSION,,21453(d),21453(d),Red signal - pedestrian responsibilities,BB,Vehicle-Pedestrian,2763,2,3,57622,17
7260,40387,4316818.0,2009-07-08 15:24:00,2009 July 08,15:24:00,2009,July,Wednesday,2:01 pm to 6:00 pm,15.0,0,Afternoon,Summer,3801,4147,,3I3B,22450(a),22450(a),Failure to stop at STOP sign,AA,Vehicle(s) Only Involved,6483,2,1,57659,3
7261,21102,160937410.0,2016-11-17 16:15:00,2016 November 17,16:15:00,2016,November,Thursday,2:01 pm to 6:00 pm,16.0,0,Afternoon,Fall,3801,4057,NORTHERN,3E11D,22350,22350,Unsafe speed for prevailing conditions,CC,Vehicle-Bicycle,6484,2,2,50912,3
7262,6664,1995122.0,2005-02-04 17:58:00,2005 February 04,17:58:00,2005,February,Friday,2:01 pm to 6:00 pm,17.0,0,Evening,Winter,3801,973,,004,21801(a),"21801(a,b)",Violation of right-of-way - left turn,AA,Vehicle(s) Only Involved,6485,2,15,57603,1
7263,10496,2571306.0,2006-01-30 12:08:00,2006 January 30,12:08:00,2006,January,Monday,10:01 am to 2:00 pm,12.0,0,Afternoon,Winter,3801,2226,MISSI,3D62,22350,22350,Unsafe speed for prevailing conditions,AA,Vehicle(s) Only Involved,6486,4,16,57584,1
7264,37801,160715880.0,2016-09-03 16:02:00,2016 September 03,16:02:00,2016,September,Saturday,2:01 pm to 6:00 pm,16.0,1,Afternoon,Fall,3801,282,TARAVAL,3I5D,21801(a),"21801(a,b)",Violation of right-of-way - left turn,AA,Vehicle(s) Only Involved,31276,2,1,57659,1
7265,7105,2150111.0,2005-07-07 09:32:00,2005 July 07,09:32:00,2005,July,Thursday,6:01 am to 10:00 am,9.0,0,Morning,Summer,3801,1184,INGLE,4B2D,21451(a),"21451(a,b)",Green signal - driver or bicyclist responsibilities,AA,Vehicle(s) Only Involved,31579,2,1,57659,8
7266,6239,4427259.0,2009-10-12 06:10:00,2009 October 12,06:10:00,2009,October,Monday,6:01 am to 10:00 am,6.0,0,Morning,Fall,3801,2330,COC,3C12A,21453(a),"21453(a,c)",Red signal - driver or bicyclist responsibilities,AA,Vehicle(s) Only Involved,18834,1,33,57603,1
7267,31853,2963953.0,2006-12-05 12:34:00,2006 December 05,12:34:00,2006,December,Tuesday,10:01 am to 2:00 pm,12.0,0,Afternoon,Winter,3801,642,E,005,22107,22107,Unsafe turn or lane change prohibited,CC,Vehicle-Bicycle,6488,2,1,57581,1
7268,42417,4483796.0,2009-11-11 12:30:00,2009 November 11,12:30:00,2009,November,Wednesday,10:01 am to 2:00 pm,12.0,0,Afternoon,Fall,3801,1597,,3G62,22517,22517,Opening door on traffic side when unsafe,CC,Vehicle-Bicycle,6489,2,25,57614,1
7269,6676,160098454.0,2016-02-03 02:52:00,2016 February 03,02:52:00,2016,February,Wednesday,2:01 am to 6:00 am,2.0,0,Night,Winter,3801,1474,MISSION,3D15E,23152(a),23152(a-g),Driving under influence of alcohol and/or drugs,AA,Vehicle(s) Only Involved,6490,2,3,57496,2
7270,14807,2415140.0,2005-12-15 18:28:00,2005 December 15,18:28:00,2005,December,Thursday,6:01 pm to 10:00 pm,18.0,0,Evening,Winter,3801,651,4B5A,00B,21804(a),"21804(a,b)",Entering highway from alley or driveway,AA,Vehicle(s) Only Involved,6491,2,12,57659,8
7271,22068,4427332.0,2009-10-11 10:20:00,2009 October 11,10:20:00,2009,October,Sunday,10:01 am to 2:00 pm,10.0,1,Morning,Fall,3801,1770,NORTH,3E2A,21453(a),"21453(a,c)",Red signal - driver or bicyclist responsibilities,AA,Vehicle(s) Only Involved,3508,2,1,57659,3
7272,33146,160320489.0,2016-04-19 11:00:00,2016 April 19,11:00:00,2016,April,Tuesday,10:01 am to 2:00 pm,11.0,0,Morning,Spring,3801,2235,A,4,21755(a),21755(a),Unsafe passing on right shoulder,AA,Vehicle(s) Only Involved,6492,2,23,57658,8
7273,14207,160850771.0,2016-10-18 22:29:00,2016 October 18,22:29:00,2016,October,Tuesday,10:01 pm to 2:00 am,22.0,0,Night,Fall,3801,367,CO B,3B13E,22107,22107,Unsafe turn or lane change prohibited,CC,Vehicle-Bicycle,6493,2,12,57614,1
7274,31314,170212183.0,2017-03-15 01:52:00,2017 March 15,01:52:00,2017,March,Wednesday,10:01 pm to 2:00 am,1.0,0,Night,Spring,3801,1478,,4,23153(b),23153(a-g),Driving under influence causing injury,AA,Vehicle(s) Only Involved,6529,2,3,57584,2
7275,14966,151098790.0,2015-12-21 08:18:00,2015 December 21,08:18:00,2015,December,Monday,6:01 am to 10:00 am,8.0,0,Morning,Winter,3801,152,B SOUTHERN,901,21453(a),"21453(a,c)",Red signal - driver or bicyclist responsibilities,AA,Vehicle(s) Only Involved,6321,4,16,57659,3
7276,17460,160736416.0,2016-09-10 22:01:00,2016 September 10,22:01:00,2016,September,Saturday,10:01 pm to 2:00 am,22.0,1,Night,Fall,3801,1052,MISSION,3D11E,23152(a),23152(a-g),Driving under influence of alcohol and/or drugs,AA,Vehicle(s) Only Involved,6495,2,3,57408,1
7277,5995,160981473.0,2016-12-03 01:48:00,2016 December 03,01:48:00,2016,December,Saturday,10:01 pm to 2:00 am,1.0,1,Night,Winter,3801,912,BAYVIER,3C12D,21658(a),"21658(a,b)",Lane straddling or failure to use specified lanes,AA,Vehicle(s) Only Involved,17634,3,3,57607,1
7278,10339,160592791.0,2016-07-23 02:05:00,2016 July 23,02:05:00,2016,July,Saturday,2:01 am to 6:00 am,2.0,1,Night,Summer,3801,466,MISSION,3,21750,21750,Overtaking and passing unsafely,AA,Vehicle(s) Only Involved,6497,2,12,57660,1
7279,3975,170076393.0,2017-01-27 23:35:00,2017 January 27,23:35:00,2017,January,Friday,10:01 pm to 2:00 am,23.0,0,Night,Winter,3801,2449,CO. H,3H13E,24002(a),24002(a),Unlawful to operate unsafe vehicle or bicycle - safety hazard,AA,Vehicle(s) Only Involved,6498,2,12,57654,1
7280,17207,170293967.0,2017-04-10 17:19:00,2017 April 10,17:19:00,2017,April,Monday,2:01 pm to 6:00 pm,17.0,0,Evening,Spring,3801,1427,TENDERLOIN,3J14,22350,22350,Unsafe speed for prevailing conditions,AA,Vehicle(s) Only Involved,6499,2,2,57583,1
7281,28231,170071008.0,2017-01-26 09:30:00,2017 January 26,09:30:00,2017,January,Thursday,6:01 am to 10:00 am,9.0,0,Morning,Winter,3801,295,CENTRAL,4,22517,22517,Opening door on traffic side when unsafe,CC,Vehicle-Bicycle,6500,2,2,57390,2
7282,39964,3037386.0,2007-02-07 18:58:00,2007 February 07,18:58:00,2007,February,Wednesday,6:01 pm to 10:00 pm,18.0,0,Evening,Winter,3801,4200,TARAV,3113D,21453(a),"21453(a,c)",Red signal - driver or bicyclist responsibilities,AA,Vehicle(s) Only Involved,27366,4,13,57659,1
7283,21132,2394816.0,2005-11-29 17:47:00,2005 November 29,17:47:00,2005,November,Tuesday,2:01 pm to 6:00 pm,17.0,0,Evening,Fall,3801,2159,NORTH,3E11D,22350,22350,Unsafe speed for prevailing conditions,AA,Vehicle(s) Only Involved,6502,2,12,57585,8
7284,3878,160667071.0,2016-08-18 09:30:00,2016 August 18,09:30:00,2016,August,Thursday,6:01 am to 10:00 am,9.0,0,Morning,Summer,3801,1944,INGLESIDE,3,21453(a),"21453(a,c)",Red signal - driver or bicyclist responsibilities,CC,Vehicle-Bicycle,6503,2,1,57581,1
7285,39453,4053586.0,2008-12-30 09:35:00,2008 December 30,09:35:00,2008,December,Tuesday,6:01 am to 10:00 am,9.0,0,Morning,Winter,3801,1629,TARAV,3I62,22350,22350,Unsafe speed for prevailing conditions,AA,Vehicle(s) Only Involved,5419,2,1,57659,8
7286,28204,2022715.0,2005-05-04 17:43:00,2005 May 04,17:43:00,2005,May,Wednesday,2:01 pm to 6:00 pm,17.0,0,Evening,Spring,3801,27,CENTR,3A2C,21202(a),21202(a),Bicyclist at less than normal speed must keep to the right,CC,Vehicle-Bicycle,6395,2,4,57621,1
7287,41826,140025900.0,2014-01-09 19:59:00,2014 January 09,19:59:00,2014,January,Thursday,6:01 pm to 10:00 pm,19.0,0,Evening,Winter,3801,1957,RICHMOND,4B7G,22350,22350,Unsafe speed for prevailing conditions,FF,Bicycle Only,6504,2,29,57556,1
7288,14184,160391173.0,2016-05-14 11:40:00,2016 May 14,11:40:00,2016,May,Saturday,10:01 am to 2:00 pm,11.0,1,Morning,Spring,3801,970,COB,3B3C,22107,22107,Unsafe turn or lane change prohibited,CC,Vehicle-Bicycle,6505,2,2,57025,1
7289,5327,160431901.0,2016-05-26 20:41:00,2016 May 26,20:41:00,2016,May,Thursday,6:01 pm to 10:00 pm,20.0,0,Evening,Spring,3801,2007,BAYVIEW,3C12D,23152(a),23152(a-g),Driving under influence of alcohol and/or drugs,AA,Vehicle(s) Only Involved,6506,2,12,57608,1
7290,37394,170175967.0,2017-03-02 18:15:00,2017 March 02,18:15:00,2017,March,Thursday,6:01 pm to 10:00 pm,18.0,0,Evening,Spring,3801,312,TARAVAL,5 CAR,21804(a),"21804(a,b)",Entering highway from alley or driveway,AA,Vehicle(s) Only Involved,6507,2,15,57659,8
7291,13732,160790917.0,2016-09-29 09:33:00,2016 September 29,09:33:00,2016,September,Thursday,6:01 am to 10:00 am,9.0,0,Morning,Fall,3801,4182,SOUTHERN,3B60,22517,22517,Opening door on traffic side when unsafe,CC,Vehicle-Bicycle,6508,2,1,57128,2
7292,3447,151006862.0,2015-11-19 08:28:00,2015 November 19,08:28:00,2015,November,Thursday,6:01 am to 10:00 am,8.0,0,Morning,Fall,3801,4119,BAYVIEW,4B5C,21950(a),"21950(a,c)",Driver or bicyclist to yield right-of-way at crosswalks,BB,Vehicle-Pedestrian,6509,2,1,57649,12
7293,11572,3888533.0,2008-08-26 07:53:00,2008 August 26,07:53:00,2008,August,Tuesday,6:01 am to 10:00 am,7.0,0,Morning,Summer,3801,2226,,3D61K,2815,2815,Failure to obey school crossing guard,BB,Vehicle-Pedestrian,35364,2,1,57649,1
7294,18553,2963965.0,2006-12-13 06:34:00,2006 December 13,06:34:00,2006,December,Wednesday,6:01 am to 10:00 am,6.0,0,Morning,Winter,3801,001870,SOUTH,3B62,21453(a),"21453(a,c)",Red signal - driver or bicyclist responsibilities,CC,Vehicle-Bicycle,34128,4,13,57390,2
7295,1019,160126754.0,2016-02-12 07:50:00,2016 February 12,07:50:00,2016,February,Friday,6:01 am to 10:00 am,7.0,0,Morning,Winter,3801,73,INGLESIDE,4B5G,21950(a),"21950(a,c)",Driver or bicyclist to yield right-of-way at crosswalks,BB,Vehicle-Pedestrian,2860,8,2,57649,6