collision_id,unique_id,case_id_pkey,collision_datetime,collision_date,collision_time,accident_year,month,day_of_week,time_cat,hour_of_day,is_weekend,time_of_day,season,juris,officer_id,reporting_district,beat_number,vz_pcf_code,vz_pcf_group,vz_pcf_description,dph_col_grp,dph_col_grp_description,location_id,weather_id,road_id,party_id,severity_id
8629,32543,160359024.0,2016-05-02 12:15:00,2016 May 02,12:15:00,2016,May,Monday,10:01 am to 2:00 pm,12.0,0,Afternoon,Spring,3801,244,NORTHERN,3E5C,21703,21703,Following too closely prohibited,AA,Vehicle(s) Only Involved,7483,2,2,57658,1
8630,31074,2636706.0,2006-02-20 16:35:00,2006 February 20,16:35:00,2006,February,Monday,2:01 pm to 6:00 pm,16.0,0,Afternoon,Winter,3801,659,RICHM,0G1,22350,22350,Unsafe speed for prevailing conditions,AA,Vehicle(s) Only Involved,7484,5,2,57658,1
8631,20317,4410331.0,2009-09-23 09:45:00,2009 September 23,09:45:00,2009,September,Wednesday,6:01 am to 10:00 am,9.0,0,Morning,Fall,3801,779,,3E62,21658(a),"21658(a,b)",Lane straddling or failure to use specified lanes,AA,Vehicle(s) Only Involved,7008,2,1,57660,1
8632,39739,1987351.0,2005-02-08 12:43:00,2005 February 08,12:43:00,2005,February,Tuesday,10:01 am to 2:00 pm,12.0,0,Afternoon,Winter,3801,1794,,003,Unknown,Unknown,Unknown,BB,Vehicle-Pedestrian,7485,1,1,57649,2
8633,17586,160539408.0,2016-07-03 19:03:00,2016 July 03,19:03:00,2016,July,Sunday,6:01 pm to 10:00 pm,19.0,1,Evening,Summer,3801,920,,D6,21453(a),"21453(a,c)",Red signal - driver or bicyclist responsibilities,AA,Vehicle(s) Only Involved,37531,2,1,57585,8
8634,28581,140345526.0,2014-04-26 07:30:00,2014 April 26,07:30:00,2014,April,Saturday,6:01 am to 10:00 am,7.0,1,Morning,Spring,3801,2179,CENTRAL,3A60,21950(a),"21950(a,c)",Driver or bicyclist to yield right-of-way at crosswalks,BB,Vehicle-Pedestrian,27530,2,1,57649,1
8635,33229,4434226.0,2009-10-20 16:52:00,2009 October 20,16:52:00,2009,October,Tuesday,2:01 pm to 6:00 pm,16.0,0,Afternoon,Fall,3801,002273,CENTR,3A46D,22350,22350,Unsafe speed for prevailing conditions,AA,Vehicle(s) Only Involved,7487,1,2,46649,1
8636,27418,150862899.0,2015-10-02 11:17:00,2015 October 02,11:17:00,2015,October,Friday,10:01 am to 2:00 pm,11.0,0,Morning,Fall,3801,1254,CENTRAL,3A5C,21950(a),"21950(a,c)",Driver or bicyclist to yield right-of-way at crosswalks,BB,Vehicle-Pedestrian,7488,2,1,57476,1
8637,33072,170258626.0,2017-03-29 19:33:00,2017 March 29,19:33:00,2017,March,Wednesday,6:01 pm to 10:00 pm,19.0,0,Evening,Spring,3801,1278,3801,3B16D,22105,22105,Illegal U-turn on highway without unobstructed view,AA,Vehicle(s) Only Involved,16762,2,2,57659,1
8638,24799,3954779.0,2008-10-04 13:48:00,2008 October 04,13:48:00,2008,October,Saturday,10:01 am to 2:00 pm,13.0,1,Afternoon,Fall,3801,001973,,,Unknown,Unknown,Unknown,AA,Vehicle(s) Only Involved,5290,2,1,57585,3
8639,13989,160712789.0,2016-09-02 17:00:00,2016 September 02,17:00:00,2016,September,Friday,2:01 pm to 6:00 pm,17.0,0,Evening,Fall,3801,2234,SOUTHERN,3B15C,22350,22350,Unsafe speed for prevailing conditions,BB,Vehicle-Pedestrian,7490,2,2,57649,1
8640,30003,4445749.0,2009-10-14 08:00:00,2009 October 14,08:00:00,2009,October,Wednesday,6:01 am to 10:00 am,8.0,0,Morning,Fall,3801,000779,NORTH,3E62,22107,22107,Unsafe turn or lane change prohibited,CC,Vehicle-Bicycle,7491,1,2,57614,2
8641,26572,6096417.0,2012-04-08 16:32:00,2012 April 08,16:32:00,2012,April,Sunday,2:01 pm to 6:00 pm,16.0,1,Afternoon,Spring,3801,000294,SOUTH,3B1C,22101(d),22101(d),Violation of a turn prohibition sign,AA,Vehicle(s) Only Involved,38897,2,1,57659,14
8642,18994,160830632.0,2016-10-12 03:48:00,2016 October 12,03:48:00,2016,October,Wednesday,2:01 am to 6:00 am,3.0,0,Night,Fall,3801,4282,NORTHERN,1 CAR,22350,22350,Unsafe speed for prevailing conditions,FF,Bicycle Only,7492,1,7,57341,2
8643,11864,170350385.0,2017-04-29 02:22:00,2017 April 29,02:22:00,2017,April,Saturday,2:01 am to 6:00 am,2.0,1,Night,Spring,3801,2035,CO D,3D92,23152(a),23152(a-g),Driving under influence of alcohol and/or drugs,AA,Vehicle(s) Only Involved,7493,2,3,57658,1
8644,36671,4394500.0,2009-08-20 10:36:00,2009 August 20,10:36:00,2009,August,Thursday,10:01 am to 2:00 pm,10.0,0,Morning,Summer,3801,000874,TARAV,4B4H,22350,22350,Unsafe speed for prevailing conditions,CC,Vehicle-Bicycle,7494,2,1,57621,4
8645,19839,160296783.0,2016-04-11 07:40:00,2016 April 11,07:40:00,2016,April,Monday,6:01 am to 10:00 am,7.0,0,Morning,Spring,3801,1015,PARK,3 CAR,22350,22350,Unsafe speed for prevailing conditions,AA,Vehicle(s) Only Involved,40704,2,2,57658,8
8646,3226,3196655.0,2007-03-26 13:15:00,2007 March 26,13:15:00,2007,March,Monday,10:01 am to 2:00 pm,13.0,0,Afternoon,Spring,3801,649,BAYVI,4B2H,21456(b),"21456(a,b)",Pedestrian violation of walk or wait signals,BB,Vehicle-Pedestrian,7495,4,47,57622,1
8647,26801,4438264.0,2009-10-01 17:56:00,2009 October 01,17:56:00,2009,October,Thursday,2:01 pm to 6:00 pm,17.0,0,Evening,Fall,3801,1402,3B,3BID,22100(b),"22100(a,b)",Turn at intersection from wrong position,AA,Vehicle(s) Only Involved,7496,2,44,57660,1
8648,41908,160528207.0,2016-06-29 18:09:00,2016 June 29,18:09:00,2016,June,Wednesday,6:01 pm to 10:00 pm,18.0,0,Evening,Summer,3801,282,TARAVAL,3113D,21800(a),21800(a-c),Violation of right-of-way or uncontrolled intersection,AA,Vehicle(s) Only Involved,34333,2,1,57659,1
8649,31616,150098000.0,2015-02-01 13:50:00,2015 February 01,13:50:00,2015,February,Sunday,10:01 am to 2:00 pm,13.0,1,Afternoon,Winter,3801,1689,G,326A,21703,21703,Following too closely prohibited,AA,Vehicle(s) Only Involved,7702,2,1,57658,1
8650,6197,4090367.0,2009-01-30 11:32:00,2009 January 30,11:32:00,2009,January,Friday,10:01 am to 2:00 pm,11.0,0,Morning,Winter,3801,274,BAYVI,3C63,23152(a),23152(a-g),Driving under influence of alcohol and/or drugs,AA,Vehicle(s) Only Involved,7498,2,1,57603,1
8651,19886,3964760.0,2008-10-17 22:59:00,2008 October 17,22:59:00,2008,October,Friday,10:01 pm to 2:00 am,22.0,0,Night,Fall,3801,1537,PARK,3F43E,21955,21955,Crossing between controlled intersections (Jaywalking),BB,Vehicle-Pedestrian,7499,2,12,57622,1
8652,13527,160449283.0,2016-06-01 21:05:00,2016 June 01,21:05:00,2016,June,Wednesday,6:01 pm to 10:00 pm,21.0,0,Night,Summer,3801,4294,SOUTHERN,3BI4D,21453(a),"21453(a,c)",Red signal - driver or bicyclist responsibilities,AA,Vehicle(s) Only Involved,1905,2,3,57659,1
8653,14229,2023900.0,2005-02-02 08:25:00,2005 February 02,08:25:00,2005,February,Wednesday,6:01 am to 10:00 am,8.0,0,Morning,Winter,3801,1278,3B61,03B,21453(a),"21453(a,c)",Red signal - driver or bicyclist responsibilities,AA,Vehicle(s) Only Involved,7500,2,1,57659,11
8654,30292,160192498.0,2016-03-05 23:55:00,2016 March 05,23:55:00,2016,March,Saturday,10:01 pm to 2:00 am,23.0,1,Night,Spring,3801,837,CENTRAL,3A11E,21950(a),"21950(a,c)",Driver or bicyclist to yield right-of-way at crosswalks,BB,Vehicle-Pedestrian,7501,4,13,57649,1
8655,21802,2986921.0,2007-01-08 07:55:00,2007 January 08,07:55:00,2007,January,Monday,6:01 am to 10:00 am,7.0,0,Morning,Winter,3801,000874,NORTH,4B4E,21453(a),"21453(a,c)",Red signal - driver or bicyclist responsibilities,CC,Vehicle-Bicycle,7502,2,1,18057,1
8656,16625,3044605.0,2007-02-14 08:17:00,2007 February 14,08:17:00,2007,February,Wednesday,6:01 am to 10:00 am,8.0,0,Morning,Winter,3801,000520,SOUTH,4B1B,21950(a),"21950(a,c)",Driver or bicyclist to yield right-of-way at crosswalks,BB,Vehicle-Pedestrian,40963,2,1,57649,2
8657,32924,4261092.0,2009-05-02 03:00:00,2009 May 02,03:00:00,2009,May,Saturday,2:01 am to 6:00 am,3.0,1,Night,Spring,3801,2360,NORTH,3E14E,23152,23152,Under the influence of alcohol or drug,AA,Vehicle(s) Only Involved,7503,1,13,57607,4
8658,22102,3791978.0,2008-05-28 05:29:00,2008 May 28,05:29:00,2008,May,Wednesday,2:01 am to 6:00 am,5.0,0,Morning,Spring,3801,1955,E,JE15E,21457(a),21457(a),Actions required at flashing red signal,CC,Vehicle-Bicycle,18101,1,179,57621,2
8659,12437,160809665.0,2016-10-05 11:41:00,2016 October 05,11:41:00,2016,October,Wednesday,10:01 am to 2:00 pm,11.0,0,Morning,Fall,3801,1481,MISSION,3D11C,22107,22107,Unsafe turn or lane change prohibited,AA,Vehicle(s) Only Involved,7505,2,2,57659,1
8660,4625,2898462.0,2006-11-17 13:22:00,2006 November 17,13:22:00,2006,November,Friday,10:01 am to 2:00 pm,13.0,0,Afternoon,Fall,3801,2145,INGLE,4B1D,22350,22350,Unsafe speed for prevailing conditions,AA,Vehicle(s) Only Involved,7506,2,1,56363,8
8661,13735,170066560.0,2017-01-24 17:31:00,2017 January 24,17:31:00,2017,January,Tuesday,2:01 pm to 6:00 pm,17.0,0,Evening,Winter,3801,240,SOUTHERN,901,21950(a),"21950(a,c)",Driver or bicyclist to yield right-of-way at crosswalks,BB,Vehicle-Pedestrian,7507,2,3,57649,1
8662,37838,170156901.0,2017-02-24 09:10:00,2017 February 24,09:10:00,2017,February,Friday,6:01 am to 10:00 am,9.0,0,Morning,Winter,3801,736,I,317,22350,22350,Unsafe speed for prevailing conditions,AA,Vehicle(s) Only Involved,7508,2,1,57658,1
8663,6471,160378892.0,2016-05-09 04:31:00,2016 May 09,04:31:00,2016,May,Monday,2:01 am to 6:00 am,4.0,0,Night,Spring,3801,679,MISSION,D4,22350,22350,Unsafe speed for prevailing conditions,AA,Vehicle(s) Only Involved,7509,2,3,57658,1
8664,37149,4366462.0,2009-08-21 12:30:00,2009 August 21,12:30:00,2009,August,Friday,10:01 am to 2:00 pm,12.0,0,Afternoon,Summer,3801,671,TARAV,4B1A,21658(a),"21658(a,b)",Lane straddling or failure to use specified lanes,AA,Vehicle(s) Only Involved,7510,2,2,57660,3
8665,7687,160271785.0,2016-04-02 13:16:00,2016 April 02,13:16:00,2016,April,Saturday,10:01 am to 2:00 pm,13.0,1,Afternoon,Spring,3801,4084,MISSION,4B4B,22350,22350,Unsafe speed for prevailing conditions,AA,Vehicle(s) Only Involved,7511,2,1,57496,3
8666,37722,151059849.0,2015-12-07 18:02:00,2015 December 07,18:02:00,2015,December,Monday,6:01 pm to 10:00 pm,18.0,0,Evening,Winter,3801,1544,TARAVAL,3I1D,21950(a),"21950(a,c)",Driver or bicyclist to yield right-of-way at crosswalks,BB,Vehicle-Pedestrian,7512,2,3,57649,1
8667,21252,160211214.0,2016-03-12 21:04:00,2016 March 12,21:04:00,2016,March,Saturday,6:01 pm to 10:00 pm,21.0,1,Night,Spring,3801,2105,NORTHERN,3E13D,21950(a),"21950(a,c)",Driver or bicyclist to yield right-of-way at crosswalks,BB,Vehicle-Pedestrian,7194,4,110,57525,8
8668,21454,2660400.0,2006-05-25 15:14:00,2006 May 25,15:14:00,2006,May,Thursday,2:01 pm to 6:00 pm,15.0,0,Afternoon,Spring,3801,515,COE,3E12D,22100(b),"22100(a,b)",Turn at intersection from wrong position,CC,Vehicle-Bicycle,36929,2,1,57621,1
8669,7378,160494874.0,2016-06-18 11:20:00,2016 June 18,11:20:00,2016,June,Saturday,10:01 am to 2:00 pm,11.0,1,Morning,Summer,3801,2403,INGLESIDE,3H11C,22100(a),"22100(a,b)",Turn at intersection from wrong position,AA,Vehicle(s) Only Involved,8121,2,1,57660,2
8670,33802,160633470.0,2016-08-06 11:44:00,2016 August 06,11:44:00,2016,August,Saturday,10:01 am to 2:00 pm,11.0,1,Morning,Summer,3801,,CENTRAL,3A13A,22517,22517,Opening door on traffic side when unsafe,BB,Vehicle-Pedestrian,7513,2,2,57622,2
8671,36249,170049293.0,2017-01-18 18:41:00,2017 January 18,18:41:00,2017,January,Wednesday,6:01 pm to 10:00 pm,18.0,0,Evening,Winter,3801,400,INGLESIDE,3H15D,21801(a),"21801(a,b)",Violation of right-of-way - left turn,AA,Vehicle(s) Only Involved,2175,4,183,57631,1
8672,1020,160995543.0,2016-12-08 08:44:00,2016 December 08,08:44:00,2016,December,Thursday,6:01 am to 10:00 am,8.0,0,Morning,Winter,3801,1944,INGLESIDE,H5,22350,22350,Unsafe speed for prevailing conditions,AA,Vehicle(s) Only Involved,2860,4,96,57659,1
8673,6367,170397484.0,2017-05-15 08:00:00,2017 May 15,08:00:00,2017,May,Monday,6:01 am to 10:00 am,8.0,0,Morning,Spring,3801,1579,MISSION,3D14A,21801(a),"21801(a,b)",Violation of right-of-way - left turn,CC,Vehicle-Bicycle,14543,2,1,57581,4
8674,26104,160514024.0,2016-06-25 02:10:00,2016 June 25,02:10:00,2016,June,Saturday,2:01 am to 6:00 am,2.0,1,Night,Summer,3801,1147,TINDERLON,3J1E,Unknown,Unknown,Unknown,BB,Vehicle-Pedestrian,7259,2,3,8574,2
8675,38589,151005494.0,2015-11-18 18:45:00,2015 November 18,18:45:00,2015,November,Wednesday,6:01 pm to 10:00 pm,18.0,0,Evening,Fall,3801,837,TARAVAL,3I13D,22107,22107,Unsafe turn or lane change prohibited,AA,Vehicle(s) Only Involved,7514,3,12,57658,1
8676,23894,2629234.0,2006-04-02 17:30:00,2006 April 02,17:30:00,2006,April,Sunday,2:01 pm to 6:00 pm,17.0,1,Evening,Spring,3801,1402,3B,3B61,21950(a),"21950(a,c)",Driver or bicyclist to yield right-of-way at crosswalks,BB,Vehicle-Pedestrian,7515,4,16,57649,2
8677,21178,2625409.0,2006-04-03 18:03:00,2006 April 03,18:03:00,2006,April,Monday,6:01 pm to 10:00 pm,18.0,0,Evening,Spring,3801,246,NORHT,4B6G,22350,22350,Unsafe speed for prevailing conditions,AA,Vehicle(s) Only Involved,7516,1,2,57658,1
8678,33999,140606481.0,2014-07-21 20:10:00,2014 July 21,20:10:00,2014,July,Monday,6:01 pm to 10:00 pm,20.0,0,Evening,Summer,3801,826,,,Unknown,Unknown,Unknown,EE,Bicycle-Parked Car,7517,2,33,57302,2
8679,41200,4451350.0,2009-10-10 10:58:00,2009 October 10,10:58:00,2009,October,Saturday,10:01 am to 2:00 pm,10.0,1,Morning,Fall,3801,1629,TARAV,3162,21453(a),"21453(a,c)",Red signal - driver or bicyclist responsibilities,AA,Vehicle(s) Only Involved,37636,1,1,57659,8
8680,8178,150723984.0,2015-08-19 11:05:00,2015 August 19,11:05:00,2015,August,Wednesday,10:01 am to 2:00 pm,11.0,0,Morning,Summer,3801,120,CO H,4B6C,22350,22350,Unsafe speed for prevailing conditions,AA,Vehicle(s) Only Involved,7519,2,1,57658,8
8681,13493,160347182.0,2016-04-28 10:58:00,2016 April 28,10:58:00,2016,April,Thursday,10:01 am to 2:00 pm,10.0,0,Morning,Spring,3801,2415,MISSION,3D14A,21801(a),"21801(a,b)",Violation of right-of-way - left turn,AA,Vehicle(s) Only Involved,37398,2,1,57659,1
8682,35404,160463142.0,2016-06-07 06:19:00,2016 June 07,06:19:00,2016,June,Tuesday,6:01 am to 10:00 am,6.0,0,Morning,Summer,3801,2465,NORTHERN,,22107,22107,Unsafe turn or lane change prohibited,AA,Vehicle(s) Only Involved,20162,2,1,57660,1
8683,23608,160867425.0,2016-10-24 20:09:00,2016 October 24,20:09:00,2016,October,Monday,6:01 pm to 10:00 pm,20.0,0,Evening,Fall,3801,344,SOUTHERN,1,21950(a),"21950(a,c)",Driver or bicyclist to yield right-of-way at crosswalks,BB,Vehicle-Pedestrian,7521,4,13,57649,1
8684,31777,170057860.0,2017-01-21 18:00:00,2017 January 21,18:00:00,2017,January,Saturday,2:01 pm to 6:00 pm,18.0,1,Evening,Winter,3801,2439,NORTHERN,3E12D,21950(a),"21950(a,c)",Driver or bicyclist to yield right-of-way at crosswalks,BB,Vehicle-Pedestrian,36724,4,13,57649,2
8685,38563,170395171.0,2017-05-14 04:23:00,2017 May 14,04:23:00,2017,May,Sunday,2:01 am to 6:00 am,4.0,1,Night,Spring,3801,411,TARAVAL,3I12E,22350,22350,Unsafe speed for prevailing conditions,AA,Vehicle(s) Only Involved,7523,2,12,57475,8
8686,9876,160545502.0,2016-07-06 04:51:00,2016 July 06,04:51:00,2016,July,Wednesday,2:01 am to 6:00 am,4.0,0,Night,Summer,3801,624,D,,22450(a),22450(a),Failure to stop at STOP sign,AA,Vehicle(s) Only Involved,34485,2,3,57659,1
8687,32199,5553714.0,2012-01-27 09:11:00,2012 January 27,09:11:00,2012,January,Friday,6:01 am to 10:00 am,9.0,0,Morning,Winter,3801,1947,,,21453(a),"21453(a,c)",Red signal - driver or bicyclist responsibilities,AA,Vehicle(s) Only Involved,14526,2,1,57659,1
8688,35500,3788242.0,2008-06-05 22:55:00,2008 June 05,22:55:00,2008,June,Thursday,10:01 pm to 2:00 am,22.0,0,Night,Summer,3801,000591,NORTH,,21955,21955,Crossing between controlled intersections (Jaywalking),BB,Vehicle-Pedestrian,7526,2,3,57622,4
8689,5115,4445618.0,2009-10-07 11:50:00,2009 October 07,11:50:00,2009,October,Wednesday,10:01 am to 2:00 pm,11.0,0,Morning,Fall,3801,2357,INGLE,3H16C,21950(a),"21950(a,c)",Driver or bicyclist to yield right-of-way at crosswalks,BB,Vehicle-Pedestrian,7527,2,1,57649,2
8690,11426,170322390.0,2017-04-19 21:10:00,2017 April 19,21:10:00,2017,April,Wednesday,6:01 pm to 10:00 pm,21.0,0,Night,Spring,3801,719,MISSION,3D11E,21801(a),"21801(a,b)",Violation of right-of-way - left turn,CC,Vehicle-Bicycle,32879,2,3,57581,1
8691,37097,150162285.0,2015-02-22 05:30:00,2015 February 22,05:30:00,2015,February,Sunday,2:01 am to 6:00 am,5.0,1,Morning,Winter,3801,2482,TARAVAL,315A,22350,22350,Unsafe speed for prevailing conditions,AA,Vehicle(s) Only Involved,7528,2,3,57584,3
8692,24437,170007053.0,2017-01-03 16:20:00,2017 January 03,16:20:00,2017,January,Tuesday,2:01 pm to 6:00 pm,16.0,0,Afternoon,Winter,3801,1730,TENDERLOIN,4B4D,21451(a),"21451(a,b)",Green signal - driver or bicyclist responsibilities,BB,Vehicle-Pedestrian,7529,7,13,57525,4
8693,539,140164235.0,2014-02-25 07:30:00,2014 February 25,07:30:00,2014,February,Tuesday,6:01 am to 10:00 am,7.0,0,Morning,Winter,3801,1430,BAYVIEW,4B6C,21950(a),"21950(a,c)",Driver or bicyclist to yield right-of-way at crosswalks,BB,Vehicle-Pedestrian,7530,2,1,57649,1
8694,16931,150863734.0,2015-10-02 15:55:00,2015 October 02,15:55:00,2015,October,Friday,2:01 pm to 6:00 pm,15.0,0,Afternoon,Fall,3801,2293,SOUTHERN,3B1C,Unknown,Unknown,Unknown,BB,Vehicle-Pedestrian,5040,2,1,57525,1
8695,40321,160220403.0,2016-03-16 08:05:00,2016 March 16,08:05:00,2016,March,Wednesday,6:01 am to 10:00 am,8.0,0,Morning,Spring,3801,4267,TARAVAL,3141,22350,22350,Unsafe speed for prevailing conditions,BB,Vehicle-Pedestrian,19219,2,2,57649,2
8696,10821,170215143.0,2017-03-15 21:32:00,2017 March 15,21:32:00,2017,March,Wednesday,6:01 pm to 10:00 pm,21.0,0,Night,Spring,3801,1480,MISSION,3D2E,22350,22350,Unsafe speed for prevailing conditions,AA,Vehicle(s) Only Involved,7532,2,12,57654,2
8697,13030,160327388.0,2016-04-21 12:41:00,2016 April 21,12:41:00,2016,April,Thursday,10:01 am to 2:00 pm,12.0,0,Afternoon,Spring,3801,38,SOUTHERN,5 CAR,21950(a),"21950(a,c)",Driver or bicyclist to yield right-of-way at crosswalks,BB,Vehicle-Pedestrian,7533,2,1,57649,2
8698,8291,2917424.0,2006-11-22 06:10:00,2006 November 22,06:10:00,2006,November,Wednesday,6:01 am to 10:00 am,6.0,0,Morning,Fall,3801,1541,,,21802(a),"21802(a,b)",Violation of right-of-way - entering through highway,CC,Vehicle-Bicycle,21313,21,33,57581,2
8699,6799,4114379.0,2009-02-11 23:02:00,2009 February 11,23:02:00,2009,February,Wednesday,10:01 pm to 2:00 am,23.0,0,Night,Winter,3801,963,MISSI,3D14E,21453(d),21453(d),Red signal - pedestrian responsibilities,BB,Vehicle-Pedestrian,7535,2,13,57622,1
8700,32155,2106109.0,2005-06-22 12:25:00,2005 June 22,12:25:00,2005,June,Wednesday,10:01 am to 2:00 pm,12.0,0,Afternoon,Summer,3801,43,,3E63,21955,21955,Crossing between controlled intersections (Jaywalking),BB,Vehicle-Pedestrian,7536,2,1,49217,1
8701,18947,150524077.0,2015-06-15 20:40:00,2015 June 15,20:40:00,2015,June,Monday,6:01 pm to 10:00 pm,20.0,0,Evening,Summer,3801,1353,CO E,3E76,21954(a),21954(a),Pedestrians must yield right-of-way outside of crosswalks,BB,Vehicle-Pedestrian,30973,2,15,57123,1
8702,37462,4077733.0,2008-12-02 13:20:00,2008 December 02,13:20:00,2008,December,Tuesday,10:01 am to 2:00 pm,13.0,0,Afternoon,Winter,3801,1389,I,4X1,22350,22350,Unsafe speed for prevailing conditions,FF,Bicycle Only,7537,2,9,57556,1
8703,18788,2639819.0,2006-02-24 02:36:00,2006 February 24,02:36:00,2006,February,Friday,2:01 am to 6:00 am,2.0,0,Night,Winter,3801,4221,B,B4Y,21453(a),"21453(a,c)",Red signal - driver or bicyclist responsibilities,AA,Vehicle(s) Only Involved,22252,2,3,57659,8
8704,29624,2719197.0,2006-07-11 17:50:00,2006 July 11,17:50:00,2006,July,Tuesday,2:01 pm to 6:00 pm,17.0,0,Evening,Summer,3801,671,NORTH,4B8C,21955,21955,Crossing between controlled intersections (Jaywalking),BB,Vehicle-Pedestrian,7538,2,2,57622,2
8705,5705,1988071.0,2005-01-25 16:45:00,2005 January 25,16:45:00,2005,January,Tuesday,2:01 pm to 6:00 pm,16.0,0,Afternoon,Winter,3801,1212,COC,4B6C,21804(a),"21804(a,b)",Entering highway from alley or driveway,AA,Vehicle(s) Only Involved,7539,1,4,57659,8
8706,29884,160442732.0,2016-06-01 19:10:00,2016 June 01,19:10:00,2016,June,Wednesday,6:01 pm to 10:00 pm,19.0,0,Evening,Summer,3801,1523,NORTHERN,3E2C,21453(a),"21453(a,c)",Red signal - driver or bicyclist responsibilities,AA,Vehicle(s) Only Involved,14836,2,23,57659,1
8707,25476,150076614.0,2015-01-25 16:27:00,2015 January 25,16:27:00,2015,January,Sunday,2:01 pm to 6:00 pm,16.0,1,Afternoon,Winter,3801,2169,SOUTHERN,3B15D,21954(b),21954(b),Failure of driver or bicyclist to exercise due care for safety of pedestrian on roadway,BB,Vehicle-Pedestrian,6320,2,2,57649,1
8708,19588,2484833.0,2006-01-17 00:15:00,2006 January 17,00:15:00,2006,January,Tuesday,10:01 pm to 2:00 am,0.0,0,Night,Winter,3801,1632,PARK,3F14E,21703,21703,Following too closely prohibited,AA,Vehicle(s) Only Involved,6424,2,3,57406,2
8709,82988,230086070.0,2023-02-05 01:32:00,2023 February 05,01:32:00,2023,February,Sunday,10:01 pm to 2:00 am,1.0,1,Night,Winter,3801,Li 1074,Bayview,,22350,22350,Unsafe speed for prevailing conditions,AA,Vehicle(s) Only Involved,7540,4,13,57603,1
8710,20406,2892802.0,2006-11-06 20:20:00,2006 November 06,20:20:00,2006,November,Monday,6:01 pm to 10:00 pm,20.0,0,Evening,Fall,3801,904,3E,3E18,21453(a),"21453(a,c)",Red signal - driver or bicyclist responsibilities,AA,Vehicle(s) Only Involved,1395,2,3,57659,1
8711,17063,3123919.0,2007-03-01 15:42:00,2007 March 01,15:42:00,2007,March,Thursday,2:01 pm to 6:00 pm,15.0,0,Afternoon,Spring,3801,937,COB,4B7I,22350,22350,Unsafe speed for prevailing conditions,AA,Vehicle(s) Only Involved,7541,2,2,57607,2
8712,4686,170249647.0,2017-03-27 01:34:00,2017 March 27,01:34:00,2017,March,Monday,10:01 pm to 2:00 am,1.0,0,Night,Spring,3801,1679,3801,,21453(a),"21453(a,c)",Red signal - driver or bicyclist responsibilities,AA,Vehicle(s) Only Involved,38116,2,13,57659,2
8713,12307,160939228.0,2016-11-18 08:38:00,2016 November 18,08:38:00,2016,November,Friday,6:01 am to 10:00 am,8.0,0,Morning,Fall,3801,2059,MISSION,3D11A,21954(a),21954(a),Pedestrians must yield right-of-way outside of crosswalks,BB,Vehicle-Pedestrian,7542,2,1,57622,1
8714,16476,160394597.0,2016-05-14 15:05:00,2016 May 14,15:05:00,2016,May,Saturday,2:01 pm to 6:00 pm,15.0,1,Afternoon,Spring,3801,2421,SOUTHERN,3B14C,21950(b),21950(b),Pedestrian suddenly entering into vehicle path close enough to create an immediate hazard,BB,Vehicle-Pedestrian,7543,2,1,57622,1
8715,5539,4351319.0,2009-08-10 10:57:00,2009 August 10,10:57:00,2009,August,Monday,10:01 am to 2:00 pm,10.0,0,Morning,Summer,3801,2137,BAYVI,4B2C,Unknown,Unknown,Unknown,AA,Vehicle(s) Only Involved,7544,2,1,57585,1
8716,33753,4281024.0,2009-06-05 15:25:00,2009 June 05,15:25:00,2009,June,Friday,2:01 pm to 6:00 pm,15.0,0,Afternoon,Summer,3801,1428,,3A3,21804(a),"21804(a,b)",Entering highway from alley or driveway,AA,Vehicle(s) Only Involved,7545,2,2,57659,1
8717,17174,3209149.0,2007-05-26 14:22:00,2007 May 26,14:22:00,2007,May,Saturday,2:01 pm to 6:00 pm,14.0,1,Afternoon,Spring,3801,1169,,001,21954(a),21954(a),Pedestrians must yield right-of-way outside of crosswalks,BB,Vehicle-Pedestrian,7546,2,2,57622,1
8718,12357,151087549.0,2015-12-16 10:00:00,2015 December 16,10:00:00,2015,December,Wednesday,6:01 am to 10:00 am,10.0,0,Morning,Winter,3801,4272,MISSION,3DA11A,Unknown,Unknown,Unknown,AA,Vehicle(s) Only Involved,35129,3,14,34138,1
8719,28521,4411302.0,2009-09-23 13:23:00,2009 September 23,13:23:00,2009,September,Wednesday,10:01 am to 2:00 pm,13.0,0,Afternoon,Fall,3801,671,CENTR,4B1A,21956(a),21956(a),Pedestrian on roadway prohibited,BB,Vehicle-Pedestrian,7547,2,40,57622,1
8720,8022,170205360.0,2017-03-12 23:22:00,2017 March 12,23:22:00,2017,March,Sunday,10:01 pm to 2:00 am,23.0,1,Night,Spring,3801,1571,MISSION,3D13D,21956(a),21956(a),Pedestrian on roadway prohibited,BB,Vehicle-Pedestrian,7548,2,12,57280,1
8721,30898,150940241.0,2015-10-27 19:03:00,2015 October 27,19:03:00,2015,October,Tuesday,6:01 pm to 10:00 pm,19.0,0,Evening,Fall,3801,1787,,,21801(a),"21801(a,b)",Violation of right-of-way - left turn,AA,Vehicle(s) Only Involved,5238,2,3,57585,1
8722,6987,160229790.0,2016-03-19 09:30:00,2016 March 19,09:30:00,2016,March,Saturday,6:01 am to 10:00 am,9.0,1,Morning,Spring,3801,2283,,,22350,22350,Unsafe speed for prevailing conditions,AA,Vehicle(s) Only Involved,7549,9,16,57583,2
8723,15871,160990593.0,2016-12-06 12:18:00,2016 December 06,12:18:00,2016,December,Tuesday,10:01 am to 2:00 pm,12.0,0,Afternoon,Winter,3801,2718,SOUTHERN,3B13A,21453(d),21453(d),Red signal - pedestrian responsibilities,BB,Vehicle-Pedestrian,1373,2,1,57566,4
8724,620,161035798.0,2016-12-15 17:33:00,2016 December 15,17:33:00,2016,December,Thursday,2:01 pm to 6:00 pm,17.0,0,Evening,Winter,3801,2725,BAYVIEW,903,Unknown,Unknown,Unknown,BB,Vehicle-Pedestrian,7550,4,7,57622,4