collision_id,unique_id,case_id_pkey,collision_datetime,collision_date,collision_time,accident_year,month,day_of_week,time_cat,hour_of_day,is_weekend,time_of_day,season,juris,officer_id,reporting_district,beat_number,vz_pcf_code,vz_pcf_group,vz_pcf_description,dph_col_grp,dph_col_grp_description,location_id,weather_id,road_id,party_id,severity_id
9296,42620,160087297.0,2016-01-30 11:40:00,2016 January 30,11:40:00,2016,January,Saturday,10:01 am to 2:00 pm,11.0,1,Morning,Winter,3801,1054,RICHMOND,3,22350,22350,Unsafe speed for prevailing conditions,AA,Vehicle(s) Only Involved,7954,2,2,57654,1
9297,19418,160215084.0,2016-03-14 12:45:00,2016 March 14,12:45:00,2016,March,Monday,10:01 am to 2:00 pm,12.0,0,Afternoon,Spring,3801,97,PARK,3F14A,22350,22350,Unsafe speed for prevailing conditions,AA,Vehicle(s) Only Involved,7955,2,2,56568,1
9298,9121,2566329.0,2005-10-10 02:40:00,2005 October 10,02:40:00,2005,October,Monday,2:01 am to 6:00 am,2.0,0,Night,Fall,3801,1555,BAYVI,3L11E,21750,21750,Overtaking and passing unsafely,AA,Vehicle(s) Only Involved,7956,2,12,57660,1
9299,16445,160222954.0,2016-03-16 23:46:00,2016 March 16,23:46:00,2016,March,Wednesday,10:01 pm to 2:00 am,23.0,0,Night,Spring,3801,2353,BAYVIEW,3C11E,22107,22107,Unsafe turn or lane change prohibited,CC,Vehicle-Bicycle,7957,2,3,57581,2
9300,22417,2566201.0,2006-01-19 10:15:00,2006 January 19,10:15:00,2006,January,Thursday,10:01 am to 2:00 pm,10.0,0,Morning,Winter,3801,438,,4B5F,21453(a),"21453(a,c)",Red signal - driver or bicyclist responsibilities,AA,Vehicle(s) Only Involved,23222,2,1,57659,2
9301,7276,4438677.0,2009-10-05 17:50:00,2009 October 05,17:50:00,2009,October,Monday,2:01 pm to 6:00 pm,17.0,0,Evening,Fall,3801,2082,INGLE,4B6H,21801(a),"21801(a,b)",Violation of right-of-way - left turn,AA,Vehicle(s) Only Involved,7959,2,33,57659,1
9302,971,4805894.0,2010-07-08 18:14:00,2010 July 08,18:14:00,2010,July,Thursday,6:01 pm to 10:00 pm,18.0,0,Evening,Summer,3801,2088,,,22350,22350,Unsafe speed for prevailing conditions,FF,Bicycle Only,7960,2,2,57556,4
9303,43118,160751464.0,2016-09-16 07:10:00,2016 September 16,07:10:00,2016,September,Friday,6:01 am to 10:00 am,7.0,0,Morning,Fall,3801,1054,RICHMOND,3,Unknown,Unknown,Unknown,AA,Vehicle(s) Only Involved,22027,2,1,57496,1
9304,42199,160392648.0,2016-05-13 20:24:00,2016 May 13,20:24:00,2016,May,Friday,6:01 pm to 10:00 pm,20.0,0,Evening,Spring,3801,1362,RICHMOND,3G5D,22107,22107,Unsafe turn or lane change prohibited,CC,Vehicle-Bicycle,7962,2,15,57581,1
9305,55924,210604012.0,2021-09-17 23:04:00,2021 September 17,23:04:00,2021,September,Friday,10:01 pm to 2:00 am,23.0,0,Night,Fall,3801,1463,Southern,,Unknown,Unknown,Unknown,AA,Vehicle(s) Only Involved,26698,2,3,57631,5
9306,41107,150997361.0,2015-11-16 09:33:00,2015 November 16,09:33:00,2015,November,Monday,6:01 am to 10:00 am,9.0,0,Morning,Fall,3801,1918,TARAVAL,3I16A,21950(a),"21950(a,c)",Driver or bicyclist to yield right-of-way at crosswalks,BB,Vehicle-Pedestrian,7964,2,1,57649,1
9307,34623,161017536.0,2016-12-15 14:25:00,2016 December 15,14:25:00,2016,December,Thursday,2:01 pm to 6:00 pm,14.0,0,Afternoon,Winter,3801,2749,NORTHERN,3E14C,21453(a),"21453(a,c)",Red signal - driver or bicyclist responsibilities,AA,Vehicle(s) Only Involved,36142,4,16,57659,1
9308,17581,151048240.0,2015-12-03 14:23:00,2015 December 03,14:23:00,2015,December,Thursday,2:01 pm to 6:00 pm,14.0,0,Afternoon,Winter,3801,1883,SOUTHERN,5,Unknown,Unknown,Unknown,CC,Vehicle-Bicycle,37531,2,16,57621,2
9309,2870,4454569.0,2009-10-21 08:35:00,2009 October 21,08:35:00,2009,October,Wednesday,6:01 am to 10:00 am,8.0,0,Morning,Fall,3801,2137,BAYVI,4B2C,21802(a),"21802(a,b)",Violation of right-of-way - entering through highway,AA,Vehicle(s) Only Involved,31379,1,1,57659,1
9310,2268,160437987.0,2016-05-29 01:56:00,2016 May 29,01:56:00,2016,May,Sunday,10:01 pm to 2:00 am,1.0,1,Night,Spring,3801,4222,CO H,3H16E,22350,22350,Unsafe speed for prevailing conditions,AA,Vehicle(s) Only Involved,36293,2,21,57569,2
9311,25500,130337549.0,2013-04-25 08:10:00,2013 April 25,08:10:00,2013,April,Thursday,6:01 am to 10:00 am,8.0,0,Morning,Spring,3801,1794,SOUTHERN,3B60,21950(a),"21950(a,c)",Driver or bicyclist to yield right-of-way at crosswalks,BB,Vehicle-Pedestrian,24150,1,1,57649,2
9312,12810,3020578.0,2007-01-26 15:38:00,2007 January 26,15:38:00,2007,January,Friday,2:01 pm to 6:00 pm,15.0,0,Afternoon,Winter,3801,968,MISSI,3D2,21801(a),"21801(a,b)",Violation of right-of-way - left turn,CC,Vehicle-Bicycle,27866,2,1,57581,1
9313,42356,170177963.0,2017-03-03 12:45:00,2017 March 03,12:45:00,2017,March,Friday,10:01 am to 2:00 pm,12.0,0,Afternoon,Spring,3801,1177,CO G,3G,21755(a),21755(a),Unsafe passing on right shoulder,AA,Vehicle(s) Only Involved,32654,1,2,57585,1
9314,39180,170265706.0,2017-03-31 23:40:00,2017 March 31,23:40:00,2017,March,Friday,10:01 pm to 2:00 am,23.0,0,Night,Spring,3801,4347,TARAVAL,3I11E,21703,21703,Following too closely prohibited,AA,Vehicle(s) Only Involved,34141,2,3,57557,1
9315,32090,160572856.0,2016-07-15 23:00:00,2016 July 15,23:00:00,2016,July,Friday,10:01 pm to 2:00 am,23.0,0,Night,Summer,3801,952,CENTRAL,901,Unknown,Unknown,Unknown,CC,Vehicle-Bicycle,7969,2,3,57625,1
9316,15144,2448533.0,2005-12-11 17:45:00,2005 December 11,17:45:00,2005,December,Sunday,2:01 pm to 6:00 pm,17.0,1,Evening,Winter,3801,001617,SOUTH,4B6A,21950(a),"21950(a,c)",Driver or bicyclist to yield right-of-way at crosswalks,BB,Vehicle-Pedestrian,25314,2,3,57649,1
9317,38274,3825721.0,2008-06-26 04:01:00,2008 June 26,04:01:00,2008,June,Thursday,2:01 am to 6:00 am,4.0,0,Night,Summer,3801,1992,TARAV,3I5E,22350,22350,Unsafe speed for prevailing conditions,AA,Vehicle(s) Only Involved,20086,3,65,57654,2
9318,12224,150547643.0,2015-06-23 17:52:00,2015 June 23,17:52:00,2015,June,Tuesday,2:01 pm to 6:00 pm,17.0,0,Evening,Summer,3801,1177,MISSION,3D16D,21801(a),"21801(a,b)",Violation of right-of-way - left turn,AA,Vehicle(s) Only Involved,10764,2,1,57659,2
9319,2250,3123946.0,2007-03-15 08:30:00,2007 March 15,08:30:00,2007,March,Thursday,6:01 am to 10:00 am,8.0,0,Morning,Spring,3801,1161,,3H5,22350,22350,Unsafe speed for prevailing conditions,AA,Vehicle(s) Only Involved,7970,2,2,57658,8
9320,16433,170072012.0,2017-01-26 14:55:00,2017 January 26,14:55:00,2017,January,Thursday,2:01 pm to 6:00 pm,14.0,0,Afternoon,Winter,3801,240,SOUTHERN,901,21954(a),21954(a),Pedestrians must yield right-of-way outside of crosswalks,BB,Vehicle-Pedestrian,7971,2,2,57622,2
9321,38689,170174094.0,2017-03-02 08:26:00,2017 March 02,08:26:00,2017,March,Thursday,6:01 am to 10:00 am,8.0,0,Morning,Spring,3801,2457,TARAVAL,3113A,22450(a),22450(a),Failure to stop at STOP sign,AA,Vehicle(s) Only Involved,7972,2,1,57660,8
9322,16505,160394967.0,2016-05-14 17:20:00,2016 May 14,17:20:00,2016,May,Saturday,2:01 pm to 6:00 pm,17.0,1,Evening,Spring,3801,781,SOUTHERN,B2,22106,22106,Unsafe starting or backing on highway,BB,Vehicle-Pedestrian,7973,2,2,57649,2
9323,4985,4438428.0,2009-10-15 17:17:00,2009 October 15,17:17:00,2009,October,Thursday,2:01 pm to 6:00 pm,17.0,0,Evening,Fall,3801,01431,INGLE,3H11D,22350,22350,Unsafe speed for prevailing conditions,AA,Vehicle(s) Only Involved,7974,2,2,57658,4
9324,10678,160381011.0,2016-05-09 19:25:00,2016 May 09,19:25:00,2016,May,Monday,6:01 pm to 10:00 pm,19.0,0,Evening,Spring,3801,2443,MISSION,3D14D,21801(a),"21801(a,b)",Violation of right-of-way - left turn,AA,Vehicle(s) Only Involved,27463,2,33,57659,1
9325,7112,3747587.0,2008-04-21 10:44:00,2008 April 21,10:44:00,2008,April,Monday,10:01 am to 2:00 pm,10.0,0,Morning,Spring,3801,649,INGLE,4B2H,21801(a),"21801(a,b)",Violation of right-of-way - left turn,AA,Vehicle(s) Only Involved,31579,2,1,57659,1
9326,38981,2626333.0,2006-01-22 08:52:00,2006 January 22,08:52:00,2006,January,Sunday,6:01 am to 10:00 am,8.0,1,Morning,Winter,3801,2044,,4B2B,21453(a),"21453(a,c)",Red signal - driver or bicyclist responsibilities,AA,Vehicle(s) Only Involved,1848,2,1,57659,1
9327,44036,170055870.0,2017-01-21 01:18:00,2017 January 21,01:18:00,2017,January,Saturday,10:01 pm to 2:00 am,1.0,1,Night,Winter,3801,2042,RICHMOND,3G14E,22107,22107,Unsafe turn or lane change prohibited,AA,Vehicle(s) Only Involved,7976,2,13,57659,1
9328,22385,161038576.0,2016-12-22 14:54:00,2016 December 22,14:54:00,2016,December,Thursday,2:01 pm to 6:00 pm,14.0,0,Afternoon,Winter,3801,328,NORTHERN,3E11C,21453(a),"21453(a,c)",Red signal - driver or bicyclist responsibilities,AA,Vehicle(s) Only Involved,7237,2,1,57659,2
9329,42302,151119603.0,2015-12-29 12:10:00,2015 December 29,12:10:00,2015,December,Tuesday,10:01 am to 2:00 pm,12.0,0,Afternoon,Winter,3801,251,RICHMOND,36G61,21801(a),"21801(a,b)",Violation of right-of-way - left turn,AA,Vehicle(s) Only Involved,32132,2,1,57659,1
9330,4895,2775436.0,2006-07-31 09:45:00,2006 July 31,09:45:00,2006,July,Monday,6:01 am to 10:00 am,9.0,0,Morning,Summer,3801,,,3H1A,21460(a),"21460(a,b)",Improper turns over double lines or solid lines to right prohibited,AA,Vehicle(s) Only Involved,7977,2,2,57660,1
9331,31723,160651632.0,2016-08-12 18:10:00,2016 August 12,18:10:00,2016,August,Friday,6:01 pm to 10:00 pm,18.0,0,Evening,Summer,3801,1126,A,3A11D,21950(a),"21950(a,c)",Driver or bicyclist to yield right-of-way at crosswalks,BB,Vehicle-Pedestrian,7978,2,47,57649,1
9332,13842,4199868.0,2009-04-06 09:19:00,2009 April 06,09:19:00,2009,April,Monday,6:01 am to 10:00 am,9.0,0,Morning,Spring,3801,1446,,,22350,22350,Unsafe speed for prevailing conditions,AA,Vehicle(s) Only Involved,1887,2,19,57237,1
9333,6070,2415078.0,2005-11-27 16:45:00,2005 November 27,16:45:00,2005,November,Sunday,2:01 pm to 6:00 pm,16.0,1,Afternoon,Fall,3801,620,BAYVI,3801,21804(a),"21804(a,b)",Entering highway from alley or driveway,AA,Vehicle(s) Only Involved,7979,2,15,57659,8
9334,15915,3216706.0,2007-05-03 08:28:00,2007 May 03,08:28:00,2007,May,Thursday,6:01 am to 10:00 am,8.0,0,Morning,Spring,3801,111,,4K27,21755(a),21755(a),Unsafe passing on right shoulder,AA,Vehicle(s) Only Involved,7980,2,2,57659,2
9335,36366,3011301.0,2007-01-17 10:30:00,2007 January 17,10:30:00,2007,January,Wednesday,10:01 am to 2:00 pm,10.0,0,Morning,Winter,3801,1484,TARAV,3I61,22350,22350,Unsafe speed for prevailing conditions,AA,Vehicle(s) Only Involved,9380,2,1,57659,2
9336,41181,4404880.0,2009-08-26 17:06:00,2009 August 26,17:06:00,2009,August,Wednesday,2:01 pm to 6:00 pm,17.0,0,Evening,Summer,3801,4137,TARAV,3I11D,21703,21703,Following too closely prohibited,AA,Vehicle(s) Only Involved,7981,2,1,57658,1
9337,20885,4333984.0,2009-08-01 17:20:00,2009 August 01,17:20:00,2009,August,Saturday,2:01 pm to 6:00 pm,17.0,1,Evening,Summer,3801,002260,NORTH,,22517,22517,Opening door on traffic side when unsafe,AA,Vehicle(s) Only Involved,7982,2,40,57660,1
9338,18076,160793648.0,2016-09-30 08:09:00,2016 September 30,08:09:00,2016,September,Friday,6:01 am to 10:00 am,8.0,0,Morning,Fall,3801,4239,PARK,3F13A,21800(c),21800(a-c),Violation of right-of-way or uncontrolled intersection,AA,Vehicle(s) Only Involved,7983,2,1,57659,1
9339,42457,2067291.0,2005-05-28 14:10:00,2005 May 28,14:10:00,2005,May,Saturday,2:01 pm to 6:00 pm,14.0,1,Afternoon,Spring,3801,000829,COG,4B6H,22107,22107,Unsafe turn or lane change prohibited,CC,Vehicle-Bicycle,7984,2,2,57390,2
9340,6864,160613541.0,2016-07-30 11:35:00,2016 July 30,11:35:00,2016,July,Saturday,10:01 am to 2:00 pm,11.0,1,Morning,Summer,3801,2127,INGLESIDE,4B1A,22350,22350,Unsafe speed for prevailing conditions,AA,Vehicle(s) Only Involved,7985,2,8,57659,8
9341,59375,220811730.0,2022-11-25 17:50:00,2022 November 25,17:50:00,2022,November,Friday,2:01 pm to 6:00 pm,17.0,0,Evening,Fall,3801,964,Northern,3e11d,Unknown,Unknown,Unknown,FF,Bicycle Only,7953,3,187,56662,1
9342,9890,140029203.0,2014-01-10 21:43:00,2014 January 10,21:43:00,2014,January,Friday,6:01 pm to 10:00 pm,21.0,0,Night,Winter,3801,1661,MISSION,3D13E,22450(a),22450(a),Failure to stop at STOP sign,CC,Vehicle-Bicycle,8961,2,12,57616,2
9343,44476,2008067.0,2005-04-23 16:45:00,2005 April 23,16:45:00,2005,April,Saturday,2:01 pm to 6:00 pm,16.0,1,Afternoon,Spring,3801,659,,0G4,21801(a),"21801(a,b)",Violation of right-of-way - left turn,AA,Vehicle(s) Only Involved,38842,5,2,57659,2
9344,8125,170249017.0,2017-03-26 19:32:00,2017 March 26,19:32:00,2017,March,Sunday,6:01 pm to 10:00 pm,19.0,1,Evening,Spring,3801,499,INGLESIDE,3H12D,22107,22107,Unsafe turn or lane change prohibited,AA,Vehicle(s) Only Involved,32917,4,46,57585,1
9345,21858,150954894.0,2015-11-01 15:25:00,2015 November 01,15:25:00,2015,November,Sunday,2:01 pm to 6:00 pm,15.0,1,Afternoon,Fall,3801,1075,NORTHERN,3E13C,21453(a),"21453(a,c)",Red signal - driver or bicyclist responsibilities,AA,Vehicle(s) Only Involved,15397,1,1,57659,14
9346,55103,210203125.0,2021-04-01 17:59:00,2021 April 01,17:59:00,2021,April,Thursday,2:01 pm to 6:00 pm,17.0,0,Evening,Spring,3801,812,Bayview,2,Unknown,Unknown,Unknown,AA,Vehicle(s) Only Involved,7987,2,1,57658,1
9347,10655,151057354.0,2015-12-06 20:33:00,2015 December 06,20:33:00,2015,December,Sunday,6:01 pm to 10:00 pm,20.0,1,Evening,Winter,3801,1537,MISSION,3D13D,21453(a),"21453(a,c)",Red signal - driver or bicyclist responsibilities,AA,Vehicle(s) Only Involved,22406,1,13,57659,8
9348,30645,160579119.0,2016-07-18 13:26:00,2016 July 18,13:26:00,2016,July,Monday,10:01 am to 2:00 pm,13.0,0,Afternoon,Summer,3801,1714,NORTHERN,4B6I,21453(a),"21453(a,c)",Red signal - driver or bicyclist responsibilities,AA,Vehicle(s) Only Involved,7989,1,1,57659,23
9349,35580,4032498.0,2008-12-05 09:49:00,2008 December 05,09:49:00,2008,December,Friday,6:01 am to 10:00 am,9.0,0,Morning,Winter,3801,00779,,3E62,21658(a),"21658(a,b)",Lane straddling or failure to use specified lanes,AA,Vehicle(s) Only Involved,7990,2,1,57660,8
9350,30269,2987907.0,2007-01-09 06:47:00,2007 January 09,06:47:00,2007,January,Tuesday,6:01 am to 10:00 am,6.0,0,Morning,Winter,3801,1987,3E,003,21954(a),21954(a),Pedestrians must yield right-of-way outside of crosswalks,BB,Vehicle-Pedestrian,7991,2,12,57622,4
9351,11766,160285639.0,2016-04-07 02:27:00,2016 April 07,02:27:00,2016,April,Thursday,2:01 am to 6:00 am,2.0,0,Night,Spring,3801,727,MISSION,3D13E,21801(a),"21801(a,b)",Violation of right-of-way - left turn,AA,Vehicle(s) Only Involved,9535,2,3,57603,1
9352,2252,3866608.0,2008-08-03 21:29:00,2008 August 03,21:29:00,2008,August,Sunday,6:01 pm to 10:00 pm,21.0,1,Night,Summer,3801,821,INGLE,4B8F,22350,22350,Unsafe speed for prevailing conditions,AA,Vehicle(s) Only Involved,7992,1,3,57658,1
9353,15681,170103366.0,2017-02-06 01:00:00,2017 February 06,01:00:00,2017,February,Monday,10:01 pm to 2:00 am,1.0,0,Night,Winter,3801,867,SOUTHERN,3B13E,23153(a),23153(a-g),Driving under influence causing injury,AA,Vehicle(s) Only Involved,7993,2,3,57585,2
9354,20857,160785463.0,2016-09-24 21:59:00,2016 September 24,21:59:00,2016,September,Saturday,6:01 pm to 10:00 pm,21.0,1,Night,Fall,3801,2228,SOUTHERN,3B12D,22100(b),"22100(a,b)",Turn at intersection from wrong position,AA,Vehicle(s) Only Involved,7994,2,3,57658,1
9355,9799,170418604.0,2017-05-22 07:25:00,2017 May 22,07:25:00,2017,May,Monday,6:01 am to 10:00 am,7.0,0,Morning,Spring,3801,73,MISSION,4B6D,21950(a),"21950(a,c)",Driver or bicyclist to yield right-of-way at crosswalks,BB,Vehicle-Pedestrian,37759,8,44,57649,1
9356,34967,161001090.0,2016-12-10 00:30:00,2016 December 10,00:30:00,2016,December,Saturday,10:01 pm to 2:00 am,0.0,1,Night,Winter,3801,2711,NORTHERN,6 CAR,21950(a),"21950(a,c)",Driver or bicyclist to yield right-of-way at crosswalks,BB,Vehicle-Pedestrian,7995,4,13,57525,1
9357,16798,170894305.0,2017-11-01 21:30:00,2017 November 01,21:30:00,2017,November,Wednesday,6:01 pm to 10:00 pm,21.0,0,Night,Fall,3801,4125,TENDERLOIN,3J11E,22350,22350,Unsafe speed for prevailing conditions,CC,Vehicle-Bicycle,7996,2,32,57655,1
9358,15473,3216718.0,2007-05-14 18:20:00,2007 May 14,18:20:00,2007,May,Monday,6:01 pm to 10:00 pm,18.0,0,Evening,Spring,3801,002089,,4B6B,21650.1,21650.1,Bicycle to travel in same direction as vehicles,CC,Vehicle-Bicycle,7997,2,1,57621,1
9359,24453,160853264.0,2016-10-19 19:11:00,2016 October 19,19:11:00,2016,October,Wednesday,6:01 pm to 10:00 pm,19.0,0,Evening,Fall,3801,2239,TENDERLOIN,3J42C,Unknown,Unknown,Unknown,BB,Vehicle-Pedestrian,7998,2,3,57525,2
9360,20767,4217348.0,2009-04-20 14:54:00,2009 April 20,14:54:00,2009,April,Monday,2:01 pm to 6:00 pm,14.0,0,Afternoon,Spring,3801,002416,NORTH,3E12C,21800(d),"21800(d)(1,2)",Violation of right-of-way or controlled intersection with inoperative control signals,AA,Vehicle(s) Only Involved,5622,2,30,57659,2
9361,5170,150490105.0,2015-06-05 06:50:00,2015 June 05,06:50:00,2015,June,Friday,6:01 am to 10:00 am,6.0,0,Morning,Summer,3801,,INGLESIDE,3H66,22107,22107,Unsafe turn or lane change prohibited,AA,Vehicle(s) Only Involved,7999,2,2,57607,3
9362,23449,160528291.0,2016-06-29 19:03:00,2016 June 29,19:03:00,2016,June,Wednesday,6:01 pm to 10:00 pm,19.0,0,Evening,Summer,3801,1108,SOUTHERN,1 CAR,Unknown,Unknown,Unknown,CC,Vehicle-Bicycle,40076,2,2,55448,2
9363,38247,150934636.0,2015-10-26 01:31:00,2015 October 26,01:31:00,2015,October,Monday,10:01 pm to 2:00 am,1.0,0,Night,Fall,3801,1295,TARAVAL,3I15E,22101(d),22101(d),Violation of a turn prohibition sign,AA,Vehicle(s) Only Involved,20086,2,3,57603,3
9364,35110,140158476.0,2014-02-23 00:02:00,2014 February 23,00:02:00,2014,February,Sunday,10:01 pm to 2:00 am,0.0,1,Night,Winter,3801,275,NORTHERN,3E4E,23152(a),23152(a-g),Driving under influence of alcohol and/or drugs,AA,Vehicle(s) Only Involved,8001,2,3,57555,2
9365,27134,160137660.0,2016-02-16 07:06:00,2016 February 16,07:06:00,2016,February,Tuesday,6:01 am to 10:00 am,7.0,0,Morning,Winter,3801,893,CO A,3A15A,21460(a),"21460(a,b)",Improper turns over double lines or solid lines to right prohibited,CC,Vehicle-Bicycle,8002,2,1,57625,2
9366,38831,160581368.0,2016-07-19 09:30:00,2016 July 19,09:30:00,2016,July,Tuesday,6:01 am to 10:00 am,9.0,0,Morning,Summer,3801,2026,TARAVAL,3116A,21956(a),21956(a),Pedestrian on roadway prohibited,BB,Vehicle-Pedestrian,35551,1,2,57622,2
9367,36808,160900796.0,2016-11-05 01:52:00,2016 November 05,01:52:00,2016,November,Saturday,10:01 pm to 2:00 am,1.0,1,Night,Fall,3801,986,TARAVAL,3II5E,22350,22350,Unsafe speed for prevailing conditions,AA,Vehicle(s) Only Involved,8004,2,3,57658,8
9368,40491,160266526.0,2016-03-31 18:48:00,2016 March 31,18:48:00,2016,March,Thursday,6:01 pm to 10:00 pm,18.0,0,Evening,Spring,3801,1475,CO F PARK,3F61,22350,22350,Unsafe speed for prevailing conditions,CC,Vehicle-Bicycle,19095,2,1,57625,1
9369,10139,160103570.0,2016-02-02 09:10:00,2016 February 02,09:10:00,2016,February,Tuesday,6:01 am to 10:00 am,9.0,0,Morning,Winter,3801,860,MISSION,2,22350,22350,Unsafe speed for prevailing conditions,AA,Vehicle(s) Only Involved,6511,1,16,57658,13
9370,5059,3787681.0,2008-06-17 18:10:00,2008 June 17,18:10:00,2008,June,Tuesday,6:01 pm to 10:00 pm,18.0,0,Evening,Summer,3801,1415,INGLE,3H13D,21703,21703,Following too closely prohibited,AA,Vehicle(s) Only Involved,8006,2,2,57557,2
9371,11836,160942077.0,2016-11-19 01:58:00,2016 November 19,01:58:00,2016,November,Saturday,10:01 pm to 2:00 am,1.0,1,Night,Fall,3801,1375,CO D,3D2E,22107,22107,Unsafe turn or lane change prohibited,AA,Vehicle(s) Only Involved,21302,2,3,55742,1
9372,968,150916264.0,2015-10-20 08:00:00,2015 October 20,08:00:00,2015,October,Tuesday,6:01 am to 10:00 am,8.0,0,Morning,Fall,3801,518,INGLESIDE,4B6H,22350,22350,Unsafe speed for prevailing conditions,AA,Vehicle(s) Only Involved,8007,6,2,57584,1
9373,13072,160845164.0,2016-10-17 06:58:00,2016 October 17,06:58:00,2016,October,Monday,6:01 am to 10:00 am,6.0,0,Morning,Fall,3801,,SOUTHERN,3B15A,21453(b),21453(b),Red signal - driver or bicyclist responsibilities with right turn,AA,Vehicle(s) Only Involved,9420,2,1,57659,1
9374,906,170002138.0,2017-01-01 17:51:00,2017 January 01,17:51:00,2017,January,Sunday,2:01 pm to 6:00 pm,17.0,1,Evening,Winter,3801,2369,INGLESIDE,,22350,22350,Unsafe speed for prevailing conditions,AA,Vehicle(s) Only Involved,1132,2,170,57603,8
9375,26173,2063468.0,2005-05-26 14:30:00,2005 May 26,14:30:00,2005,May,Thursday,2:01 pm to 6:00 pm,14.0,0,Afternoon,Spring,3801,551,TENDE,COJ,21955,21955,Crossing between controlled intersections (Jaywalking),BB,Vehicle-Pedestrian,8008,1,2,57622,1
9376,39238,160721445.0,2016-09-05 19:00:00,2016 September 05,19:00:00,2016,September,Monday,6:01 pm to 10:00 pm,19.0,0,Evening,Fall,3801,2091,TARAVAL,3I12D,21950(a),"21950(a,c)",Driver or bicyclist to yield right-of-way at crosswalks,BB,Vehicle-Pedestrian,18072,2,1,57649,2
9377,41208,2657276.0,2006-05-28 10:25:00,2006 May 28,10:25:00,2006,May,Sunday,10:01 am to 2:00 pm,10.0,1,Morning,Spring,3801,625,I,4B4G,22107,22107,Unsafe turn or lane change prohibited,AA,Vehicle(s) Only Involved,8010,2,2,57660,2
9378,299,160410228.0,2016-05-19 15:48:00,2016 May 19,15:48:00,2016,May,Thursday,2:01 pm to 6:00 pm,15.0,0,Afternoon,Spring,3801,13,INGLESIDE,4B8I,22350,22350,Unsafe speed for prevailing conditions,AA,Vehicle(s) Only Involved,8011,8,2,57603,29
9379,23862,160967520.0,2016-11-28 11:54:00,2016 November 28,11:54:00,2016,November,Monday,10:01 am to 2:00 pm,11.0,0,Morning,Fall,3801,427,SOUTHERN,3B43,21456(b),"21456(a,b)",Pedestrian violation of walk or wait signals,BB,Vehicle-Pedestrian,7832,2,1,57622,4
9380,14713,170314626.0,2017-04-16 12:00:00,2017 April 16,12:00:00,2017,April,Sunday,10:01 am to 2:00 pm,12.0,1,Afternoon,Spring,3801,326,NORTHEN,3E16C,Unknown,Unknown,Unknown,BB,Vehicle-Pedestrian,8012,4,4,57649,2
9381,13261,2896537.0,2006-11-09 08:35:00,2006 November 09,08:35:00,2006,November,Thursday,6:01 am to 10:00 am,8.0,0,Morning,Fall,3801,88,,3D62,22107,22107,Unsafe turn or lane change prohibited,CC,Vehicle-Bicycle,11069,2,1,57581,2
9382,27351,170108736.0,2017-02-07 22:30:00,2017 February 07,22:30:00,2017,February,Tuesday,10:01 pm to 2:00 am,22.0,0,Night,Winter,3801,2379,CENTRAL,3A12E,21950(a),"21950(a,c)",Driver or bicyclist to yield right-of-way at crosswalks,BB,Vehicle-Pedestrian,12694,4,13,57525,17
9383,38124,4055250.0,2009-01-08 08:46:00,2009 January 08,08:46:00,2009,January,Thursday,6:01 am to 10:00 am,8.0,0,Morning,Winter,3801,1573,TARAV,4B31,21950(a),"21950(a,c)",Driver or bicyclist to yield right-of-way at crosswalks,BB,Vehicle-Pedestrian,8013,2,2,57649,2
9384,12580,2831525.0,2006-10-04 20:48:00,2006 October 04,20:48:00,2006,October,Wednesday,6:01 pm to 10:00 pm,20.0,0,Evening,Fall,3801,2003,CO D,3D62,22350,22350,Unsafe speed for prevailing conditions,AA,Vehicle(s) Only Involved,8014,4,13,57658,1
9385,14321,4196348.0,2009-03-27 17:06:00,2009 March 27,17:06:00,2009,March,Friday,2:01 pm to 6:00 pm,17.0,0,Evening,Spring,3801,00655,SOUTH,3B5D,21950(a),"21950(a,c)",Driver or bicyclist to yield right-of-way at crosswalks,BB,Vehicle-Pedestrian,8015,2,1,57649,4
9386,3565,2395877.0,2005-11-04 15:22:00,2005 November 04,15:22:00,2005,November,Friday,2:01 pm to 6:00 pm,15.0,0,Afternoon,Fall,3801,1279,C,4B5H,21950(a),"21950(a,c)",Driver or bicyclist to yield right-of-way at crosswalks,BB,Vehicle-Pedestrian,8016,2,1,57649,1
9387,25205,4333406.0,2009-07-26 19:00:00,2009 July 26,19:00:00,2009,July,Sunday,6:01 pm to 10:00 pm,19.0,1,Evening,Summer,3801,0401,SOUTH,3B61,21658(a),"21658(a,b)",Lane straddling or failure to use specified lanes,CC,Vehicle-Bicycle,6386,2,2,57390,1
9388,21703,160143902.0,2016-02-18 05:14:00,2016 February 18,05:14:00,2016,February,Thursday,2:01 am to 6:00 am,5.0,0,Morning,Winter,3801,2112,NORTHERN,3E13E,21453(a),"21453(a,c)",Red signal - driver or bicyclist responsibilities,AA,Vehicle(s) Only Involved,39469,4,91,57585,2
9389,12209,160268895.0,2016-04-01 14:52:00,2016 April 01,14:52:00,2016,April,Friday,2:01 pm to 6:00 pm,14.0,0,Afternoon,Spring,3801,4119,MISSION,5 CAR,21955,21955,Crossing between controlled intersections (Jaywalking),BB,Vehicle-Pedestrian,8017,2,2,57622,1
9390,1402,3013085.0,2007-01-25 19:35:00,2007 January 25,19:35:00,2007,January,Thursday,6:01 pm to 10:00 pm,19.0,0,Evening,Winter,3801,2014,INGLE,3H150,22106,22106,Unsafe starting or backing on highway,AA,Vehicle(s) Only Involved,8018,2,12,57658,1
9391,24628,4404948.0,2009-09-25 17:33:00,2009 September 25,17:33:00,2009,September,Friday,2:01 pm to 6:00 pm,17.0,0,Evening,Fall,3801,107,COJ,002,21750,21750,Overtaking and passing unsafely,CC,Vehicle-Bicycle,8019,2,2,57614,1