collision_id,unique_id,case_id_pkey,collision_datetime,collision_date,collision_time,accident_year,month,day_of_week,time_cat,hour_of_day,is_weekend,time_of_day,season,juris,officer_id,reporting_district,beat_number,vz_pcf_code,vz_pcf_group,vz_pcf_description,dph_col_grp,dph_col_grp_description,location_id,weather_id,road_id,party_id,severity_id
10727,10825,3929976.0,2008-11-01 12:51:00,2008 November 01,12:51:00,2008,November,Saturday,10:01 am to 2:00 pm,12.0,1,Afternoon,Fall,3801,2270,,,22350,22350,Unsafe speed for prevailing conditions,AA,Vehicle(s) Only Involved,8934,4,4,56911,1
10728,14920,160451238.0,2016-06-02 16:22:00,2016 June 02,16:22:00,2016,June,Thursday,2:01 pm to 6:00 pm,16.0,0,Afternoon,Summer,3801,2431,SOUTHERN,3B12D,21801(a),"21801(a,b)",Violation of right-of-way - left turn,CC,Vehicle-Bicycle,35987,2,1,57581,2
10729,10373,150918492.0,2015-10-20 18:55:00,2015 October 20,18:55:00,2015,October,Tuesday,6:01 pm to 10:00 pm,18.0,0,Evening,Fall,3801,433,MISSION,901,22350,22350,Unsafe speed for prevailing conditions,CC,Vehicle-Bicycle,8935,2,15,57561,1
10730,24028,160911141.0,2016-11-03 18:00:00,2016 November 03,18:00:00,2016,November,Thursday,2:01 pm to 6:00 pm,18.0,0,Evening,Fall,3801,2719,,5,21453(a),"21453(a,c)",Red signal - driver or bicyclist responsibilities,BB,Vehicle-Pedestrian,8936,2,3,57649,2
10731,28973,4416966.0,2009-09-25 20:45:00,2009 September 25,20:45:00,2009,September,Friday,6:01 pm to 10:00 pm,20.0,0,Evening,Fall,3801,1993,NORTH,E13E,21950(c),"21950(a,c)",Driver or bicyclist to yield right-of-way at crosswalks,BB,Vehicle-Pedestrian,36662,2,3,57649,2
10732,13607,3196445.0,2007-04-16 12:39:00,2007 April 16,12:39:00,2007,April,Monday,10:01 am to 2:00 pm,12.0,0,Afternoon,Spring,3801,1201,,4K10,21950(a),"21950(a,c)",Driver or bicyclist to yield right-of-way at crosswalks,BB,Vehicle-Pedestrian,8937,2,1,57532,2
10733,41748,170332781.0,2017-04-23 11:41:00,2017 April 23,11:41:00,2017,April,Sunday,10:01 am to 2:00 pm,11.0,1,Morning,Spring,3801,2039,TARAVAL,3,21756(a),21756(a-c),"Unsafe passing of standing streetcar, trolley coach, or bus safety zones",BB,Vehicle-Pedestrian,8938,2,1,57525,1
10734,2447,170165009.0,2017-02-27 08:25:00,2017 February 27,08:25:00,2017,February,Monday,6:01 am to 10:00 am,8.0,0,Morning,Winter,3801,1655,BAYVIEW,3C13A,21650,21650,Failure to keep to right side of road,AA,Vehicle(s) Only Involved,8939,2,2,57496,1
10735,22764,2775876.0,2006-08-11 21:45:00,2006 August 11,21:45:00,2006,August,Friday,6:01 pm to 10:00 pm,21.0,0,Night,Summer,3801,1105,PARK,3FIZE,Unknown,Unknown,Unknown,AA,Vehicle(s) Only Involved,8940,2,12,57557,1
10736,4355,4423143.0,2009-10-01 08:19:00,2009 October 01,08:19:00,2009,October,Thursday,6:01 am to 10:00 am,8.0,0,Morning,Fall,3801,740,INGEL,4B3I,21954(a),21954(a),Pedestrians must yield right-of-way outside of crosswalks,BB,Vehicle-Pedestrian,8941,2,2,57622,2
10737,3209,140678913.0,2014-08-14 09:30:00,2014 August 14,09:30:00,2014,August,Thursday,6:01 am to 10:00 am,9.0,0,Morning,Summer,3801,1887,TRAHF,4K1C,21703,21703,Following too closely prohibited,AA,Vehicle(s) Only Involved,8942,2,1,57658,11
10738,45112,3862976.0,2008-07-28 18:20:00,2008 July 28,18:20:00,2008,July,Monday,6:01 pm to 10:00 pm,18.0,0,Evening,Summer,3801,04236,RICHM,3G44C,21950(a),"21950(a,c)",Driver or bicyclist to yield right-of-way at crosswalks,BB,Vehicle-Pedestrian,8943,2,1,57476,1
10739,35509,160710545.0,2016-09-01 20:20:00,2016 September 01,20:20:00,2016,September,Thursday,6:01 pm to 10:00 pm,20.0,0,Evening,Fall,3801,964,NORTHERN,3E45,21703,21703,Following too closely prohibited,AA,Vehicle(s) Only Involved,6886,2,3,57658,1
10740,11238,160260089.0,2016-03-29 17:34:00,2016 March 29,17:34:00,2016,March,Tuesday,2:01 pm to 6:00 pm,17.0,0,Evening,Spring,3801,1571,MISSION,1,22107,22107,Unsafe turn or lane change prohibited,CC,Vehicle-Bicycle,8944,2,2,57614,2
10741,11361,4871809.0,2010-09-02 23:04:00,2010 September 02,23:04:00,2010,September,Thursday,10:01 pm to 2:00 am,23.0,0,Night,Fall,3801,4084,,1,21200.5,21200.5,Bicyclist riding under the influence,CC,Vehicle-Bicycle,14005,2,3,57655,4
10742,27825,140169627.0,2014-02-26 22:00:00,2014 February 26,22:00:00,2014,February,Wednesday,6:01 pm to 10:00 pm,22.0,0,Night,Winter,3801,2076,CENTRAL,3A11E,21950(a),"21950(a,c)",Driver or bicyclist to yield right-of-way at crosswalks,BB,Vehicle-Pedestrian,33778,4,13,57649,1
10743,5444,2624817.0,2006-01-21 07:20:00,2006 January 21,07:20:00,2006,January,Saturday,6:01 am to 10:00 am,7.0,1,Morning,Winter,3801,1184,C,4B2D,23153(a),23153(a-g),Driving under influence causing injury,BB,Vehicle-Pedestrian,8946,1,119,56131,17
10744,42919,4346992.0,2009-08-09 07:45:00,2009 August 09,07:45:00,2009,August,Sunday,6:01 am to 10:00 am,7.0,1,Morning,Summer,3801,2005,RICHM,3G2A,21801(a),"21801(a,b)",Violation of right-of-way - left turn,CC,Vehicle-Bicycle,8947,2,2,57633,1
10745,8773,151009026.0,2015-11-19 19:54:00,2015 November 19,19:54:00,2015,November,Thursday,6:01 pm to 10:00 pm,19.0,0,Evening,Fall,3801,4374,MISSION,3D13D,22350,22350,Unsafe speed for prevailing conditions,BB,Vehicle-Pedestrian,30201,2,3,57649,1
10746,6862,160889281.0,2016-11-01 05:40:00,2016 November 01,05:40:00,2016,November,Tuesday,2:01 am to 6:00 am,5.0,0,Morning,Fall,3801,585,INGLESIDE,3H1A,22350,22350,Unsafe speed for prevailing conditions,AA,Vehicle(s) Only Involved,4826,2,3,57658,1
10747,27420,3216715.0,2007-05-11 10:05:00,2007 May 11,10:05:00,2007,May,Friday,10:01 am to 2:00 pm,10.0,0,Morning,Spring,3801,001870,CENTR,3B62,21200(a),21200(a),Bicycle riding - general rights and responsibilities,CC,Vehicle-Bicycle,7488,2,1,57625,3
10748,12658,4469303.0,2009-11-06 07:47:00,2009 November 06,07:47:00,2009,November,Friday,6:01 am to 10:00 am,7.0,0,Morning,Fall,3801,000714,MISSI,4B3D,22350,22350,Unsafe speed for prevailing conditions,AA,Vehicle(s) Only Involved,8948,1,16,57658,1
10749,36321,160900116.0,2016-11-04 19:00:00,2016 November 04,19:00:00,2016,November,Friday,6:01 pm to 10:00 pm,19.0,0,Evening,Fall,3801,1544,TARAVAL,3I16D,21658(a),"21658(a,b)",Lane straddling or failure to use specified lanes,AA,Vehicle(s) Only Involved,8949,2,15,56911,1
10750,24027,160596602.0,2016-07-24 16:20:00,2016 July 24,16:20:00,2016,July,Sunday,2:01 pm to 6:00 pm,16.0,1,Afternoon,Summer,3801,211,SOUTHERN,2 CAR,22101(d),22101(d),Violation of a turn prohibition sign,AA,Vehicle(s) Only Involved,8950,2,1,57659,2
10751,26149,160867481.0,2016-10-24 20:26:00,2016 October 24,20:26:00,2016,October,Monday,6:01 pm to 10:00 pm,20.0,0,Evening,Fall,3801,466,TENDERLOIN,4,21950(a),"21950(a,c)",Driver or bicyclist to yield right-of-way at crosswalks,BB,Vehicle-Pedestrian,10329,2,13,57649,1
10752,7325,170426817.0,2017-05-24 18:18:00,2017 May 24,18:18:00,2017,May,Wednesday,6:01 pm to 10:00 pm,18.0,0,Evening,Spring,3801,,INGLESIDE,3H13D,22106,22106,Unsafe starting or backing on highway,BB,Vehicle-Pedestrian,8951,2,2,57525,1
10753,22415,160767852.0,2016-09-21 19:32:00,2016 September 21,19:32:00,2016,September,Wednesday,6:01 pm to 10:00 pm,19.0,0,Evening,Fall,3801,1841,NORTHERN,,22107,22107,Unsafe turn or lane change prohibited,AA,Vehicle(s) Only Involved,23222,2,3,57406,8
10754,6861,160021847.0,2016-01-08 19:25:00,2016 January 08,19:25:00,2016,January,Friday,6:01 pm to 10:00 pm,19.0,0,Evening,Winter,3801,4356,INGLESIDE,3H11D,23153(a),23153(a-g),Driving under influence causing injury,AA,Vehicle(s) Only Involved,4826,2,3,57658,14
10755,20824,160982045.0,2016-12-03 11:10:00,2016 December 03,11:10:00,2016,December,Saturday,10:01 am to 2:00 pm,11.0,1,Morning,Winter,3801,244,NORTHERN,3E11C,21950(a),"21950(a,c)",Driver or bicyclist to yield right-of-way at crosswalks,BB,Vehicle-Pedestrian,8952,2,1,57649,1
10756,43776,4201001.0,2009-03-19 17:16:00,2009 March 19,17:16:00,2009,March,Thursday,2:01 pm to 6:00 pm,17.0,0,Evening,Spring,3801,0256,RICHM,3G14D,23152(a),23152(a-g),Driving under influence of alcohol and/or drugs,AA,Vehicle(s) Only Involved,8953,2,1,57658,1
10757,30999,2829506.0,2006-09-29 14:30:00,2006 September 29,14:30:00,2006,September,Friday,2:01 pm to 6:00 pm,14.0,0,Afternoon,Fall,3801,4060,PARK,3F4,22350,22350,Unsafe speed for prevailing conditions,AA,Vehicle(s) Only Involved,8954,1,2,57658,8
10758,34113,5590071.0,2012-02-14 15:10:00,2012 February 14,15:10:00,2012,February,Tuesday,2:01 pm to 6:00 pm,15.0,0,Afternoon,Winter,3801,1882,CENTR,3A61,Unknown,Unknown,Unknown,AA,Vehicle(s) Only Involved,15310,2,2,57569,1
10759,24548,160190044.0,2016-03-04 22:55:00,2016 March 04,22:55:00,2016,March,Friday,10:01 pm to 2:00 am,22.0,0,Night,Spring,3801,707,0042016,2255,21456(a),"21456(a,c)",Pedestrian violation of walk or wait signals,BB,Vehicle-Pedestrian,36505,4,13,57622,2
10760,15318,151069199.0,2015-12-10 18:02:00,2015 December 10,18:02:00,2015,December,Thursday,6:01 pm to 10:00 pm,18.0,0,Evening,Winter,3801,1994,SOUTHERN,SECTOR 3,Unknown,Unknown,Unknown,BB,Vehicle-Pedestrian,8955,8,65,57399,1
10761,13687,4657057.0,2010-03-11 13:09:00,2010 March 11,13:09:00,2010,March,Thursday,10:01 am to 2:00 pm,13.0,0,Afternoon,Spring,3801,459,,4B1A,22350,22350,Unsafe speed for prevailing conditions,AA,Vehicle(s) Only Involved,8956,2,1,57583,1
10762,20003,4076456.0,2008-12-13 10:43:00,2008 December 13,10:43:00,2008,December,Saturday,10:01 am to 2:00 pm,10.0,1,Morning,Winter,3801,438,,4B3F,21453(c),"21453(a,c)",Red signal - driver or bicyclist responsibilities,CC,Vehicle-Bicycle,38874,2,1,57374,2
10763,720,160710012.0,2016-09-01 17:25:00,2016 September 01,17:25:00,2016,September,Thursday,2:01 pm to 6:00 pm,17.0,0,Evening,Fall,3801,2449,INGLESIDE,3H,21751,21751,Passing without sufficient clearance,AA,Vehicle(s) Only Involved,8957,2,45,57658,1
10764,13388,2067209.0,2005-05-17 08:53:00,2005 May 17,08:53:00,2005,May,Tuesday,6:01 am to 10:00 am,8.0,0,Morning,Spring,3801,1184,MISSI,4B2D,21755(a),21755(a),Unsafe passing on right shoulder,CC,Vehicle-Bicycle,7387,1,1,57621,1
10765,5647,4062859.0,2009-01-24 10:41:00,2009 January 24,10:41:00,2009,January,Saturday,10:01 am to 2:00 pm,10.0,1,Morning,Winter,3801,2320,,3C12A,Unknown,Unknown,Unknown,AA,Vehicle(s) Only Involved,8958,1,2,57659,4
10766,19440,151004048.0,2015-11-18 11:36:00,2015 November 18,11:36:00,2015,November,Wednesday,10:01 am to 2:00 pm,11.0,0,Morning,Fall,3801,1075,NORTHERN,3E60,22350,22350,Unsafe speed for prevailing conditions,FF,Bicycle Only,7401,2,1,57253,1
10767,13742,2079313.0,2005-06-03 09:25:00,2005 June 03,09:25:00,2005,June,Friday,6:01 am to 10:00 am,9.0,0,Morning,Summer,3801,1870,SOUTH,3B62,21801(a),"21801(a,b)",Violation of right-of-way - left turn,AA,Vehicle(s) Only Involved,8959,2,1,57603,4
10768,3115,170283491.0,2017-04-06 22:10:00,2017 April 06,22:10:00,2017,April,Thursday,10:01 pm to 2:00 am,22.0,0,Night,Spring,3801,564,BAYVIEW,3C13E,21950(a),"21950(a,c)",Driver or bicyclist to yield right-of-way at crosswalks,BB,Vehicle-Pedestrian,8960,4,13,57649,4
10769,29935,160773430.0,2016-09-23 16:10:00,2016 September 23,16:10:00,2016,September,Friday,2:01 pm to 6:00 pm,16.0,0,Afternoon,Fall,3801,2342,SOUTHERN,3E13D,21950(a),"21950(a,c)",Driver or bicyclist to yield right-of-way at crosswalks,BB,Vehicle-Pedestrian,9108,2,2,57476,1
10770,31356,140175317.0,2014-02-28 18:06:00,2014 February 28,18:06:00,2014,February,Friday,6:01 pm to 10:00 pm,18.0,0,Evening,Winter,3801,251,RICHMOND,3G61,21453(a),"21453(a,c)",Red signal - driver or bicyclist responsibilities,AA,Vehicle(s) Only Involved,6793,2,3,57191,1
10771,10086,160093012.0,2016-02-01 11:08:00,2016 February 01,11:08:00,2016,February,Monday,10:01 am to 2:00 pm,11.0,0,Morning,Winter,3801,1571,,,21950(a),"21950(a,c)",Driver or bicyclist to yield right-of-way at crosswalks,BB,Vehicle-Pedestrian,7617,2,1,57649,1
10772,5453,160315195.0,2016-04-17 12:25:00,2016 April 17,12:25:00,2016,April,Sunday,10:01 am to 2:00 pm,12.0,1,Afternoon,Spring,3801,1574,BAYVIEW,3C11A,21453(a),"21453(a,c)",Red signal - driver or bicyclist responsibilities,AA,Vehicle(s) Only Involved,7858,2,1,57660,1
10773,25929,150114872.0,2015-02-06 17:15:00,2015 February 06,17:15:00,2015,February,Friday,2:01 pm to 6:00 pm,17.0,0,Evening,Winter,3801,1580,TENDERLOIN,3J61,22100(b),"22100(a,b)",Turn at intersection from wrong position,AA,Vehicle(s) Only Involved,6616,4,13,57659,2
10774,41586,3044573.0,2007-02-15 18:00:00,2007 February 15,18:00:00,2007,February,Thursday,2:01 pm to 6:00 pm,18.0,0,Evening,Winter,3801,937,COI,4B7C,21800(a),21800(a-c),Violation of right-of-way or uncontrolled intersection,AA,Vehicle(s) Only Involved,12244,1,12,57659,1
10775,9898,4453136.0,2009-10-28 00:14:00,2009 October 28,00:14:00,2009,October,Wednesday,10:01 pm to 2:00 am,0.0,0,Night,Fall,3801,4084,MISSI,0D6,22450(a),22450(a),Failure to stop at STOP sign,CC,Vehicle-Bicycle,8961,2,3,57581,2
10776,15431,3216699.0,2007-05-11 04:58:00,2007 May 11,04:58:00,2007,May,Friday,2:01 am to 6:00 am,4.0,0,Night,Spring,3801,1034,SOUTH,3B14E,22350,22350,Unsafe speed for prevailing conditions,AA,Vehicle(s) Only Involved,8962,2,3,57607,1
10777,32650,4318712.0,2009-07-13 03:17:00,2009 July 13,03:17:00,2009,July,Monday,2:01 am to 6:00 am,3.0,0,Night,Summer,3801,2242,NORTH,3E14E,23152(a),23152(a-g),Driving under influence of alcohol and/or drugs,AA,Vehicle(s) Only Involved,8963,2,3,56894,2
10778,28555,170270329.0,2017-04-02 18:38:00,2017 April 02,18:38:00,2017,April,Sunday,6:01 pm to 10:00 pm,18.0,1,Evening,Spring,3801,33,CENTRAL,2,21950(b),21950(b),Pedestrian suddenly entering into vehicle path close enough to create an immediate hazard,DD,Bicycle-Pedestrian,14017,2,1,55284,2
10779,13202,160747485.0,2016-09-14 18:32:00,2016 September 14,18:32:00,2016,September,Wednesday,6:01 pm to 10:00 pm,18.0,0,Evening,Fall,3801,2450,MISSION,3D15C,21800(a),21800(a-c),Violation of right-of-way or uncontrolled intersection,CC,Vehicle-Bicycle,8964,2,15,57581,2
10780,20537,3163833.0,2007-04-29 18:50:00,2007 April 29,18:50:00,2007,April,Sunday,6:01 pm to 10:00 pm,18.0,1,Evening,Spring,3801,307,,4B8E,21453(a),"21453(a,c)",Red signal - driver or bicyclist responsibilities,AA,Vehicle(s) Only Involved,33344,1,1,57659,1
10781,8555,3873411.0,2008-09-06 12:28:00,2008 September 06,12:28:00,2008,September,Saturday,10:01 am to 2:00 pm,12.0,1,Afternoon,Fall,3801,1151,,,21954(a),21954(a),Pedestrians must yield right-of-way outside of crosswalks,BB,Vehicle-Pedestrian,8965,2,2,57566,1
10782,39437,160472375.0,2016-06-10 11:50:00,2016 June 10,11:50:00,2016,June,Friday,10:01 am to 2:00 pm,11.0,0,Morning,Summer,3801,2482,TARAVAL,3111A,22106,22106,Unsafe starting or backing on highway,AA,Vehicle(s) Only Involved,8966,2,2,57659,1
10783,1444,140025831.0,2014-01-09 19:37:00,2014 January 09,19:37:00,2014,January,Thursday,6:01 pm to 10:00 pm,19.0,0,Evening,Winter,3801,4095,INGLESIDE,3H15D,21955,21955,Crossing between controlled intersections (Jaywalking),BB,Vehicle-Pedestrian,8967,2,12,57622,2
10784,5964,141023111.0,2014-12-04 14:30:00,2014 December 04,14:30:00,2014,December,Thursday,2:01 pm to 6:00 pm,14.0,0,Afternoon,Winter,3801,1906,BAYVIEW,3C2,21658(a),"21658(a,b)",Lane straddling or failure to use specified lanes,AA,Vehicle(s) Only Involved,8968,1,1,57660,1
10785,39529,151103123.0,2015-12-22 20:15:00,2015 December 22,20:15:00,2015,December,Tuesday,6:01 pm to 10:00 pm,20.0,0,Evening,Winter,3801,1375,TARAVAL,11D,21950(a),"21950(a,c)",Driver or bicyclist to yield right-of-way at crosswalks,BB,Vehicle-Pedestrian,16778,1,13,57649,1
10786,8187,1992195.0,2005-01-07 09:03:00,2005 January 07,09:03:00,2005,January,Friday,6:01 am to 10:00 am,9.0,0,Morning,Winter,3801,2137,,4B31,22350,22350,Unsafe speed for prevailing conditions,AA,Vehicle(s) Only Involved,28894,7,191,57658,8
10787,23589,2974171.0,2006-12-28 17:07:00,2006 December 28,17:07:00,2006,December,Thursday,2:01 pm to 6:00 pm,17.0,0,Evening,Winter,3801,1267,SOUTH,3B13D,21950(a),"21950(a,c)",Driver or bicyclist to yield right-of-way at crosswalks,BB,Vehicle-Pedestrian,8970,2,1,57649,1
10788,14473,4434210.0,2009-10-17 20:25:00,2009 October 17,20:25:00,2009,October,Saturday,6:01 pm to 10:00 pm,20.0,1,Evening,Fall,3801,1213,SOUTH,3B15D,21755(a),21755(a),Unsafe passing on right shoulder,AA,Vehicle(s) Only Involved,8971,2,12,57660,1
10789,4516,160509906.0,2016-06-23 18:48:00,2016 June 23,18:48:00,2016,June,Thursday,6:01 pm to 10:00 pm,18.0,0,Evening,Summer,3801,1288,INGLESIDE,3H11D,22107,22107,Unsafe turn or lane change prohibited,AA,Vehicle(s) Only Involved,8972,2,2,57607,2
10790,19986,150940326.0,2015-10-27 19:27:00,2015 October 27,19:27:00,2015,October,Tuesday,6:01 pm to 10:00 pm,19.0,0,Evening,Fall,3801,2311,,3F21,22106,22106,Unsafe starting or backing on highway,CC,Vehicle-Bicycle,38874,2,3,57581,2
10791,45157,4395883.0,2009-09-09 18:17:00,2009 September 09,18:17:00,2009,September,Wednesday,6:01 pm to 10:00 pm,18.0,0,Evening,Fall,3801,2274,COG,3G14D,22350,22350,Unsafe speed for prevailing conditions,AA,Vehicle(s) Only Involved,8973,1,2,57654,2
10792,23213,2036388.0,2005-04-21 19:45:00,2005 April 21,19:45:00,2005,April,Thursday,6:01 pm to 10:00 pm,19.0,0,Evening,Spring,3801,1341,COB,3B111,21453(a),"21453(a,c)",Red signal - driver or bicyclist responsibilities,AA,Vehicle(s) Only Involved,36570,2,44,57660,1
10793,21681,2311714.0,2005-09-18 21:03:00,2005 September 18,21:03:00,2005,September,Sunday,6:01 pm to 10:00 pm,21.0,1,Night,Fall,3801,000443,NORTH,3E12E,22107,22107,Unsafe turn or lane change prohibited,AA,Vehicle(s) Only Involved,8974,1,12,57654,1
10794,32666,160634917.0,2016-08-06 21:48:00,2016 August 06,21:48:00,2016,August,Saturday,6:01 pm to 10:00 pm,21.0,1,Night,Summer,3801,792,NORTHERN,3E14E,21804(a),"21804(a,b)",Entering highway from alley or driveway,AA,Vehicle(s) Only Involved,8975,2,12,57659,1
10795,34999,4410359.0,2009-09-22 08:00:00,2009 September 22,08:00:00,2009,September,Tuesday,6:01 am to 10:00 am,8.0,0,Morning,Fall,3801,43,,3E61K,22450(a),22450(a),Failure to stop at STOP sign,CC,Vehicle-Bicycle,11651,2,1,57621,1
10796,8907,4053534.0,2008-12-29 11:42:00,2008 December 29,11:42:00,2008,December,Monday,10:01 am to 2:00 pm,11.0,0,Morning,Winter,3801,2226,MISSI,3D61K,22106,22106,Unsafe starting or backing on highway,AA,Vehicle(s) Only Involved,8977,2,1,57658,11
10797,13459,2063117.0,2005-05-17 15:10:00,2005 May 17,15:10:00,2005,May,Tuesday,2:01 pm to 6:00 pm,15.0,0,Afternoon,Spring,3801,732,SOUTH,004,22107,22107,Unsafe turn or lane change prohibited,AA,Vehicle(s) Only Involved,8978,2,2,57660,1
10798,32518,150495810.0,2015-06-06 21:25:00,2015 June 06,21:25:00,2015,June,Saturday,6:01 pm to 10:00 pm,21.0,1,Night,Summer,3801,1310,NORTHERN,3E13E,21453(d),21453(d),Red signal - pedestrian responsibilities,BB,Vehicle-Pedestrian,8979,1,3,56779,4
10799,33078,160894224.0,2016-11-02 22:32:00,2016 November 02,22:32:00,2016,November,Wednesday,10:01 pm to 2:00 am,22.0,0,Night,Fall,3801,362,SOUTHERN,B6,21956(a),21956(a),Pedestrian on roadway prohibited,BB,Vehicle-Pedestrian,8980,2,12,57525,1
10800,13216,140145649.0,2014-02-18 19:30:00,2014 February 18,19:30:00,2014,February,Tuesday,6:01 pm to 10:00 pm,19.0,0,Evening,Winter,3801,2044,SOUTHERN,3B14D,22107,22107,Unsafe turn or lane change prohibited,CC,Vehicle-Bicycle,8981,2,12,57614,1
10801,43005,160615876.0,2016-07-31 09:54:00,2016 July 31,09:54:00,2016,July,Sunday,6:01 am to 10:00 am,9.0,1,Morning,Summer,3801,2485,RICHMOND,3 CAR,22106,22106,Unsafe starting or backing on highway,AA,Vehicle(s) Only Involved,8982,1,4,57659,1
10802,32950,2841768.0,2006-10-14 10:19:00,2006 October 14,10:19:00,2006,October,Saturday,10:01 am to 2:00 pm,10.0,1,Morning,Fall,3801,334,RICHM,3G2A,22350,22350,Unsafe speed for prevailing conditions,AA,Vehicle(s) Only Involved,8983,1,1,57658,1
10803,21559,170588978.0,2017-07-21 01:18:00,2017 July 21,01:18:00,2017,July,Friday,10:01 pm to 2:00 am,1.0,0,Night,Summer,3801,4103,TENDERLOIN,3J12E,Unknown,Unknown,Unknown,FF,Bicycle Only,6103,2,12,57524,2
10804,7782,4253385.0,2009-04-23 19:50:00,2009 April 23,19:50:00,2009,April,Thursday,6:01 pm to 10:00 pm,19.0,0,Evening,Spring,3801,376,MISSI,3D2,21453(a),"21453(a,c)",Red signal - driver or bicyclist responsibilities,AA,Vehicle(s) Only Involved,8984,2,1,57659,2
10805,297,2829467.0,2006-10-03 17:11:00,2006 October 03,17:11:00,2006,October,Tuesday,2:01 pm to 6:00 pm,17.0,0,Evening,Fall,3801,690,H,3H16D,22106,22106,Unsafe starting or backing on highway,CC,Vehicle-Bicycle,8985,2,1,57390,1
10806,31936,4402268.0,2009-09-06 21:32:00,2009 September 06,21:32:00,2009,September,Sunday,6:01 pm to 10:00 pm,21.0,1,Night,Fall,3801,961,NORTH,3E14E,21950(a),"21950(a,c)",Driver or bicyclist to yield right-of-way at crosswalks,BB,Vehicle-Pedestrian,6303,2,3,57649,4
10807,39189,170389099.0,2017-05-12 07:53:00,2017 May 12,07:53:00,2017,May,Friday,6:01 am to 10:00 am,7.0,0,Morning,Spring,3801,86,TARAVAL,3I12A,22107,22107,Unsafe turn or lane change prohibited,AA,Vehicle(s) Only Involved,8986,2,2,57603,1
10808,38768,4140546.0,2009-02-26 23:05:00,2009 February 26,23:05:00,2009,February,Thursday,10:01 pm to 2:00 am,23.0,0,Night,Winter,3801,1549,TARAV,4B51,Unknown,Unknown,Unknown,AA,Vehicle(s) Only Involved,11080,2,3,57603,4
10809,7844,140162076.0,2014-02-23 17:00:00,2014 February 23,17:00:00,2014,February,Sunday,2:01 pm to 6:00 pm,17.0,1,Evening,Winter,3801,373,3D16A,908,22106,22106,Unsafe starting or backing on highway,BB,Vehicle-Pedestrian,40302,2,1,57649,1
10810,26249,151122747.0,2015-12-30 11:59:00,2015 December 30,11:59:00,2015,December,Wednesday,10:01 am to 2:00 pm,11.0,0,Morning,Winter,3801,2047,CENTRAL,4B5A,21453(a),"21453(a,c)",Red signal - driver or bicyclist responsibilities,AA,Vehicle(s) Only Involved,8988,4,16,57659,8
10811,35591,160466271.0,2016-06-08 09:44:00,2016 June 08,09:44:00,2016,June,Wednesday,6:01 am to 10:00 am,9.0,0,Morning,Summer,3801,289,NORTHERN,3E5A,21703,21703,Following too closely prohibited,AA,Vehicle(s) Only Involved,24122,2,1,57658,1
10812,24960,150996222.0,2015-11-15 21:19:00,2015 November 15,21:19:00,2015,November,Sunday,6:01 pm to 10:00 pm,21.0,1,Night,Fall,3801,2287,TENDERLOIN,3J60,21453(a),"21453(a,c)",Red signal - driver or bicyclist responsibilities,AA,Vehicle(s) Only Involved,2441,2,3,57659,14
10813,35878,3123935.0,2007-03-16 14:35:00,2007 March 16,14:35:00,2007,March,Friday,2:01 pm to 6:00 pm,14.0,0,Afternoon,Spring,3801,1723,COA,,21950(a),"21950(a,c)",Driver or bicyclist to yield right-of-way at crosswalks,BB,Vehicle-Pedestrian,12546,2,1,57649,4
10814,31928,2036406.0,2005-02-26 06:48:00,2005 February 26,06:48:00,2005,February,Saturday,6:01 am to 10:00 am,6.0,1,Morning,Winter,3801,153,NORTH,4B1A,21453(a),"21453(a,c)",Red signal - driver or bicyclist responsibilities,AA,Vehicle(s) Only Involved,6303,2,1,57659,1
10815,1273,4004131.0,2008-12-08 16:38:00,2008 December 08,16:38:00,2008,December,Monday,2:01 pm to 6:00 pm,16.0,0,Afternoon,Winter,3801,2089,INGLE,4B8B,21801(b),"21801(a,b)",Violation of right-of-way - left turn,AA,Vehicle(s) Only Involved,8990,2,3,57660,1
10816,37907,170235511.0,2017-03-22 14:54:00,2017 March 22,14:54:00,2017,March,Wednesday,2:01 pm to 6:00 pm,14.0,0,Afternoon,Spring,3801,312,TARAVAL,5 CAR,22107,22107,Unsafe turn or lane change prohibited,AA,Vehicle(s) Only Involved,4057,2,1,57658,1
10817,881,2106384.0,2005-05-30 13:08:00,2005 May 30,13:08:00,2005,May,Monday,10:01 am to 2:00 pm,13.0,0,Afternoon,Spring,3801,001580,INGEL,4B4F,22350,22350,Unsafe speed for prevailing conditions,FF,Bicycle Only,8991,2,2,57253,2
10818,1752,140163215.0,2014-02-24 18:45:00,2014 February 24,18:45:00,2014,February,Monday,6:01 pm to 10:00 pm,18.0,0,Evening,Winter,3801,1241,CO H,4K8H,21950(a),"21950(a,c)",Driver or bicyclist to yield right-of-way at crosswalks,BB,Vehicle-Pedestrian,8843,2,12,57532,2
10819,36293,160888324.0,2016-10-31 19:13:00,2016 October 31,19:13:00,2016,October,Monday,6:01 pm to 10:00 pm,19.0,0,Evening,Fall,3801,776,TARAVAL,3I16D,22101(d),22101(d),Violation of a turn prohibition sign,AA,Vehicle(s) Only Involved,31438,4,13,57585,1
10820,34654,151012916.0,2015-11-21 01:21:00,2015 November 21,01:21:00,2015,November,Saturday,10:01 pm to 2:00 am,1.0,1,Night,Fall,3801,1614,NORTHERN,6 CAR,21950(a),"21950(a,c)",Driver or bicyclist to yield right-of-way at crosswalks,BB,Vehicle-Pedestrian,1040,2,3,57649,2
10821,825,161052689.0,2016-12-28 11:05:00,2016 December 28,11:05:00,2016,December,Wednesday,10:01 am to 2:00 pm,11.0,0,Morning,Winter,3801,1223,BAYVIEW,4,21804(a),"21804(a,b)",Entering highway from alley or driveway,AA,Vehicle(s) Only Involved,8993,2,2,57660,1