collision_id,unique_id,case_id_pkey,collision_datetime,collision_date,collision_time,accident_year,month,day_of_week,time_cat,hour_of_day,is_weekend,time_of_day,season,juris,officer_id,reporting_district,beat_number,vz_pcf_code,vz_pcf_group,vz_pcf_description,dph_col_grp,dph_col_grp_description,location_id,weather_id,road_id,party_id,severity_id
11393,18583,2638562.0,2006-05-24 13:45:00,2006 May 24,13:45:00,2006,May,Wednesday,10:01 am to 2:00 pm,13.0,0,Afternoon,Spring,9335,011595,,015,22350,22350,Unsafe speed for prevailing conditions,AA,Vehicle(s) Only Involved,20527,2,2,56647,14
11394,36357,150934620.0,2015-10-26 01:21:00,2015 October 26,01:21:00,2015,October,Monday,10:01 pm to 2:00 am,1.0,0,Night,Fall,3801,4347,TARAVAL,856B,22350,22350,Unsafe speed for prevailing conditions,AA,Vehicle(s) Only Involved,9380,2,3,57607,1
11395,56095,210626793.0,2021-09-27 00:11:00,2021 September 27,00:11:00,2021,September,Monday,10:01 pm to 2:00 am,0.0,0,Night,Fall,3801,A23182,Ingleside,3H15E,23153(b),23153(a-g),Driving under influence causing injury,BB,Vehicle-Pedestrian,9381,6,7,57654,17
11396,27900,160646304.0,2016-08-10 23:06:00,2016 August 10,23:06:00,2016,August,Wednesday,10:01 pm to 2:00 am,23.0,0,Night,Summer,3801,1626,CENTRAL,3A11E,21658(a),"21658(a,b)",Lane straddling or failure to use specified lanes,AA,Vehicle(s) Only Involved,9382,2,12,57408,1
11397,29198,2022690.0,2005-05-06 02:15:00,2005 May 06,02:15:00,2005,May,Friday,2:01 am to 6:00 am,2.0,0,Night,Spring,3801,1260,NORTH,003,23152(a),23152(a-g),Driving under influence of alcohol and/or drugs,AA,Vehicle(s) Only Involved,9383,2,12,57658,2
11398,43779,3788293.0,2008-06-10 12:41:00,2008 June 10,12:41:00,2008,June,Tuesday,10:01 am to 2:00 pm,12.0,0,Afternoon,Summer,3801,659,RICHM,3G61K,22350,22350,Unsafe speed for prevailing conditions,AA,Vehicle(s) Only Involved,9384,2,1,57658,8
11399,11523,170251567.0,2017-03-27 17:10:00,2017 March 27,17:10:00,2017,March,Monday,2:01 pm to 6:00 pm,17.0,0,Evening,Spring,3801,836,MISSION,901,22517,22517,Opening door on traffic side when unsafe,CC,Vehicle-Bicycle,9385,2,8,48086,1
11400,42330,160463089.0,2016-06-07 04:39:00,2016 June 07,04:39:00,2016,June,Tuesday,2:01 am to 6:00 am,4.0,0,Night,Summer,3801,1693,RICHMOND,3G13E,22350,22350,Unsafe speed for prevailing conditions,AA,Vehicle(s) Only Involved,9386,4,7,57658,1
11401,24700,170135080.0,2017-02-16 17:54:00,2017 February 16,17:54:00,2017,February,Thursday,2:01 pm to 6:00 pm,17.0,0,Evening,Winter,3801,260,TENDERLON,3J12D,22106,22106,Unsafe starting or backing on highway,AA,Vehicle(s) Only Involved,33366,2,3,57659,1
11402,19583,160053743.0,2016-01-17 23:30:00,2016 January 17,23:30:00,2016,January,Sunday,10:01 pm to 2:00 am,23.0,1,Night,Winter,3801,2108,NORTHERN,3E11D,21950(a),"21950(a,c)",Driver or bicyclist to yield right-of-way at crosswalks,BB,Vehicle-Pedestrian,6424,3,65,57649,2
11403,4743,3955423.0,2008-10-24 08:32:00,2008 October 24,08:32:00,2008,October,Friday,6:01 am to 10:00 am,8.0,0,Morning,Fall,3801,2202,SAN F,3H134,21950(a),"21950(a,c)",Driver or bicyclist to yield right-of-way at crosswalks,BB,Vehicle-Pedestrian,3703,2,2,57525,1
11404,33888,150854664.0,2015-09-29 19:09:00,2015 September 29,19:09:00,2015,September,Tuesday,6:01 pm to 10:00 pm,19.0,0,Evening,Fall,3801,1242,CENTRAL,3A00,Unknown,Unknown,Unknown,CC,Vehicle-Bicycle,9387,2,2,57614,1
11405,44663,4445677.0,2009-10-16 17:34:00,2009 October 16,17:34:00,2009,October,Friday,2:01 pm to 6:00 pm,17.0,0,Evening,Fall,3801,001116,,3G14E,21802(a),"21802(a,b)",Violation of right-of-way - entering through highway,AA,Vehicle(s) Only Involved,16387,2,2,57659,1
11406,9253,160876432.0,2016-10-27 18:03:00,2016 October 27,18:03:00,2016,October,Thursday,6:01 pm to 10:00 pm,18.0,0,Evening,Fall,3801,2731,SOUTHERN,B5,21802(a),"21802(a,b)",Violation of right-of-way - entering through highway,CC,Vehicle-Bicycle,9389,4,46,57581,4
11407,11708,2072434.0,2005-06-02 09:15:00,2005 June 02,09:15:00,2005,June,Thursday,6:01 am to 10:00 am,9.0,0,Morning,Summer,3801,373,,0D5,21453(a),"21453(a,c)",Red signal - driver or bicyclist responsibilities,AA,Vehicle(s) Only Involved,6700,2,1,57659,8
11408,7885,161000008.0,2016-12-09 17:33:00,2016 December 09,17:33:00,2016,December,Friday,2:01 pm to 6:00 pm,17.0,0,Evening,Winter,3801,2111,MISSION,3D14D,21950(a),"21950(a,c)",Driver or bicyclist to yield right-of-way at crosswalks,BB,Vehicle-Pedestrian,18206,1,46,57649,1
11409,43263,3990100.0,2008-12-04 16:29:00,2008 December 04,16:29:00,2008,December,Thursday,2:01 pm to 6:00 pm,16.0,0,Afternoon,Winter,3801,A10462,,,21703,21703,Following too closely prohibited,AA,Vehicle(s) Only Involved,9391,2,1,57658,1
11410,23611,1992270.0,2005-01-07 18:47:00,2005 January 07,18:47:00,2005,January,Friday,6:01 pm to 10:00 pm,18.0,0,Evening,Winter,3801,674,,3B61,21950(a),"21950(a,c)",Driver or bicyclist to yield right-of-way at crosswalks,BB,Vehicle-Pedestrian,9392,7,13,57649,2
11411,16843,130693410.0,2013-08-20 17:02:00,2013 August 20,17:02:00,2013,August,Tuesday,2:01 pm to 6:00 pm,17.0,0,Evening,Summer,3801,1019,SOUTHERN,3B13D,21950(a),"21950(a,c)",Driver or bicyclist to yield right-of-way at crosswalks,BB,Vehicle-Pedestrian,37406,2,2,57649,2
11412,23530,1992311.0,2005-02-07 14:07:00,2005 February 07,14:07:00,2005,February,Monday,2:01 pm to 6:00 pm,14.0,0,Afternoon,Winter,3801,1934,SOUTH,4B6B,22350,22350,Unsafe speed for prevailing conditions,AA,Vehicle(s) Only Involved,9393,1,2,57553,2
11413,23860,151074455.0,2015-12-12 16:21:00,2015 December 12,16:21:00,2015,December,Saturday,2:01 pm to 6:00 pm,16.0,1,Afternoon,Winter,3801,2059,SOUTHERN,B1,21703,21703,Following too closely prohibited,AA,Vehicle(s) Only Involved,7832,2,1,57658,1
11414,22620,170418820.0,2017-05-22 09:21:00,2017 May 22,09:21:00,2017,May,Monday,6:01 am to 10:00 am,9.0,0,Morning,Spring,3801,4196,NORTHERN,1,22350,22350,Unsafe speed for prevailing conditions,AA,Vehicle(s) Only Involved,9394,2,2,57584,1
11415,15288,151090570.0,2015-12-18 09:04:00,2015 December 18,09:04:00,2015,December,Friday,6:01 am to 10:00 am,9.0,0,Morning,Winter,3801,152,SOUTHERN,901,21801(a),"21801(a,b)",Violation of right-of-way - left turn,AA,Vehicle(s) Only Involved,9758,2,2,57659,1
11416,17941,4434194.0,2009-10-25 11:31:00,2009 October 25,11:31:00,2009,October,Sunday,10:01 am to 2:00 pm,11.0,1,Morning,Fall,3801,246,MISSI,1131,21950(b),21950(b),Pedestrian suddenly entering into vehicle path close enough to create an immediate hazard,BB,Vehicle-Pedestrian,9395,2,1,57622,2
11417,37798,160091458.0,2016-01-31 18:45:00,2016 January 31,18:45:00,2016,January,Sunday,6:01 pm to 10:00 pm,18.0,1,Evening,Winter,3801,1597,TARAVAL,3115D,21801(a),"21801(a,b)",Violation of right-of-way - left turn,AA,Vehicle(s) Only Involved,31276,2,3,57603,3
11418,44961,6096433.0,2012-04-09 17:27:00,2012 April 09,17:27:00,2012,April,Monday,2:01 pm to 6:00 pm,17.0,0,Evening,Spring,3801,001338,RICHM,3G13D,22107,22107,Unsafe turn or lane change prohibited,AA,Vehicle(s) Only Involved,9396,2,2,57496,2
11419,6401,161009969.0,2016-12-13 06:30:00,2016 December 13,06:30:00,2016,December,Tuesday,6:01 am to 10:00 am,6.0,0,Morning,Winter,3801,160,MISSION,901,21658(a),"21658(a,b)",Lane straddling or failure to use specified lanes,CC,Vehicle-Bicycle,9397,2,15,56230,1
11420,5796,160859240.0,2016-10-21 20:04:00,2016 October 21,20:04:00,2016,October,Friday,6:01 pm to 10:00 pm,20.0,0,Evening,Fall,3801,1435,BAYVIEW,SECTOR 2,22450(a),22450(a),Failure to stop at STOP sign,AA,Vehicle(s) Only Involved,6314,2,3,57659,1
11421,5326,3997268.0,2008-11-18 16:13:00,2008 November 18,16:13:00,2008,November,Tuesday,2:01 pm to 6:00 pm,16.0,0,Afternoon,Fall,3801,000676,BAYVI,4B6C,22350,22350,Unsafe speed for prevailing conditions,AA,Vehicle(s) Only Involved,9398,2,1,57496,1
11422,4200,160244209.0,2016-03-24 07:48:00,2016 March 24,07:48:00,2016,March,Thursday,6:01 am to 10:00 am,7.0,0,Morning,Spring,3801,2400,INGLESIDE,H3,21801(a),"21801(a,b)",Violation of right-of-way - left turn,AA,Vehicle(s) Only Involved,12150,2,1,57603,2
11423,19441,170198925.0,2017-03-10 15:42:00,2017 March 10,15:42:00,2017,March,Friday,2:01 pm to 6:00 pm,15.0,0,Afternoon,Spring,3801,463,NORTHERN,3E12C,21752(d),"21752(a,b,d)","Operating left of center - limited view or within 100 feet of bridge, viaduct, tunnel or within 100 feet or when traversing intersection - prohibited",AA,Vehicle(s) Only Involved,7401,2,1,57660,1
11424,14322,160759872.0,2016-09-19 08:30:00,2016 September 19,08:30:00,2016,September,Monday,6:01 am to 10:00 am,8.0,0,Morning,Fall,3801,1238,SOUTHERN,B4,Unknown,Unknown,Unknown,AA,Vehicle(s) Only Involved,9399,2,45,56739,1
11425,5920,160178391.0,2016-03-01 07:04:00,2016 March 01,07:04:00,2016,March,Tuesday,6:01 am to 10:00 am,7.0,0,Morning,Spring,3801,4275,BAYVIEW,3C11A,22107,22107,Unsafe turn or lane change prohibited,AA,Vehicle(s) Only Involved,9400,2,1,57660,1
11426,27601,130114256.0,2013-02-09 00:44:00,2013 February 09,00:44:00,2013,February,Saturday,10:01 pm to 2:00 am,0.0,1,Night,Winter,3801,2426,CENTRAL,3A25,21453(a),"21453(a,c)",Red signal - driver or bicyclist responsibilities,AA,Vehicle(s) Only Involved,4536,2,53,57659,8
11427,11888,170400918.0,2017-05-16 09:45:00,2017 May 16,09:45:00,2017,May,Tuesday,6:01 am to 10:00 am,9.0,0,Morning,Spring,3801,557,MISSION,3D15A,21456(b),"21456(a,b)",Pedestrian violation of walk or wait signals,BB,Vehicle-Pedestrian,39351,1,1,57622,1
11428,9210,3981638.0,2008-11-17 15:08:00,2008 November 17,15:08:00,2008,November,Monday,2:01 pm to 6:00 pm,15.0,0,Afternoon,Fall,3801,002122,C,4B8D,21453(a),"21453(a,c)",Red signal - driver or bicyclist responsibilities,AA,Vehicle(s) Only Involved,5185,2,1,57585,3
11429,34139,160027168.0,2016-01-10 19:50:00,2016 January 10,19:50:00,2016,January,Sunday,6:01 pm to 10:00 pm,19.0,1,Evening,Winter,3801,737,CENTRAL,3A14D,21801(a),"21801(a,b)",Violation of right-of-way - left turn,AA,Vehicle(s) Only Involved,9553,2,3,57659,11
11430,27166,2658474.0,2006-05-19 14:53:00,2006 May 19,14:53:00,2006,May,Friday,2:01 pm to 6:00 pm,14.0,0,Afternoon,Spring,3801,001870,,,21950(a),"21950(a,c)",Driver or bicyclist to yield right-of-way at crosswalks,BB,Vehicle-Pedestrian,9402,2,16,57649,8
11431,17614,3787636.0,2008-06-20 13:47:00,2008 June 20,13:47:00,2008,June,Friday,10:01 am to 2:00 pm,13.0,0,Afternoon,Summer,3801,001870,SOUTH,3B62,21658(a),"21658(a,b)",Lane straddling or failure to use specified lanes,AA,Vehicle(s) Only Involved,37531,2,2,57660,1
11432,37128,160740401.0,2016-09-12 11:37:00,2016 September 12,11:37:00,2016,September,Monday,10:01 am to 2:00 pm,11.0,0,Morning,Fall,3801,1081,TARAVAL,3I15A,21802(a),"21802(a,b)",Violation of right-of-way - entering through highway,AA,Vehicle(s) Only Involved,9404,2,30,57659,1
11433,14437,160560378.0,2016-07-11 16:45:00,2016 July 11,16:45:00,2016,July,Monday,2:01 pm to 6:00 pm,16.0,0,Afternoon,Summer,3801,2234,SOUTHERN,3B12D,21801(a),"21801(a,b)",Violation of right-of-way - left turn,AA,Vehicle(s) Only Involved,9405,2,2,57237,1
11434,31501,2484828.0,2006-02-06 09:58:00,2006 February 06,09:58:00,2006,February,Monday,6:01 am to 10:00 am,9.0,0,Morning,Winter,3801,334,RICHM,3G1,21453(a),"21453(a,c)",Red signal - driver or bicyclist responsibilities,AA,Vehicle(s) Only Involved,18575,2,1,57603,1
11435,25262,4281532.0,2009-06-17 04:10:00,2009 June 17,04:10:00,2009,June,Wednesday,2:01 am to 6:00 am,4.0,0,Night,Summer,3801,414,2,,21453(a),"21453(a,c)",Red signal - driver or bicyclist responsibilities,AA,Vehicle(s) Only Involved,5951,2,3,57585,8
11436,33278,150973264.0,2015-11-07 19:01:00,2015 November 07,19:01:00,2015,November,Saturday,6:01 pm to 10:00 pm,19.0,1,Evening,Fall,3801,2430,CENTRAL,,21954(a),21954(a),Pedestrians must yield right-of-way outside of crosswalks,BB,Vehicle-Pedestrian,9406,2,12,57622,1
11437,4908,160595397.0,2016-07-24 07:01:00,2016 July 24,07:01:00,2016,July,Sunday,6:01 am to 10:00 am,7.0,1,Morning,Summer,3801,845,INGLESIDE,4B2C,22106,22106,Unsafe starting or backing on highway,AA,Vehicle(s) Only Involved,9407,2,2,57660,1
11438,1124,160802772.0,2016-10-03 09:28:00,2016 October 03,09:28:00,2016,October,Monday,6:01 am to 10:00 am,9.0,0,Morning,Fall,3801,1976,CO H,3H5A,21453(a),"21453(a,c)",Red signal - driver or bicyclist responsibilities,AA,Vehicle(s) Only Involved,33342,1,16,57659,1
11439,28094,140905716.0,2014-10-26 06:15:00,2014 October 26,06:15:00,2014,October,Sunday,6:01 am to 10:00 am,6.0,1,Morning,Fall,3801,4036,CENTRAL,3A2A,22350,22350,Unsafe speed for prevailing conditions,AA,Vehicle(s) Only Involved,9409,2,3,57658,1
11440,29114,140321093.0,2014-04-18 05:17:00,2014 April 18,05:17:00,2014,April,Friday,2:01 am to 6:00 am,5.0,0,Morning,Spring,3801,826,NORTHERN,3E13E,21453(a),"21453(a,c)",Red signal - driver or bicyclist responsibilities,CC,Vehicle-Bicycle,9426,2,3,57621,2
11441,44927,170316296.0,2017-04-17 23:03:00,2017 April 17,23:03:00,2017,April,Monday,10:01 pm to 2:00 am,23.0,0,Night,Spring,3801,1888,RICHMOND,,21801(a),"21801(a,b)",Violation of right-of-way - left turn,AA,Vehicle(s) Only Involved,9410,4,7,57658,4
11442,11319,160756947.0,2016-09-18 01:50:00,2016 September 18,01:50:00,2016,September,Sunday,10:01 pm to 2:00 am,1.0,1,Night,Fall,3801,679,MISSION,D1,22106,22106,Unsafe starting or backing on highway,CC,Vehicle-Bicycle,9411,2,12,57390,1
11443,17902,160681560.0,2016-08-23 09:40:00,2016 August 23,09:40:00,2016,August,Tuesday,6:01 am to 10:00 am,9.0,0,Morning,Summer,3801,4359,CO D,1,21658(a),"21658(a,b)",Lane straddling or failure to use specified lanes,AA,Vehicle(s) Only Involved,9412,2,1,57658,2
11444,2508,160871222.0,2016-10-26 07:37:00,2016 October 26,07:37:00,2016,October,Wednesday,6:01 am to 10:00 am,7.0,0,Morning,Fall,3801,439,BAYVIEW,3C15A,21950(a),"21950(a,c)",Driver or bicyclist to yield right-of-way at crosswalks,BB,Vehicle-Pedestrian,3461,2,1,57649,1
11445,23310,170459084.0,2017-06-05 09:52:00,2017 June 05,09:52:00,2017,June,Monday,6:01 am to 10:00 am,9.0,0,Morning,Summer,3801,4315,SOUTHERB,3B60,21801(a),"21801(a,b)",Violation of right-of-way - left turn,AA,Vehicle(s) Only Involved,9413,2,2,57659,2
11446,8859,160319034.0,2016-04-18 18:09:00,2016 April 18,18:09:00,2016,April,Monday,6:01 pm to 10:00 pm,18.0,0,Evening,Spring,3801,2005,CO D SFSD,,22107,22107,Unsafe turn or lane change prohibited,AA,Vehicle(s) Only Involved,35818,2,1,57066,1
11447,39539,4274274.0,2009-05-17 09:47:00,2009 May 17,09:47:00,2009,May,Sunday,6:01 am to 10:00 am,9.0,1,Morning,Spring,3801,561,,3I11,23152,23152,Under the influence of alcohol or drug,AA,Vehicle(s) Only Involved,29864,2,1,57660,1
11448,34576,170438555.0,2017-05-28 20:30:00,2017 May 28,20:30:00,2017,May,Sunday,6:01 pm to 10:00 pm,20.0,1,Evening,Spring,3801,534,CENTRAL,3A13D,21802(a),"21802(a,b)",Violation of right-of-way - entering through highway,AA,Vehicle(s) Only Involved,14189,2,3,57603,1
11449,29473,150873987.0,2015-10-06 07:36:00,2015 October 06,07:36:00,2015,October,Tuesday,6:01 am to 10:00 am,7.0,0,Morning,Fall,3801,1423,NORTHERN,3E60,21453(a),"21453(a,c)",Red signal - driver or bicyclist responsibilities,AA,Vehicle(s) Only Involved,9415,2,33,57659,8
11450,25385,140888134.0,2014-10-20 16:30:00,2014 October 20,16:30:00,2014,October,Monday,2:01 pm to 6:00 pm,16.0,0,Afternoon,Fall,3801,1729,SOUTHERN,,21954(a),21954(a),Pedestrians must yield right-of-way outside of crosswalks,BB,Vehicle-Pedestrian,9416,2,2,57622,2
11451,14598,4427291.0,2009-10-12 12:56:00,2009 October 12,12:56:00,2009,October,Monday,10:01 am to 2:00 pm,12.0,0,Afternoon,Fall,3801,2137,SOURH,4B2C,22106,22106,Unsafe starting or backing on highway,BB,Vehicle-Pedestrian,9417,1,1,57649,1
11452,55967,210626458.0,2021-09-26 20:45:00,2021 September 26,20:45:00,2021,September,Sunday,6:01 pm to 10:00 pm,20.0,1,Evening,Fall,3801,2111,Mission,3D14D,21658(a),"21658(a,b)",Lane straddling or failure to use specified lanes,AA,Vehicle(s) Only Involved,40571,2,3,57066,1
11453,23955,2658664.0,2006-05-10 14:43:00,2006 May 10,14:43:00,2006,May,Wednesday,2:01 pm to 6:00 pm,14.0,0,Afternoon,Spring,3801,246,,4B6G,21453(a),"21453(a,c)",Red signal - driver or bicyclist responsibilities,AA,Vehicle(s) Only Involved,9418,2,1,57659,1
11454,1832,2963929.0,2006-11-29 11:55:00,2006 November 29,11:55:00,2006,November,Wednesday,10:01 am to 2:00 pm,11.0,0,Morning,Fall,3801,000373,H5,3H62,21453(a),"21453(a,c)",Red signal - driver or bicyclist responsibilities,AA,Vehicle(s) Only Involved,2919,2,1,57659,14
11455,28040,2008279.0,2005-04-07 12:52:00,2005 April 07,12:52:00,2005,April,Thursday,10:01 am to 2:00 pm,12.0,0,Afternoon,Spring,3801,801,,4B1E,22101(d),22101(d),Violation of a turn prohibition sign,BB,Vehicle-Pedestrian,17832,2,1,57649,1
11456,13075,170313719.0,2017-04-17 08:45:00,2017 April 17,08:45:00,2017,April,Monday,6:01 am to 10:00 am,8.0,0,Morning,Spring,3801,1990,3 CAR,5 CAR,21703,21703,Following too closely prohibited,AA,Vehicle(s) Only Involved,9420,1,16,57658,4
11457,55020,201006270.0,2021-01-04 07:30:00,2021 January 04,07:30:00,2021,January,Monday,6:01 am to 10:00 am,7.0,0,Morning,Winter,3801,652,Park,3,21954(a),21954(a),Pedestrians must yield right-of-way outside of crosswalks,BB,Vehicle-Pedestrian,9421,12,59,57123,1
11458,16004,170278408.0,2017-04-05 11:40:00,2017 April 05,11:40:00,2017,April,Wednesday,10:01 am to 2:00 pm,11.0,0,Morning,Spring,3801,1096,SOUTHERN,3B15C,21453(d),21453(d),Red signal - pedestrian responsibilities,BB,Vehicle-Pedestrian,14128,2,1,56779,2
11459,24785,170457232.0,2017-06-04 16:25:00,2017 June 04,16:25:00,2017,June,Sunday,2:01 pm to 6:00 pm,16.0,1,Afternoon,Summer,3801,1427,TENDERLOIN,4D,22106,22106,Unsafe starting or backing on highway,BB,Vehicle-Pedestrian,5290,2,1,57649,1
11460,15671,2063456.0,2005-05-26 10:05:00,2005 May 26,10:05:00,2005,May,Thursday,10:01 am to 2:00 pm,10.0,0,Morning,Spring,3801,1870,SOUTH,3B62,21950(a),"21950(a,c)",Driver or bicyclist to yield right-of-way at crosswalks,BB,Vehicle-Pedestrian,9422,2,2,57622,2
11461,8377,3064103.0,2007-02-03 00:28:00,2007 February 03,00:28:00,2007,February,Saturday,10:01 pm to 2:00 am,0.0,1,Night,Winter,3801,84,,3C12D,21453(a),"21453(a,c)",Red signal - driver or bicyclist responsibilities,AA,Vehicle(s) Only Involved,6236,2,3,57658,8
11462,13744,2831533.0,2006-09-28 13:00:00,2006 September 28,13:00:00,2006,September,Thursday,10:01 am to 2:00 pm,13.0,0,Afternoon,Fall,3801,251,,3C5A,22100(b),"22100(a,b)",Turn at intersection from wrong position,AA,Vehicle(s) Only Involved,8959,2,1,57660,1
11463,12203,160793115.0,2016-09-29 22:14:00,2016 September 29,22:14:00,2016,September,Thursday,10:01 pm to 2:00 am,22.0,0,Night,Fall,3801,4172,MISSION,3D92,21955,21955,Crossing between controlled intersections (Jaywalking),BB,Vehicle-Pedestrian,9423,2,57,57622,1
11464,3916,160140265.0,2016-02-17 21:00:00,2016 February 17,21:00:00,2016,February,Wednesday,6:01 pm to 10:00 pm,21.0,0,Night,Winter,3801,4373,,,21456(b),"21456(a,b)",Pedestrian violation of walk or wait signals,BB,Vehicle-Pedestrian,19743,2,3,57622,2
11465,30257,4270679.0,2009-05-03 10:05:00,2009 May 03,10:05:00,2009,May,Sunday,10:01 am to 2:00 pm,10.0,1,Morning,Spring,3801,000779,,3E62,Unknown,Unknown,Unknown,AA,Vehicle(s) Only Involved,8240,4,16,57585,3
11466,12152,150774664.0,2015-09-03 20:34:00,2015 September 03,20:34:00,2015,September,Thursday,6:01 pm to 10:00 pm,20.0,0,Evening,Fall,3801,1518,MISSION,6,Unknown,Unknown,Unknown,CC,Vehicle-Bicycle,9720,2,3,57616,2
11467,12060,4453140.0,2009-10-27 08:17:00,2009 October 27,08:17:00,2009,October,Tuesday,6:01 am to 10:00 am,8.0,0,Morning,Fall,3801,2226,MISSI,3D61K,22517,22517,Opening door on traffic side when unsafe,EE,Bicycle-Parked Car,9425,2,1,57617,1
11468,29172,3123997.0,2007-03-17 11:57:00,2007 March 17,11:57:00,2007,March,Saturday,10:01 am to 2:00 pm,11.0,1,Morning,Spring,3801,708,COE,4B4A,21453(d),21453(d),Red signal - pedestrian responsibilities,BB,Vehicle-Pedestrian,14802,1,1,57622,2
11469,42266,170457549.0,2017-06-04 18:44:00,2017 June 04,18:44:00,2017,June,Sunday,6:01 pm to 10:00 pm,18.0,1,Evening,Summer,3801,321,CO G,3G13D,21801(a),"21801(a,b)",Violation of right-of-way - left turn,CC,Vehicle-Bicycle,40839,2,1,57581,1
11470,29115,160190282.0,2016-03-05 01:00:00,2016 March 05,01:00:00,2016,March,Saturday,10:01 pm to 2:00 am,1.0,1,Night,Spring,3801,1427,J,1YE,21950(a),"21950(a,c)",Driver or bicyclist to yield right-of-way at crosswalks,BB,Vehicle-Pedestrian,9426,4,13,57649,1
11471,16883,130609990.0,2013-07-24 17:21:00,2013 July 24,17:21:00,2013,July,Wednesday,2:01 pm to 6:00 pm,17.0,0,Evening,Summer,3801,2468,CO B,03,22107,22107,Unsafe turn or lane change prohibited,CC,Vehicle-Bicycle,9427,2,2,57621,2
11472,38305,2626345.0,2006-01-16 17:35:00,2006 January 16,17:35:00,2006,January,Monday,2:01 pm to 6:00 pm,17.0,0,Evening,Winter,3801,001580,TARAV,4B6G,21954(a),21954(a),Pedestrians must yield right-of-way outside of crosswalks,BB,Vehicle-Pedestrian,9428,2,3,57622,1
11473,452,3979049.0,2008-10-27 02:32:00,2008 October 27,02:32:00,2008,October,Monday,2:01 am to 6:00 am,2.0,0,Night,Fall,3801,537,,COH,23152,23152,Under the influence of alcohol or drug,AA,Vehicle(s) Only Involved,9429,2,12,57274,2
11474,35877,2625434.0,2006-02-08 13:10:00,2006 February 08,13:10:00,2006,February,Wednesday,10:01 am to 2:00 pm,13.0,0,Afternoon,Winter,3801,1723,A,,21950(a),"21950(a,c)",Driver or bicyclist to yield right-of-way at crosswalks,BB,Vehicle-Pedestrian,12546,2,1,57649,1
11475,13706,160223526.0,2016-03-17 09:00:00,2016 March 17,09:00:00,2016,March,Thursday,6:01 am to 10:00 am,9.0,0,Morning,Spring,3801,2369,SOUTHERN,901,22102,22102,Illegal U-turn in business district,AA,Vehicle(s) Only Involved,35825,2,2,57660,2
11476,35343,160205922.0,2016-03-10 20:50:00,2016 March 10,20:50:00,2016,March,Thursday,6:01 pm to 10:00 pm,20.0,0,Evening,Spring,3801,302,NORTHERN,3B4D,21960(a),21960(a),Local authority to restrict the use of freeways,BB,Vehicle-Pedestrian,9430,4,13,57649,2
11477,8029,160282594.0,2016-04-06 07:25:00,2016 April 06,07:25:00,2016,April,Wednesday,6:01 am to 10:00 am,7.0,0,Morning,Spring,3801,4359,MISSION,2,Unknown,Unknown,Unknown,AA,Vehicle(s) Only Involved,9431,2,1,57585,2
11478,18104,160455155.0,2016-06-04 02:20:00,2016 June 04,02:20:00,2016,June,Saturday,2:01 am to 6:00 am,2.0,1,Night,Summer,3801,1060,,3B14E,23153(a),23153(a-g),Driving under influence causing injury,AA,Vehicle(s) Only Involved,29449,2,3,57659,3
11479,8065,160613610.0,2016-07-30 12:14:00,2016 July 30,12:14:00,2016,July,Saturday,10:01 am to 2:00 pm,12.0,1,Afternoon,Summer,3801,1377,INGLESIDE,3H13C,22350,22350,Unsafe speed for prevailing conditions,AA,Vehicle(s) Only Involved,9432,2,1,57607,1
11480,41234,170431361.0,2017-05-26 08:51:00,2017 May 26,08:51:00,2017,May,Friday,6:01 am to 10:00 am,8.0,0,Morning,Spring,3801,4286,RICHMOND,G1,21703,21703,Following too closely prohibited,AA,Vehicle(s) Only Involved,9433,2,1,57658,8
11481,13539,3011358.0,2007-01-15 15:41:00,2007 January 15,15:41:00,2007,January,Monday,2:01 pm to 6:00 pm,15.0,0,Afternoon,Winter,3801,002089,SOUTH,4B6B,22100(b),"22100(a,b)",Turn at intersection from wrong position,AA,Vehicle(s) Only Involved,1905,2,1,57660,1
11482,23089,160264235.0,2016-03-31 00:03:00,2016 March 31,00:03:00,2016,March,Thursday,10:01 pm to 2:00 am,0.0,0,Night,Spring,3801,2334,SOUTHERN,B2,Unknown,Unknown,Unknown,AA,Vehicle(s) Only Involved,31119,2,3,57659,1
11483,8184,160083029.0,2016-01-28 23:56:00,2016 January 28,23:56:00,2016,January,Thursday,10:01 pm to 2:00 am,23.0,0,Night,Winter,3801,2347,INGLESIDE,3H11E,23152(a),23152(a-g),Driving under influence of alcohol and/or drugs,AA,Vehicle(s) Only Involved,28894,4,13,57659,2
11484,23565,160796642.0,2016-10-01 02:22:00,2016 October 01,02:22:00,2016,October,Saturday,2:01 am to 6:00 am,2.0,1,Night,Fall,3801,4385,SOUTHERN,1,23153(a),23153(a-g),Driving under influence causing injury,AA,Vehicle(s) Only Involved,6964,2,3,57659,8
11485,14906,160284396.0,2016-04-06 17:27:00,2016 April 06,17:27:00,2016,April,Wednesday,2:01 pm to 6:00 pm,17.0,0,Evening,Spring,3801,1994,SOUTHERN,4B3B,21804(a),"21804(a,b)",Entering highway from alley or driveway,AA,Vehicle(s) Only Involved,9435,2,2,57659,2
11486,35011,170329192.0,2017-04-22 01:17:00,2017 April 22,01:17:00,2017,April,Saturday,10:01 pm to 2:00 am,1.0,1,Night,Spring,3801,1061,NORTHERN,3E13E,21453(a),"21453(a,c)",Red signal - driver or bicyclist responsibilities,AA,Vehicle(s) Only Involved,38171,2,3,57659,1