collision_id,unique_id,case_id_pkey,collision_datetime,collision_date,collision_time,accident_year,month,day_of_week,time_cat,hour_of_day,is_weekend,time_of_day,season,juris,officer_id,reporting_district,beat_number,vz_pcf_code,vz_pcf_group,vz_pcf_description,dph_col_grp,dph_col_grp_description,location_id,weather_id,road_id,party_id,severity_id
13096,12655,130544352.0,2013-07-02 18:40:00,2013 July 02,18:40:00,2013,July,Tuesday,6:01 pm to 10:00 pm,18.0,0,Evening,Summer,3801,238,MISSION,,21703,21703,Following too closely prohibited,AA,Vehicle(s) Only Involved,10510,8,2,57658,3
13097,82914,230053687.0,2023-01-23 14:19:00,2023 January 23,14:19:00,2023,January,Monday,2:01 pm to 6:00 pm,14.0,0,Afternoon,Winter,3801,1514,Mission,,21954(a),21954(a),Pedestrians must yield right-of-way outside of crosswalks,BB,Vehicle-Pedestrian,10511,2,2,57622,2
13098,13577,160861160.0,2016-10-22 15:36:00,2016 October 22,15:36:00,2016,October,Saturday,2:01 pm to 6:00 pm,15.0,1,Afternoon,Fall,3801,1601,SOUTHERN,3B14D,Unknown,Unknown,Unknown,AA,Vehicle(s) Only Involved,15236,2,1,57631,8
13099,83869,230711471.0,2023-10-03 18:43:00,2023 October 03,18:43:00,2023,October,Tuesday,6:01 pm to 10:00 pm,18.0,0,Evening,Fall,3801,1420,Ingleside,3H11D,22107,22107,Unsafe turn or lane change prohibited,AA,Vehicle(s) Only Involved,10512,2,3,57490,4
13100,14251,2775920.0,2006-08-10 16:22:00,2006 August 10,16:22:00,2006,August,Thursday,2:01 pm to 6:00 pm,16.0,0,Afternoon,Summer,3801,674,SOUTH,3B61,21658(a),"21658(a,b)",Lane straddling or failure to use specified lanes,AA,Vehicle(s) Only Involved,10513,2,2,57660,2
13101,34709,140798793.0,2014-09-22 09:03:00,2014 September 22,09:03:00,2014,September,Monday,6:01 am to 10:00 am,9.0,0,Morning,Fall,3801,425,NORTHERN,3E15A,21453(a),"21453(a,c)",Red signal - driver or bicyclist responsibilities,AA,Vehicle(s) Only Involved,35803,2,1,57553,1
13102,12627,140881843.0,2014-10-18 13:35:00,2014 October 18,13:35:00,2014,October,Saturday,10:01 am to 2:00 pm,13.0,1,Afternoon,Fall,3801,4306,MISSION,901,21955,21955,Crossing between controlled intersections (Jaywalking),BB,Vehicle-Pedestrian,10514,2,2,57622,1
13103,3126,160571444.0,2016-07-15 12:40:00,2016 July 15,12:40:00,2016,July,Friday,10:01 am to 2:00 pm,12.0,0,Afternoon,Summer,3801,1113,BAYVIEW,3C11C,22450(a),22450(a),Failure to stop at STOP sign,AA,Vehicle(s) Only Involved,10515,2,1,57659,1
13104,15696,2885911.0,2006-10-25 13:15:00,2006 October 25,13:15:00,2006,October,Wednesday,10:01 am to 2:00 pm,13.0,0,Afternoon,Fall,3801,338,SFPB,3B4C,21453(b),21453(b),Red signal - driver or bicyclist responsibilities with right turn,CC,Vehicle-Bicycle,10516,2,1,55448,1
13105,6034,180124465.0,2018-02-15 17:30:00,2018 February 15,17:30:00,2018,February,Thursday,2:01 pm to 6:00 pm,17.0,0,Evening,Winter,3801,,Bayview,3C,21658(a),"21658(a,b)",Lane straddling or failure to use specified lanes,CC,Vehicle-Bicycle,10517,2,2,57614,1
13106,12716,180731123.0,2018-09-26 14:10:00,2018 September 26,14:10:00,2018,September,Wednesday,2:01 pm to 6:00 pm,14.0,0,Afternoon,Fall,3801,751,Park,1410,21800(a),21800(a-c),Violation of right-of-way or uncontrolled intersection,AA,Vehicle(s) Only Involved,10518,2,1,57659,1
13107,46324,190196727.0,2019-03-19 14:26:00,2019 March 19,14:26:00,2019,March,Tuesday,2:01 pm to 6:00 pm,14.0,0,Afternoon,Spring,3801,1371,Southern,3B13A,22101(d),22101(d),Violation of a turn prohibition sign,CC,Vehicle-Bicycle,16487,2,1,57621,1
13108,13375,2008199.0,2005-04-03 18:01:00,2005 April 03,18:01:00,2005,April,Sunday,6:01 pm to 10:00 pm,18.0,1,Evening,Spring,3801,002122,D,4B6D,22350,22350,Unsafe speed for prevailing conditions,AA,Vehicle(s) Only Involved,10520,4,4,57658,8
13109,37822,180131501.0,2018-02-18 15:40:00,2018 February 18,15:40:00,2018,February,Sunday,2:01 pm to 6:00 pm,15.0,1,Afternoon,Winter,3801,2234,Taraval,3I15B,21658(a),"21658(a,b)",Lane straddling or failure to use specified lanes,AA,Vehicle(s) Only Involved,10521,2,1,57607,4
13110,18580,180220803.0,2018-03-24 17:23:00,2018 March 24,17:23:00,2018,March,Saturday,2:01 pm to 6:00 pm,17.0,1,Evening,Spring,3801,546,Southern,4B4H,21955,21955,Crossing between controlled intersections (Jaywalking),BB,Vehicle-Pedestrian,10522,1,2,57622,2
13111,16750,180832527.0,2018-11-02 12:53:00,2018 November 02,12:53:00,2018,November,Friday,10:01 am to 2:00 pm,12.0,0,Afternoon,Fall,3801,1994,Tenderloin,4B3G,21453(a),"21453(a,c)",Red signal - driver or bicyclist responsibilities,CC,Vehicle-Bicycle,13097,2,1,57621,1
13112,39697,180051959.0,2018-01-20 11:11:00,2018 January 20,11:11:00,2018,January,Saturday,10:01 am to 2:00 pm,11.0,1,Morning,Winter,3801,974,Taraval,3III A,21703,21703,Following too closely prohibited,AA,Vehicle(s) Only Involved,10524,2,1,57658,2
13113,34414,171003638.0,2017-12-12 05:15:00,2017 December 12,05:15:00,2017,December,Tuesday,2:01 am to 6:00 am,5.0,0,Morning,Winter,3801,,CENTRAL,3A13E,21801(a),"21801(a,b)",Violation of right-of-way - left turn,AA,Vehicle(s) Only Involved,13137,2,3,57660,2
13114,9895,170924695.0,2017-11-13 08:32:00,2017 November 13,08:32:00,2017,November,Monday,6:01 am to 10:00 am,8.0,0,Morning,Fall,3801,143,MISSION,6,22350,22350,Unsafe speed for prevailing conditions,AA,Vehicle(s) Only Involved,8961,2,1,57658,8
13115,30464,180686556.0,2018-09-10 20:57:00,2018 September 10,20:57:00,2018,September,Monday,6:01 pm to 10:00 pm,20.0,0,Evening,Fall,3801,195,Northern,3E11D,21950(a),"21950(a,c)",Driver or bicyclist to yield right-of-way at crosswalks,BB,Vehicle-Pedestrian,13623,2,3,57649,2
13116,84422,230903026.0,2023-12-27 15:15:00,2023 December 27,15:15:00,2023,December,Wednesday,2:01 pm to 6:00 pm,15.0,0,Afternoon,Winter,3801,711,Central,,22107,22107,Unsafe turn or lane change prohibited,CC,Vehicle-Bicycle,10526,4,16,57614,1
13117,43947,5006377.0,2010-12-05 10:11:00,2010 December 05,10:11:00,2010,December,Sunday,10:01 am to 2:00 pm,10.0,1,Morning,Winter,3801,1962,RICHM,0G4,21950(a),"21950(a,c)",Driver or bicyclist to yield right-of-way at crosswalks,BB,Vehicle-Pedestrian,10527,2,37,57649,1
13118,25019,2775934.0,2006-08-15 14:47:00,2006 August 15,14:47:00,2006,August,Tuesday,2:01 pm to 6:00 pm,14.0,0,Afternoon,Summer,3801,246,,4B6G,21955,21955,Crossing between controlled intersections (Jaywalking),BB,Vehicle-Pedestrian,10528,2,2,57622,1
13119,19783,180334432.0,2018-05-05 16:10:00,2018 May 05,16:10:00,2018,May,Saturday,2:01 pm to 6:00 pm,16.0,1,Afternoon,Spring,3801,2737,Park,3F13D,Unknown,Unknown,Unknown,FF,Bicycle Only,10529,1,1,34967,4
13120,16824,180912339.0,2018-12-03 15:19:00,2018 December 03,15:19:00,2018,December,Monday,2:01 pm to 6:00 pm,15.0,0,Afternoon,Winter,3801,1527,Tenderloin,3J11D,22106,22106,Unsafe starting or backing on highway,AA,Vehicle(s) Only Involved,10530,2,1,57450,1
13121,22034,180351674.0,2018-05-11 15:06:00,2018 May 11,15:06:00,2018,May,Friday,2:01 pm to 6:00 pm,15.0,0,Afternoon,Spring,3801,A10333,Northern,3E1C,21453(a),"21453(a,c)",Red signal - driver or bicyclist responsibilities,CC,Vehicle-Bicycle,10531,2,1,57621,4
13122,33893,150472329.0,2015-05-30 15:47:00,2015 May 30,15:47:00,2015,May,Saturday,2:01 pm to 6:00 pm,15.0,1,Afternoon,Spring,3801,2225,CENTRAL,3A13C,22106,22106,Unsafe starting or backing on highway,AA,Vehicle(s) Only Involved,10532,2,2,57659,8
13123,9304,150368483.0,2015-04-28 09:38:00,2015 April 28,09:38:00,2015,April,Tuesday,6:01 am to 10:00 am,9.0,0,Morning,Spring,3801,845,POTRERO,4B2F,22350,22350,Unsafe speed for prevailing conditions,AA,Vehicle(s) Only Involved,10533,2,2,57660,8
13124,21645,180295135.0,2018-04-21 09:22:00,2018 April 21,09:22:00,2018,April,Saturday,6:01 am to 10:00 am,9.0,1,Morning,Spring,3801,737,Northern,3E3A,21950(a),"21950(a,c)",Driver or bicyclist to yield right-of-way at crosswalks,BB,Vehicle-Pedestrian,12408,2,1,57649,1
13125,21813,180907813.0,2018-12-01 17:52:00,2018 December 01,17:52:00,2018,December,Saturday,2:01 pm to 6:00 pm,17.0,1,Evening,Winter,3801,2200,Northern,2,21650.1,21650.1,Bicycle to travel in same direction as vehicles,CC,Vehicle-Bicycle,10535,2,3,57621,1
13126,16321,2892815.0,2006-10-26 07:56:00,2006 October 26,07:56:00,2006,October,Thursday,6:01 am to 10:00 am,7.0,0,Morning,Fall,3801,671,SOUTH,4B1A,21801(a),"21801(a,b)",Violation of right-of-way - left turn,AA,Vehicle(s) Only Involved,10536,2,1,56916,1
13127,38599,2658420.0,2006-03-21 07:30:00,2006 March 21,07:30:00,2006,March,Tuesday,6:01 am to 10:00 am,7.0,0,Morning,Spring,3801,1794,TARAV,002,22350,22350,Unsafe speed for prevailing conditions,AA,Vehicle(s) Only Involved,10537,7,4,56647,1
13128,28565,170457464.0,2017-06-04 17:34:00,2017 June 04,17:34:00,2017,June,Sunday,2:01 pm to 6:00 pm,17.0,1,Evening,Summer,3801,1014,CENTRAL,3A11D,22350,22350,Unsafe speed for prevailing conditions,AA,Vehicle(s) Only Involved,10538,2,2,57557,1
13129,32095,140323174.0,2014-04-18 17:45:00,2014 April 18,17:45:00,2014,April,Friday,2:01 pm to 6:00 pm,17.0,0,Evening,Spring,3801,739,CENTRAL,3A61,21658(a),"21658(a,b)",Lane straddling or failure to use specified lanes,CC,Vehicle-Bicycle,3303,2,1,57561,1
13130,34109,160436042.0,2016-05-28 09:30:00,2016 May 28,09:30:00,2016,May,Saturday,6:01 am to 10:00 am,9.0,1,Morning,Spring,3801,1900,CENTRAL,3A11B,22101(d),22101(d),Violation of a turn prohibition sign,AA,Vehicle(s) Only Involved,15310,2,1,57659,1
13131,4146,2814022.0,2006-09-27 19:13:00,2006 September 27,19:13:00,2006,September,Wednesday,6:01 pm to 10:00 pm,19.0,0,Evening,Fall,3801,331,INGLE,3H13D,22350,22350,Unsafe speed for prevailing conditions,AA,Vehicle(s) Only Involved,32650,2,1,57659,1
13132,36440,180978325.0,2018-12-28 21:36:00,2018 December 28,21:36:00,2018,December,Friday,6:01 pm to 10:00 pm,21.0,0,Night,Winter,3801,1129,Taraval,6,21703,21703,Following too closely prohibited,AA,Vehicle(s) Only Involved,10539,2,12,57658,8
13133,34120,150890737.0,2015-10-11 16:01:00,2015 October 11,16:01:00,2015,October,Sunday,2:01 pm to 6:00 pm,16.0,1,Afternoon,Fall,3801,1420,CENTRAL,4B7E,21658(a),"21658(a,b)",Lane straddling or failure to use specified lanes,CC,Vehicle-Bicycle,10540,2,2,57655,4
13134,17328,170913541.0,2017-11-09 00:12:00,2017 November 09,00:12:00,2017,November,Thursday,10:01 pm to 2:00 am,0.0,0,Night,Fall,3801,658,MISSION,3D15E,22350,22350,Unsafe speed for prevailing conditions,AA,Vehicle(s) Only Involved,10541,4,42,57603,3
13135,41536,180345702.0,2018-05-08 23:30:00,2018 May 08,23:30:00,2018,May,Tuesday,10:01 pm to 2:00 am,23.0,0,Night,Spring,3801,27,Taraval,3I1B,21950(a),"21950(a,c)",Driver or bicyclist to yield right-of-way at crosswalks,BB,Vehicle-Pedestrian,10542,9,7,57649,2
13136,26323,170919107.0,2017-11-10 21:49:00,2017 November 10,21:49:00,2017,November,Friday,6:01 pm to 10:00 pm,21.0,0,Night,Fall,3801,773,CENTRAL,3A11E,21954(a),21954(a),Pedestrians must yield right-of-way outside of crosswalks,BB,Vehicle-Pedestrian,10543,2,209,57622,1
13137,5639,170561510.0,2017-07-11 01:00:00,2017 July 11,01:00:00,2017,July,Tuesday,10:01 pm to 2:00 am,1.0,0,Night,Summer,3801,,BAYVIEW,2,21801(a),"21801(a,b)",Violation of right-of-way - left turn,AA,Vehicle(s) Only Involved,10544,2,27,56911,2
13138,26604,180226453.0,2018-03-26 23:29:00,2018 March 26,23:29:00,2018,March,Monday,10:01 pm to 2:00 am,23.0,0,Night,Spring,3801,417,Southern,3B13E,21453(a),"21453(a,c)",Red signal - driver or bicyclist responsibilities,AA,Vehicle(s) Only Involved,10545,2,3,57659,1
13139,10089,170961813.0,2017-11-27 10:35:00,2017 November 27,10:35:00,2017,November,Monday,10:01 am to 2:00 pm,10.0,0,Morning,Fall,3801,2168,MISSION,3D16A,21801(a),"21801(a,b)",Violation of right-of-way - left turn,CC,Vehicle-Bicycle,7617,2,1,57581,1
13140,10666,180020051.0,2018-01-08 12:46:00,2018 January 08,12:46:00,2018,January,Monday,10:01 am to 2:00 pm,12.0,0,Afternoon,Winter,3801,1290,Mission,3D13C,21955,21955,Crossing between controlled intersections (Jaywalking),BB,Vehicle-Pedestrian,10546,4,4,57622,1
13141,4814,2922399.0,2006-11-23 20:04:00,2006 November 23,20:04:00,2006,November,Thursday,6:01 pm to 10:00 pm,20.0,0,Evening,Fall,3801,1149,COH,4B7D,23153(a),23153(a-g),Driving under influence causing injury,AA,Vehicle(s) Only Involved,10547,2,3,57658,12
13142,22900,180444780.0,2018-06-15 16:25:00,2018 June 15,16:25:00,2018,June,Friday,2:01 pm to 6:00 pm,16.0,0,Afternoon,Summer,3801,A23075,Southern,3B14C,21202(a),21202(a),Bicyclist at less than normal speed must keep to the right,CC,Vehicle-Bicycle,13118,2,24,57655,2
13143,17230,171027387.0,2017-12-20 12:27:00,2017 December 20,12:27:00,2017,December,Wednesday,10:01 am to 2:00 pm,12.0,0,Afternoon,Winter,3801,1291,TENDERLOIN,3J30,21950(a),"21950(a,c)",Driver or bicyclist to yield right-of-way at crosswalks,BB,Vehicle-Pedestrian,15087,2,1,57649,2
13144,84579,230875851.0,2023-12-14 14:03:00,2023 December 14,14:03:00,2023,December,Thursday,2:01 pm to 6:00 pm,14.0,0,Afternoon,Winter,3801,1249,Central,3A91E,21955(a),21955(a-b),Crossing between controlled intersections (Jaywalking),BB,Vehicle-Pedestrian,10549,2,1,57622,2
13145,41871,3203394.0,2007-04-28 08:08:00,2007 April 28,08:08:00,2007,April,Saturday,6:01 am to 10:00 am,8.0,1,Morning,Spring,3801,1886,TARAV,3110,21950(a),"21950(a,c)",Driver or bicyclist to yield right-of-way at crosswalks,BB,Vehicle-Pedestrian,7578,2,1,57649,4
13146,34515,130246627.0,2013-03-25 12:55:00,2013 March 25,12:55:00,2013,March,Monday,10:01 am to 2:00 pm,12.0,0,Afternoon,Spring,3801,1428,CENTRAL,3A4,21955,21955,Crossing between controlled intersections (Jaywalking),BB,Vehicle-Pedestrian,13526,2,1,57622,2
13147,8813,180253791.0,2018-04-06 02:19:00,2018 April 06,02:19:00,2018,April,Friday,2:01 am to 6:00 am,2.0,0,Night,Spring,3801,608,Mission,D3,21453(a),"21453(a,c)",Red signal - driver or bicyclist responsibilities,BB,Vehicle-Pedestrian,10551,7,13,57649,2
13148,10675,2638345.0,2006-02-20 15:36:00,2006 February 20,15:36:00,2006,February,Monday,2:01 pm to 6:00 pm,15.0,0,Afternoon,Winter,3801,2226,MISSI,3D62,22106,22106,Unsafe starting or backing on highway,AA,Vehicle(s) Only Involved,10552,2,1,57237,1
13149,4751,170809031.0,2017-10-04 10:04:00,2017 October 04,10:04:00,2017,October,Wednesday,10:01 am to 2:00 pm,10.0,0,Morning,Fall,3801,142,INGLESIDE,3H13A,Unknown,Unknown,Unknown,AA,Vehicle(s) Only Involved,10553,2,23,57557,8
13150,38066,3179524.0,2007-04-11 17:51:00,2007 April 11,17:51:00,2007,April,Wednesday,2:01 pm to 6:00 pm,17.0,0,Evening,Spring,3801,1989,3I,15D,22350,22350,Unsafe speed for prevailing conditions,AA,Vehicle(s) Only Involved,30915,2,1,57658,8
13151,28685,2775950.0,2006-08-16 15:18:00,2006 August 16,15:18:00,2006,August,Wednesday,2:01 pm to 6:00 pm,15.0,0,Afternoon,Summer,3801,1384,3A,4B7A,22350,22350,Unsafe speed for prevailing conditions,AA,Vehicle(s) Only Involved,10555,2,1,57313,8
13152,13515,140264750.0,2014-03-30 02:27:00,2014 March 30,02:27:00,2014,March,Sunday,2:01 am to 6:00 am,2.0,1,Night,Spring,3801,408,SOUTHERN,3B13E,22350,22350,Unsafe speed for prevailing conditions,BB,Vehicle-Pedestrian,10556,2,3,57649,4
13153,4869,170526865.0,2017-06-27 13:10:00,2017 June 27,13:10:00,2017,June,Tuesday,10:01 am to 2:00 pm,13.0,0,Afternoon,Summer,3801,1196,INGLESIDE,H2,21703,21703,Following too closely prohibited,AA,Vehicle(s) Only Involved,10557,2,2,57658,8
13154,4860,180034080.0,2018-01-13 11:14:00,2018 January 13,11:14:00,2018,January,Saturday,10:01 am to 2:00 pm,11.0,1,Morning,Winter,3801,,Ingleside,2,21954(a),21954(a),Pedestrians must yield right-of-way outside of crosswalks,BB,Vehicle-Pedestrian,10558,2,2,57622,1
13155,12851,140886627.0,2014-10-20 09:07:00,2014 October 20,09:07:00,2014,October,Monday,6:01 am to 10:00 am,9.0,0,Morning,Fall,3801,961,MISSION,1,Unknown,Unknown,Unknown,CC,Vehicle-Bicycle,10559,3,14,56267,2
13156,35217,140424330.0,2014-05-21 10:19:00,2014 May 21,10:19:00,2014,May,Wednesday,10:01 am to 2:00 pm,10.0,0,Morning,Spring,3801,1819,NORTHERN,4B6E,Unknown,Unknown,Unknown,AA,Vehicle(s) Only Involved,9094,2,1,56568,2
13157,84457,230434300.0,2023-06-24 00:40:00,2023 June 24,00:40:00,2023,June,Saturday,10:01 pm to 2:00 am,0.0,1,Night,Summer,3801,839,Central,A2,21453(a),"21453(a,c)",Red signal - driver or bicyclist responsibilities,AA,Vehicle(s) Only Involved,10560,2,3,57659,1
13158,21783,180682021.0,2018-09-09 10:15:00,2018 September 09,10:15:00,2018,September,Sunday,10:01 am to 2:00 pm,10.0,1,Morning,Fall,3801,2365,Northern,3CAR,22107,22107,Unsafe turn or lane change prohibited,AA,Vehicle(s) Only Involved,10561,2,2,57660,1
13159,42629,180938147.0,2018-12-13 08:02:00,2018 December 13,08:02:00,2018,December,Thursday,6:01 am to 10:00 am,8.0,0,Morning,Winter,3801,126,Richmond,3G15A,21658(a),"21658(a,b)",Lane straddling or failure to use specified lanes,AA,Vehicle(s) Only Involved,10562,2,2,57660,1
13160,3024,170464895.0,2017-06-07 09:00:00,2017 June 07,09:00:00,2017,June,Wednesday,6:01 am to 10:00 am,9.0,0,Morning,Summer,3801,1764,BAYVIEW,4B6C,21802(a),"21802(a,b)",Violation of right-of-way - entering through highway,AA,Vehicle(s) Only Involved,10563,8,1,57659,1
13161,8274,2159137.0,2005-07-25 18:02:00,2005 July 25,18:02:00,2005,July,Monday,6:01 pm to 10:00 pm,18.0,0,Evening,Summer,3801,189,BAYV,4B7H,21453(a),"21453(a,c)",Red signal - driver or bicyclist responsibilities,AA,Vehicle(s) Only Involved,25982,2,44,57659,17
13162,24680,180256400.0,2018-04-07 02:00:00,2018 April 07,02:00:00,2018,April,Saturday,10:01 pm to 2:00 am,2.0,1,Night,Spring,3801,1745,Bayview,3C12E,21954(a),21954(a),Pedestrians must yield right-of-way outside of crosswalks,BB,Vehicle-Pedestrian,17487,4,13,57622,1
13163,83114,230133223.0,2023-02-23 14:43:00,2023 February 23,14:43:00,2023,February,Thursday,2:01 pm to 6:00 pm,14.0,0,Afternoon,Winter,3801,4006,Taraval,3I3B,21802(a),"21802(a,b)",Violation of right-of-way - entering through highway,AA,Vehicle(s) Only Involved,10566,2,1,57659,8
13164,33175,180628081.0,2018-08-21 07:30:00,2018 August 21,07:30:00,2018,August,Tuesday,6:01 am to 10:00 am,7.0,0,Morning,Summer,3801,319,Central,3A11A,22107,22107,Unsafe turn or lane change prohibited,AA,Vehicle(s) Only Involved,10567,2,2,57660,1
13165,10871,180608914.0,2018-08-14 09:25:00,2018 August 14,09:25:00,2018,August,Tuesday,6:01 am to 10:00 am,9.0,0,Morning,Summer,3801,1043,Southern,4B2D,22350,22350,Unsafe speed for prevailing conditions,AA,Vehicle(s) Only Involved,10568,2,1,57569,1
13166,14526,130640552.0,2013-08-03 14:48:00,2013 August 03,14:48:00,2013,August,Saturday,2:01 pm to 6:00 pm,14.0,1,Afternoon,Summer,3801,4180,SOUTHERN,,22350,22350,Unsafe speed for prevailing conditions,AA,Vehicle(s) Only Involved,10569,2,1,57658,1
13167,32621,160950393.0,2016-11-22 06:43:00,2016 November 22,06:43:00,2016,November,Tuesday,6:01 am to 10:00 am,6.0,0,Morning,Fall,3801,253,NORTHERN,3E16A,21453(d),21453(d),Red signal - pedestrian responsibilities,BB,Vehicle-Pedestrian,10570,2,1,57622,1
13168,6800,180238549.0,2018-03-31 08:52:00,2018 March 31,08:52:00,2018,March,Saturday,6:01 am to 10:00 am,8.0,1,Morning,Spring,3801,2305,Mission,,22107,22107,Unsafe turn or lane change prohibited,AA,Vehicle(s) Only Involved,24984,2,1,57660,11
13169,33478,2661379.0,2006-05-22 16:19:00,2006 May 22,16:19:00,2006,May,Monday,2:01 pm to 6:00 pm,16.0,0,Afternoon,Spring,3801,246,CENTR,4B6G,22350,22350,Unsafe speed for prevailing conditions,AA,Vehicle(s) Only Involved,10572,2,1,57658,8
13170,27441,170601495.0,2017-07-24 10:45:00,2017 July 24,10:45:00,2017,July,Monday,10:01 am to 2:00 pm,10.0,0,Morning,Summer,3801,,CENTRAL,,21954(a),21954(a),Pedestrians must yield right-of-way outside of crosswalks,BB,Vehicle-Pedestrian,16486,2,1,57622,1
13171,45444,160692733.0,2016-08-26 18:30:00,2016 August 26,18:30:00,2016,August,Friday,6:01 pm to 10:00 pm,18.0,0,Evening,Summer,3801,2168,RICHMOND,3G15D,Unknown,Unknown,Unknown,CC,Vehicle-Bicycle,40965,2,2,57468,1
13172,13196,180064316.0,2018-01-24 17:04:00,2018 January 24,17:04:00,2018,January,Wednesday,2:01 pm to 6:00 pm,17.0,0,Evening,Winter,3801,,Southern,3B15C,21950(a),"21950(a,c)",Driver or bicyclist to yield right-of-way at crosswalks,BB,Vehicle-Pedestrian,10573,4,210,57649,1
13173,84460,230810114.0,2023-11-14 18:44:00,2023 November 14,18:44:00,2023,November,Tuesday,6:01 pm to 10:00 pm,18.0,0,Evening,Fall,3801,246,Taraval,4 Car,21950(a),"21950(a,c)",Driver or bicyclist to yield right-of-way at crosswalks,BB,Vehicle-Pedestrian,10574,2,3,57532,1
13174,28470,170408611.0,2017-05-18 15:30:00,2017 May 18,15:30:00,2017,May,Thursday,2:01 pm to 6:00 pm,15.0,0,Afternoon,Spring,3801,,CENTRAL,3A44C,21950(a),"21950(a,c)",Driver or bicyclist to yield right-of-way at crosswalks,BB,Vehicle-Pedestrian,10575,2,2,57649,1
13175,12779,170541540.0,2017-07-03 21:25:00,2017 July 03,21:25:00,2017,July,Monday,6:01 pm to 10:00 pm,21.0,0,Night,Summer,3801,2481,CO F,3,22350,22350,Unsafe speed for prevailing conditions,AA,Vehicle(s) Only Involved,10576,9,12,57274,1
13176,4225,170966744.0,2017-11-28 17:50:00,2017 November 28,17:50:00,2017,November,Tuesday,2:01 pm to 6:00 pm,17.0,0,Evening,Fall,3801,,INGLESIDE,3H14D,21950(a),"21950(a,c)",Driver or bicyclist to yield right-of-way at crosswalks,AA,Vehicle(s) Only Involved,3044,2,12,57659,14
13177,29202,180797222.0,2018-10-20 18:29:00,2018 October 20,18:29:00,2018,October,Saturday,6:01 pm to 10:00 pm,18.0,1,Evening,Fall,3801,738,Northern,3E15D,21950(a),"21950(a,c)",Driver or bicyclist to yield right-of-way at crosswalks,BB,Vehicle-Pedestrian,18913,2,1,57649,1
13178,12511,170727643.0,2017-09-06 12:35:00,2017 September 06,12:35:00,2017,September,Wednesday,10:01 am to 2:00 pm,12.0,0,Afternoon,Fall,3801,2266,3X72,FOB,22109,22109,Sudden stopping without signaling,AA,Vehicle(s) Only Involved,24592,2,1,57658,1
13179,20295,3124162.0,2007-03-10 09:00:00,2007 March 10,09:00:00,2007,March,Saturday,6:01 am to 10:00 am,9.0,1,Morning,Spring,3801,000779,,3E62,Unknown,Unknown,Unknown,AA,Vehicle(s) Only Involved,10578,2,1,57406,1
13180,6089,140451054.0,2014-05-30 11:30:00,2014 May 30,11:30:00,2014,May,Friday,10:01 am to 2:00 pm,11.0,0,Morning,Spring,3801,1723,BAYVIEW,,21703,21703,Following too closely prohibited,AA,Vehicle(s) Only Involved,10579,8,2,57658,8
13181,21118,170829142.0,2017-10-10 19:51:00,2017 October 10,19:51:00,2017,October,Tuesday,6:01 pm to 10:00 pm,19.0,0,Evening,Fall,3801,2200,NORTHERN,1,21801(a),"21801(a,b)",Violation of right-of-way - left turn,AA,Vehicle(s) Only Involved,20478,2,3,57564,2
13182,15497,170583489.0,2017-07-18 11:25:00,2017 July 18,11:25:00,2017,July,Tuesday,10:01 am to 2:00 pm,11.0,0,Morning,Summer,3801,,SOUTHERN,3B13C,22107,22107,Unsafe turn or lane change prohibited,AA,Vehicle(s) Only Involved,10580,2,1,57659,2
13183,42689,170872345.0,2017-10-25 13:41:00,2017 October 25,13:41:00,2017,October,Wednesday,10:01 am to 2:00 pm,13.0,0,Afternoon,Fall,3801,1888,RICHMOND,G4,21950(a),"21950(a,c)",Driver or bicyclist to yield right-of-way at crosswalks,BB,Vehicle-Pedestrian,31498,2,1,57649,2
13184,2477,170749108.0,2017-09-13 17:50:00,2017 September 13,17:50:00,2017,September,Wednesday,2:01 pm to 6:00 pm,17.0,0,Evening,Fall,3801,4358,BAYVIEW,2,22107,22107,Unsafe turn or lane change prohibited,AA,Vehicle(s) Only Involved,10581,2,1,57660,1
13185,83916,230682844.0,2023-09-22 17:44:00,2023 September 22,17:44:00,2023,September,Friday,2:01 pm to 6:00 pm,17.0,0,Evening,Fall,3801,1806,Bayview,3C11D,21453(c),"21453(a,c)",Red signal - driver or bicyclist responsibilities,AA,Vehicle(s) Only Involved,6453,2,1,57659,5
13186,32827,180724059.0,2018-09-24 09:23:00,2018 September 24,09:23:00,2018,September,Monday,6:01 am to 10:00 am,9.0,0,Morning,Fall,3801,1707,Northern,3E15A,22350,22350,Unsafe speed for prevailing conditions,AA,Vehicle(s) Only Involved,10582,2,2,57583,2
13187,41912,170599759.0,2017-07-23 17:08:00,2017 July 23,17:08:00,2017,July,Sunday,2:01 pm to 6:00 pm,17.0,1,Evening,Summer,3801,,TARAVAL,3I13D,22450(a),22450(a),Failure to stop at STOP sign,AA,Vehicle(s) Only Involved,34333,1,2,57659,14
13188,13409,170668962.0,2017-08-17 00:38:00,2017 August 17,00:38:00,2017,August,Thursday,10:01 pm to 2:00 am,0.0,0,Night,Summer,3801,679,MISSION,B6,22350,22350,Unsafe speed for prevailing conditions,AA,Vehicle(s) Only Involved,10583,2,3,57607,3
13189,11514,5161311.0,2011-04-14 20:06:00,2011 April 14,20:06:00,2011,April,Thursday,6:01 pm to 10:00 pm,20.0,0,Evening,Spring,3801,2131,MISSI,4B5B,22102,22102,Illegal U-turn in business district,CC,Vehicle-Bicycle,34135,2,62,57581,2