collision_id,unique_id,case_id_pkey,collision_datetime,collision_date,collision_time,accident_year,month,day_of_week,time_cat,hour_of_day,is_weekend,time_of_day,season,juris,officer_id,reporting_district,beat_number,vz_pcf_code,vz_pcf_group,vz_pcf_description,dph_col_grp,dph_col_grp_description,location_id,weather_id,road_id,party_id,severity_id
14703,35119,180649792.0,2018-08-28 14:49:00,2018 August 28,14:49:00,2018,August,Tuesday,2:01 pm to 6:00 pm,14.0,0,Afternoon,Summer,3801,2036,Northern,5,21453(a),"21453(a,c)",Red signal - driver or bicyclist responsibilities,AA,Vehicle(s) Only Involved,11687,2,2,57585,1
14704,19620,3020635.0,2007-01-31 20:21:00,2007 January 31,20:21:00,2007,January,Wednesday,6:01 pm to 10:00 pm,20.0,0,Evening,Winter,3801,4000,PARK,4CAR,23152(a),23152(a-g),Driving under influence of alcohol and/or drugs,AA,Vehicle(s) Only Involved,11688,2,12,57658,8
14705,16120,2775899.0,2006-08-17 09:46:00,2006 August 17,09:46:00,2006,August,Thursday,6:01 am to 10:00 am,9.0,0,Morning,Summer,3801,001870,SOUTH,3B62,21453(a),"21453(a,c)",Red signal - driver or bicyclist responsibilities,CC,Vehicle-Bicycle,10641,2,1,14389,2
14706,12549,2862442.0,2006-10-17 09:24:00,2006 October 17,09:24:00,2006,October,Tuesday,6:01 am to 10:00 am,9.0,0,Morning,Fall,3801,1184,,4B2D,21453(a),"21453(a,c)",Red signal - driver or bicyclist responsibilities,AA,Vehicle(s) Only Involved,28860,2,1,57659,1
14707,35440,170596200.0,2017-07-22 12:46:00,2017 July 22,12:46:00,2017,July,Saturday,10:01 am to 2:00 pm,12.0,1,Afternoon,Summer,3801,158,NORTHERN,3E15C,21956(a),21956(a),Pedestrian on roadway prohibited,BB,Vehicle-Pedestrian,11689,2,1,57566,1
14708,13852,150372531.0,2015-04-29 13:10:00,2015 April 29,13:10:00,2015,April,Wednesday,10:01 am to 2:00 pm,13.0,0,Afternoon,Spring,3801,1887,SOUTHERN,4B1C,21950(a),"21950(a,c)",Driver or bicyclist to yield right-of-way at crosswalks,BB,Vehicle-Pedestrian,11690,2,1,57649,2
14709,1384,2862415.0,2006-10-20 19:34:00,2006 October 20,19:34:00,2006,October,Friday,6:01 pm to 10:00 pm,19.0,0,Evening,Fall,3801,1898,INGLE,005,Unknown,Unknown,Unknown,BB,Vehicle-Pedestrian,11691,2,3,54570,2
14710,27296,180580823.0,2018-08-03 02:20:00,2018 August 03,02:20:00,2018,August,Friday,2:01 am to 6:00 am,2.0,0,Night,Summer,3801,2158,Central,3A62,21453(a),"21453(a,c)",Red signal - driver or bicyclist responsibilities,AA,Vehicle(s) Only Involved,14168,2,3,57659,8
14711,34090,180698799.0,2018-09-15 02:52:00,2018 September 15,02:52:00,2018,September,Saturday,2:01 am to 6:00 am,2.0,1,Night,Fall,3801,2158,Central,3A15E,26708(a)(2),26708(a)(2),Unlawful material on vehicle windshield or windows obstructing or reducing view of driver,AA,Vehicle(s) Only Involved,11693,2,3,57607,17
14712,10582,2628848.0,2006-03-24 18:29:00,2006 March 24,18:29:00,2006,March,Friday,6:01 pm to 10:00 pm,18.0,0,Evening,Spring,3801,100,D,3D14D,21950(a),"21950(a,c)",Driver or bicyclist to yield right-of-way at crosswalks,BB,Vehicle-Pedestrian,36355,1,13,57649,1
14713,43729,180814729.0,2018-10-27 00:27:00,2018 October 27,00:27:00,2018,October,Saturday,10:01 pm to 2:00 am,0.0,1,Night,Fall,3801,33,Richmond,3,21658(a),"21658(a,b)",Lane straddling or failure to use specified lanes,AA,Vehicle(s) Only Involved,11695,2,3,57607,2
14714,32096,140704013.0,2014-08-22 09:45:00,2014 August 22,09:45:00,2014,August,Friday,6:01 am to 10:00 am,9.0,0,Morning,Summer,3801,2179,CENTRAL,,22100(b),"22100(a,b)",Turn at intersection from wrong position,AA,Vehicle(s) Only Involved,3303,8,1,57660,1
14715,28640,180515563.0,2018-07-11 21:17:00,2018 July 11,21:17:00,2018,July,Wednesday,6:01 pm to 10:00 pm,21.0,0,Night,Summer,3801,1240,Central,3A11E,22517,22517,Opening door on traffic side when unsafe,AA,Vehicle(s) Only Involved,11696,2,12,54942,8
14716,27102,2638508.0,2006-02-20 18:59:00,2006 February 20,18:59:00,2006,February,Monday,6:01 pm to 10:00 pm,18.0,0,Evening,Winter,3801,001580,CENTR,4B6G,21453(a),"21453(a,c)",Red signal - driver or bicyclist responsibilities,AA,Vehicle(s) Only Involved,11697,2,3,57659,13
14717,27635,170469754.0,2017-06-08 12:30:00,2017 June 08,12:30:00,2017,June,Thursday,10:01 am to 2:00 pm,12.0,0,Afternoon,Summer,3801,2050,NORTHERN,3E140,22350,22350,Unsafe speed for prevailing conditions,AA,Vehicle(s) Only Involved,7796,6,125,57658,1
14718,43097,170926271.0,2017-11-13 19:01:00,2017 November 13,19:01:00,2017,November,Monday,6:01 pm to 10:00 pm,19.0,0,Evening,Fall,3801,917,RICHMOND,4B4I,21954(a),21954(a),Pedestrians must yield right-of-way outside of crosswalks,BB,Vehicle-Pedestrian,13702,8,3,57622,4
14719,27473,151028775.0,2015-11-26 16:00:00,2015 November 26,16:00:00,2015,November,Thursday,2:01 pm to 6:00 pm,16.0,0,Afternoon,Fall,3801,2299,CENTRAL,3A14D,21703,21703,Following too closely prohibited,AA,Vehicle(s) Only Involved,11699,2,2,57658,8
14720,250,130591331.0,2013-07-18 12:40:00,2013 July 18,12:40:00,2013,July,Thursday,10:01 am to 2:00 pm,12.0,0,Afternoon,Summer,3801,241,CO H,4B3H,22106,22106,Unsafe starting or backing on highway,AA,Vehicle(s) Only Involved,11700,2,2,57658,1
14721,28451,180891539.0,2018-11-25 15:28:00,2018 November 25,15:28:00,2018,November,Sunday,2:01 pm to 6:00 pm,15.0,1,Afternoon,Fall,3801,2207,Central,3A60,22106,22106,Unsafe starting or backing on highway,BB,Vehicle-Pedestrian,11701,2,2,57649,1
14722,8735,170904346.0,2017-11-05 18:08:00,2017 November 05,18:08:00,2017,November,Sunday,6:01 pm to 10:00 pm,18.0,1,Evening,Fall,3801,986,MISSION,3D16D,22350,22350,Unsafe speed for prevailing conditions,BB,Vehicle-Pedestrian,11702,2,12,57649,1
14723,38413,2626284.0,2006-03-11 15:30:00,2006 March 11,15:30:00,2006,March,Saturday,2:01 pm to 6:00 pm,15.0,1,Afternoon,Spring,3801,4082,TARAV,3I5,21955,21955,Crossing between controlled intersections (Jaywalking),BB,Vehicle-Pedestrian,11703,2,2,57622,16
14724,17248,180040924.0,2018-01-16 10:27:00,2018 January 16,10:27:00,2018,January,Tuesday,10:01 am to 2:00 pm,10.0,0,Morning,Winter,3801,1538,Tenderloin,901,21950(a),"21950(a,c)",Driver or bicyclist to yield right-of-way at crosswalks,BB,Vehicle-Pedestrian,24903,2,1,57649,2
14725,12533,180842065.0,2018-11-05 19:15:00,2018 November 05,19:15:00,2018,November,Monday,6:01 pm to 10:00 pm,19.0,0,Evening,Fall,3801,2716,Park,3F2D,21950(a),"21950(a,c)",Driver or bicyclist to yield right-of-way at crosswalks,BB,Vehicle-Pedestrian,11705,2,54,57532,1
14726,12085,170509883.0,2017-06-22 22:13:00,2017 June 22,22:13:00,2017,June,Thursday,10:01 pm to 2:00 am,22.0,0,Night,Summer,3801,1537,MISSION,3D11D,21801(a),"21801(a,b)",Violation of right-of-way - left turn,AA,Vehicle(s) Only Involved,35324,2,3,57603,8
14727,27185,180762203.0,2018-10-08 11:27:00,2018 October 08,11:27:00,2018,October,Monday,10:01 am to 2:00 pm,11.0,0,Morning,Fall,3801,2059,Central,3A15A,21950(b),21950(b),Pedestrian suddenly entering into vehicle path close enough to create an immediate hazard,BB,Vehicle-Pedestrian,29688,2,1,57123,1
14728,5399,3123878.0,2007-03-10 16:18:00,2007 March 10,16:18:00,2007,March,Saturday,2:01 pm to 6:00 pm,16.0,1,Afternoon,Spring,3801,A07856,BAYVI,3C60,22101(d),22101(d),Violation of a turn prohibition sign,AA,Vehicle(s) Only Involved,39027,2,1,57659,1
14729,26721,3060566.0,2007-02-16 18:40:00,2007 February 16,18:40:00,2007,February,Friday,6:01 pm to 10:00 pm,18.0,0,Evening,Winter,3801,937,COB,4B7C,22350,22350,Unsafe speed for prevailing conditions,BB,Vehicle-Pedestrian,6331,1,3,56916,4
14730,84600,230874950.0,2023-12-14 06:36:00,2023 December 14,06:36:00,2023,December,Thursday,6:01 am to 10:00 am,6.0,0,Morning,Winter,3801,2124,Mission,3D13A,22107,22107,Unsafe turn or lane change prohibited,AA,Vehicle(s) Only Involved,11707,2,33,57603,8
14731,2203,180233232.0,2018-03-29 10:30:00,2018 March 29,10:30:00,2018,March,Thursday,10:01 am to 2:00 pm,10.0,0,Morning,Spring,3801,2337,Ingleside,3H4A,22106,22106,Unsafe starting or backing on highway,AA,Vehicle(s) Only Involved,11708,2,2,57660,1
14732,3432,2638546.0,2006-02-18 04:20:00,2006 February 18,04:20:00,2006,February,Saturday,2:01 am to 6:00 am,4.0,1,Night,Winter,3801,612,BAYVI,3C11E,21703,21703,Following too closely prohibited,AA,Vehicle(s) Only Involved,11709,13,221,57658,1
14733,21479,180744198.0,2018-10-01 16:49:00,2018 October 01,16:49:00,2018,October,Monday,2:01 pm to 6:00 pm,16.0,0,Afternoon,Fall,3801,1696,Northern,3E13D,21703,21703,Following too closely prohibited,AA,Vehicle(s) Only Involved,11710,2,1,57658,1
14734,17567,130038985.0,2013-01-11 20:43:00,2013 January 11,20:43:00,2013,January,Friday,6:01 pm to 10:00 pm,20.0,0,Evening,Winter,3801,1700,CD-J,MISSION,21658(a),"21658(a,b)",Lane straddling or failure to use specified lanes,AA,Vehicle(s) Only Involved,37531,2,53,57406,1
14735,28365,130133563.0,2013-02-15 14:35:00,2013 February 15,14:35:00,2013,February,Friday,2:01 pm to 6:00 pm,14.0,0,Afternoon,Winter,3801,1882,CENTRAL,RIVERA,21950(a),"21950(a,c)",Driver or bicyclist to yield right-of-way at crosswalks,BB,Vehicle-Pedestrian,36512,2,1,57649,1
14736,43326,2802490.0,2006-09-19 16:55:00,2006 September 19,16:55:00,2006,September,Tuesday,2:01 pm to 6:00 pm,16.0,0,Afternoon,Fall,3801,1982,,,21717,21717,Turning across bicycle lane,CC,Vehicle-Bicycle,11711,2,1,57581,2
14737,83203,230169234.0,2023-03-09 23:30:00,2023 March 09,23:30:00,2023,March,Thursday,10:01 pm to 2:00 am,23.0,0,Night,Spring,3801,821,Southern,3B1,21650.1,21650.1,Bicycle to travel in same direction as vehicles,AA,Vehicle(s) Only Involved,37963,4,13,53324,1
14738,14665,140691868.0,2014-08-18 12:23:00,2014 August 18,12:23:00,2014,August,Monday,10:01 am to 2:00 pm,12.0,0,Afternoon,Summer,3801,395,,4K4E,21456(b),"21456(a,b)",Pedestrian violation of walk or wait signals,CC,Vehicle-Bicycle,5250,2,1,57650,1
14739,8639,170613111.0,2017-07-28 09:00:00,2017 July 28,09:00:00,2017,July,Friday,6:01 am to 10:00 am,9.0,0,Morning,Summer,3801,59,MISSION,,21453(a),"21453(a,c)",Red signal - driver or bicyclist responsibilities,AA,Vehicle(s) Only Involved,31308,2,1,57659,8
14740,84643,230901337.0,2023-12-26 18:46:00,2023 December 26,18:46:00,2023,December,Tuesday,6:01 pm to 10:00 pm,18.0,0,Evening,Winter,3801,101,Ingleside,3H15D,24252(a),24252(a-c),Maintenance of lamps and devices required,AA,Vehicle(s) Only Involved,11713,2,12,57659,1
14741,21632,180778539.0,2018-10-14 01:53:00,2018 October 14,01:53:00,2018,October,Sunday,10:01 pm to 2:00 am,1.0,1,Night,Fall,3801,2091,Northern,3,21453(a),"21453(a,c)",Red signal - driver or bicyclist responsibilities,AA,Vehicle(s) Only Involved,18549,2,3,57659,14
14742,83931,230730512.0,2023-10-11 13:05:00,2023 October 11,13:05:00,2023,October,Wednesday,10:01 am to 2:00 pm,13.0,0,Afternoon,Fall,3801,1394,Mission,1,21801(a),"21801(a,b)",Violation of right-of-way - left turn,AA,Vehicle(s) Only Involved,38354,2,1,57237,1
14743,44654,3038702.0,2007-02-10 12:27:00,2007 February 10,12:27:00,2007,February,Saturday,10:01 am to 2:00 pm,12.0,1,Afternoon,Winter,3801,1361,RICHM,3G3C,22350,22350,Unsafe speed for prevailing conditions,AA,Vehicle(s) Only Involved,11715,7,4,57619,2
14744,83111,230443715.0,2023-06-27 11:55:00,2023 June 27,11:55:00,2023,June,Tuesday,10:01 am to 2:00 pm,11.0,0,Morning,Summer,3801,1825,Southern,3B14A,21950(a),"21950(a,c)",Driver or bicyclist to yield right-of-way at crosswalks,BB,Vehicle-Pedestrian,11716,2,2,57649,1
14745,15735,170251062.0,2017-03-27 15:11:00,2017 March 27,15:11:00,2017,March,Monday,2:01 pm to 6:00 pm,15.0,0,Afternoon,Spring,3801,,3B5C,B,22517,22517,Opening door on traffic side when unsafe,AA,Vehicle(s) Only Involved,11717,2,2,57660,1
14746,39817,180391266.0,2018-05-26 04:00:00,2018 May 26,04:00:00,2018,May,Saturday,2:01 am to 6:00 am,4.0,1,Night,Spring,3801,246,Taraval,Taraval,22350,22350,Unsafe speed for prevailing conditions,AA,Vehicle(s) Only Involved,11718,2,3,57569,1
14747,40246,180274258.0,2018-04-13 17:24:00,2018 April 13,17:24:00,2018,April,Friday,2:01 pm to 6:00 pm,17.0,0,Evening,Spring,3801,,Taraval,31,21960(a),21960(a),Local authority to restrict the use of freeways,BB,Vehicle-Pedestrian,11719,2,1,57649,2
14748,2164,170981485.0,2017-12-04 11:37:00,2017 December 04,11:37:00,2017,December,Monday,10:01 am to 2:00 pm,11.0,0,Morning,Winter,3801,933,INGLESIDE,3H15C,21950(a),"21950(a,c)",Driver or bicyclist to yield right-of-way at crosswalks,BB,Vehicle-Pedestrian,25635,2,1,57525,2
14749,31910,140444576.0,2014-05-28 07:10:00,2014 May 28,07:10:00,2014,May,Wednesday,6:01 am to 10:00 am,7.0,0,Morning,Spring,3801,2127,NORTHERN,,22106,22106,Unsafe starting or backing on highway,AA,Vehicle(s) Only Involved,11720,8,1,57658,1
14750,28068,180353357.0,2018-05-12 07:21:00,2018 May 12,07:21:00,2018,May,Saturday,6:01 am to 10:00 am,7.0,1,Morning,Spring,3801,143,Traffic,,21956(a),21956(a),Pedestrian on roadway prohibited,BB,Vehicle-Pedestrian,11721,2,1,56779,1
14751,26496,180393331.0,2018-05-26 23:24:00,2018 May 26,23:24:00,2018,May,Saturday,10:01 pm to 2:00 am,23.0,1,Night,Spring,3801,460,Central,3A15E,21950(a),"21950(a,c)",Driver or bicyclist to yield right-of-way at crosswalks,BB,Vehicle-Pedestrian,11722,2,3,57649,1
14752,83842,230697752.0,2023-09-28 11:52:00,2023 September 28,11:52:00,2023,September,Thursday,10:01 am to 2:00 pm,11.0,0,Morning,Fall,3801,2126,Central,3A5A,21800(a),21800(a-c),Violation of right-of-way or uncontrolled intersection,AA,Vehicle(s) Only Involved,11723,2,1,57659,14
14753,37491,4355237.0,2009-08-10 22:43:00,2009 August 10,22:43:00,2009,August,Monday,10:01 pm to 2:00 am,22.0,0,Night,Summer,3801,2414,LOI,3I14E,22350,22350,Unsafe speed for prevailing conditions,AA,Vehicle(s) Only Involved,11724,9,12,57555,2
14754,12385,180408833.0,2018-06-01 19:47:00,2018 June 01,19:47:00,2018,June,Friday,6:01 pm to 10:00 pm,19.0,0,Evening,Summer,3801,2017,Mission,3D11D,21460(a),"21460(a,b)",Improper turns over double lines or solid lines to right prohibited,AA,Vehicle(s) Only Involved,11725,2,1,57659,1
14755,9363,2661425.0,2006-04-10 15:45:00,2006 April 10,15:45:00,2006,April,Monday,2:01 pm to 6:00 pm,15.0,0,Afternoon,Spring,3801,1754,MISSI,3D14D,22350,22350,Unsafe speed for prevailing conditions,AA,Vehicle(s) Only Involved,11726,2,2,57658,17
14756,23465,180034193.0,2018-01-13 12:45:00,2018 January 13,12:45:00,2018,January,Saturday,10:01 am to 2:00 pm,12.0,1,Afternoon,Winter,3801,1572,Southern,3B11A,21950(a),"21950(a,c)",Driver or bicyclist to yield right-of-way at crosswalks,BB,Vehicle-Pedestrian,11727,2,1,57522,2
14757,30145,140307297.0,2014-04-13 14:42:00,2014 April 13,14:42:00,2014,April,Sunday,2:01 pm to 6:00 pm,14.0,1,Afternoon,Spring,3801,2260,NORTHERN,3E1A,21956(a),21956(a),Pedestrian on roadway prohibited,BB,Vehicle-Pedestrian,11728,2,2,57622,4
14758,12255,140143007.0,2014-02-18 04:20:00,2014 February 18,04:20:00,2014,February,Tuesday,2:01 am to 6:00 am,4.0,0,Night,Winter,3801,1909,MISSION,,23152(a),23152(a-g),Driving under influence of alcohol and/or drugs,AA,Vehicle(s) Only Involved,11729,8,12,57496,1
14759,30899,160431428.0,2016-05-26 17:37:00,2016 May 26,17:37:00,2016,May,Thursday,2:01 pm to 6:00 pm,17.0,0,Evening,Spring,3801,2427,NORTHERN,3E12D,21453(a),"21453(a,c)",Red signal - driver or bicyclist responsibilities,AA,Vehicle(s) Only Involved,5238,2,1,57659,1
14760,16554,180846346.0,2018-11-07 15:15:00,2018 November 07,15:15:00,2018,November,Wednesday,2:01 pm to 6:00 pm,15.0,0,Afternoon,Fall,3801,1994,Southern,4B3G,22350,22350,Unsafe speed for prevailing conditions,BB,Vehicle-Pedestrian,11730,2,2,57649,4
14761,34953,180295599.0,2018-04-21 12:30:00,2018 April 21,12:30:00,2018,April,Saturday,10:01 am to 2:00 pm,12.0,1,Afternoon,Spring,3801,717,Northern,6-CAR,Unknown,Unknown,Unknown,AA,Vehicle(s) Only Involved,11731,2,19,57406,2
14762,21201,180832668.0,2018-11-02 12:47:00,2018 November 02,12:47:00,2018,November,Friday,10:01 am to 2:00 pm,12.0,0,Afternoon,Fall,3801,1534,Northern,3E12A,22106,22106,Unsafe starting or backing on highway,AA,Vehicle(s) Only Involved,11732,2,2,57658,1
14763,26339,160391270.0,2016-05-13 10:55:00,2016 May 13,10:55:00,2016,May,Friday,10:01 am to 2:00 pm,10.0,0,Morning,Spring,3801,442,05132016,1,21950(a),"21950(a,c)",Driver or bicyclist to yield right-of-way at crosswalks,BB,Vehicle-Pedestrian,17862,2,1,57649,1
14764,27376,130549891.0,2013-07-04 16:28:00,2013 July 04,16:28:00,2013,July,Thursday,2:01 pm to 6:00 pm,16.0,0,Afternoon,Summer,3801,1882,CENTRAL,,21954(a),21954(a),Pedestrians must yield right-of-way outside of crosswalks,BB,Vehicle-Pedestrian,11733,8,2,57622,1
14765,7337,180227724.0,2018-03-27 13:20:00,2018 March 27,13:20:00,2018,March,Tuesday,10:01 am to 2:00 pm,13.0,0,Afternoon,Spring,3801,2028,Ingleside,3H4C,22105,22105,Illegal U-turn on highway without unobstructed view,AA,Vehicle(s) Only Involved,11734,2,2,57660,1
14766,21827,2625421.0,2006-04-07 09:30:00,2006 April 07,09:30:00,2006,April,Friday,6:01 am to 10:00 am,9.0,0,Morning,Spring,3801,000779,NORTH,3E62,21453(a),"21453(a,c)",Red signal - driver or bicyclist responsibilities,AA,Vehicle(s) Only Involved,14407,1,1,57659,3
14767,20529,170919555.0,2017-11-11 02:25:00,2017 November 11,02:25:00,2017,November,Saturday,2:01 am to 6:00 am,2.0,1,Night,Fall,3801,4125,TENDERLOIN,1,21453(a),"21453(a,c)",Red signal - driver or bicyclist responsibilities,AA,Vehicle(s) Only Involved,33344,2,3,57659,1
14768,44220,2339078.0,2005-10-06 18:39:00,2005 October 06,18:39:00,2005,October,Thursday,6:01 pm to 10:00 pm,18.0,0,Evening,Fall,3801,1384,3G,4B7G,22107,22107,Unsafe turn or lane change prohibited,AA,Vehicle(s) Only Involved,11736,1,2,57636,2
14769,84602,230879063.0,2023-12-15 19:17:00,2023 December 15,19:17:00,2023,December,Friday,6:01 pm to 10:00 pm,19.0,0,Evening,Winter,3801,2705,Bayview,3C11D,22107,22107,Unsafe turn or lane change prohibited,AA,Vehicle(s) Only Involved,11737,2,29,57564,2
14770,16156,170754248.0,2017-09-15 12:30:00,2017 September 15,12:30:00,2017,September,Friday,10:01 am to 2:00 pm,12.0,0,Afternoon,Fall,3801,,SOUTHERN,3,21755(a),21755(a),Unsafe passing on right shoulder,AA,Vehicle(s) Only Involved,11738,2,2,57128,2
14771,82095,230002173.0,2023-01-01 19:40:00,2023 January 01,19:40:00,2023,January,Sunday,6:01 pm to 10:00 pm,19.0,1,Evening,Winter,3801,1183,Mission,4-Car,21703,21703,Following too closely prohibited,AA,Vehicle(s) Only Involved,8984,2,3,57658,8
14772,6756,160456523.0,2016-06-04 16:22:00,2016 June 04,16:22:00,2016,June,Saturday,2:01 pm to 6:00 pm,16.0,1,Afternoon,Summer,3801,1420,MISSION DI,4B107,23153(a),23153(a-g),Driving under influence causing injury,BB,Vehicle-Pedestrian,36491,2,1,57649,17
14773,28781,2635786.0,2006-02-28 10:10:00,2006 February 28,10:10:00,2006,February,Tuesday,10:01 am to 2:00 pm,10.0,0,Morning,Winter,3801,1995,NOTHE,3E12A,Unknown,Unknown,Unknown,CC,Vehicle-Bicycle,32922,4,16,56954,1
14774,14834,180268869.0,2018-04-11 17:30:00,2018 April 11,17:30:00,2018,April,Wednesday,2:01 pm to 6:00 pm,17.0,0,Evening,Spring,3801,9,Southern,3B61,21950(a),"21950(a,c)",Driver or bicyclist to yield right-of-way at crosswalks,BB,Vehicle-Pedestrian,11739,4,13,57649,2
14775,24186,180443447.0,2018-06-15 09:01:00,2018 June 15,09:01:00,2018,June,Friday,6:01 am to 10:00 am,9.0,0,Morning,Summer,3801,466,Tenderloin,1,Unknown,Unknown,Unknown,FF,Bicycle Only,39629,2,2,57524,2
14776,29140,160073951.0,2016-01-26 11:18:00,2016 January 26,11:18:00,2016,January,Tuesday,10:01 am to 2:00 pm,11.0,0,Morning,Winter,3801,1171,TARAVAL,A4B1D,22102,22102,Illegal U-turn in business district,CC,Vehicle-Bicycle,11741,2,2,57390,2
14777,2779,180517729.0,2018-07-12 12:31:00,2018 July 12,12:31:00,2018,July,Thursday,10:01 am to 2:00 pm,12.0,0,Afternoon,Summer,3801,890,Bayview,3C12D,21453(a),"21453(a,c)",Red signal - driver or bicyclist responsibilities,AA,Vehicle(s) Only Involved,11742,2,1,57660,1
14778,35219,150089112.0,2015-01-29 15:16:00,2015 January 29,15:16:00,2015,January,Thursday,2:01 pm to 6:00 pm,15.0,0,Afternoon,Winter,3801,1353,CO E,3E76,21453(a),"21453(a,c)",Red signal - driver or bicyclist responsibilities,AA,Vehicle(s) Only Involved,9094,2,1,57659,8
14779,81961,230009903.0,2023-01-05 07:56:00,2023 January 05,07:56:00,2023,January,Thursday,6:01 am to 10:00 am,7.0,0,Morning,Winter,3801,2210,Southern,B4,21453(a),"21453(a,c)",Red signal - driver or bicyclist responsibilities,AA,Vehicle(s) Only Involved,38024,7,16,57659,11
14780,2142,2883812.0,2006-10-20 10:20:00,2006 October 20,10:20:00,2006,October,Friday,10:01 am to 2:00 pm,10.0,0,Morning,Fall,3801,000373,H5,3H62,21756(a),21756(a-c),"Unsafe passing of standing streetcar, trolley coach, or bus safety zones",BB,Vehicle-Pedestrian,11744,2,1,57649,2
14781,42957,2774942.0,2006-08-01 16:28:00,2006 August 01,16:28:00,2006,August,Tuesday,2:01 pm to 6:00 pm,16.0,0,Afternoon,Summer,3801,821,COF,4B8F,21801(a),"21801(a,b)",Violation of right-of-way - left turn,AA,Vehicle(s) Only Involved,18298,2,2,57603,14
14782,14861,2706313.0,2006-06-26 07:52:00,2006 June 26,07:52:00,2006,June,Monday,6:01 am to 10:00 am,7.0,0,Morning,Summer,3801,2137,,4B4C,21202(a),21202(a),Bicyclist at less than normal speed must keep to the right,CC,Vehicle-Bicycle,11746,2,1,57621,1
14783,3420,170535220.0,2017-07-01 11:13:00,2017 July 01,11:13:00,2017,July,Saturday,10:01 am to 2:00 pm,11.0,1,Morning,Summer,3801,564,BAYVIEW,2,21453(a),"21453(a,c)",Red signal - driver or bicyclist responsibilities,AA,Vehicle(s) Only Involved,11747,2,1,57659,2
14784,18549,170734018.0,2017-09-08 13:35:00,2017 September 08,13:35:00,2017,September,Friday,10:01 am to 2:00 pm,13.0,0,Afternoon,Fall,3801,4329,SOUTHERN,D4,22106,22106,Unsafe starting or backing on highway,AA,Vehicle(s) Only Involved,34128,2,1,57660,1
14785,30129,2991893.0,2007-01-03 14:00:00,2007 January 03,14:00:00,2007,January,Wednesday,10:01 am to 2:00 pm,14.0,0,Afternoon,Winter,3801,000779,NORTH,3E62,21453(a),"21453(a,c)",Red signal - driver or bicyclist responsibilities,AA,Vehicle(s) Only Involved,26546,1,1,57659,1
14786,83584,230585884.0,2023-08-18 00:19:00,2023 August 18,00:19:00,2023,August,Friday,10:01 pm to 2:00 am,0.0,0,Night,Summer,3801,715,Mission,D4,21453(a),"21453(a,c)",Red signal - driver or bicyclist responsibilities,AA,Vehicle(s) Only Involved,11749,1,3,57564,8
14787,11779,2894397.0,2006-11-10 20:50:00,2006 November 10,20:50:00,2006,November,Friday,6:01 pm to 10:00 pm,20.0,0,Evening,Fall,3801,1689,D,3D15E,21950(a),"21950(a,c)",Driver or bicyclist to yield right-of-way at crosswalks,BB,Vehicle-Pedestrian,11750,2,3,57649,2
14788,6991,2636736.0,2006-02-12 15:02:00,2006 February 12,15:02:00,2006,February,Sunday,2:01 pm to 6:00 pm,15.0,1,Afternoon,Winter,3801,712,INGLE,002,21754,21754,Improper passing on right prohibited,AA,Vehicle(s) Only Involved,31858,2,2,57660,1
14789,44697,170615991.0,2017-07-29 08:49:00,2017 July 29,08:49:00,2017,July,Saturday,6:01 am to 10:00 am,8.0,1,Morning,Summer,3801,1213,RICHMOND,3G44B,22517,22517,Opening door on traffic side when unsafe,EE,Bicycle-Parked Car,11752,2,2,57617,8
14790,15348,160504172.0,2016-06-21 18:11:00,2016 June 21,18:11:00,2016,June,Tuesday,6:01 pm to 10:00 pm,18.0,0,Evening,Summer,3801,2334,SOUTHERN,B3,22350,22350,Unsafe speed for prevailing conditions,AA,Vehicle(s) Only Involved,6410,2,1,57658,1
14791,4701,5554748.0,2012-01-17 07:21:00,2012 January 17,07:21:00,2012,January,Tuesday,6:01 am to 10:00 am,7.0,0,Morning,Winter,3801,712,COH,003,"21801(a,b)","21801(a,b)",Violation of right-of-way - left turn,AA,Vehicle(s) Only Involved,38116,2,1,14472,1
14792,37336,2566298.0,2006-01-28 20:05:00,2006 January 28,20:05:00,2006,January,Saturday,6:01 pm to 10:00 pm,20.0,1,Evening,Winter,3801,651,4B5A,001,21658(a),"21658(a,b)",Lane straddling or failure to use specified lanes,BB,Vehicle-Pedestrian,11754,4,61,57649,1
14793,15834,170794971.0,2017-09-29 09:30:00,2017 September 29,09:30:00,2017,September,Friday,6:01 am to 10:00 am,9.0,0,Morning,Fall,3801,1887,SOUTHERN,4B1B,22107,22107,Unsafe turn or lane change prohibited,CC,Vehicle-Bicycle,40707,14,1,57581,1
14794,33375,180450248.0,2018-06-17 22:06:00,2018 June 17,22:06:00,2018,June,Sunday,10:01 pm to 2:00 am,22.0,1,Night,Summer,3801,2470,Central,3A60,21956(a),21956(a),Pedestrian on roadway prohibited,BB,Vehicle-Pedestrian,11755,2,12,57622,1
14795,24268,2628860.0,2006-03-23 08:45:00,2006 March 23,08:45:00,2006,March,Thursday,6:01 am to 10:00 am,8.0,0,Morning,Spring,3801,2179,,3J61,21950(a),"21950(a,c)",Driver or bicyclist to yield right-of-way at crosswalks,BB,Vehicle-Pedestrian,11756,2,1,57649,1