collision_id,unique_id,case_id_pkey,collision_datetime,collision_date,collision_time,accident_year,month,day_of_week,time_cat,hour_of_day,is_weekend,time_of_day,season,juris,officer_id,reporting_district,beat_number,vz_pcf_code,vz_pcf_group,vz_pcf_description,dph_col_grp,dph_col_grp_description,location_id,weather_id,road_id,party_id,severity_id
16774,14435,160303338.0,2016-04-13 08:27:00,2016 April 13,08:27:00,2016,April,Wednesday,6:01 am to 10:00 am,8.0,0,Morning,Spring,3801.0,1794,SOUTHERN,4BIF,21651(a),21651(a),Crossing dividing section on freeway prohibited,AA,Vehicle(s) Only Involved,13190,2,2,57654,3
16775,2005,170823291.0,2017-10-09 00:17:00,2017 October 09,00:17:00,2017,October,Monday,10:01 pm to 2:00 am,0.0,0,Night,Fall,3801.0,,INGLESIDE,H3,22350,22350,Unsafe speed for prevailing conditions,AA,Vehicle(s) Only Involved,13191,2,3,57654,1
16776,29505,3210732.0,2007-05-24 09:40:00,2007 May 24,09:40:00,2007,May,Thursday,6:01 am to 10:00 am,9.0,0,Morning,Spring,3801.0,00043,NORTH,3E61,22107,22107,Unsafe turn or lane change prohibited,AA,Vehicle(s) Only Involved,13192,2,2,57237,1
16777,16666,180166962.0,2018-03-03 18:25:00,2018 March 03,18:25:00,2018,March,Saturday,6:01 pm to 10:00 pm,18.0,1,Evening,Spring,3801.0,417,Southern,3B13D,7.2.12TC,7.2.12TC,"Local ordinance, bicycles prohibited from sidewalk",CC,Vehicle-Bicycle,13193,1,12,57621,1
16778,27714,140268326.0,2014-03-31 14:26:00,2014 March 31,14:26:00,2014,March,Monday,2:01 pm to 6:00 pm,14.0,0,Afternoon,Spring,3801.0,1496,CENTRAL ST,3A11C,21950(a),"21950(a,c)",Driver or bicyclist to yield right-of-way at crosswalks,BB,Vehicle-Pedestrian,6975,4,16,57649,2
16779,8797,160681554.0,2016-08-23 09:42:00,2016 August 23,09:42:00,2016,August,Tuesday,6:01 am to 10:00 am,9.0,0,Morning,Summer,3801.0,2203,MISSION,3 CAR,22107,22107,Unsafe turn or lane change prohibited,AA,Vehicle(s) Only Involved,20375,2,1,57631,1
16780,33572,170682978.0,2017-08-21 20:30:00,2017 August 21,20:30:00,2017,August,Monday,6:01 pm to 10:00 pm,20.0,0,Evening,Summer,3801.0,2244,CENTRAL,3A14D,21460(a),"21460(a,b)",Improper turns over double lines or solid lines to right prohibited,AA,Vehicle(s) Only Involved,13195,2,12,57659,1
16781,44123,170625138.0,2017-08-01 15:44:00,2017 August 01,15:44:00,2017,August,Tuesday,2:01 pm to 6:00 pm,15.0,0,Afternoon,Summer,3801.0,664,RICHMOND,3G11D,21804(a),"21804(a,b)",Entering highway from alley or driveway,AA,Vehicle(s) Only Involved,13196,2,2,57585,1
16782,41065,2015898.0,2005-01-02 19:07:00,2005 January 02,19:07:00,2005,January,Sunday,6:01 pm to 10:00 pm,19.0,1,Evening,Winter,3801.0,1149,CO1,4B5D,21950(a),"21950(a,c)",Driver or bicyclist to yield right-of-way at crosswalks,BB,Vehicle-Pedestrian,28961,4,13,57649,1
16783,8929,150777511.0,2015-09-04 18:18:00,2015 September 04,18:18:00,2015,September,Friday,6:01 pm to 10:00 pm,18.0,0,Evening,Fall,3801.0,1518,MISSION,D3,21703,21703,Following too closely prohibited,CC,Vehicle-Bicycle,13197,2,1,57561,2
16784,34412,170627247.0,2017-08-02 10:19:00,2017 August 02,10:19:00,2017,August,Wednesday,10:01 am to 2:00 pm,10.0,0,Morning,Summer,3801.0,116,CENTRAL,3A40B,22350,22350,Unsafe speed for prevailing conditions,CC,Vehicle-Bicycle,13137,2,1,51131,4
16785,5421,160556703.0,2016-07-10 10:39:00,2016 July 10,10:39:00,2016,July,Sunday,10:01 am to 2:00 pm,10.0,1,Morning,Summer,3801.0,2341,BAYVIEW,3,21453(a),"21453(a,c)",Red signal - driver or bicyclist responsibilities,AA,Vehicle(s) Only Involved,14689,2,1,57659,8
16786,16707,2657360.0,2006-05-31 09:52:00,2006 May 31,09:52:00,2006,May,Wednesday,6:01 am to 10:00 am,9.0,0,Morning,Spring,3801.0,001870,SOUTH,3B62,22517,22517,Opening door on traffic side when unsafe,CC,Vehicle-Bicycle,13198,2,1,57390,1
16787,10366,170540025.0,2017-07-03 11:50:00,2017 July 03,11:50:00,2017,July,Monday,10:01 am to 2:00 pm,11.0,0,Morning,Summer,3801.0,4372,MISSION,3 CAR,22107,22107,Unsafe turn or lane change prohibited,AA,Vehicle(s) Only Involved,13199,2,1,57583,1
16788,8518,2774917.0,2006-07-21 18:34:00,2006 July 21,18:34:00,2006,July,Friday,6:01 pm to 10:00 pm,18.0,0,Evening,Summer,3801.0,1149,CO D,4B7D,Unknown,Unknown,Unknown,AA,Vehicle(s) Only Involved,13200,2,2,56341,2
16789,9263,150860796.0,2015-10-01 15:30:00,2015 October 01,15:30:00,2015,October,Thursday,2:01 pm to 6:00 pm,15.0,0,Afternoon,Fall,3801.0,1275,SOUTHERN,3B5,21703,21703,Following too closely prohibited,AA,Vehicle(s) Only Involved,13201,2,2,57658,1
16790,17320,180919272.0,2018-12-06 00:02:00,2018 December 06,00:02:00,2018,December,Thursday,10:01 pm to 2:00 am,0.0,0,Night,Winter,3801.0,2373,Mission,3D16E,22350,22350,Unsafe speed for prevailing conditions,AA,Vehicle(s) Only Involved,13202,1,3,57659,1
16791,25711,180658533.0,2018-08-31 13:11:00,2018 August 31,13:11:00,2018,August,Friday,10:01 am to 2:00 pm,13.0,0,Afternoon,Summer,3801.0,A22037,Central,A5,21950(a),"21950(a,c)",Driver or bicyclist to yield right-of-way at crosswalks,BB,Vehicle-Pedestrian,12439,2,1,57649,4
16792,6469,2150103.0,2005-07-08 19:49:00,2005 July 08,19:49:00,2005,July,Friday,6:01 pm to 10:00 pm,19.0,0,Evening,Summer,3801.0,125,MISSI,4B5F,21658(a),"21658(a,b)",Lane straddling or failure to use specified lanes,AA,Vehicle(s) Only Involved,13203,1,1,57660,1
16793,11375,2624834.0,2006-01-28 18:30:00,2006 January 28,18:30:00,2006,January,Saturday,6:01 pm to 10:00 pm,18.0,1,Evening,Winter,3801.0,645,,3D11D,21801(a),"21801(a,b)",Violation of right-of-way - left turn,BB,Vehicle-Pedestrian,12820,4,13,57649,3
16794,15428,170849162.0,2017-10-17 11:11:00,2017 October 17,11:11:00,2017,October,Tuesday,10:01 am to 2:00 pm,11.0,0,Morning,Fall,3801.0,2100,SOUTHERN,3B14A,22107,22107,Unsafe turn or lane change prohibited,CC,Vehicle-Bicycle,5412,2,2,57581,1
16795,18742,3123862.0,2007-03-10 21:53:00,2007 March 10,21:53:00,2007,March,Saturday,6:01 pm to 10:00 pm,21.0,1,Night,Spring,3801.0,4182,SOUTH,3B14D,21453(b),21453(b),Red signal - driver or bicyclist responsibilities with right turn,CC,Vehicle-Bicycle,37095,2,3,57614,2
16796,40561,180631012.0,2018-08-22 07:35:00,2018 August 22,07:35:00,2018,August,Wednesday,6:01 am to 10:00 am,7.0,0,Morning,Summer,3801.0,1540,Park,3F4A,21950(a),"21950(a,c)",Driver or bicyclist to yield right-of-way at crosswalks,CC,Vehicle-Bicycle,13205,1,33,57581,1
16797,104,170494325.0,2017-06-17 16:54:00,2017 June 17,16:54:00,2017,June,Saturday,2:01 pm to 6:00 pm,16.0,1,Afternoon,Summer,3801.0,1279,BAYVIEW,2C13D,21658(a),"21658(a,b)",Lane straddling or failure to use specified lanes,AA,Vehicle(s) Only Involved,13206,2,2,57631,1
16798,36082,171054772.0,2017-12-31 11:30:00,2017 December 31,11:30:00,2017,December,Sunday,10:01 am to 2:00 pm,11.0,1,Morning,Winter,3801.0,2055,NORTHERN,3E15A,22350,22350,Unsafe speed for prevailing conditions,AA,Vehicle(s) Only Involved,13207,1,2,57659,1
16799,31943,170911272.0,2017-11-08 08:55:00,2017 November 08,08:55:00,2017,November,Wednesday,6:01 am to 10:00 am,8.0,0,Morning,Fall,3801.0,1342,NORTHERN,3E13A,21804(a),"21804(a,b)",Entering highway from alley or driveway,BB,Vehicle-Pedestrian,13208,1,2,57013,1
16800,43979,180137781.0,2018-02-21 00:50:00,2018 February 21,00:50:00,2018,February,Wednesday,10:01 pm to 2:00 am,0.0,0,Night,Winter,3801.0,2718,Richmond,3G14E,23152(f),23152(a-g),Driving under influence of alcohol and/or drugs,AA,Vehicle(s) Only Involved,13209,2,12,57654,2
16801,35376,2448372.0,2005-11-08 20:20:00,2005 November 08,20:20:00,2005,November,Tuesday,6:01 pm to 10:00 pm,20.0,0,Evening,Fall,3801.0,2159,NORTH,3E14D,22350,22350,Unsafe speed for prevailing conditions,AA,Vehicle(s) Only Involved,13210,2,3,57658,11
16802,5060,2633833.0,2006-02-15 07:58:00,2006 February 15,07:58:00,2006,February,Wednesday,6:01 am to 10:00 am,7.0,0,Morning,Winter,3801.0,000373,H4,3H62,22350,22350,Unsafe speed for prevailing conditions,AA,Vehicle(s) Only Involved,13211,2,2,57658,1
16803,15586,160936183.0,2016-11-17 09:55:00,2016 November 17,09:55:00,2016,November,Thursday,6:01 am to 10:00 am,9.0,0,Morning,Fall,3801.0,1580,SOUTHERN,3B41,22107,22107,Unsafe turn or lane change prohibited,AA,Vehicle(s) Only Involved,1454,2,1,57658,1
16804,37750,1986092.0,2005-02-17 21:16:00,2005 February 17,21:16:00,2005,February,Thursday,6:01 pm to 10:00 pm,21.0,0,Night,Winter,3801.0,001324,,161,21453(a),"21453(a,c)",Red signal - driver or bicyclist responsibilities,AA,Vehicle(s) Only Involved,13212,4,13,57659,1
16805,10807,3123967.0,2007-03-11 21:19:00,2007 March 11,21:19:00,2007,March,Sunday,6:01 pm to 10:00 pm,21.0,1,Night,Spring,3801.0,4175,,2CAR,23152(a),23152(a-g),Driving under influence of alcohol and/or drugs,AA,Vehicle(s) Only Involved,13213,2,12,57496,2
16806,18529,180817927.0,2018-10-28 07:30:00,2018 October 28,07:30:00,2018,October,Sunday,6:01 am to 10:00 am,7.0,1,Morning,Fall,3801.0,728,Not Stated,3B42,21950(a),"21950(a,c)",Driver or bicyclist to yield right-of-way at crosswalks,BB,Vehicle-Pedestrian,13214,3,23,57476,1
16807,6551,180119535.0,2018-02-14 04:49:00,2018 February 14,04:49:00,2018,February,Wednesday,2:01 am to 6:00 am,4.0,0,Night,Winter,3801.0,,Ingleside,3H11E,22107,22107,Unsafe turn or lane change prohibited,AA,Vehicle(s) Only Involved,13215,2,12,57659,8
16808,3845,170930288.0,2017-11-15 08:50:00,2017 November 15,08:50:00,2017,November,Wednesday,6:01 am to 10:00 am,8.0,0,Morning,Fall,3801.0,2337,INGLESIDE,3H11A,21703,21703,Following too closely prohibited,AA,Vehicle(s) Only Involved,27956,4,16,57658,1
16809,23921,2986917.0,2007-01-01 03:37:00,2007 January 01,03:37:00,2007,January,Monday,2:01 am to 6:00 am,3.0,0,Night,Winter,3801.0,4075,SOUTH,3B12E,21453(a),"21453(a,c)",Red signal - driver or bicyclist responsibilities,AA,Vehicle(s) Only Involved,10247,2,3,57603,1
16810,27637,2625394.0,2006-02-27 19:42:00,2006 February 27,19:42:00,2006,February,Monday,6:01 pm to 10:00 pm,19.0,0,Evening,Winter,3801.0,1727,CENTR,3A13D,21950(a),"21950(a,c)",Driver or bicyclist to yield right-of-way at crosswalks,BB,Vehicle-Pedestrian,7796,4,13,57649,1
16811,38926,180848035.0,2018-11-08 08:38:00,2018 November 08,08:38:00,2018,November,Thursday,6:01 am to 10:00 am,8.0,0,Morning,Fall,3801.0,4333,Taraval,3I5A,21950(a),"21950(a,c)",Driver or bicyclist to yield right-of-way at crosswalks,BB,Vehicle-Pedestrian,13216,2,1,57649,2
16812,16057,180188223.0,2018-03-12 12:45:00,2018 March 12,12:45:00,2018,March,Monday,10:01 am to 2:00 pm,12.0,0,Afternoon,Spring,3801.0,1148,Southern,3B13C,21954(a),21954(a),Pedestrians must yield right-of-way outside of crosswalks,BB,Vehicle-Pedestrian,13217,2,2,57622,2
16813,33705,130401592.0,2013-05-16 07:30:00,2013 May 16,07:30:00,2013,May,Thursday,6:01 am to 10:00 am,7.0,0,Morning,Spring,3801.0,1887,TRAFFIC MT,4K1C,21950(a),"21950(a,c)",Driver or bicyclist to yield right-of-way at crosswalks,BB,Vehicle-Pedestrian,13218,4,4,57649,1
16814,38824,4968216.0,2010-11-12 12:40:00,2010 November 12,12:40:00,2010,November,Friday,10:01 am to 2:00 pm,12.0,0,Afternoon,Fall,3801.0,2207,,4K12,22106,22106,Unsafe starting or backing on highway,BB,Vehicle-Pedestrian,13219,2,2,57649,1
16815,9499,160542655.0,2016-07-05 07:58:00,2016 July 05,07:58:00,2016,July,Tuesday,6:01 am to 10:00 am,7.0,0,Morning,Summer,3801.0,205,BAYVIEW,3C,22450(a),22450(a),Failure to stop at STOP sign,CC,Vehicle-Bicycle,13220,2,8,56247,1
16816,831,3126470.0,2007-03-15 22:15:00,2007 March 15,22:15:00,2007,March,Thursday,10:01 pm to 2:00 am,22.0,0,Night,Spring,3801.0,1658,COH,3H13E,22350,22350,Unsafe speed for prevailing conditions,AA,Vehicle(s) Only Involved,6707,2,3,57557,4
16817,20297,180090292.0,2018-02-03 01:57:00,2018 February 03,01:57:00,2018,February,Saturday,10:01 pm to 2:00 am,1.0,1,Night,Winter,3801.0,,Northern,3E15E,21453(a),"21453(a,c)",Red signal - driver or bicyclist responsibilities,AA,Vehicle(s) Only Involved,13221,2,3,57659,2
16818,7167,150200255.0,2015-03-05 16:00:00,2015 March 05,16:00:00,2015,March,Thursday,2:01 pm to 6:00 pm,16.0,0,Afternoon,Spring,3801.0,,INGLESIDE,3H74,Unknown,Unknown,Unknown,CC,Vehicle-Bicycle,13222,2,1,57614,1
16819,5248,170770965.0,2017-09-21 09:52:00,2017 September 21,09:52:00,2017,September,Thursday,6:01 am to 10:00 am,9.0,0,Morning,Fall,3801.0,1870,BAYVIEW,BAYVIEW,21950(a),"21950(a,c)",Driver or bicyclist to yield right-of-way at crosswalks,BB,Vehicle-Pedestrian,20099,2,1,56666,4
16820,15844,180741401.0,2018-09-30 18:50:00,2018 September 30,18:50:00,2018,September,Sunday,6:01 pm to 10:00 pm,18.0,1,Evening,Fall,3801.0,2334,Southern,B4,23152(a),23152(a-g),Driving under influence of alcohol and/or drugs,AA,Vehicle(s) Only Involved,13223,1,12,57658,2
16821,84399,230901412.0,2023-12-26 19:05:00,2023 December 26,19:05:00,2023,December,Tuesday,6:01 pm to 10:00 pm,19.0,0,Evening,Winter,3801.0,1414,Mission,3D16D,21801(a),"21801(a,b)",Violation of right-of-way - left turn,CC,Vehicle-Bicycle,26890,2,3,57581,1
16822,27970,2661396.0,2006-05-03 15:00:00,2006 May 03,15:00:00,2006,May,Wednesday,2:01 pm to 6:00 pm,15.0,0,Afternoon,Spring,3801.0,1727,CENTR,3A13D,21756(a),21756(a-c),"Unsafe passing of standing streetcar, trolley coach, or bus safety zones",BB,Vehicle-Pedestrian,13224,2,1,57649,1
16823,84226,230748424.0,2023-10-18 17:20:00,2023 October 18,17:20:00,2023,October,Wednesday,2:01 pm to 6:00 pm,17.0,0,Evening,Fall,3801.0,2372,Ingleside,3H13D,21950(a),"21950(a,c)",Driver or bicyclist to yield right-of-way at crosswalks,BB,Vehicle-Pedestrian,13225,2,1,57649,1
16824,30408,170709390.0,2017-08-31 05:55:00,2017 August 31,05:55:00,2017,August,Thursday,2:01 am to 6:00 am,5.0,0,Morning,Summer,3801.0,,NORTHERN,,21453(a),"21453(a,c)",Red signal - driver or bicyclist responsibilities,CC,Vehicle-Bicycle,12471,2,3,57621,2
16825,22878,180406031.0,2018-05-31 18:17:00,2018 May 31,18:17:00,2018,May,Thursday,6:01 pm to 10:00 pm,18.0,0,Evening,Spring,3801.0,1666,Park,3-Car,21801(a),"21801(a,b)",Violation of right-of-way - left turn,AA,Vehicle(s) Only Involved,17079,2,1,57603,8
16826,21230,180419896.0,2018-06-06 09:11:00,2018 June 06,09:11:00,2018,June,Wednesday,6:01 am to 10:00 am,9.0,0,Morning,Summer,3801.0,1288,Northern,3E14A,22350,22350,Unsafe speed for prevailing conditions,CC,Vehicle-Bicycle,13227,2,2,57655,1
16827,42158,170727756.0,2017-09-06 13:10:00,2017 September 06,13:10:00,2017,September,Wednesday,10:01 am to 2:00 pm,13.0,0,Afternoon,Fall,3801.0,494,RICHMOND,3G14A,21801(a),"21801(a,b)",Violation of right-of-way - left turn,AA,Vehicle(s) Only Involved,13228,2,2,57659,1
16828,11382,160155082.0,2016-02-22 06:44:00,2016 February 22,06:44:00,2016,February,Monday,6:01 am to 10:00 am,6.0,0,Morning,Winter,3801.0,711,MISSION,3D60,21801(a),"21801(a,b)",Violation of right-of-way - left turn,CC,Vehicle-Bicycle,5987,1,33,57581,1
16829,12309,160020924.0,2016-01-08 14:35:00,2016 January 08,14:35:00,2016,January,Friday,2:01 pm to 6:00 pm,14.0,0,Afternoon,Winter,3801.0,2395,MISSION,1,22350,22350,Unsafe speed for prevailing conditions,FF,Bicycle Only,13229,2,2,57341,1
16830,10277,5794158.0,2012-07-26 18:08:00,2012 July 26,18:08:00,2012,July,Thursday,6:01 pm to 10:00 pm,18.0,0,Evening,Summer,3801.0,1821,MISSI,4B3D,Unknown,Unknown,Unknown,FF,Bicycle Only,13230,2,9,56707,2
16831,4975,180047726.0,2018-01-18 18:19:00,2018 January 18,18:19:00,2018,January,Thursday,6:01 pm to 10:00 pm,18.0,0,Evening,Winter,3801.0,2743,Ingleside,3H11D,21950(a),"21950(a,c)",Driver or bicyclist to yield right-of-way at crosswalks,BB,Vehicle-Pedestrian,13231,4,13,57649,1
16832,23037,180700576.0,2018-09-15 19:34:00,2018 September 15,19:34:00,2018,September,Saturday,6:01 pm to 10:00 pm,19.0,1,Evening,Fall,3801.0,4326,Southern,1,21950(a),"21950(a,c)",Driver or bicyclist to yield right-of-way at crosswalks,BB,Vehicle-Pedestrian,15792,2,3,57649,8
16833,16914,180192161.0,2018-03-13 17:39:00,2018 March 13,17:39:00,2018,March,Tuesday,2:01 pm to 6:00 pm,17.0,0,Evening,Spring,3801.0,817,Southern,3B12D,21703,21703,Following too closely prohibited,AA,Vehicle(s) Only Involved,20254,1,1,57658,1
16834,14292,2917588.0,2006-12-12 17:06:00,2006 December 12,17:06:00,2006,December,Tuesday,2:01 pm to 6:00 pm,17.0,0,Evening,Winter,3801.0,674,SOUTH,3B61,Unknown,Unknown,Unknown,CC,Vehicle-Bicycle,13232,2,2,57468,1
16835,10033,170663940.0,2017-08-15 09:27:00,2017 August 15,09:27:00,2017,August,Tuesday,6:01 am to 10:00 am,9.0,0,Morning,Summer,3801.0,204,MISSION,3D13A,22350,22350,Unsafe speed for prevailing conditions,AA,Vehicle(s) Only Involved,34399,2,1,57237,8
16836,20092,2658648.0,2006-05-07 23:10:00,2006 May 07,23:10:00,2006,May,Sunday,10:01 pm to 2:00 am,23.0,1,Night,Spring,3801.0,123,B,3B14E,21955,21955,Crossing between controlled intersections (Jaywalking),BB,Vehicle-Pedestrian,13233,2,3,57280,1
16837,33414,2633805.0,2006-02-15 21:22:00,2006 February 15,21:22:00,2006,February,Wednesday,6:01 pm to 10:00 pm,21.0,0,Night,Winter,3801.0,171,CENTR,4CAR,21453(a),"21453(a,c)",Red signal - driver or bicyclist responsibilities,AA,Vehicle(s) Only Involved,12273,2,3,57659,2
16838,16111,170686033.0,2017-08-22 21:18:00,2017 August 22,21:18:00,2017,August,Tuesday,6:01 pm to 10:00 pm,21.0,0,Night,Summer,3801.0,,SOUTHERN,2 CAR,21950(a),"21950(a,c)",Driver or bicyclist to yield right-of-way at crosswalks,BB,Vehicle-Pedestrian,10641,1,3,57522,1
16839,15524,170864530.0,2017-10-22 20:16:00,2017 October 22,20:16:00,2017,October,Sunday,6:01 pm to 10:00 pm,20.0,1,Evening,Fall,3801.0,,B4,SOUTHERN,21658(a),"21658(a,b)",Lane straddling or failure to use specified lanes,AA,Vehicle(s) Only Involved,38348,2,3,57659,13
16840,83214,230484991.0,2023-07-12 22:32:00,2023 July 12,22:32:00,2023,July,Wednesday,10:01 pm to 2:00 am,22.0,0,Night,Summer,3801.0,1051,Northern,E3,22350,22350,Unsafe speed for prevailing conditions,AA,Vehicle(s) Only Involved,13234,2,3,57557,1
16841,25193,180717327.0,2018-09-21 17:07:00,2018 September 21,17:07:00,2018,September,Friday,2:01 pm to 6:00 pm,17.0,0,Evening,Fall,3801.0,1605,Southern,9X61,21703,21703,Following too closely prohibited,AA,Vehicle(s) Only Involved,13235,2,1,57658,1
16842,21158,2658679.0,2006-05-09 14:58:00,2006 May 09,14:58:00,2006,May,Tuesday,2:01 pm to 6:00 pm,14.0,0,Afternoon,Spring,3801.0,002089,,4B6B,21453(a),"21453(a,c)",Red signal - driver or bicyclist responsibilities,AA,Vehicle(s) Only Involved,28421,2,1,57659,2
16843,44591,2628872.0,2006-03-18 13:03:00,2006 March 18,13:03:00,2006,March,Saturday,10:01 am to 2:00 pm,13.0,1,Afternoon,Spring,3801.0,1480,G,4BZE,21950(a),"21950(a,c)",Driver or bicyclist to yield right-of-way at crosswalks,BB,Vehicle-Pedestrian,13236,2,1,57649,3
16844,30421,170924899.0,2017-11-13 09:30:00,2017 November 13,09:30:00,2017,November,Monday,6:01 am to 10:00 am,9.0,0,Morning,Fall,3801.0,,NORTHERN,3E14A,21960(a),21960(a),Local authority to restrict the use of freeways,BB,Vehicle-Pedestrian,13237,2,1,57649,1
16845,8061,170948015.0,2017-11-21 18:06:00,2017 November 21,18:06:00,2017,November,Tuesday,6:01 pm to 10:00 pm,18.0,0,Evening,Fall,3801.0,1996,MISSION,3D13D,22350,22350,Unsafe speed for prevailing conditions,AA,Vehicle(s) Only Involved,13238,2,42,56835,2
16846,18484,5094950.0,2011-03-15 20:30:00,2011 March 15,20:30:00,2011,March,Tuesday,6:01 pm to 10:00 pm,20.0,0,Evening,Spring,3801.0,000891,,2B14D,22106,22106,Unsafe starting or backing on highway,CC,Vehicle-Bicycle,13239,4,13,57614,1
16847,850,180791230.0,2018-10-18 13:35:00,2018 October 18,13:35:00,2018,October,Thursday,10:01 am to 2:00 pm,13.0,0,Afternoon,Fall,3801.0,1217,Ingleside,3H16C,22350,22350,Unsafe speed for prevailing conditions,CC,Vehicle-Bicycle,13240,2,2,57655,2
16848,16167,3749177.0,2008-05-14 22:25:00,2008 May 14,22:25:00,2008,May,Wednesday,10:01 pm to 2:00 am,22.0,0,Night,Spring,3801.0,244,SOUTH,3B12E,21954(a),21954(a),Pedestrians must yield right-of-way outside of crosswalks,BB,Vehicle-Pedestrian,13241,2,12,57622,1
16849,83526,230548901.0,2023-08-04 16:41:00,2023 August 04,16:41:00,2023,August,Friday,2:01 pm to 6:00 pm,16.0,0,Afternoon,Summer,3801.0,2017,Mission,3D11D,21950(a),"21950(a,c)",Driver or bicyclist to yield right-of-way at crosswalks,BB,Vehicle-Pedestrian,13242,2,1,57649,4
16850,6697,180058303.0,2018-01-22 17:52:00,2018 January 22,17:52:00,2018,January,Monday,2:01 pm to 6:00 pm,17.0,0,Evening,Winter,3801.0,,Mission,3D15C,21650,21650,Failure to keep to right side of road,CC,Vehicle-Bicycle,13243,2,12,57621,1
16851,84273,230850370.0,2023-12-03 14:29:00,2023 December 03,14:29:00,2023,December,Sunday,2:01 pm to 6:00 pm,14.0,1,Afternoon,Winter,3801.0,4006,Taraval,3I15B,22107,22107,Unsafe turn or lane change prohibited,AA,Vehicle(s) Only Involved,13244,1,1,57658,1
16852,27137,170712951.0,2017-09-01 11:00:00,2017 September 01,11:00:00,2017,September,Friday,10:01 am to 2:00 pm,11.0,0,Morning,Fall,3801.0,1288,CO A,3A12A,21950(a),"21950(a,c)",Driver or bicyclist to yield right-of-way at crosswalks,BB,Vehicle-Pedestrian,13245,2,1,57525,1
16853,16650,180898632.0,2018-11-28 23:50:00,2018 November 28,23:50:00,2018,November,Wednesday,10:01 pm to 2:00 am,23.0,0,Night,Fall,3801.0,2378,Southern,3B13B,21800(a),21800(a-c),Violation of right-of-way or uncontrolled intersection,CC,Vehicle-Bicycle,13246,1,16,57655,2
16854,27786,180583457.0,2018-08-05 10:15:00,2018 August 05,10:15:00,2018,August,Sunday,10:01 am to 2:00 pm,10.0,1,Morning,Summer,3801.0,2126,Central,3A70A,22100(b),"22100(a,b)",Turn at intersection from wrong position,AA,Vehicle(s) Only Involved,13247,2,2,57659,1
16855,13282,160057325.0,2016-01-20 16:30:00,2016 January 20,16:30:00,2016,January,Wednesday,2:01 pm to 6:00 pm,16.0,0,Afternoon,Winter,3801.0,2039,SOUTHERN,3,Unknown,Unknown,Unknown,BB,Vehicle-Pedestrian,35522,6,12,57525,1
16856,83934,230732580.0,2023-10-12 08:34:00,2023 October 12,08:34:00,2023,October,Thursday,6:01 am to 10:00 am,8.0,0,Morning,Fall,3801.0,#1118,Southern,3B14A,21950(a),"21950(a,c)",Driver or bicyclist to yield right-of-way at crosswalks,BB,Vehicle-Pedestrian,13248,2,2,57649,2
16857,39482,4975654.0,2010-12-16 16:30:00,2010 December 16,16:30:00,2010,December,Thursday,2:01 pm to 6:00 pm,16.0,0,Afternoon,Winter,3801.0,1549,TARAV,4B51,21954(a),21954(a),Pedestrians must yield right-of-way outside of crosswalks,BB,Vehicle-Pedestrian,13249,1,9,57622,2
16858,4122,180927344.0,2018-12-09 05:16:00,2018 December 09,05:16:00,2018,December,Sunday,2:01 am to 6:00 am,5.0,1,Morning,Winter,3801.0,222,Bayview,3C13E,21453(a),"21453(a,c)",Red signal - driver or bicyclist responsibilities,AA,Vehicle(s) Only Involved,13250,2,3,57659,12
16859,28514,180923079.0,2018-12-07 11:21:00,2018 December 07,11:21:00,2018,December,Friday,10:01 am to 2:00 pm,11.0,0,Morning,Winter,3801.0,328,Central,3A44C,22350,22350,Unsafe speed for prevailing conditions,BB,Vehicle-Pedestrian,13251,2,1,57649,1
16860,83903,230725808.0,2023-10-09 17:13:00,2023 October 09,17:13:00,2023,October,Monday,2:01 pm to 6:00 pm,17.0,0,Evening,Fall,3801.0,1057,Southern,3B14D,22107,22107,Unsafe turn or lane change prohibited,AA,Vehicle(s) Only Involved,37797,2,1,57128,2
16861,32398,180764629.0,2018-10-09 08:52:00,2018 October 09,08:52:00,2018,October,Tuesday,6:01 am to 10:00 am,8.0,0,Morning,Fall,3801.0,4067,Northern,,21801(a),"21801(a,b)",Violation of right-of-way - left turn,AA,Vehicle(s) Only Involved,13253,2,1,57636,1
16862,83000,230077825.0,2023-02-01 21:44:00,2023 February 01,21:44:00,2023,February,Wednesday,6:01 pm to 10:00 pm,21.0,0,Night,Winter,3801.0,2150,Richmond,3G13E,22350,22350,Unsafe speed for prevailing conditions,AA,Vehicle(s) Only Involved,13254,2,3,57658,2
16863,39379,180070040.0,2018-01-26 18:31:00,2018 January 26,18:31:00,2018,January,Friday,6:01 pm to 10:00 pm,18.0,0,Evening,Winter,3801.0,4200,Taraval,3I1D,22107,22107,Unsafe turn or lane change prohibited,AA,Vehicle(s) Only Involved,13255,2,12,57654,1
16864,15066,2635777.0,2006-03-02 09:05:00,2006 March 02,09:05:00,2006,March,Thursday,6:01 am to 10:00 am,9.0,0,Morning,Spring,3801.0,001870,SOUTH,3B62,21658(a),"21658(a,b)",Lane straddling or failure to use specified lanes,AA,Vehicle(s) Only Involved,6910,2,1,57660,1
16865,14181,2917553.0,2006-12-02 21:54:00,2006 December 02,21:54:00,2006,December,Saturday,6:01 pm to 10:00 pm,21.0,1,Night,Winter,3801.0,A09289,,3B13E,21955,21955,Crossing between controlled intersections (Jaywalking),BB,Vehicle-Pedestrian,6532,2,3,56779,4
16866,28095,180721873.0,2018-09-23 12:42:00,2018 September 23,12:42:00,2018,September,Sunday,10:01 am to 2:00 pm,12.0,1,Afternoon,Fall,3801.0,335,Central,3A15C,21460(a),"21460(a,b)",Improper turns over double lines or solid lines to right prohibited,AA,Vehicle(s) Only Involved,13256,2,1,57660,3