collision_id,unique_id,case_id_pkey,collision_datetime,collision_date,collision_time,accident_year,month,day_of_week,time_cat,hour_of_day,is_weekend,time_of_day,season,juris,officer_id,reporting_district,beat_number,vz_pcf_code,vz_pcf_group,vz_pcf_description,dph_col_grp,dph_col_grp_description,location_id,weather_id,road_id,party_id,severity_id
17055,23367,2636669.0,2006-03-30 16:33:00,2006 March 30,16:33:00,2006,March,Thursday,2:01 pm to 6:00 pm,16.0,0,Afternoon,Spring,3801.0,1402,3B,2B1D,22107,22107,Unsafe turn or lane change prohibited,AA,Vehicle(s) Only Involved,6979,1,1,57659,1
17056,16068,150277759.0,2015-03-29 17:55:00,2015 March 29,17:55:00,2015,March,Sunday,2:01 pm to 6:00 pm,17.0,1,Evening,Spring,3801.0,2126,SOUTHERN,901,23152(a),23152(a-g),Driving under influence of alcohol and/or drugs,AA,Vehicle(s) Only Involved,13393,2,1,57658,1
17057,22285,2657253.0,2006-05-30 18:22:00,2006 May 30,18:22:00,2006,May,Tuesday,6:01 pm to 10:00 pm,18.0,0,Evening,Spring,3801.0,821,COH,4B8F,21950(a),"21950(a,c)",Driver or bicyclist to yield right-of-way at crosswalks,BB,Vehicle-Pedestrian,13394,2,1,57649,2
17058,5517,180183085.0,2018-03-10 02:01:00,2018 March 10,02:01:00,2018,March,Saturday,2:01 am to 6:00 am,2.0,1,Night,Spring,3801.0,,Bayview,3C2E,22350,22350,Unsafe speed for prevailing conditions,CC,Vehicle-Bicycle,13395,2,3,57639,2
17059,40188,3065880.0,2007-03-02 16:47:00,2007 March 02,16:47:00,2007,March,Friday,2:01 pm to 6:00 pm,16.0,0,Afternoon,Spring,3801.0,1484,TARAV,3I61,21801(b),"21801(a,b)",Violation of right-of-way - left turn,AA,Vehicle(s) Only Involved,11902,2,2,57659,1
17060,16214,160662275.0,2016-08-16 09:30:00,2016 August 16,09:30:00,2016,August,Tuesday,6:01 am to 10:00 am,9.0,0,Morning,Summer,3801.0,2265,SOUTHERN,3B16D,21950(a),"21950(a,c)",Driver or bicyclist to yield right-of-way at crosswalks,BB,Vehicle-Pedestrian,5804,2,1,57649,4
17061,34359,1997777.0,2005-03-31 18:05:00,2005 March 31,18:05:00,2005,March,Thursday,6:01 pm to 10:00 pm,18.0,0,Evening,Spring,3801.0,1149,,4B5D,21456(b),"21456(a,b)",Pedestrian violation of walk or wait signals,BB,Vehicle-Pedestrian,13396,2,1,57123,1
17062,34837,150334616.0,2015-04-17 08:11:00,2015 April 17,08:11:00,2015,April,Friday,6:01 am to 10:00 am,8.0,0,Morning,Spring,3801.0,121,3E,E5,21952,21952,Failure to yield right-of-way on sidewalk to pedestrian,BB,Vehicle-Pedestrian,21672,2,14,57525,2
17063,31691,150532133.0,2015-06-18 14:30:00,2015 June 18,14:30:00,2015,June,Thursday,2:01 pm to 6:00 pm,14.0,0,Afternoon,Summer,3801.0,4274,RICHMOND,3G12C,21950(a),"21950(a,c)",Driver or bicyclist to yield right-of-way at crosswalks,BB,Vehicle-Pedestrian,882,2,2,57476,2
17064,32987,140657371.0,2014-08-07 14:32:00,2014 August 07,14:32:00,2014,August,Thursday,2:01 pm to 6:00 pm,14.0,0,Afternoon,Summer,3801.0,321,RICHMOND,3G11C,22106,22106,Unsafe starting or backing on highway,AA,Vehicle(s) Only Involved,13398,2,2,57658,1
17065,2581,150669645.0,2015-08-01 19:52:00,2015 August 01,19:52:00,2015,August,Saturday,6:01 pm to 10:00 pm,19.0,1,Evening,Summer,3801.0,4259,BAYVIEW,3C13D,22450(a),22450(a),Failure to stop at STOP sign,AA,Vehicle(s) Only Involved,13399,2,2,57659,1
17066,8565,140325794.0,2014-04-19 15:59:00,2014 April 19,15:59:00,2014,April,Saturday,2:01 pm to 6:00 pm,15.0,1,Afternoon,Spring,3801.0,386,MISSION,3D14D,22350,22350,Unsafe speed for prevailing conditions,CC,Vehicle-Bicycle,13400,1,2,57561,2
17067,37979,2658423.0,2006-05-19 20:18:00,2006 May 19,20:18:00,2006,May,Friday,6:01 pm to 10:00 pm,20.0,0,Evening,Spring,3801.0,1881,,,21453(a),"21453(a,c)",Red signal - driver or bicyclist responsibilities,AA,Vehicle(s) Only Involved,11570,4,16,57659,1
17068,42465,180689823.0,2018-09-12 01:21:00,2018 September 12,01:21:00,2018,September,Wednesday,10:01 pm to 2:00 am,1.0,0,Night,Fall,3801.0,2718,Richmond,3G2E,22350,22350,Unsafe speed for prevailing conditions,AA,Vehicle(s) Only Involved,13401,2,3,57607,16
17069,32551,160049112.0,2016-01-18 11:46:00,2016 January 18,11:46:00,2016,January,Monday,10:01 am to 2:00 pm,11.0,0,Morning,Winter,3801.0,1931,NORTHERN,3E00,21950(a),"21950(a,c)",Driver or bicyclist to yield right-of-way at crosswalks,BB,Vehicle-Pedestrian,13402,4,13,57522,1
17070,42462,180110511.0,2018-02-10 14:27:00,2018 February 10,14:27:00,2018,February,Saturday,2:01 pm to 6:00 pm,14.0,1,Afternoon,Winter,3801.0,2365,Richmond,3G14A,21801(a),"21801(a,b)",Violation of right-of-way - left turn,CC,Vehicle-Bicycle,13403,2,2,57581,1
17071,34294,140291662.0,2014-04-08 10:10:00,2014 April 08,10:10:00,2014,April,Tuesday,10:01 am to 2:00 pm,10.0,0,Morning,Spring,3801.0,2179,CENTRAL,3A60,21658(a),"21658(a,b)",Lane straddling or failure to use specified lanes,AA,Vehicle(s) Only Involved,13404,2,2,57659,3
17072,22821,180195284.0,2018-03-14 19:50:00,2018 March 14,19:50:00,2018,March,Wednesday,6:01 pm to 10:00 pm,19.0,0,Evening,Spring,3801.0,2737,Park,3F13D,21950(a),"21950(a,c)",Driver or bicyclist to yield right-of-way at crosswalks,BB,Vehicle-Pedestrian,13405,2,1,57454,1
17073,18647,180100255.0,2018-02-06 20:00:00,2018 February 06,20:00:00,2018,February,Tuesday,6:01 pm to 10:00 pm,20.0,0,Evening,Winter,3801.0,181,Southern,3B35,22107,22107,Unsafe turn or lane change prohibited,CC,Vehicle-Bicycle,5713,2,12,57614,1
17074,31553,2637955.0,2006-04-16 13:47:00,2006 April 16,13:47:00,2006,April,Sunday,10:01 am to 2:00 pm,13.0,1,Afternoon,Spring,3801.0,1389,G,3G1A,22350,22350,Unsafe speed for prevailing conditions,FF,Bicycle Only,13406,2,1,57556,2
17075,951,180572375.0,2018-08-01 08:50:00,2018 August 01,08:50:00,2018,August,Wednesday,6:01 am to 10:00 am,8.0,0,Morning,Summer,3801.0,4223,Ingleside,3H4A,21650,21650,Failure to keep to right side of road,AA,Vehicle(s) Only Involved,13407,6,149,57603,1
17076,26902,180273755.0,2018-04-13 15:32:00,2018 April 13,15:32:00,2018,April,Friday,2:01 pm to 6:00 pm,15.0,0,Afternoon,Spring,3801.0,RAYMOND,Central,3A13C,Unknown,Unknown,Unknown,AA,Vehicle(s) Only Involved,18515,2,1,57137,2
17077,44420,2637926.0,2006-04-19 10:28:00,2006 April 19,10:28:00,2006,April,Wednesday,10:01 am to 2:00 pm,10.0,0,Morning,Spring,3801.0,1573,G,4B1G,21802(a),"21802(a,b)",Violation of right-of-way - entering through highway,AA,Vehicle(s) Only Involved,13409,2,1,57659,2
17078,4784,160049598.0,2016-01-18 13:15:00,2016 January 18,13:15:00,2016,January,Monday,10:01 am to 2:00 pm,13.0,0,Afternoon,Winter,3801.0,995,INGLESIDE,3H16C,22109,22109,Sudden stopping without signaling,AA,Vehicle(s) Only Involved,13410,1,2,57658,1
17079,8015,180298800.0,2018-04-22 18:05:00,2018 April 22,18:05:00,2018,April,Sunday,6:01 pm to 10:00 pm,18.0,1,Evening,Spring,3801.0,A22407,Mission,2,22107,22107,Unsafe turn or lane change prohibited,AA,Vehicle(s) Only Involved,13411,2,40,57585,8
17080,23634,2774950.0,2006-08-02 17:40:00,2006 August 02,17:40:00,2006,August,Wednesday,2:01 pm to 6:00 pm,17.0,0,Evening,Summer,3801.0,1402,3B,3B1D,Unknown,Unknown,Unknown,AA,Vehicle(s) Only Involved,13412,2,2,57406,2
17081,41434,180819365.0,2018-10-28 19:38:00,2018 October 28,19:38:00,2018,October,Sunday,6:01 pm to 10:00 pm,19.0,1,Evening,Fall,3801.0,1190,Taraval,3I15D,Unknown,Unknown,Unknown,AA,Vehicle(s) Only Involved,13413,2,3,57653,17
17082,84045,230773631.0,2023-10-29 11:50:00,2023 October 29,11:50:00,2023,October,Sunday,10:01 am to 2:00 pm,11.0,1,Morning,Fall,3801.0,4267,Taraval,3I15A,21802(a),"21802(a,b)",Violation of right-of-way - entering through highway,AA,Vehicle(s) Only Involved,13414,2,1,57659,14
17083,38256,170635911.0,2017-08-05 11:44:00,2017 August 05,11:44:00,2017,August,Saturday,10:01 am to 2:00 pm,11.0,1,Morning,Summer,3801.0,2345,TARAVAL,3I15A,22101(d),22101(d),Violation of a turn prohibition sign,AA,Vehicle(s) Only Involved,20086,1,1,57603,8
17084,84115,230798980.0,2023-11-09 14:06:00,2023 November 09,14:06:00,2023,November,Thursday,2:01 pm to 6:00 pm,14.0,0,Afternoon,Fall,3801.0,1669,Tenderloin,3J92C,21950(a),"21950(a,c)",Driver or bicyclist to yield right-of-way at crosswalks,BB,Vehicle-Pedestrian,38848,2,1,57649,1
17085,7017,160269326.0,2016-04-01 16:45:00,2016 April 01,16:45:00,2016,April,Friday,2:01 pm to 6:00 pm,16.0,0,Afternoon,Spring,3801.0,2419,INGLESIDE,3H1,21800(a),21800(a-c),Violation of right-of-way or uncontrolled intersection,AA,Vehicle(s) Only Involved,13415,2,1,57659,1
17086,8830,151092043.0,2015-12-18 17:20:00,2015 December 18,17:20:00,2015,December,Friday,2:01 pm to 6:00 pm,17.0,0,Evening,Winter,3801.0,2229,BAYVIEW,3C11D,22350,22350,Unsafe speed for prevailing conditions,AA,Vehicle(s) Only Involved,13416,4,13,57603,1
17087,22980,180013363.0,2018-01-05 19:30:00,2018 January 05,19:30:00,2018,January,Friday,6:01 pm to 10:00 pm,19.0,0,Evening,Winter,3801.0,344,Southern,1,21950(a),"21950(a,c)",Driver or bicyclist to yield right-of-way at crosswalks,BB,Vehicle-Pedestrian,13417,4,13,57649,1
17088,35915,170916357.0,2017-11-09 22:54:00,2017 November 09,22:54:00,2017,November,Thursday,10:01 pm to 2:00 am,22.0,0,Night,Fall,3801.0,,CENTRAL,3A13E,22350,22350,Unsafe speed for prevailing conditions,AA,Vehicle(s) Only Involved,17219,1,3,57607,1
17089,1486,170761221.0,2017-09-17 20:30:00,2017 September 17,20:30:00,2017,September,Sunday,6:01 pm to 10:00 pm,20.0,1,Evening,Fall,3801.0,,INGLESIDE,3H11D,22350,22350,Unsafe speed for prevailing conditions,AA,Vehicle(s) Only Involved,13419,2,3,57658,8
17090,82103,230006012.0,2023-01-03 12:00:00,2023 January 03,12:00:00,2023,January,Tuesday,10:01 am to 2:00 pm,12.0,0,Afternoon,Winter,3801.0,2379,Central,3A11C,21756(a),21756(a-c),"Unsafe passing of standing streetcar, trolley coach, or bus safety zones",BB,Vehicle-Pedestrian,13420,1,2,57649,2
17091,14334,180593105.0,2018-08-08 13:57:00,2018 August 08,13:57:00,2018,August,Wednesday,10:01 am to 2:00 pm,13.0,0,Afternoon,Summer,3801.0,1469,Southern,3B14A,21453(a),"21453(a,c)",Red signal - driver or bicyclist responsibilities,CC,Vehicle-Bicycle,39460,2,1,57621,1
17092,32159,130618452.0,2013-07-27 12:20:00,2013 July 27,12:20:00,2013,July,Saturday,10:01 am to 2:00 pm,12.0,1,Afternoon,Summer,3801.0,1819,NORTHERN,3E68,22517,22517,Opening door on traffic side when unsafe,CC,Vehicle-Bicycle,13422,2,2,57390,2
17093,15009,2632152.0,2006-04-13 17:40:00,2006 April 13,17:40:00,2006,April,Thursday,2:01 pm to 6:00 pm,17.0,0,Evening,Spring,3801.0,309,,00B,21453(a),"21453(a,c)",Red signal - driver or bicyclist responsibilities,CC,Vehicle-Bicycle,7242,2,1,57390,2
17094,22280,180450373.0,2018-06-07 23:16:00,2018 June 07,23:16:00,2018,June,Thursday,10:01 pm to 2:00 am,23.0,0,Night,Summer,3801.0,2172,Northern,E2,22350,22350,Unsafe speed for prevailing conditions,BB,Vehicle-Pedestrian,13423,2,3,57649,4
17095,30576,2628863.0,2006-03-07 11:55:00,2006 March 07,11:55:00,2006,March,Tuesday,10:01 am to 2:00 pm,11.0,0,Morning,Spring,3801.0,000043,NORTH,3E61,21950(a),"21950(a,c)",Driver or bicyclist to yield right-of-way at crosswalks,BB,Vehicle-Pedestrian,27513,2,16,57649,4
17096,41708,3216725.0,2007-05-16 08:13:00,2007 May 16,08:13:00,2007,May,Wednesday,6:01 am to 10:00 am,8.0,0,Morning,Spring,3801.0,1484,TARAV,3I6I,22350,22350,Unsafe speed for prevailing conditions,AA,Vehicle(s) Only Involved,13424,2,1,57659,1
17097,14035,180215939.0,2018-03-22 18:18:00,2018 March 22,18:18:00,2018,March,Thursday,6:01 pm to 10:00 pm,18.0,0,Evening,Spring,3801.0,417,Southern,3B14D,21453(a),"21453(a,c)",Red signal - driver or bicyclist responsibilities,CC,Vehicle-Bicycle,13425,16,1,57621,4
17098,772,180149899.0,2018-02-25 15:42:00,2018 February 25,15:42:00,2018,February,Sunday,2:01 pm to 6:00 pm,15.0,1,Afternoon,Winter,3801.0,,Bayview,3C13C,21703,21703,Following too closely prohibited,AA,Vehicle(s) Only Involved,13426,2,2,57658,8
17099,27683,140879707.0,2014-10-17 17:30:00,2014 October 17,17:30:00,2014,October,Friday,2:01 pm to 6:00 pm,17.0,0,Evening,Fall,3801.0,133,CENTRAL,3A12D,22100(b),"22100(a,b)",Turn at intersection from wrong position,AA,Vehicle(s) Only Involved,13617,2,1,57660,1
17100,7034,170874664.0,2017-10-26 07:48:00,2017 October 26,07:48:00,2017,October,Thursday,6:01 am to 10:00 am,7.0,0,Morning,Fall,3801.0,142,INGLESIDE,,21950(a),"21950(a,c)",Driver or bicyclist to yield right-of-way at crosswalks,BB,Vehicle-Pedestrian,2277,2,1,57525,2
17101,33669,180464619.0,2018-06-22 23:16:00,2018 June 22,23:16:00,2018,June,Friday,10:01 pm to 2:00 am,23.0,0,Night,Summer,3801.0,2739,Central,3A14E,7.2.10TC,7.2.10TC,"Local ordinance, pedestrian crossing at an inappropriate location",BB,Vehicle-Pedestrian,13427,2,193,57622,2
17102,33516,170268562.0,2017-04-02 02:28:00,2017 April 02,02:28:00,2017,April,Sunday,2:01 am to 6:00 am,2.0,1,Night,Spring,3801.0,A21877,CENTRAL,4,21658(a),"21658(a,b)",Lane straddling or failure to use specified lanes,BB,Vehicle-Pedestrian,13428,2,3,57622,4
17103,40050,2730363.0,2006-07-17 07:25:00,2006 July 17,07:25:00,2006,July,Monday,6:01 am to 10:00 am,7.0,0,Morning,Summer,3801.0,625,F,4B4G,21650,21650,Failure to keep to right side of road,AA,Vehicle(s) Only Involved,13429,2,1,57603,2
17104,31325,180903946.0,2018-11-30 09:52:00,2018 November 30,09:52:00,2018,November,Friday,6:01 am to 10:00 am,9.0,0,Morning,Fall,3801.0,4258,Northern,4 CAR,21801(a),"21801(a,b)",Violation of right-of-way - left turn,CC,Vehicle-Bicycle,13430,2,1,57581,1
17105,15957,2629250.0,2006-02-27 18:57:00,2006 February 27,18:57:00,2006,February,Monday,6:01 pm to 10:00 pm,18.0,0,Evening,Winter,3801.0,2089,SOUTH,4B6B,21950(a),"21950(a,c)",Driver or bicyclist to yield right-of-way at crosswalks,BB,Vehicle-Pedestrian,13431,4,13,57649,2
17106,25112,4847797.0,2010-08-13 11:44:00,2010 August 13,11:44:00,2010,August,Friday,10:01 am to 2:00 pm,11.0,0,Morning,Summer,3801.0,1887,TENDE,4B1D,21453(a),"21453(a,c)",Red signal - driver or bicyclist responsibilities,AA,Vehicle(s) Only Involved,3202,2,1,57659,3
17107,37909,2658765.0,2006-05-19 07:45:00,2006 May 19,07:45:00,2006,May,Friday,6:01 am to 10:00 am,7.0,0,Morning,Spring,3801.0,2016,COI,5CAR,21801(a),"21801(a,b)",Violation of right-of-way - left turn,AA,Vehicle(s) Only Involved,4057,1,1,57659,1
17108,8798,170667475.0,2017-08-16 14:24:00,2017 August 16,14:24:00,2017,August,Wednesday,2:01 pm to 6:00 pm,14.0,0,Afternoon,Summer,3801.0,1344,MISSION,3D0C,22350,22350,Unsafe speed for prevailing conditions,CC,Vehicle-Bicycle,20375,2,2,57614,2
17109,10667,170843023.0,2017-10-15 11:40:00,2017 October 15,11:40:00,2017,October,Sunday,10:01 am to 2:00 pm,11.0,1,Morning,Fall,3801.0,2728,MISSION,908,22103,22103,Illegal U-turn in residential district,AA,Vehicle(s) Only Involved,2123,2,2,57553,1
17110,20482,170524518.0,2017-06-27 16:38:00,2017 June 27,16:38:00,2017,June,Tuesday,2:01 pm to 6:00 pm,16.0,0,Afternoon,Summer,3801.0,358,CO E,3E15D,22100(b),"22100(a,b)",Turn at intersection from wrong position,AA,Vehicle(s) Only Involved,3072,2,1,55742,1
17111,33120,130428308.0,2013-05-24 17:55:00,2013 May 24,17:55:00,2013,May,Friday,2:01 pm to 6:00 pm,17.0,0,Evening,Spring,3801.0,2450,SOUTHERN,,22100(a),"22100(a,b)",Turn at intersection from wrong position,AA,Vehicle(s) Only Involved,34062,8,1,57659,1
17112,43768,4919386.0,2010-10-13 07:15:00,2010 October 13,07:15:00,2010,October,Wednesday,6:01 am to 10:00 am,7.0,0,Morning,Fall,3801.0,1054,RICHM,4,22450(a),22450(a),Failure to stop at STOP sign,CC,Vehicle-Bicycle,13432,2,1,57621,2
17113,8851,180516787.0,2018-07-12 12:30:00,2018 July 12,12:30:00,2018,July,Thursday,10:01 am to 2:00 pm,12.0,0,Afternoon,Summer,3801.0,2728,Mission,3D16A,21801(a),"21801(a,b)",Violation of right-of-way - left turn,AA,Vehicle(s) Only Involved,13433,2,1,57659,1
17114,10045,180139179.0,2018-02-21 14:00:00,2018 February 21,14:00:00,2018,February,Wednesday,10:01 am to 2:00 pm,14.0,0,Afternoon,Winter,3801.0,185,Mission,3D16C,21804(a),"21804(a,b)",Entering highway from alley or driveway,AA,Vehicle(s) Only Involved,13434,2,2,57660,8
17115,45449,160817066.0,2016-10-07 17:55:00,2016 October 07,17:55:00,2016,October,Friday,2:01 pm to 6:00 pm,17.0,0,Evening,Fall,3801.0,4291,TENDERLOIN,3J42D,22517,22517,Opening door on traffic side when unsafe,CC,Vehicle-Bicycle,40965,2,2,57088,2
17116,2091,170722530.0,2017-09-04 18:13:00,2017 September 04,18:13:00,2017,September,Monday,6:01 pm to 10:00 pm,18.0,0,Evening,Fall,3801.0,621,INGLESIDE,3H13D,22107,22107,Unsafe turn or lane change prohibited,AA,Vehicle(s) Only Involved,9942,2,1,57660,1
17117,12160,170941150.0,2017-11-19 10:00:00,2017 November 19,10:00:00,2017,November,Sunday,6:01 am to 10:00 am,10.0,1,Morning,Fall,3801.0,2168,MISSION,3D16A,21801(a),"21801(a,b)",Violation of right-of-way - left turn,AA,Vehicle(s) Only Involved,9720,2,1,57659,2
17118,33127,170810787.0,2017-10-04 18:55:00,2017 October 04,18:55:00,2017,October,Wednesday,6:01 pm to 10:00 pm,18.0,0,Evening,Fall,3801.0,1765,A,4D,21801(a),"21801(a,b)",Violation of right-of-way - left turn,CC,Vehicle-Bicycle,34062,2,33,57614,1
17119,7168,180880651.0,2018-11-20 16:58:00,2018 November 20,16:58:00,2018,November,Tuesday,2:01 pm to 6:00 pm,16.0,0,Afternoon,Fall,3801.0,1230,Ingleside,3H12D,22107,22107,Unsafe turn or lane change prohibited,AA,Vehicle(s) Only Involved,13436,2,12,57660,5
17120,4629,170702140.0,2017-08-28 16:27:00,2017 August 28,16:27:00,2017,August,Monday,2:01 pm to 6:00 pm,16.0,0,Afternoon,Summer,3801.0,4004,INGLESIDE,3H13D,Unknown,Unknown,Unknown,AA,Vehicle(s) Only Involved,13437,2,2,57653,1
17121,35762,180492795.0,2018-07-03 11:43:00,2018 July 03,11:43:00,2018,July,Tuesday,10:01 am to 2:00 pm,11.0,0,Morning,Summer,3801.0,1500,Central,3A13A,21453(a),"21453(a,c)",Red signal - driver or bicyclist responsibilities,AA,Vehicle(s) Only Involved,5900,2,1,57659,2
17122,37246,180224275.0,2018-03-26 08:00:00,2018 March 26,08:00:00,2018,March,Monday,6:01 am to 10:00 am,8.0,0,Morning,Spring,3801.0,1917,Taraval,3116A,21950(a),"21950(a,c)",Driver or bicyclist to yield right-of-way at crosswalks,BB,Vehicle-Pedestrian,13438,2,1,57649,1
17123,44407,2110296.0,2005-06-19 19:01:00,2005 June 19,19:01:00,2005,June,Sunday,6:01 pm to 10:00 pm,19.0,1,Evening,Summer,3801.0,659,RICHM,0G5,22350,22350,Unsafe speed for prevailing conditions,AA,Vehicle(s) Only Involved,13439,2,2,57654,2
17124,83531,230551136.0,2023-08-05 16:00:00,2023 August 05,16:00:00,2023,August,Saturday,2:01 pm to 6:00 pm,16.0,1,Afternoon,Summer,3801.0,2723,Park,3f13d,22107,22107,Unsafe turn or lane change prohibited,AA,Vehicle(s) Only Involved,13440,2,2,57406,2
17125,82951,230396186.0,2023-06-08 23:27:00,2023 June 08,23:27:00,2023,June,Thursday,10:01 pm to 2:00 am,23.0,0,Night,Summer,3801.0,1830,Central,3A13E,22350,22350,Unsafe speed for prevailing conditions,BB,Vehicle-Pedestrian,13441,2,3,57649,4
17126,11838,2829451.0,2006-09-27 16:04:00,2006 September 27,16:04:00,2006,September,Wednesday,2:01 pm to 6:00 pm,16.0,0,Afternoon,Fall,3801.0,002122,D,4B6D,21802(a),"21802(a,b)",Violation of right-of-way - entering through highway,AA,Vehicle(s) Only Involved,21302,2,1,57659,2
17127,43484,170660532.0,2017-08-13 23:40:00,2017 August 13,23:40:00,2017,August,Sunday,10:01 pm to 2:00 am,23.0,1,Night,Summer,3801.0,2452,RICHMOND,3G13E,Unknown,Unknown,Unknown,AA,Vehicle(s) Only Involved,15226,4,7,57653,4
17128,10399,180797818.0,2018-10-20 22:51:00,2018 October 20,22:51:00,2018,October,Saturday,10:01 pm to 2:00 am,22.0,1,Night,Fall,3801.0,627,Mission,3D13E,21955,21955,Crossing between controlled intersections (Jaywalking),BB,Vehicle-Pedestrian,13443,2,12,57622,1
17129,23484,180602308.0,2018-08-11 19:15:00,2018 August 11,19:15:00,2018,August,Saturday,6:01 pm to 10:00 pm,19.0,1,Evening,Summer,3801.0,1122,Southern,B1,22107,22107,Unsafe turn or lane change prohibited,CC,Vehicle-Bicycle,13444,2,1,57614,1
17130,28389,2150154.0,2005-07-07 18:33:00,2005 July 07,18:33:00,2005,July,Thursday,6:01 pm to 10:00 pm,18.0,0,Evening,Summer,3801.0,1279,A,4B5H,21950(a),"21950(a,c)",Driver or bicyclist to yield right-of-way at crosswalks,BB,Vehicle-Pedestrian,13445,2,1,57649,1
17131,84090,230784575.0,2023-11-03 06:21:00,2023 November 03,06:21:00,2023,November,Friday,6:01 am to 10:00 am,6.0,0,Morning,Fall,3801.0,2059,Central,3A4A,21453(a),"21453(a,c)",Red signal - driver or bicyclist responsibilities,CC,Vehicle-Bicycle,13446,2,3,57581,2
17132,4964,170299357.0,2017-04-12 11:30:00,2017 April 12,11:30:00,2017,April,Wednesday,10:01 am to 2:00 pm,11.0,0,Morning,Spring,3801.0,764,INGLESIDE,3H16A,22106,22106,Unsafe starting or backing on highway,AA,Vehicle(s) Only Involved,13447,2,1,57654,1
17133,5723,180710860.0,2018-09-19 14:49:00,2018 September 19,14:49:00,2018,September,Wednesday,2:01 pm to 6:00 pm,14.0,0,Afternoon,Fall,3801.0,1766,Ingleside,4B3C,21950(a),"21950(a,c)",Driver or bicyclist to yield right-of-way at crosswalks,BB,Vehicle-Pedestrian,13448,2,1,57649,6
17134,19030,180085801.0,2018-02-01 11:51:00,2018 February 01,11:51:00,2018,February,Thursday,10:01 am to 2:00 pm,11.0,0,Morning,Winter,3801.0,1605,Northern,3E16C,22350,22350,Unsafe speed for prevailing conditions,AA,Vehicle(s) Only Involved,13449,2,1,57659,1
17135,4600,170765126.0,2017-09-19 07:57:00,2017 September 19,07:57:00,2017,September,Tuesday,6:01 am to 10:00 am,7.0,0,Morning,Fall,3801.0,2337,INGLESIDE,3H11A,22107,22107,Unsafe turn or lane change prohibited,AA,Vehicle(s) Only Involved,13450,2,2,57658,2
17136,44088,180882754.0,2018-11-21 15:02:00,2018 November 21,15:02:00,2018,November,Wednesday,2:01 pm to 6:00 pm,15.0,0,Afternoon,Fall,3801.0,1173,Richmond,901,21453(a),"21453(a,c)",Red signal - driver or bicyclist responsibilities,AA,Vehicle(s) Only Involved,41093,20,37,57659,1
17137,30845,180439430.0,2018-06-13 18:11:00,2018 June 13,18:11:00,2018,June,Wednesday,6:01 pm to 10:00 pm,18.0,0,Evening,Summer,3801.0,302,Northern,3E14D,22350,22350,Unsafe speed for prevailing conditions,AA,Vehicle(s) Only Involved,13451,2,1,57658,8
17138,15176,170894145.0,2017-11-01 20:02:00,2017 November 01,20:02:00,2017,November,Wednesday,6:01 pm to 10:00 pm,20.0,0,Evening,Fall,3801.0,,SOUTHERN,B2,Unknown,Unknown,Unknown,AA,Vehicle(s) Only Involved,40859,2,3,57631,1
17139,29580,170573474.0,2017-07-14 21:40:00,2017 July 14,21:40:00,2017,July,Friday,6:01 pm to 10:00 pm,21.0,0,Night,Summer,3801.0,1695,NORTHERN,CO E 2 CAR,22101(d),22101(d),Violation of a turn prohibition sign,AA,Vehicle(s) Only Involved,31683,2,10,57603,8
17140,45459,161003422.0,2016-12-10 22:10:00,2016 December 10,22:10:00,2016,December,Saturday,10:01 pm to 2:00 am,22.0,1,Night,Winter,3801.0,2700,3H15D,H,23103(a),"23103(a,b)",Reckless driving,AA,Vehicle(s) Only Involved,40965,1,244,56568,1
17141,29623,170599668.0,2017-07-23 16:32:00,2017 July 23,16:32:00,2017,July,Sunday,2:01 pm to 6:00 pm,16.0,1,Afternoon,Summer,3801.0,293,NORTHERN,3E62,Unknown,Unknown,Unknown,AA,Vehicle(s) Only Involved,13452,2,47,56568,1
17142,23681,180902556.0,2018-11-29 17:57:00,2018 November 29,17:57:00,2018,November,Thursday,2:01 pm to 6:00 pm,17.0,0,Evening,Fall,3801.0,970,Southern,B2,22100(a),"22100(a,b)",Turn at intersection from wrong position,AA,Vehicle(s) Only Involved,13453,1,13,57659,1
17143,32425,170929601.0,2017-11-14 22:11:00,2017 November 14,22:11:00,2017,November,Tuesday,10:01 pm to 2:00 am,22.0,0,Night,Fall,3801.0,158,NORTHERN,3E14E,22350,22350,Unsafe speed for prevailing conditions,AA,Vehicle(s) Only Involved,13454,2,12,57619,1
17144,8679,170855614.0,2017-10-19 14:09:00,2017 October 19,14:09:00,2017,October,Thursday,2:01 pm to 6:00 pm,14.0,0,Afternoon,Fall,3801.0,865,MISISON,3D1C,21801(a),"21801(a,b)",Violation of right-of-way - left turn,AA,Vehicle(s) Only Involved,28176,2,1,57659,8
17145,1745,130353090.0,2013-04-30 13:25:00,2013 April 30,13:25:00,2013,April,Tuesday,10:01 am to 2:00 pm,13.0,0,Afternoon,Spring,3801.0,244,INGLESIDE,3H12C,21703,21703,Following too closely prohibited,AA,Vehicle(s) Only Involved,13455,2,2,57658,1
17146,6665,2658891.0,2006-05-03 18:15:00,2006 May 03,18:15:00,2006,May,Wednesday,6:01 pm to 10:00 pm,18.0,0,Evening,Spring,3801.0,1149,COD,4B7D,Unknown,Unknown,Unknown,AA,Vehicle(s) Only Involved,13456,1,1,57659,11
17147,83458,230022723.0,2023-01-10 11:30:00,2023 January 10,11:30:00,2023,January,Tuesday,10:01 am to 2:00 pm,11.0,0,Morning,Winter,3801.0,MOYLAN 1961,Tenderloin,3J13D,21950(a),"21950(a,c)",Driver or bicyclist to yield right-of-way at crosswalks,AA,Vehicle(s) Only Involved,25480,4,16,55035,1
17148,11409,170854729.0,2017-10-19 08:37:00,2017 October 19,08:37:00,2017,October,Thursday,6:01 am to 10:00 am,8.0,0,Morning,Fall,3801.0,143,MISSION,6,22350,22350,Unsafe speed for prevailing conditions,BB,Vehicle-Pedestrian,13458,2,1,57649,1