collision_id,unique_id,case_id_pkey,collision_datetime,collision_date,collision_time,accident_year,month,day_of_week,time_cat,hour_of_day,is_weekend,time_of_day,season,juris,officer_id,reporting_district,beat_number,vz_pcf_code,vz_pcf_group,vz_pcf_description,dph_col_grp,dph_col_grp_description,location_id,weather_id,road_id,party_id,severity_id
17336,24116,3020592.0,2007-01-29 11:06:00,2007 January 29,11:06:00,2007,January,Monday,10:01 am to 2:00 pm,11.0,0,Morning,Winter,3801.0,708,COJ,4B4A,21955,21955,Crossing between controlled intersections (Jaywalking),BB,Vehicle-Pedestrian,13581,2,1,57622,1
17337,9701,170082243.0,2017-01-30 09:15:00,2017 January 30,09:15:00,2017,January,Monday,6:01 am to 10:00 am,9.0,0,Morning,Winter,3801.0,1939,BAYVIEW,4B6H,22107,22107,Unsafe turn or lane change prohibited,CC,Vehicle-Bicycle,13582,8,2,57614,2
17338,3246,180208144.0,2018-03-19 20:44:00,2018 March 19,20:44:00,2018,March,Monday,6:01 pm to 10:00 pm,20.0,0,Evening,Spring,3801.0,826,Bayview,3C,21950(a),"21950(a,c)",Driver or bicyclist to yield right-of-way at crosswalks,BB,Vehicle-Pedestrian,13583,2,3,57649,2
17339,11433,130384120.0,2013-05-10 13:51:00,2013 May 10,13:51:00,2013,May,Friday,10:01 am to 2:00 pm,13.0,0,Afternoon,Spring,3801.0,747,MISSION,901,21955,21955,Crossing between controlled intersections (Jaywalking),BB,Vehicle-Pedestrian,13584,2,1,57622,1
17340,14398,180639072.0,2018-08-24 18:05:00,2018 August 24,18:05:00,2018,August,Friday,6:01 pm to 10:00 pm,18.0,0,Evening,Summer,3801.0,1331,Southern,3B15D,22517,22517,Opening door on traffic side when unsafe,CC,Vehicle-Bicycle,13585,2,1,57470,1
17341,4428,171020422.0,2017-12-18 07:16:00,2017 December 18,07:16:00,2017,December,Monday,6:01 am to 10:00 am,7.0,0,Morning,Winter,3801.0,332,INGLESIDE,3H13A,22350,22350,Unsafe speed for prevailing conditions,AA,Vehicle(s) Only Involved,13586,2,2,57608,1
17342,19375,161025959.0,2016-12-18 12:26:00,2016 December 18,12:26:00,2016,December,Sunday,10:01 am to 2:00 pm,12.0,1,Afternoon,Winter,3801.0,829,PARK,3F13A,22107,22107,Unsafe turn or lane change prohibited,AA,Vehicle(s) Only Involved,13587,2,2,57237,1
17343,42930,2183807.0,2005-08-15 18:45:00,2005 August 15,18:45:00,2005,August,Monday,6:01 pm to 10:00 pm,18.0,0,Evening,Summer,3801.0,103,RICHM,3G61,22517,22517,Opening door on traffic side when unsafe,EE,Bicycle-Parked Car,13588,2,1,53580,1
17344,31262,170871905.0,2017-10-25 10:46:00,2017 October 25,10:46:00,2017,October,Wednesday,10:01 am to 2:00 pm,10.0,0,Morning,Fall,3801.0,299,RICHMOND,3G12A,21950(a),"21950(a,c)",Driver or bicyclist to yield right-of-way at crosswalks,BB,Vehicle-Pedestrian,13589,2,1,57525,2
17345,34841,130159581.0,2013-02-24 02:11:00,2013 February 24,02:11:00,2013,February,Sunday,2:01 am to 6:00 am,2.0,1,Night,Winter,3801.0,1881,SOUTHERN,3B16E,21954(b),21954(b),Failure of driver or bicyclist to exercise due care for safety of pedestrian on roadway,BB,Vehicle-Pedestrian,13590,2,3,57649,17
17346,19197,180684356.0,2018-09-10 07:53:00,2018 September 10,07:53:00,2018,September,Monday,6:01 am to 10:00 am,7.0,0,Morning,Fall,3801.0,2456,Park,3F4A,21950(a),"21950(a,c)",Driver or bicyclist to yield right-of-way at crosswalks,BB,Vehicle-Pedestrian,13591,2,1,57532,1
17347,8910,160179446.0,2016-03-01 13:17:00,2016 March 01,13:17:00,2016,March,Tuesday,10:01 am to 2:00 pm,13.0,0,Afternoon,Spring,3801.0,667,MISSION,3D15C,22350,22350,Unsafe speed for prevailing conditions,CC,Vehicle-Bicycle,13592,2,2,57561,2
17348,11065,180129459.0,2018-02-17 18:54:00,2018 February 17,18:54:00,2018,February,Saturday,6:01 pm to 10:00 pm,18.0,1,Evening,Winter,3801.0,1613,Mission,3,22350,22350,Unsafe speed for prevailing conditions,AA,Vehicle(s) Only Involved,13593,2,12,16923,3
17349,44509,180686170.0,2018-09-10 18:20:00,2018 September 10,18:20:00,2018,September,Monday,6:01 pm to 10:00 pm,18.0,0,Evening,Fall,3801.0,71,Richmond,901,21755(a),21755(a),Unsafe passing on right shoulder,CC,Vehicle-Bicycle,13594,2,2,57655,2
17350,29032,2776306.0,2006-08-12 14:14:00,2006 August 12,14:14:00,2006,August,Saturday,2:01 pm to 6:00 pm,14.0,1,Afternoon,Summer,3801.0,1384,3E,4B7A,21453(c),"21453(a,c)",Red signal - driver or bicyclist responsibilities,AA,Vehicle(s) Only Involved,13595,2,1,57576,8
17351,7287,171044579.0,2017-12-27 14:28:00,2017 December 27,14:28:00,2017,December,Wednesday,2:01 pm to 6:00 pm,14.0,0,Afternoon,Winter,3801.0,,INGLESIDE,3H15D,22350,22350,Unsafe speed for prevailing conditions,AA,Vehicle(s) Only Involved,13596,2,1,57584,1
17352,8317,151068721.0,2015-12-10 15:33:00,2015 December 10,15:33:00,2015,December,Thursday,2:01 pm to 6:00 pm,15.0,0,Afternoon,Winter,3801.0,4360,BAYVIEW,1,21750,21750,Overtaking and passing unsafely,CC,Vehicle-Bicycle,13597,4,59,57639,1
17353,10280,140395543.0,2014-05-11 16:45:00,2014 May 11,16:45:00,2014,May,Sunday,2:01 pm to 6:00 pm,16.0,1,Afternoon,Spring,3801.0,1448,MISSION,901,22517,22517,Opening door on traffic side when unsafe,CC,Vehicle-Bicycle,13598,2,2,57581,1
17354,9125,170865453.0,2017-10-23 08:30:00,2017 October 23,08:30:00,2017,October,Monday,6:01 am to 10:00 am,8.0,0,Morning,Fall,3801.0,4373,BAYVIEW,C1,21802(a),"21802(a,b)",Violation of right-of-way - entering through highway,AA,Vehicle(s) Only Involved,13599,2,1,57659,8
17355,6550,180525471.0,2018-07-15 14:49:00,2018 July 15,14:49:00,2018,July,Sunday,2:01 pm to 6:00 pm,14.0,1,Afternoon,Summer,3801.0,1198,Bayview,,21750,21750,Overtaking and passing unsafely,FF,Bicycle Only,16030,2,2,56034,2
17356,28390,3038676.0,2007-02-08 10:27:00,2007 February 08,10:27:00,2007,February,Thursday,10:01 am to 2:00 pm,10.0,0,Morning,Winter,3801.0,1706,A,3A4A,21950(a),"21950(a,c)",Driver or bicyclist to yield right-of-way at crosswalks,BB,Vehicle-Pedestrian,13445,1,1,57649,2
17357,21717,2915569.0,2006-11-23 09:30:00,2006 November 23,09:30:00,2006,November,Thursday,6:01 am to 10:00 am,9.0,0,Morning,Fall,3801.0,000779,NOETH,3E62,21453(a),"21453(a,c)",Red signal - driver or bicyclist responsibilities,AA,Vehicle(s) Only Involved,39469,2,1,57659,8
17358,7205,170591482.0,2017-07-20 18:45:00,2017 July 20,18:45:00,2017,July,Thursday,6:01 pm to 10:00 pm,18.0,0,Evening,Summer,3801.0,,INGLESIDE,3H16D,22107,22107,Unsafe turn or lane change prohibited,CC,Vehicle-Bicycle,13601,2,2,57561,2
17359,4847,170862039.0,2017-10-21 19:00:00,2017 October 21,19:00:00,2017,October,Saturday,6:01 pm to 10:00 pm,19.0,1,Evening,Fall,3801.0,,INGLESIDE,H2,21202(a),21202(a),Bicyclist at less than normal speed must keep to the right,CC,Vehicle-Bicycle,13602,2,12,57655,1
17360,41716,180210638.0,2018-03-20 18:03:00,2018 March 20,18:03:00,2018,March,Tuesday,6:01 pm to 10:00 pm,18.0,0,Evening,Spring,3801.0,441,Taraval,4B4C,Unknown,Unknown,Unknown,BB,Vehicle-Pedestrian,13603,4,20,55188,17
17361,34317,170930993.0,2017-11-15 13:00:00,2017 November 15,13:00:00,2017,November,Wednesday,10:01 am to 2:00 pm,13.0,0,Afternoon,Fall,3801.0,,CENTRAL,3A40B,21453(d),21453(d),Red signal - pedestrian responsibilities,BB,Vehicle-Pedestrian,10207,1,1,57622,4
17362,33346,2720297.0,2006-07-14 09:43:00,2006 July 14,09:43:00,2006,July,Friday,6:01 am to 10:00 am,9.0,0,Morning,Summer,3801.0,1723,A,,21703,21703,Following too closely prohibited,AA,Vehicle(s) Only Involved,13604,1,1,57658,1
17363,5458,170547617.0,2017-07-06 06:15:00,2017 July 06,06:15:00,2017,July,Thursday,6:01 am to 10:00 am,6.0,0,Morning,Summer,3801.0,2211,BAYVIEW,3C12A,21453(a),"21453(a,c)",Red signal - driver or bicyclist responsibilities,CC,Vehicle-Bicycle,7858,1,23,57621,4
17364,13976,170981918.0,2017-12-04 14:00:00,2017 December 04,14:00:00,2017,December,Monday,10:01 am to 2:00 pm,14.0,0,Afternoon,Winter,3801.0,,SOUTHERN,B4,21950(a),"21950(a,c)",Driver or bicyclist to yield right-of-way at crosswalks,BB,Vehicle-Pedestrian,15585,2,1,57649,2
17365,8902,160872173.0,2016-10-26 13:00:00,2016 October 26,13:00:00,2016,October,Wednesday,10:01 am to 2:00 pm,13.0,0,Afternoon,Fall,3801.0,795,MISSION,4 CAR,Unknown,Unknown,Unknown,BB,Vehicle-Pedestrian,9251,2,1,57566,1
17366,18681,170561758.0,2017-07-11 07:37:00,2017 July 11,07:37:00,2017,July,Tuesday,6:01 am to 10:00 am,7.0,0,Morning,Summer,3801.0,38,SOUTHERN,4 CAR,22107,22107,Unsafe turn or lane change prohibited,CC,Vehicle-Bicycle,37797,2,1,57581,8
17367,23897,180218353.0,2018-03-23 17:42:00,2018 March 23,17:42:00,2018,March,Friday,2:01 pm to 6:00 pm,17.0,0,Evening,Spring,3801.0,417,Southern,3B12D,21453(a),"21453(a,c)",Red signal - driver or bicyclist responsibilities,BB,Vehicle-Pedestrian,13605,2,1,57649,4
17368,6449,141065618.0,2014-12-19 13:22:00,2014 December 19,13:22:00,2014,December,Friday,10:01 am to 2:00 pm,13.0,0,Afternoon,Winter,3801.0,373,D4,,21950(a),"21950(a,c)",Driver or bicyclist to yield right-of-way at crosswalks,BB,Vehicle-Pedestrian,13606,4,16,57649,1
17369,19999,3199925.0,2007-04-26 20:27:00,2007 April 26,20:27:00,2007,April,Thursday,6:01 pm to 10:00 pm,20.0,0,Evening,Spring,3801.0,518,F,3F63,22107,22107,Unsafe turn or lane change prohibited,CC,Vehicle-Bicycle,38874,2,3,57581,1
17370,32306,180688596.0,2018-09-11 16:00:00,2018 September 11,16:00:00,2018,September,Tuesday,2:01 pm to 6:00 pm,16.0,0,Afternoon,Fall,3801.0,1931,Northern,3E,21650,21650,Failure to keep to right side of road,AA,Vehicle(s) Only Involved,13607,2,2,57659,1
17371,5988,140850092.0,2014-10-08 13:45:00,2014 October 08,13:45:00,2014,October,Wednesday,10:01 am to 2:00 pm,13.0,0,Afternoon,Fall,3801.0,4119,BAYVIEW,4K5C,22106,22106,Unsafe starting or backing on highway,AA,Vehicle(s) Only Involved,13608,2,2,57584,1
17372,35007,160374975.0,2016-05-07 14:03:00,2016 May 07,14:03:00,2016,May,Saturday,2:01 pm to 6:00 pm,14.0,1,Afternoon,Spring,3801.0,4178,NORTHERN,4B3A,21453(a),"21453(a,c)",Red signal - driver or bicyclist responsibilities,AA,Vehicle(s) Only Involved,38171,14,16,57659,3
17373,31961,2626292.0,2006-03-14 21:02:00,2006 March 14,21:02:00,2006,March,Tuesday,6:01 pm to 10:00 pm,21.0,0,Night,Spring,3801.0,000710,NORTH,3E13E,21950(a),"21950(a,c)",Driver or bicyclist to yield right-of-way at crosswalks,BB,Vehicle-Pedestrian,13609,2,3,57649,1
17374,10778,160420653.0,2016-05-23 13:36:00,2016 May 23,13:36:00,2016,May,Monday,10:01 am to 2:00 pm,13.0,0,Afternoon,Spring,3801.0,4244,MISSION,3D75,22107,22107,Unsafe turn or lane change prohibited,BB,Vehicle-Pedestrian,13610,1,2,57522,1
17375,1009,180182071.0,2018-03-09 17:30:00,2018 March 09,17:30:00,2018,March,Friday,2:01 pm to 6:00 pm,17.0,0,Evening,Spring,3801.0,1194,Ingleside,H6,22350,22350,Unsafe speed for prevailing conditions,AA,Vehicle(s) Only Involved,5382,2,1,57607,2
17376,42830,171008042.0,2017-12-13 15:27:00,2017 December 13,15:27:00,2017,December,Wednesday,2:01 pm to 6:00 pm,15.0,0,Afternoon,Winter,3801.0,,RICHMOND,901,21658(a),"21658(a,b)",Lane straddling or failure to use specified lanes,EE,Bicycle-Parked Car,13611,2,2,57302,2
17377,24614,5112974.0,2011-03-03 19:16:00,2011 March 03,19:16:00,2011,March,Thursday,6:01 pm to 10:00 pm,19.0,0,Evening,Spring,3801.0,1420,TENDE,4B5C,21955,21955,Crossing between controlled intersections (Jaywalking),BB,Vehicle-Pedestrian,13612,2,3,57123,1
17378,13421,180251513.0,2018-04-05 10:00:00,2018 April 05,10:00:00,2018,April,Thursday,6:01 am to 10:00 am,10.0,0,Morning,Spring,3801.0,1973,Mission,,22350,22350,Unsafe speed for prevailing conditions,AA,Vehicle(s) Only Involved,30146,2,1,57658,8
17379,83581,230585389.0,2023-08-17 19:57:00,2023 August 17,19:57:00,2023,August,Thursday,6:01 pm to 10:00 pm,19.0,0,Evening,Summer,3801.0,2390,Mission,3D16D,21804(a),"21804(a,b)",Entering highway from alley or driveway,CC,Vehicle-Bicycle,13613,2,2,57581,2
17380,5088,170474725.0,2017-06-10 16:47:00,2017 June 10,16:47:00,2017,June,Saturday,2:01 pm to 6:00 pm,16.0,1,Afternoon,Summer,3801.0,,INGLESIDE,3H11D,22107,22107,Unsafe turn or lane change prohibited,AA,Vehicle(s) Only Involved,28480,2,1,57585,1
17381,32301,2067287.0,2005-05-26 19:03:00,2005 May 26,19:03:00,2005,May,Thursday,6:01 pm to 10:00 pm,19.0,0,Evening,Spring,3801.0,246,NORTH,4B107,22350,22350,Unsafe speed for prevailing conditions,AA,Vehicle(s) Only Involved,13614,2,2,57584,1
17382,35025,130509061.0,2013-06-21 08:30:00,2013 June 21,08:30:00,2013,June,Friday,6:01 am to 10:00 am,8.0,0,Morning,Summer,3801.0,218,NORTHHERN,3E1A,21950(a),"21950(a,c)",Driver or bicyclist to yield right-of-way at crosswalks,BB,Vehicle-Pedestrian,13615,2,1,57649,1
17383,39306,170936678.0,2017-11-17 12:48:00,2017 November 17,12:48:00,2017,November,Friday,10:01 am to 2:00 pm,12.0,0,Afternoon,Fall,3801.0,,PARK,2,21453(d),21453(d),Red signal - pedestrian responsibilities,BB,Vehicle-Pedestrian,13616,2,1,57622,2
17384,82958,230033902.0,2023-01-15 10:15:00,2023 January 15,10:15:00,2023,January,Sunday,10:01 am to 2:00 pm,10.0,1,Morning,Winter,3801.0,1273,Central,3A2A,22350,22350,Unsafe speed for prevailing conditions,AA,Vehicle(s) Only Involved,13617,4,16,57658,1
17385,32127,160954862.0,2016-11-23 14:54:00,2016 November 23,14:54:00,2016,November,Wednesday,2:01 pm to 6:00 pm,14.0,0,Afternoon,Fall,3801.0,899,CENTRAL,4B3E,21453(a),"21453(a,c)",Red signal - driver or bicyclist responsibilities,AA,Vehicle(s) Only Involved,13618,2,1,57659,16
17386,13228,180163855.0,2018-03-02 14:40:00,2018 March 02,14:40:00,2018,March,Friday,2:01 pm to 6:00 pm,14.0,0,Afternoon,Spring,3801.0,417,Southern,3B13D,21755(a),21755(a),Unsafe passing on right shoulder,CC,Vehicle-Bicycle,13619,4,16,57614,1
17387,19368,2892082.0,2006-11-06 12:44:00,2006 November 06,12:44:00,2006,November,Monday,10:01 am to 2:00 pm,12.0,0,Afternoon,Fall,3801.0,1337,3F62,3F60,22350,22350,Unsafe speed for prevailing conditions,FF,Bicycle Only,13620,2,2,57341,2
17388,1388,1996074.0,2005-03-07 18:33:00,2005 March 07,18:33:00,2005,March,Monday,6:01 pm to 10:00 pm,18.0,0,Evening,Spring,3801.0,1245,INGLE,3H14D,Unknown,Unknown,Unknown,AA,Vehicle(s) Only Involved,30768,2,33,57585,1
17389,14500,180342021.0,2018-05-08 12:28:00,2018 May 08,12:28:00,2018,May,Tuesday,10:01 am to 2:00 pm,12.0,0,Afternoon,Spring,3801.0,306,Southern,3B15C,22100(b),"22100(a,b)",Turn at intersection from wrong position,FF,Bicycle Only,13621,2,1,56318,2
17390,84445,230735001.0,2023-10-13 06:33:00,2023 October 13,06:33:00,2023,October,Friday,6:01 am to 10:00 am,6.0,0,Morning,Fall,3801.0,IMHOFF #8,Northern,3E12A,21453(a),"21453(a,c)",Red signal - driver or bicyclist responsibilities,AA,Vehicle(s) Only Involved,37525,2,105,57659,1
17391,30462,180521112.0,2018-07-13 18:40:00,2018 July 13,18:40:00,2018,July,Friday,6:01 pm to 10:00 pm,18.0,0,Evening,Summer,3801.0,385,Northern,3E13D,22350,22350,Unsafe speed for prevailing conditions,AA,Vehicle(s) Only Involved,13623,2,23,57659,2
17392,33964,150860774.0,2015-10-01 16:15:00,2015 October 01,16:15:00,2015,October,Thursday,2:01 pm to 6:00 pm,16.0,0,Afternoon,Fall,3801.0,133,CENTRAL,3A13D,21658(a),"21658(a,b)",Lane straddling or failure to use specified lanes,AA,Vehicle(s) Only Involved,6701,2,2,57660,2
17393,45154,3123960.0,2007-03-22 07:38:00,2007 March 22,07:38:00,2007,March,Thursday,6:01 am to 10:00 am,7.0,0,Morning,Spring,3801.0,671,RICHM,4B1A,22450(a),22450(a),Failure to stop at STOP sign,CC,Vehicle-Bicycle,13624,2,1,57621,1
17394,30496,180816258.0,2018-10-27 15:45:00,2018 October 27,15:45:00,2018,October,Saturday,2:01 pm to 6:00 pm,15.0,1,Afternoon,Fall,3801.0,2046,Northern,3E13D,22517,22517,Opening door on traffic side when unsafe,AA,Vehicle(s) Only Involved,13625,2,2,57446,1
17395,35153,180542942.0,2018-07-21 16:37:00,2018 July 21,16:37:00,2018,July,Saturday,2:01 pm to 6:00 pm,16.0,1,Afternoon,Summer,3801.0,195,Northern,3E15D,21703,21703,Following too closely prohibited,AA,Vehicle(s) Only Involved,13626,2,2,57658,1
17396,11955,3020599.0,2007-01-12 19:16:00,2007 January 12,19:16:00,2007,January,Friday,6:01 pm to 10:00 pm,19.0,0,Evening,Winter,3801.0,669,,2D15D,22350,22350,Unsafe speed for prevailing conditions,AA,Vehicle(s) Only Involved,13627,2,3,57658,14
17397,5799,170481112.0,2017-06-13 01:50:00,2017 June 13,01:50:00,2017,June,Tuesday,10:01 pm to 2:00 am,1.0,0,Night,Summer,3801.0,,BAYVIEW,,Unknown,Unknown,Unknown,AA,Vehicle(s) Only Involved,6314,2,3,57585,1
17398,32826,180382146.0,2018-05-22 18:04:00,2018 May 22,18:04:00,2018,May,Tuesday,6:01 pm to 10:00 pm,18.0,0,Evening,Spring,3801.0,2342,Northern,3E13D,Unknown,Unknown,Unknown,CC,Vehicle-Bicycle,13628,2,15,53918,4
17399,84027,230762418.0,2023-10-24 16:50:00,2023 October 24,16:50:00,2023,October,Tuesday,2:01 pm to 6:00 pm,16.0,0,Afternoon,Fall,3801.0,2704,Southern,B4,22100(b),"22100(a,b)",Turn at intersection from wrong position,CC,Vehicle-Bicycle,41049,2,1,57621,1
17400,43065,3011306.0,2007-01-17 15:55:00,2007 January 17,15:55:00,2007,January,Wednesday,2:01 pm to 6:00 pm,15.0,0,Afternoon,Winter,3801.0,1279,G,4B6I,21950(a),"21950(a,c)",Driver or bicyclist to yield right-of-way at crosswalks,BB,Vehicle-Pedestrian,11657,2,1,57649,1
17401,23900,180553999.0,2018-07-25 15:42:00,2018 July 25,15:42:00,2018,July,Wednesday,2:01 pm to 6:00 pm,15.0,0,Afternoon,Summer,3801.0,260,Southern,3B12D,21453(a),"21453(a,c)",Red signal - driver or bicyclist responsibilities,AA,Vehicle(s) Only Involved,13605,2,1,57659,1
17402,18666,2628804.0,2006-03-10 19:12:00,2006 March 10,19:12:00,2006,March,Friday,6:01 pm to 10:00 pm,19.0,0,Evening,Spring,3801.0,435,COB,3B14D,21453(a),"21453(a,c)",Red signal - driver or bicyclist responsibilities,BB,Vehicle-Pedestrian,13630,4,13,57649,1
17403,32456,140397107.0,2014-05-12 08:02:00,2014 May 12,08:02:00,2014,May,Monday,6:01 am to 10:00 am,8.0,0,Morning,Spring,3801.0,4196,CO E,4,22450(a),22450(a),Failure to stop at STOP sign,AA,Vehicle(s) Only Involved,13631,2,2,57659,1
17404,31583,140629938.0,2014-07-29 15:38:00,2014 July 29,15:38:00,2014,July,Tuesday,2:01 pm to 6:00 pm,15.0,0,Afternoon,Summer,3801.0,321,RICHMOND,3G1C,21453(a),"21453(a,c)",Red signal - driver or bicyclist responsibilities,AA,Vehicle(s) Only Involved,13632,2,1,57659,8
17405,83130,230141373.0,2023-02-26 22:40:00,2023 February 26,22:40:00,2023,February,Sunday,10:01 pm to 2:00 am,22.0,1,Night,Winter,3801.0,1300,Park,3,21658(a),"21658(a,b,c)",Lane straddling or failure to use specified lanes,AA,Vehicle(s) Only Involved,13633,2,3,57660,4
17406,37837,180475694.0,2018-06-26 21:26:00,2018 June 26,21:26:00,2018,June,Tuesday,6:01 pm to 10:00 pm,21.0,0,Night,Summer,3801.0,#1190,Taraval,3I15D,21703,21703,Following too closely prohibited,AA,Vehicle(s) Only Involved,13634,2,3,57658,1
17407,83967,230728642.0,2023-10-10 17:35:00,2023 October 10,17:35:00,2023,October,Tuesday,2:01 pm to 6:00 pm,17.0,0,Evening,Fall,3801.0,1631,Southern,3B47,22101(d),22101(d),Violating special traffic control markers,AA,Vehicle(s) Only Involved,36650,2,1,57564,1
17408,10593,180917210.0,2018-12-05 11:19:00,2018 December 05,11:19:00,2018,December,Wednesday,10:01 am to 2:00 pm,11.0,0,Morning,Winter,3801.0,1557,Mission,3D13C,21801(a),"21801(a,b)",Violation of right-of-way - left turn,CC,Vehicle-Bicycle,13635,7,4,57633,2
17409,11960,171032079.0,2017-12-21 23:25:00,2017 December 21,23:25:00,2017,December,Thursday,10:01 pm to 2:00 am,23.0,0,Night,Winter,3801.0,451,MISSION,3D17E,22102,22102,Illegal U-turn in business district,CC,Vehicle-Bicycle,13636,2,12,55448,2
17410,7583,180028629.0,2018-01-10 15:40:00,2018 January 10,15:40:00,2018,January,Wednesday,2:01 pm to 6:00 pm,15.0,0,Afternoon,Winter,3801.0,4102,Northern,3E12C,22517,22517,Opening door on traffic side when unsafe,EE,Bicycle-Parked Car,13637,4,4,57617,4
17411,34428,170554402.0,2017-07-08 14:35:00,2017 July 08,14:35:00,2017,July,Saturday,2:01 pm to 6:00 pm,14.0,1,Afternoon,Summer,3801.0,324,CENTRAL,3A40B,21955,21955,Crossing between controlled intersections (Jaywalking),BB,Vehicle-Pedestrian,13638,2,1,57123,1
17412,7693,171009012.0,2017-12-13 22:09:00,2017 December 13,22:09:00,2017,December,Wednesday,10:01 pm to 2:00 am,22.0,0,Night,Winter,3801.0,335,MISSION,3D14E,22450(a),22450(a),Failure to stop at STOP sign,AA,Vehicle(s) Only Involved,13639,2,3,57406,1
17413,30480,130270290.0,2013-04-02 16:06:00,2013 April 02,16:06:00,2013,April,Tuesday,2:01 pm to 6:00 pm,16.0,0,Afternoon,Spring,3801.0,2082,NORTHERN,3E62,21950(a),"21950(a,c)",Driver or bicyclist to yield right-of-way at crosswalks,BB,Vehicle-Pedestrian,13640,2,1,57649,2
17414,15506,180878145.0,2018-11-19 18:13:00,2018 November 19,18:13:00,2018,November,Monday,6:01 pm to 10:00 pm,18.0,0,Evening,Fall,3801.0,4294,Southern,B4,21950(b),21950(b),Pedestrian suddenly entering into vehicle path close enough to create an immediate hazard,BB,Vehicle-Pedestrian,13641,2,12,56446,1
17415,33114,180747982.0,2018-10-03 08:01:00,2018 October 03,08:01:00,2018,October,Wednesday,6:01 am to 10:00 am,8.0,0,Morning,Fall,3801.0,1042,Central,3A,21950(a),"21950(a,c)",Driver or bicyclist to yield right-of-way at crosswalks,BB,Vehicle-Pedestrian,13642,2,1,57649,1
17416,295,180755606.0,2018-10-05 17:25:00,2018 October 05,17:25:00,2018,October,Friday,2:01 pm to 6:00 pm,17.0,0,Evening,Fall,3801.0,1332,Ingleside,3H16D,22350,22350,Unsafe speed for prevailing conditions,AA,Vehicle(s) Only Involved,13643,2,2,57584,1
17417,5504,2730355.0,2006-07-18 11:07:00,2006 July 18,11:07:00,2006,July,Tuesday,10:01 am to 2:00 pm,11.0,0,Morning,Summer,3801.0,004106,,3C14A,21950(b),21950(b),Pedestrian suddenly entering into vehicle path close enough to create an immediate hazard,BB,Vehicle-Pedestrian,13644,2,1,57622,2
17418,83498,230531069.0,2023-07-29 14:01:00,2023 July 29,14:01:00,2023,July,Saturday,2:01 pm to 6:00 pm,14.0,1,Afternoon,Summer,3801.0,282,Taraval,5,21802(a),"21802(a,b)",Violation of right-of-way - entering through highway,AA,Vehicle(s) Only Involved,13645,2,2,57659,8
17419,9183,180302718.0,2018-04-24 09:03:00,2018 April 24,09:03:00,2018,April,Tuesday,6:01 am to 10:00 am,9.0,0,Morning,Spring,3801.0,A21778,Bayview,,21950(a),"21950(a,c)",Driver or bicyclist to yield right-of-way at crosswalks,CC,Vehicle-Bicycle,13646,2,54,57025,1
17420,14218,150577474.0,2015-07-02 19:44:00,2015 July 02,19:44:00,2015,July,Thursday,6:01 pm to 10:00 pm,19.0,0,Evening,Summer,3801.0,917,SOUTHERN,4B3F,23152(e),23152(a-g),Driving under influence of alcohol and/or drugs,BB,Vehicle-Pedestrian,13647,2,33,57649,23
17421,19996,2700074.0,2006-06-30 03:35:00,2006 June 30,03:35:00,2006,June,Friday,2:01 am to 6:00 am,3.0,0,Night,Summer,3801.0,1976,PARK,3F13E,21453(a),"21453(a,c)",Red signal - driver or bicyclist responsibilities,AA,Vehicle(s) Only Involved,38874,2,3,57659,4
17422,21601,3010487.0,2007-01-22 07:32:00,2007 January 22,07:32:00,2007,January,Monday,6:01 am to 10:00 am,7.0,0,Morning,Winter,3801.0,,,901,Unknown,Unknown,Unknown,AA,Vehicle(s) Only Involved,13648,2,2,57557,1
17423,22849,4057334.0,2008-12-21 18:15:00,2008 December 21,18:15:00,2008,December,Sunday,6:01 pm to 10:00 pm,18.0,1,Evening,Winter,3801.0,307,PARK,4B107,22350,22350,Unsafe speed for prevailing conditions,AA,Vehicle(s) Only Involved,13649,4,13,57607,1
17424,34193,180415242.0,2018-06-04 15:08:00,2018 June 04,15:08:00,2018,June,Monday,2:01 pm to 6:00 pm,15.0,0,Afternoon,Summer,3801.0,4229,Central,3A,21950(a),"21950(a,c)",Driver or bicyclist to yield right-of-way at crosswalks,BB,Vehicle-Pedestrian,13650,2,2,57649,1
17425,32804,180433266.0,2018-06-11 14:25:00,2018 June 11,14:25:00,2018,June,Monday,2:01 pm to 6:00 pm,14.0,0,Afternoon,Summer,3801.0,127,Northern,6,21950(b),21950(b),Pedestrian suddenly entering into vehicle path close enough to create an immediate hazard,BB,Vehicle-Pedestrian,13651,2,2,57123,1
17426,10201,1995329.0,2005-04-14 21:59:00,2005 April 14,21:59:00,2005,April,Thursday,6:01 pm to 10:00 pm,21.0,0,Night,Spring,3801.0,000973,,006,21453(a),"21453(a,c)",Red signal - driver or bicyclist responsibilities,AA,Vehicle(s) Only Involved,23819,2,3,57659,13
17427,1560,170880542.0,2017-10-28 01:52:00,2017 October 28,01:52:00,2017,October,Saturday,10:01 pm to 2:00 am,1.0,1,Night,Fall,3801.0,,INGLESIDE,3H15E,22450(a),22450(a),Failure to stop at STOP sign,AA,Vehicle(s) Only Involved,5500,2,3,57659,1
17428,37261,170926362.0,2017-11-13 19:12:00,2017 November 13,19:12:00,2017,November,Monday,6:01 pm to 10:00 pm,19.0,0,Evening,Fall,3801.0,,TARAVAL,3115D,22106,22106,Unsafe starting or backing on highway,BB,Vehicle-Pedestrian,13652,1,7,57459,2
17429,25297,180395199.0,2018-05-27 17:39:00,2018 May 27,17:39:00,2018,May,Sunday,2:01 pm to 6:00 pm,17.0,1,Evening,Spring,3801.0,417,Southern,3B11D,22517,22517,Opening door on traffic side when unsafe,AA,Vehicle(s) Only Involved,13653,2,2,57660,1