collision_id,unique_id,case_id_pkey,collision_datetime,collision_date,collision_time,accident_year,month,day_of_week,time_cat,hour_of_day,is_weekend,time_of_day,season,juris,officer_id,reporting_district,beat_number,vz_pcf_code,vz_pcf_group,vz_pcf_description,dph_col_grp,dph_col_grp_description,location_id,weather_id,road_id,party_id,severity_id
18747,15852,130569899.0,2013-07-11 12:25:00,2013 July 11,12:25:00,2013,July,Thursday,10:01 am to 2:00 pm,12.0,0,Afternoon,Summer,3801.0,1794,SOUTHERN,3B60,21950(a),"21950(a,c)",Driver or bicyclist to yield right-of-way at crosswalks,BB,Vehicle-Pedestrian,14588,2,1,57622,1
18748,23956,180903786.0,2018-11-30 09:03:00,2018 November 30,09:03:00,2018,November,Friday,6:01 am to 10:00 am,9.0,0,Morning,Fall,3801.0,1396,Southern,3B14B,22107,22107,Unsafe turn or lane change prohibited,AA,Vehicle(s) Only Involved,14589,2,2,57660,2
18749,7755,5464018.0,2012-01-09 15:49:00,2012 January 09,15:49:00,2012,January,Monday,2:01 pm to 6:00 pm,15.0,0,Afternoon,Winter,3801.0,002122,D,4B4D,22350,22350,Unsafe speed for prevailing conditions,BB,Vehicle-Pedestrian,14590,2,1,57649,8
18750,25401,180066986.0,2018-01-25 17:41:00,2018 January 25,17:41:00,2018,January,Thursday,2:01 pm to 6:00 pm,17.0,0,Evening,Winter,3801.0,819,Tenderloin,3J12D,21658(a),"21658(a,b)",Lane straddling or failure to use specified lanes,AA,Vehicle(s) Only Involved,14591,2,15,57450,4
18751,6612,2409255.0,2006-01-05 21:28:00,2006 January 05,21:28:00,2006,January,Thursday,6:01 pm to 10:00 pm,21.0,0,Night,Winter,3801.0,000874,,4B5C,22350,22350,Unsafe speed for prevailing conditions,AA,Vehicle(s) Only Involved,14592,2,12,57576,1
18752,20483,2720293.0,2006-07-13 13:55:00,2006 July 13,13:55:00,2006,July,Thursday,10:01 am to 2:00 pm,13.0,0,Afternoon,Summer,3801.0,350,NORTH,E11,21703,21703,Following too closely prohibited,AA,Vehicle(s) Only Involved,3072,2,1,57658,8
18753,7680,5684814.0,2012-03-23 18:30:00,2012 March 23,18:30:00,2012,March,Friday,6:01 pm to 10:00 pm,18.0,0,Evening,Spring,3801.0,2418,MISSI,901,"21803(a,b)","21803(a,b)",Violation of Yield sign,AA,Vehicle(s) Only Involved,17803,2,1,57659,2
18754,9080,180314553.0,2018-04-28 11:55:00,2018 April 28,11:55:00,2018,April,Saturday,10:01 am to 2:00 pm,11.0,1,Morning,Spring,3801.0,A21778,Bayview,,Other than driver,Not Stated,Not Stated,AA,Vehicle(s) Only Involved,14594,2,4,57653,2
18755,24534,180202867.0,2018-03-17 17:08:00,2018 March 17,17:08:00,2018,March,Saturday,2:01 pm to 6:00 pm,17.0,1,Evening,Spring,3801.0,1782,Tenderloin,3J12D,21202(a),21202(a),Bicyclist at less than normal speed must keep to the right,CC,Vehicle-Bicycle,18769,1,1,57650,1
18756,33749,2339860.0,2005-10-06 19:40:00,2005 October 06,19:40:00,2005,October,Thursday,6:01 pm to 10:00 pm,19.0,0,Evening,Fall,3801.0,95,CENTR,3A13D,21801(a),"21801(a,b)",Violation of right-of-way - left turn,AA,Vehicle(s) Only Involved,14595,2,3,57659,1
18757,5192,130046358.0,2013-01-17 12:25:00,2013 January 17,12:25:00,2013,January,Thursday,10:01 am to 2:00 pm,12.0,0,Afternoon,Winter,3801.0,1043,INGLESIDE,4B1H,22350,22350,Unsafe speed for prevailing conditions,AA,Vehicle(s) Only Involved,14596,2,2,57658,14
18758,26491,2635782.0,2006-01-13 19:28:00,2006 January 13,19:28:00,2006,January,Friday,6:01 pm to 10:00 pm,19.0,0,Evening,Winter,3801.0,246,CENTR,4B7E,Unknown,Unknown,Unknown,CC,Vehicle-Bicycle,14597,2,10,57621,2
18759,10408,2484882.0,2006-02-02 20:02:00,2006 February 02,20:02:00,2006,February,Thursday,6:01 pm to 10:00 pm,20.0,0,Evening,Winter,3801.0,1332,MISSI,3013D,21801(a),"21801(a,b)",Violation of right-of-way - left turn,CC,Vehicle-Bicycle,14598,2,12,57633,1
18760,39041,2415066.0,2005-11-28 18:35:00,2005 November 28,18:35:00,2005,November,Monday,6:01 pm to 10:00 pm,18.0,0,Evening,Fall,3801.0,1872,I,3I1D,21950(a),"21950(a,c)",Driver or bicyclist to yield right-of-way at crosswalks,BB,Vehicle-Pedestrian,37939,4,13,57649,1
18761,39776,2972700.0,2006-12-29 11:51:00,2006 December 29,11:51:00,2006,December,Friday,10:01 am to 2:00 pm,11.0,0,Morning,Winter,3801.0,1632,SAN F,0I3,22450(a),22450(a),Failure to stop at STOP sign,AA,Vehicle(s) Only Involved,14600,2,1,57659,8
18762,10729,171044507.0,2017-12-27 14:17:00,2017 December 27,14:17:00,2017,December,Wednesday,2:01 pm to 6:00 pm,14.0,0,Afternoon,Winter,3801.0,135,MISSION,3D13C,21801(a),"21801(a,b)",Violation of right-of-way - left turn,AA,Vehicle(s) Only Involved,22413,2,1,57659,1
18763,562,180026190.0,2018-01-10 14:22:00,2018 January 10,14:22:00,2018,January,Wednesday,2:01 pm to 6:00 pm,14.0,0,Afternoon,Winter,3801.0,907,Bayview,3C15C,22350,22350,Unsafe speed for prevailing conditions,AA,Vehicle(s) Only Involved,14601,4,4,57555,2
18764,14378,170572498.0,2017-07-14 16:15:00,2017 July 14,16:15:00,2017,July,Friday,2:01 pm to 6:00 pm,16.0,0,Afternoon,Summer,3801.0,,SOUTHERN,B5,22107,22107,Unsafe turn or lane change prohibited,CC,Vehicle-Bicycle,14602,2,2,57581,1
18765,30032,170826483.0,2017-10-10 02:18:00,2017 October 10,02:18:00,2017,October,Tuesday,2:01 am to 6:00 am,2.0,0,Night,Fall,3801.0,,NORTHERN,3E15E,Unknown,Unknown,Unknown,CC,Vehicle-Bicycle,2695,2,65,56954,2
18766,17115,3199941.0,2007-04-04 08:22:00,2007 April 04,08:22:00,2007,April,Wednesday,6:01 am to 10:00 am,8.0,0,Morning,Spring,3801.0,001870,SOUTH,3B62,21453(d),21453(d),Red signal - pedestrian responsibilities,BB,Vehicle-Pedestrian,20777,2,1,57622,2
18767,46740,190147071.0,2019-02-27 22:00:00,2019 February 27,22:00:00,2019,February,Wednesday,6:01 pm to 10:00 pm,22.0,0,Night,Winter,3801.0,4335,Northern,,Not Stated,Not Stated,Unknown,AA,Vehicle(s) Only Involved,14603,2,57,57557,1
18768,23245,180240588.0,2018-04-01 02:06:00,2018 April 01,02:06:00,2018,April,Sunday,2:01 am to 6:00 am,2.0,1,Night,Spring,3801.0,1061,Southern,3B12E,22350,22350,Unsafe speed for prevailing conditions,AA,Vehicle(s) Only Involved,14604,2,3,57658,1
18769,28072,140401112.0,2014-05-13 14:40:00,2014 May 13,14:40:00,2014,May,Tuesday,2:01 pm to 6:00 pm,14.0,0,Afternoon,Spring,3801.0,2179,CENTRAL,3A60,22350,22350,Unsafe speed for prevailing conditions,DD,Bicycle-Pedestrian,31778,2,1,53535,1
18770,20273,170870725.0,2017-10-24 21:45:00,2017 October 24,21:45:00,2017,October,Tuesday,6:01 pm to 10:00 pm,21.0,0,Night,Fall,3801.0,383,NORTHERN,3E15E,22350,22350,Unsafe speed for prevailing conditions,AA,Vehicle(s) Only Involved,14605,2,3,57658,1
18771,6229,180229162.0,2018-03-27 20:53:00,2018 March 27,20:53:00,2018,March,Tuesday,6:01 pm to 10:00 pm,20.0,0,Evening,Spring,3801.0,1279,Bayview,3C11D,22350,22350,Unsafe speed for prevailing conditions,AA,Vehicle(s) Only Involved,14606,2,3,57659,1
18772,6916,180935660.0,2018-12-12 11:00:00,2018 December 12,11:00:00,2018,December,Wednesday,10:01 am to 2:00 pm,11.0,0,Morning,Winter,3801.0,2337,Ingleside,3H12A,21703,21703,Following too closely prohibited,AA,Vehicle(s) Only Involved,14607,2,1,57658,14
18773,2413,160650725.0,2016-08-12 13:52:00,2016 August 12,13:52:00,2016,August,Friday,10:01 am to 2:00 pm,13.0,0,Afternoon,Summer,3801.0,397,INGLESIDE,3H16C,21950(a),"21950(a,c)",Driver or bicyclist to yield right-of-way at crosswalks,BB,Vehicle-Pedestrian,23240,2,1,57525,1
18774,36625,3216761.0,2007-05-15 15:13:00,2007 May 15,15:13:00,2007,May,Tuesday,2:01 pm to 6:00 pm,15.0,0,Afternoon,Spring,3801.0,1279,TARAV,4B6I,22350,22350,Unsafe speed for prevailing conditions,AA,Vehicle(s) Only Involved,14608,2,1,57658,8
18775,18747,180361037.0,2018-05-15 06:05:00,2018 May 15,06:05:00,2018,May,Tuesday,6:01 am to 10:00 am,6.0,0,Morning,Spring,3801.0,1990,Traffic,SOUTHERN 4C,Unknown,Unknown,Unknown,AA,Vehicle(s) Only Involved,40030,1,33,57585,2
18776,17652,2685543.0,2006-05-31 15:26:00,2006 May 31,15:26:00,2006,May,Wednesday,2:01 pm to 6:00 pm,15.0,0,Afternoon,Spring,3801.0,002089,SOUTH,4B6B,22350,22350,Unsafe speed for prevailing conditions,AA,Vehicle(s) Only Involved,14609,2,1,57658,8
18777,42724,170649003.0,2017-08-09 18:11:00,2017 August 09,18:11:00,2017,August,Wednesday,6:01 pm to 10:00 pm,18.0,0,Evening,Summer,3801.0,,RICHMOND,3G13D,21801(a),"21801(a,b)",Violation of right-of-way - left turn,CC,Vehicle-Bicycle,14610,2,2,57581,1
18778,42312,180397678.0,2018-05-28 18:36:00,2018 May 28,18:36:00,2018,May,Monday,6:01 pm to 10:00 pm,18.0,0,Evening,Spring,3801.0,274,Richmond,3G11C,22107,22107,Unsafe turn or lane change prohibited,AA,Vehicle(s) Only Involved,14611,2,23,57603,1
18779,30972,170833836.0,2017-10-12 13:00:00,2017 October 12,13:00:00,2017,October,Thursday,10:01 am to 2:00 pm,13.0,0,Afternoon,Fall,3801.0,2746,RICHMOND,3G12A,22350,22350,Unsafe speed for prevailing conditions,AA,Vehicle(s) Only Involved,14612,2,2,57658,1
18780,25275,170595149.0,2017-07-21 23:12:00,2017 July 21,23:12:00,2017,July,Friday,10:01 pm to 2:00 am,23.0,0,Night,Summer,3801.0,4047,SOUTHERN,3B14E,21456(b),"21456(a,b)",Pedestrian violation of walk or wait signals,AA,Vehicle(s) Only Involved,14613,2,3,57461,1
18781,10511,180707312.0,2018-09-18 11:17:00,2018 September 18,11:17:00,2018,September,Tuesday,10:01 am to 2:00 pm,11.0,0,Morning,Fall,3801.0,1250,Mission,901,22350,22350,Unsafe speed for prevailing conditions,AA,Vehicle(s) Only Involved,14614,2,2,56911,3
18782,30230,180797147.0,2018-10-20 17:34:00,2018 October 20,17:34:00,2018,October,Saturday,2:01 pm to 6:00 pm,17.0,1,Evening,Fall,3801.0,2207,Central,3A11D,21453(a),"21453(a,c)",Red signal - driver or bicyclist responsibilities,AA,Vehicle(s) Only Involved,13898,2,1,57659,14
18783,8934,150743794.0,2015-08-25 11:48:00,2015 August 25,11:48:00,2015,August,Tuesday,10:01 am to 2:00 pm,11.0,0,Morning,Summer,3801.0,4095,MISSION,908,23152(a),23152(a-g),Driving under influence of alcohol and/or drugs,AA,Vehicle(s) Only Involved,14615,2,2,57584,1
18784,35643,3217740.0,2007-05-24 16:14:00,2007 May 24,16:14:00,2007,May,Thursday,2:01 pm to 6:00 pm,16.0,0,Afternoon,Spring,3801.0,937,COA,4B71,22350,22350,Unsafe speed for prevailing conditions,AA,Vehicle(s) Only Involved,14616,2,2,57658,3
18785,83716,230615776.0,2023-08-29 08:20:00,2023 August 29,08:20:00,2023,August,Tuesday,6:01 am to 10:00 am,8.0,0,Morning,Summer,3801.0,4262,Richmond,3G14A,21950(a),"21950(a,c)",Driver or bicyclist to yield right-of-way at crosswalks,BB,Vehicle-Pedestrian,14617,2,1,57649,2
18786,8052,170503277.0,2017-06-20 17:50:00,2017 June 20,17:50:00,2017,June,Tuesday,2:01 pm to 6:00 pm,17.0,0,Evening,Summer,3801.0,1430,MISSION,3D11D,21950(b),21950(b),Pedestrian suddenly entering into vehicle path close enough to create an immediate hazard,DD,Bicycle-Pedestrian,14618,3,2,54247,2
18787,26503,170948394.0,2017-11-21 20:19:00,2017 November 21,20:19:00,2017,November,Tuesday,6:01 pm to 10:00 pm,20.0,0,Evening,Fall,3801.0,1765,CENTRAL,3A11D,21950(a),"21950(a,c)",Driver or bicyclist to yield right-of-way at crosswalks,BB,Vehicle-Pedestrian,22054,2,3,57649,2
18788,35299,170093234.0,2017-02-02 15:20:00,2017 February 02,15:20:00,2017,February,Thursday,2:01 pm to 6:00 pm,15.0,0,Afternoon,Winter,3801.0,129,NORTHERN,3E13C,21703,21703,Following too closely prohibited,AA,Vehicle(s) Only Involved,14619,1,16,57658,1
18789,32605,160395244.0,2016-05-14 17:37:00,2016 May 14,17:37:00,2016,May,Saturday,2:01 pm to 6:00 pm,17.0,1,Evening,Spring,3801.0,649,NORTHERN,3E16D,21750,21750,Overtaking and passing unsafely,AA,Vehicle(s) Only Involved,3848,2,1,57660,1
18790,4503,3049651.0,2007-02-23 18:39:00,2007 February 23,18:39:00,2007,February,Friday,6:01 pm to 10:00 pm,18.0,0,Evening,Winter,3801.0,1944,H,004,21955,21955,Crossing between controlled intersections (Jaywalking),BB,Vehicle-Pedestrian,14620,2,3,57280,2
18791,6224,170959476.0,2017-11-26 11:56:00,2017 November 26,11:56:00,2017,November,Sunday,10:01 am to 2:00 pm,11.0,1,Morning,Fall,3801.0,524,BABYVIEW,3C15A,22350,22350,Unsafe speed for prevailing conditions,AA,Vehicle(s) Only Involved,14621,4,16,57658,8
18792,10292,180169938.0,2018-03-04 22:39:00,2018 March 04,22:39:00,2018,March,Sunday,10:01 pm to 2:00 am,22.0,1,Night,Spring,3801.0,1480,Mission,3D2E,21950(a),"21950(a,c)",Driver or bicyclist to yield right-of-way at crosswalks,BB,Vehicle-Pedestrian,14622,2,3,57476,2
18793,6590,160453444.0,2016-06-03 13:16:00,2016 June 03,13:16:00,2016,June,Friday,10:01 am to 2:00 pm,13.0,0,Afternoon,Summer,3801.0,1994,MISSION,4B3B,Unknown,Unknown,Unknown,FF,Bicycle Only,14623,2,2,56707,2
18794,15320,180823952.0,2018-10-30 13:11:00,2018 October 30,13:11:00,2018,October,Tuesday,10:01 am to 2:00 pm,13.0,0,Afternoon,Fall,3801.0,546,Southern,4B4H,22107,22107,Unsafe turn or lane change prohibited,AA,Vehicle(s) Only Involved,14624,2,2,57660,2
18795,84107,230793849.0,2023-11-07 09:00:00,2023 November 07,09:00:00,2023,November,Tuesday,6:01 am to 10:00 am,9.0,0,Morning,Fall,3801.0,4286,Richmond,G3,21950(a),"21950(a,c)",Driver or bicyclist to yield right-of-way at crosswalks,BB,Vehicle-Pedestrian,14625,2,2,57649,1
18796,41559,1993071.0,2005-03-21 20:37:00,2005 March 21,20:37:00,2005,March,Monday,6:01 pm to 10:00 pm,20.0,0,Evening,Spring,3801.0,418,,3I62,Unknown,Unknown,Unknown,AA,Vehicle(s) Only Involved,5094,4,129,57659,2
18797,30959,170907522.0,2017-11-06 20:50:00,2017 November 06,20:50:00,2017,November,Monday,6:01 pm to 10:00 pm,20.0,0,Evening,Fall,3801.0,283,RICHMOND,G2,21453(a),"21453(a,c)",Red signal - driver or bicyclist responsibilities,BB,Vehicle-Pedestrian,14626,2,3,57649,2
18798,4254,180377705.0,2018-05-21 08:22:00,2018 May 21,08:22:00,2018,May,Monday,6:01 am to 10:00 am,8.0,0,Morning,Spring,3801.0,2202,Traffic,INGLESIDE,22350,22350,Unsafe speed for prevailing conditions,AA,Vehicle(s) Only Involved,3111,2,2,57658,8
18799,34304,150396246.0,2015-05-07 08:16:00,2015 May 07,08:16:00,2015,May,Thursday,6:01 am to 10:00 am,8.0,0,Morning,Spring,3801.0,4036,CENTRAL,4B5A,22350,22350,Unsafe speed for prevailing conditions,AA,Vehicle(s) Only Involved,14627,2,2,57658,1
18800,26823,180145182.0,2018-02-23 16:11:00,2018 February 23,16:11:00,2018,February,Friday,2:01 pm to 6:00 pm,16.0,0,Afternoon,Winter,3801.0,,Southern,1 CAR,21801(a),"21801(a,b)",Violation of right-of-way - left turn,CC,Vehicle-Bicycle,13177,2,1,57581,1
18801,3070,2628856.0,2006-03-20 21:41:00,2006 March 20,21:41:00,2006,March,Monday,6:01 pm to 10:00 pm,21.0,0,Night,Spring,3801.0,4229,,3L15E,22450(a),22450(a),Failure to stop at STOP sign,BB,Vehicle-Pedestrian,36321,2,12,57649,1
18802,8162,2774813.0,2006-07-24 18:51:00,2006 July 24,18:51:00,2006,July,Monday,6:01 pm to 10:00 pm,18.0,0,Evening,Summer,3801.0,1498,MISSI,111,23152(a),23152(a-g),Driving under influence of alcohol and/or drugs,AA,Vehicle(s) Only Involved,14629,9,2,57033,1
18803,22023,3123894.0,2007-03-02 13:32:00,2007 March 02,13:32:00,2007,March,Friday,10:01 am to 2:00 pm,13.0,0,Afternoon,Spring,3801.0,000520,NORTH,4B1B,21453(a),"21453(a,c)",Red signal - driver or bicyclist responsibilities,AA,Vehicle(s) Only Involved,3071,2,1,57659,8
18804,10906,180314127.0,2018-04-28 08:48:00,2018 April 28,08:48:00,2018,April,Saturday,6:01 am to 10:00 am,8.0,1,Morning,Spring,3801.0,2023,Park,2,21651(a)(1),21651(a)(1),"Driving over, upon, or across dividing section",CC,Vehicle-Bicycle,14630,2,2,57616,1
18805,43673,170654284.0,2017-08-11 16:08:00,2017 August 11,16:08:00,2017,August,Friday,2:01 pm to 6:00 pm,16.0,0,Afternoon,Summer,3801.0,2731,RICHMOND,901,21802(a),"21802(a,b)",Violation of right-of-way - entering through highway,AA,Vehicle(s) Only Involved,21205,2,1,57659,1
18806,24858,2699997.0,2006-06-08 00:07:00,2006 June 08,00:07:00,2006,June,Thursday,10:01 pm to 2:00 am,0.0,0,Night,Summer,3801.0,1780,J,3J2FE,21703,21703,Following too closely prohibited,AA,Vehicle(s) Only Involved,7460,2,3,57658,8
18807,84521,230718524.0,2023-10-06 14:25:00,2023 October 06,14:25:00,2023,October,Friday,2:01 pm to 6:00 pm,14.0,0,Afternoon,Fall,3801.0,2380,Southern,3B1,21663,21663,Operating vehicle or bicycle on sidewalk prohibited,CC,Vehicle-Bicycle,14632,2,1,57621,1
18808,37667,170964516.0,2017-11-28 06:00:00,2017 November 28,06:00:00,2017,November,Tuesday,6:01 am to 10:00 am,6.0,0,Morning,Fall,3801.0,893,TARAVAL,3I11A,22350,22350,Unsafe speed for prevailing conditions,AA,Vehicle(s) Only Involved,14633,2,15,57408,2
18809,33155,2730391.0,2006-07-05 07:15:00,2006 July 05,07:15:00,2006,July,Wednesday,6:01 am to 10:00 am,7.0,0,Morning,Summer,3801.0,1723,A,,21703,21703,Following too closely prohibited,AA,Vehicle(s) Only Involved,14634,2,1,57658,1
18810,31547,180479555.0,2018-06-28 11:00:00,2018 June 28,11:00:00,2018,June,Thursday,10:01 am to 2:00 pm,11.0,0,Morning,Summer,3801.0,127,Northern,4,21955,21955,Crossing between controlled intersections (Jaywalking),BB,Vehicle-Pedestrian,14635,2,2,57622,1
18811,29971,170999030.0,2017-12-10 16:14:00,2017 December 10,16:14:00,2017,December,Sunday,2:01 pm to 6:00 pm,16.0,1,Afternoon,Winter,3801.0,202,NORTHERN,3E13D,21950(a),"21950(a,c)",Driver or bicyclist to yield right-of-way at crosswalks,BB,Vehicle-Pedestrian,14636,2,1,57649,1
18812,20631,170794426.0,2017-09-28 23:10:00,2017 September 28,23:10:00,2017,September,Thursday,10:01 pm to 2:00 am,23.0,0,Night,Fall,3801.0,1061,NORTHERN,3E11E,21453(a),"21453(a,c)",Red signal - driver or bicyclist responsibilities,CC,Vehicle-Bicycle,37634,2,3,57621,4
18813,22830,3174329.0,2007-03-01 14:50:00,2007 March 01,14:50:00,2007,March,Thursday,2:01 pm to 6:00 pm,14.0,0,Afternoon,Spring,3801.0,1384,3G,4B5E,22107,22107,Unsafe turn or lane change prohibited,BB,Vehicle-Pedestrian,14637,5,1,57660,9
18814,23333,170630165.0,2017-08-03 07:42:00,2017 August 03,07:42:00,2017,August,Thursday,6:01 am to 10:00 am,7.0,0,Morning,Summer,3801.0,1572,SOUTHERN,3B1A,Unknown,Unknown,Unknown,BB,Vehicle-Pedestrian,26893,2,1,57522,1
18815,26300,180909273.0,2018-12-02 12:41:00,2018 December 02,12:41:00,2018,December,Sunday,10:01 am to 2:00 pm,12.0,1,Afternoon,Winter,3801.0,1826,Central,1,21950(a),"21950(a,c)",Driver or bicyclist to yield right-of-way at crosswalks,BB,Vehicle-Pedestrian,14782,2,1,57649,4
18816,39554,180142536.0,2018-02-22 16:33:00,2018 February 22,16:33:00,2018,February,Thursday,2:01 pm to 6:00 pm,16.0,0,Afternoon,Winter,3801.0,278,Taraval,3I11D,21801(a),"21801(a,b)",Violation of right-of-way - left turn,AA,Vehicle(s) Only Involved,14639,2,2,57237,1
18817,7070,160795575.0,2016-09-30 17:53:00,2016 September 30,17:53:00,2016,September,Friday,2:01 pm to 6:00 pm,17.0,0,Evening,Fall,3801.0,4371,INGLESIDE,901,22107,22107,Unsafe turn or lane change prohibited,CC,Vehicle-Bicycle,22823,2,1,57614,2
18818,84227,230744080.0,2023-10-16 22:06:00,2023 October 16,22:06:00,2023,October,Monday,10:01 pm to 2:00 am,22.0,0,Night,Fall,3801.0,2359,Taraval,I2,22450(a),22450(a),Failure to stop at STOP sign,AA,Vehicle(s) Only Involved,28862,2,12,57659,1
18819,84646,230844135.0,2023-11-30 17:51:00,2023 November 30,17:51:00,2023,November,Thursday,2:01 pm to 6:00 pm,17.0,0,Evening,Fall,3801.0,1851,Tenderloin,3J14D,22105,22105,Illegal U-turn on highway without unobstructed view,AA,Vehicle(s) Only Involved,14641,2,3,55413,4
18820,22486,180025493.0,2018-01-10 09:45:00,2018 January 10,09:45:00,2018,January,Wednesday,6:01 am to 10:00 am,9.0,0,Morning,Winter,3801.0,307,Park,3,21703,21703,Following too closely prohibited,AA,Vehicle(s) Only Involved,14642,1,16,57557,14
18821,29497,170138517.0,2017-02-17 20:22:00,2017 February 17,20:22:00,2017,February,Friday,6:01 pm to 10:00 pm,20.0,0,Evening,Winter,3801.0,2209,3801,3F12D,21453(a),"21453(a,c)",Red signal - driver or bicyclist responsibilities,BB,Vehicle-Pedestrian,14643,4,13,57649,3
18822,24235,3209185.0,2007-05-21 15:42:00,2007 May 21,15:42:00,2007,May,Monday,2:01 pm to 6:00 pm,15.0,0,Afternoon,Spring,3801.0,246,,4B6G,22100(b),"22100(a,b)",Turn at intersection from wrong position,BB,Vehicle-Pedestrian,14644,2,1,57649,2
18823,41346,4959373.0,2010-11-11 10:37:00,2010 November 11,10:37:00,2010,November,Thursday,10:01 am to 2:00 pm,10.0,0,Morning,Fall,3801.0,866,I,2,21703,21703,Following too closely prohibited,AA,Vehicle(s) Only Involved,14645,2,2,57658,1
18824,5307,4847809.0,2010-08-13 18:20:00,2010 August 13,18:20:00,2010,August,Friday,6:01 pm to 10:00 pm,18.0,0,Evening,Summer,3801.0,1057,3C,3C60,21806(a),"21806(a,b)",Failure to yield to emergency vehicle,CC,Vehicle-Bicycle,14646,2,1,57655,1
18825,8236,150364011.0,2015-04-26 19:29:00,2015 April 26,19:29:00,2015,April,Sunday,6:01 pm to 10:00 pm,19.0,1,Evening,Spring,3801.0,4375,MISSION,903,21453(a),"21453(a,c)",Red signal - driver or bicyclist responsibilities,AA,Vehicle(s) Only Involved,26281,2,1,57659,14
18826,11203,170898272.0,2017-11-03 13:15:00,2017 November 03,13:15:00,2017,November,Friday,10:01 am to 2:00 pm,13.0,0,Afternoon,Fall,3801.0,2318,MISSION,3D15C,22350,22350,Unsafe speed for prevailing conditions,CC,Vehicle-Bicycle,14647,2,1,57639,1
18827,13891,170613020.0,2017-07-28 08:15:00,2017 July 28,08:15:00,2017,July,Friday,6:01 am to 10:00 am,8.0,0,Morning,Summer,3801.0,,SOUTHERN,3B60,22101(d),22101(d),Violation of a turn prohibition sign,AA,Vehicle(s) Only Involved,14648,2,1,57660,1
18828,23620,170603576.0,2017-07-24 21:34:00,2017 July 24,21:34:00,2017,July,Monday,6:01 pm to 10:00 pm,21.0,0,Night,Summer,3801.0,,SOUTHERN,B1,21950(a),"21950(a,c)",Driver or bicyclist to yield right-of-way at crosswalks,BB,Vehicle-Pedestrian,14649,2,3,57649,3
18829,25610,2775892.0,2006-08-12 17:57:00,2006 August 12,17:57:00,2006,August,Saturday,2:01 pm to 6:00 pm,17.0,1,Evening,Summer,3801.0,1903,SOUTH,3B11D,22350,22350,Unsafe speed for prevailing conditions,AA,Vehicle(s) Only Involved,19252,2,1,57636,1
18830,14907,2720261.0,2006-07-14 18:15:00,2006 July 14,18:15:00,2006,July,Friday,6:01 pm to 10:00 pm,18.0,0,Evening,Summer,3801.0,1698,B,3B5D,22350,22350,Unsafe speed for prevailing conditions,AA,Vehicle(s) Only Involved,14650,2,43,57237,1
18831,83846,230698879.0,2023-09-28 18:26:00,2023 September 28,18:26:00,2023,September,Thursday,6:01 pm to 10:00 pm,18.0,0,Evening,Fall,3801.0,1454,Northern,3E13D,21703,21703,Following too closely prohibited,AA,Vehicle(s) Only Involved,14651,2,1,57658,11
18832,3091,180578919.0,2018-08-03 12:37:00,2018 August 03,12:37:00,2018,August,Friday,10:01 am to 2:00 pm,12.0,0,Afternoon,Summer,3801.0,875,Bayview,3C13C,22107,22107,Unsafe turn or lane change prohibited,AA,Vehicle(s) Only Involved,14652,2,2,57659,1
18833,34028,160616551.0,2016-07-31 14:46:00,2016 July 31,14:46:00,2016,July,Sunday,2:01 pm to 6:00 pm,14.0,1,Afternoon,Summer,3801.0,4178,CENTRAL,4B3A,22350,22350,Unsafe speed for prevailing conditions,AA,Vehicle(s) Only Involved,14653,2,2,57654,3
18834,31367,1992973.0,2005-03-09 20:41:00,2005 March 09,20:41:00,2005,March,Wednesday,6:01 pm to 10:00 pm,20.0,0,Evening,Spring,3801.0,821,CO K,4B8F,21453(a),"21453(a,c)",Red signal - driver or bicyclist responsibilities,AA,Vehicle(s) Only Involved,6793,2,3,57659,1
18835,83804,230673508.0,2023-09-19 15:43:00,2023 September 19,15:43:00,2023,September,Tuesday,2:01 pm to 6:00 pm,15.0,0,Afternoon,Fall,3801.0,2049,Richmond,G3,21755(a),21755(a),Unsafe passing on right shoulder,CC,Vehicle-Bicycle,14654,2,2,49721,2
18836,31574,4933644.0,2010-11-11 15:00:00,2010 November 11,15:00:00,2010,November,Thursday,2:01 pm to 6:00 pm,15.0,0,Afternoon,Fall,3801.0,649,,3G64,21453(a),"21453(a,c)",Red signal - driver or bicyclist responsibilities,AA,Vehicle(s) Only Involved,14655,2,1,57659,17
18837,1100,180414341.0,2018-06-04 09:30:00,2018 June 04,09:30:00,2018,June,Monday,6:01 am to 10:00 am,9.0,0,Morning,Summer,3801.0,2337,Ingleside,3H11A,22350,22350,Unsafe speed for prevailing conditions,CC,Vehicle-Bicycle,14656,2,2,57621,1
18838,23094,170937773.0,2017-11-17 20:30:00,2017 November 17,20:30:00,2017,November,Friday,6:01 pm to 10:00 pm,20.0,0,Evening,Fall,3801.0,892,SOUTHERN,3B13D,22107,22107,Unsafe turn or lane change prohibited,AA,Vehicle(s) Only Involved,31119,2,3,57660,1
18839,44359,2628808.0,2006-03-10 19:00:00,2006 March 10,19:00:00,2006,March,Friday,6:01 pm to 10:00 pm,19.0,0,Evening,Spring,3801.0,2130,G,005,22350,22350,Unsafe speed for prevailing conditions,BB,Vehicle-Pedestrian,14657,15,7,57649,1
18840,36274,180015983.0,2018-01-06 18:43:00,2018 January 06,18:43:00,2018,January,Saturday,6:01 pm to 10:00 pm,18.0,1,Evening,Winter,3801.0,,Ingleside,3H15D,21950(a),"21950(a,c)",Driver or bicyclist to yield right-of-way at crosswalks,BB,Vehicle-Pedestrian,14658,2,33,57649,1
18841,8721,180283362.0,2018-04-17 08:30:00,2018 April 17,08:30:00,2018,April,Tuesday,6:01 am to 10:00 am,8.0,0,Morning,Spring,3801.0,,Mission,3D13A,22102,22102,Illegal U-turn in business district,AA,Vehicle(s) Only Involved,14659,2,2,57659,1