collision_id,unique_id,case_id_pkey,collision_datetime,collision_date,collision_time,accident_year,month,day_of_week,time_cat,hour_of_day,is_weekend,time_of_day,season,juris,officer_id,reporting_district,beat_number,vz_pcf_code,vz_pcf_group,vz_pcf_description,dph_col_grp,dph_col_grp_description,location_id,weather_id,road_id,party_id,severity_id
19597,22580,2829496.0,2006-10-07 00:43:00,2006 October 07,00:43:00,2006,October,Saturday,10:01 pm to 2:00 am,0.0,1,Night,Fall,3801.0,518,CO F,3F14E,21453(d),21453(d),Red signal - pedestrian responsibilities,BB,Vehicle-Pedestrian,33467,2,3,57622,1
19598,46981,190260065.0,2019-04-13 12:09:00,2019 April 13,12:09:00,2019,April,Saturday,10:01 am to 2:00 pm,12.0,1,Afternoon,Spring,3801.0,HICKS,Northern,3E2A,22100(b),"22100(a,b)",Turn at intersection from wrong position,AA,Vehicle(s) Only Involved,15183,2,1,57660,8
19599,39029,6221921.0,2012-11-21 14:35:00,2012 November 21,14:35:00,2012,November,Wednesday,2:01 pm to 6:00 pm,14.0,0,Afternoon,Fall,3801.0,001607,TARAV,031,22350,22350,Unsafe speed for prevailing conditions,BB,Vehicle-Pedestrian,15184,2,2,57584,3
19600,27706,2774931.0,2006-07-29 12:02:00,2006 July 29,12:02:00,2006,July,Saturday,10:01 am to 2:00 pm,12.0,1,Afternoon,Summer,3801.0,1723,A,,21802(a),"21802(a,b)",Violation of right-of-way - entering through highway,AA,Vehicle(s) Only Involved,17412,2,1,57659,2
19601,25761,160014262.0,2016-01-06 09:55:00,2016 January 06,09:55:00,2016,January,Wednesday,6:01 am to 10:00 am,9.0,0,Morning,Winter,3801.0,1523,NORTHERN,CO A 1,21456(b),"21456(a,b)",Pedestrian violation of walk or wait signals,BB,Vehicle-Pedestrian,33333,4,37,57525,1
19602,43799,6104470.0,2012-08-10 13:00:00,2012 August 10,13:00:00,2012,August,Friday,10:01 am to 2:00 pm,13.0,0,Afternoon,Summer,3801.0,1073,RICHM,4B2G,22350,22350,Unsafe speed for prevailing conditions,AA,Vehicle(s) Only Involved,15186,2,1,57607,1
19603,46548,190073012.0,2019-01-29 17:17:00,2019 January 29,17:17:00,2019,January,Tuesday,2:01 pm to 6:00 pm,17.0,0,Evening,Winter,3801.0,1042,Taraval,3I13D,21950(a),"21950(a,c)",Driver or bicyclist to yield right-of-way at crosswalks,BB,Vehicle-Pedestrian,15187,2,3,57454,1
19604,40685,130339103.0,2013-04-25 16:04:00,2013 April 25,16:04:00,2013,April,Thursday,2:01 pm to 6:00 pm,16.0,0,Afternoon,Spring,3801.0,1832,PARK,3C13D,21658(a),"21658(a,b)",Lane straddling or failure to use specified lanes,AA,Vehicle(s) Only Involved,15188,2,1,57584,2
19605,13043,4803481.0,2010-07-16 13:50:00,2010 July 16,13:50:00,2010,July,Friday,10:01 am to 2:00 pm,13.0,0,Afternoon,Summer,3801.0,513,COC,3C13C,22107,22107,Unsafe turn or lane change prohibited,CC,Vehicle-Bicycle,15189,2,2,57625,1
19606,3882,3011244.0,2007-01-11 08:00:00,2007 January 11,08:00:00,2007,January,Thursday,6:01 am to 10:00 am,8.0,0,Morning,Winter,3801.0,1670,INGLE,0H1,21950(a),"21950(a,c)",Driver or bicyclist to yield right-of-way at crosswalks,BB,Vehicle-Pedestrian,15190,2,1,57525,2
19607,14511,2267947.0,2005-09-14 14:19:00,2005 September 14,14:19:00,2005,September,Wednesday,2:01 pm to 6:00 pm,14.0,0,Afternoon,Fall,3801.0,2044,SOUTH,4B2B,21750,21750,Overtaking and passing unsafely,AA,Vehicle(s) Only Involved,15191,2,161,57660,1
19608,8109,2793369.0,2006-09-05 08:37:00,2006 September 05,08:37:00,2006,September,Tuesday,6:01 am to 10:00 am,8.0,0,Morning,Fall,3801.0,1983,COF,002,21651(a),21651(a),Crossing dividing section on freeway prohibited,AA,Vehicle(s) Only Involved,15192,1,1,57660,1
19609,9006,170006522.0,2017-01-02 13:50:00,2017 January 02,13:50:00,2017,January,Monday,10:01 am to 2:00 pm,13.0,0,Afternoon,Winter,3801.0,307,MISSION,3D13C,21703,21703,Following too closely prohibited,AA,Vehicle(s) Only Involved,15193,4,16,57557,8
19610,10244,2308713.0,2005-09-30 10:28:00,2005 September 30,10:28:00,2005,September,Friday,10:01 am to 2:00 pm,10.0,0,Morning,Fall,3801.0,927,,,21954(b),21954(b),Failure of driver or bicyclist to exercise due care for safety of pedestrian on roadway,BB,Vehicle-Pedestrian,15194,2,2,57649,1
19611,16801,130417301.0,2013-05-21 08:55:00,2013 May 21,08:55:00,2013,May,Tuesday,6:01 am to 10:00 am,8.0,0,Morning,Spring,3801.0,1794,SOUTHERN,3B60,22350,22350,Unsafe speed for prevailing conditions,FF,Bicycle Only,15195,1,2,54643,2
19612,40681,2395779.0,2005-11-19 02:10:00,2005 November 19,02:10:00,2005,November,Saturday,2:01 am to 6:00 am,2.0,1,Night,Fall,3801.0,1295,,1CAR,22350,22350,Unsafe speed for prevailing conditions,AA,Vehicle(s) Only Involved,39329,2,3,57658,3
19613,37510,2188610.0,2005-08-17 16:48:00,2005 August 17,16:48:00,2005,August,Wednesday,2:01 pm to 6:00 pm,16.0,0,Afternoon,Summer,3801.0,246,TARAV,4B7E,21955,21955,Crossing between controlled intersections (Jaywalking),BB,Vehicle-Pedestrian,15197,2,1,57622,1
19614,44853,2571321.0,2006-01-25 17:20:00,2006 January 25,17:20:00,2006,January,Wednesday,2:01 pm to 6:00 pm,17.0,0,Evening,Winter,3801.0,1144,HMOND,3G2,21453(b),21453(b),Red signal - driver or bicyclist responsibilities with right turn,BB,Vehicle-Pedestrian,23813,3,6,57532,3
19615,26208,2434242.0,2005-12-21 16:50:00,2005 December 21,16:50:00,2005,December,Wednesday,2:01 pm to 6:00 pm,16.0,0,Afternoon,Winter,3801.0,1417,,0A1,21950(a),"21950(a,c)",Driver or bicyclist to yield right-of-way at crosswalks,BB,Vehicle-Pedestrian,15199,4,13,57649,1
19616,27960,2457465.0,2006-01-13 16:30:00,2006 January 13,16:30:00,2006,January,Friday,2:01 pm to 6:00 pm,16.0,0,Afternoon,Winter,3801.0,1428,CENTR,,22106,22106,Unsafe starting or backing on highway,AA,Vehicle(s) Only Involved,15200,1,2,57658,8
19617,46562,190081253.0,2019-02-01 18:35:00,2019 February 01,18:35:00,2019,February,Friday,6:01 pm to 10:00 pm,18.0,0,Evening,Winter,3801.0,426,Northern,3E11E,22107,22107,Unsafe turn or lane change prohibited,AA,Vehicle(s) Only Involved,13423,4,13,57660,8
19618,30887,2395784.0,2005-11-20 11:09:00,2005 November 20,11:09:00,2005,November,Sunday,10:01 am to 2:00 pm,11.0,1,Morning,Fall,3801.0,1188,,PARK,22350,22350,Unsafe speed for prevailing conditions,AA,Vehicle(s) Only Involved,8592,2,47,57658,1
19619,24084,150924972.0,2015-10-22 21:40:00,2015 October 22,21:40:00,2015,October,Thursday,6:01 pm to 10:00 pm,21.0,0,Night,Fall,3801.0,1427,J,12E,Unknown,Unknown,Unknown,BB,Vehicle-Pedestrian,15201,2,12,57622,1
19620,29121,2308706.0,2005-08-14 04:13:00,2005 August 14,04:13:00,2005,August,Sunday,2:01 am to 6:00 am,4.0,1,Night,Summer,3801.0,1714,COE,3 CAR,21453(a),"21453(a,c)",Red signal - driver or bicyclist responsibilities,AA,Vehicle(s) Only Involved,9426,2,3,57659,13
19621,46391,190001897.0,2019-01-01 17:55:00,2019 January 01,17:55:00,2019,January,Tuesday,2:01 pm to 6:00 pm,17.0,0,Evening,Winter,3801.0,1345,Mission,4D,22350,22350,Unsafe speed for prevailing conditions,AA,Vehicle(s) Only Involved,15202,2,12,57583,2
19622,10749,180779593.0,2018-10-14 15:23:00,2018 October 14,15:23:00,2018,October,Sunday,2:01 pm to 6:00 pm,15.0,1,Afternoon,Fall,3801.0,4035,Mission,3D13D,21950(a),"21950(a,c)",Driver or bicyclist to yield right-of-way at crosswalks,BB,Vehicle-Pedestrian,15203,2,2,57649,1
19623,10527,2008189.0,2005-03-13 22:40:00,2005 March 13,22:40:00,2005,March,Sunday,10:01 pm to 2:00 am,22.0,1,Night,Spring,3801.0,4084,,0D3,22350,22350,Unsafe speed for prevailing conditions,AA,Vehicle(s) Only Involved,9610,1,165,57658,3
19624,46331,190265598.0,2019-04-14 15:00:00,2019 April 14,15:00:00,2019,April,Sunday,2:01 pm to 6:00 pm,15.0,1,Afternoon,Spring,3801.0,4352,Southern,B1,21453(a),"21453(a,c)",Red signal - driver or bicyclist responsibilities,AA,Vehicle(s) Only Involved,12030,2,1,57659,8
19625,81863,230265280.0,2023-04-16 01:48:00,2023 April 16,01:48:00,2023,April,Sunday,10:01 pm to 2:00 am,1.0,1,Night,Spring,3801.0,1217,Mission,1 car,22450(a),22450(a),Failure to stop at STOP sign,AA,Vehicle(s) Only Involved,15204,2,12,57659,2
19626,7047,2160732.0,2005-07-23 22:25:00,2005 July 23,22:25:00,2005,July,Saturday,10:01 pm to 2:00 am,22.0,1,Night,Summer,3801.0,1245,INGLE,3H13D,21954(a),21954(a),Pedestrians must yield right-of-way outside of crosswalks,BB,Vehicle-Pedestrian,15205,2,12,57280,1
19627,30153,1988508.0,2005-03-11 05:53:00,2005 March 11,05:53:00,2005,March,Friday,2:01 am to 6:00 am,5.0,0,Morning,Spring,3801.0,1751,,,21457(a),21457(a),Actions required at flashing red signal,AA,Vehicle(s) Only Involved,25374,2,3,57659,1
19628,25995,6221638.0,2012-10-06 08:40:00,2012 October 06,08:40:00,2012,October,Saturday,6:01 am to 10:00 am,8.0,1,Morning,Fall,3801.0,915,COJ,3J13A,21453(a),"21453(a,c)",Red signal - driver or bicyclist responsibilities,AA,Vehicle(s) Only Involved,28923,2,1,57659,1
19629,43584,170804423.0,2017-10-02 17:54:00,2017 October 02,17:54:00,2017,October,Monday,2:01 pm to 6:00 pm,17.0,0,Evening,Fall,3801.0,1888,RICHMOND,,21750,21750,Overtaking and passing unsafely,AA,Vehicle(s) Only Involved,15206,2,2,57660,1
19630,10983,2571439.0,2006-01-09 14:50:00,2006 January 09,14:50:00,2006,January,Monday,2:01 pm to 6:00 pm,14.0,0,Afternoon,Winter,3801.0,1716,,MISSIO,22102,22102,Illegal U-turn in business district,CC,Vehicle-Bicycle,15207,2,2,57581,2
19631,37194,9004211.0,2006-07-31 18:35:00,2006 July 31,18:35:00,2006,July,Monday,6:01 pm to 10:00 pm,18.0,0,Evening,Summer,3801.0,4206,TARAV,3/3D,22350,22350,Unsafe speed for prevailing conditions,AA,Vehicle(s) Only Involved,15208,2,1,57658,1
19632,36377,180074763.0,2018-01-28 14:01:00,2018 January 28,14:01:00,2018,January,Sunday,2:01 pm to 6:00 pm,14.0,1,Afternoon,Winter,3801.0,1498,Taraval,3II6B,Unknown,Unknown,Unknown,AA,Vehicle(s) Only Involved,39238,2,1,57585,8
19633,9160,2636764.0,2006-03-13 03:06:00,2006 March 13,03:06:00,2006,March,Monday,2:01 am to 6:00 am,3.0,0,Night,Spring,3801.0,0973,BAYVI,001,22350,22350,Unsafe speed for prevailing conditions,AA,Vehicle(s) Only Involved,15209,2,3,57607,1
19634,37359,2706295.0,2006-06-12 11:00:00,2006 June 12,11:00:00,2006,June,Monday,10:01 am to 2:00 pm,11.0,0,Morning,Summer,3801.0,625,,,22106,22106,Unsafe starting or backing on highway,AA,Vehicle(s) Only Involved,15210,2,2,57659,2
19635,22919,4645664.0,2010-03-26 13:55:00,2010 March 26,13:55:00,2010,March,Friday,10:01 am to 2:00 pm,13.0,0,Afternoon,Spring,9335.0,19847,,24,22350,22350,Unsafe speed for prevailing conditions,AA,Vehicle(s) Only Involved,8047,2,2,57658,2
19636,4775,2226595.0,2005-08-27 17:15:00,2005 August 27,17:15:00,2005,August,Saturday,2:01 pm to 6:00 pm,17.0,1,Evening,Summer,3801.0,519,INGLE,2CAR,22350,22350,Unsafe speed for prevailing conditions,AA,Vehicle(s) Only Involved,15211,2,2,57607,4
19637,12798,6093628.0,2012-08-07 22:47:00,2012 August 07,22:47:00,2012,August,Tuesday,10:01 pm to 2:00 am,22.0,0,Night,Summer,3801.0,2175,D,7B6D,22350,22350,Unsafe speed for prevailing conditions,AA,Vehicle(s) Only Involved,15212,2,12,57408,1
19638,18877,150816272.0,2015-09-17 12:35:00,2015 September 17,12:35:00,2015,September,Thursday,10:01 am to 2:00 pm,12.0,0,Afternoon,Fall,3801.0,244,NORTHERN,3E2C,22107,22107,Unsafe turn or lane change prohibited,AA,Vehicle(s) Only Involved,15213,2,2,57659,2
19639,46741,190147162.0,2019-02-27 22:43:00,2019 February 27,22:43:00,2019,February,Wednesday,10:01 pm to 2:00 am,22.0,0,Night,Winter,3801.0,1394,Mission,3D14E,22350,22350,Unsafe speed for prevailing conditions,AA,Vehicle(s) Only Involved,18666,2,12,57607,1
19640,27289,4004209.0,2009-01-15 13:00:00,2009 January 15,13:00:00,2009,January,Thursday,10:01 am to 2:00 pm,13.0,0,Afternoon,Winter,3801.0,1723,A,002,Unknown,Unknown,Unknown,AA,Vehicle(s) Only Involved,5828,2,1,57659,2
19641,43459,2339693.0,2005-10-27 16:53:00,2005 October 27,16:53:00,2005,October,Thursday,2:01 pm to 6:00 pm,16.0,0,Afternoon,Fall,3801.0,659,RICHM,0G3,21453(a),"21453(a,c)",Red signal - driver or bicyclist responsibilities,AA,Vehicle(s) Only Involved,40605,2,1,57659,14
19642,46686,190123463.0,2019-02-19 08:00:00,2019 February 19,08:00:00,2019,February,Tuesday,6:01 am to 10:00 am,8.0,0,Morning,Winter,3801.0,2452,Richmond,3G60,21801(a),"21801(a,b)",Violation of right-of-way - left turn,AA,Vehicle(s) Only Involved,3201,2,1,57659,4
19643,46955,190235347.0,2019-04-03 12:30:00,2019 April 03,12:30:00,2019,April,Wednesday,10:01 am to 2:00 pm,12.0,0,Afternoon,Spring,3801.0,1362,Richmond,3G3,21703,21703,Following too closely prohibited,AA,Vehicle(s) Only Involved,15216,1,1,57658,1
19644,40234,3235033.0,2007-06-11 10:30:00,2007 June 11,10:30:00,2007,June,Monday,10:01 am to 2:00 pm,10.0,0,Morning,Summer,3801.0,625,I,4B4I,22350,22350,Unsafe speed for prevailing conditions,AA,Vehicle(s) Only Involved,15217,2,1,57658,8
19645,10400,2307444.0,2005-09-27 17:37:00,2005 September 27,17:37:00,2005,September,Tuesday,2:01 pm to 6:00 pm,17.0,0,Evening,Fall,3801.0,002122,D,4B6D,21950(a),"21950(a,c)",Driver or bicyclist to yield right-of-way at crosswalks,BB,Vehicle-Pedestrian,15218,2,1,57649,4
19646,19551,161004072.0,2016-12-10 12:40:00,2016 December 10,12:40:00,2016,December,Saturday,10:01 am to 2:00 pm,12.0,1,Afternoon,Winter,3801.0,235,NORTHERN,3E15A,22350,22350,Unsafe speed for prevailing conditions,AA,Vehicle(s) Only Involved,15219,4,16,57659,1
19647,46819,190176202.0,2019-03-11 13:30:00,2019 March 11,13:30:00,2019,March,Monday,10:01 am to 2:00 pm,13.0,0,Afternoon,Spring,3801.0,4333,Northern,3E13A,22350,22350,Unsafe speed for prevailing conditions,AA,Vehicle(s) Only Involved,15220,2,1,57658,1
19648,14639,5148642.0,2011-04-08 10:00:00,2011 April 08,10:00:00,2011,April,Friday,6:01 am to 10:00 am,10.0,0,Morning,Spring,9335.0,13740,,024,22350,22350,Unsafe speed for prevailing conditions,AA,Vehicle(s) Only Involved,15221,2,2,57658,1
19649,937,1988693.0,2005-03-05 16:57:00,2005 March 05,16:57:00,2005,March,Saturday,2:01 pm to 6:00 pm,16.0,1,Afternoon,Spring,3801.0,000829,,4B6H,23153(a),23153(a-g),Driving under influence causing injury,AA,Vehicle(s) Only Involved,15222,2,2,57584,3
19650,48551,190502873.0,2019-07-11 18:25:00,2019 July 11,18:25:00,2019,July,Thursday,6:01 pm to 10:00 pm,18.0,0,Evening,Summer,3801.0,221,Park,3F14D,Unknown,Unknown,Unknown,FF,Bicycle Only,15223,2,2,57524,4
19651,48554,190492638.0,2019-07-08 07:40:00,2019 July 08,07:40:00,2019,July,Monday,6:01 am to 10:00 am,7.0,0,Morning,Summer,3801.0,196,Central,3A13A,21954(a),21954(a),Pedestrians must yield right-of-way outside of crosswalks,BB,Vehicle-Pedestrian,15224,1,1,57622,4
19652,12390,1993091.0,2005-03-22 12:52:00,2005 March 22,12:52:00,2005,March,Tuesday,10:01 am to 2:00 pm,12.0,0,Afternoon,Spring,3801.0,01173,,4B3H,22106,22106,Unsafe starting or backing on highway,AA,Vehicle(s) Only Involved,15225,4,4,57237,2
19653,43486,2637930.0,2006-04-21 16:48:00,2006 April 21,16:48:00,2006,April,Friday,2:01 pm to 6:00 pm,16.0,0,Afternoon,Spring,3801.0,1149,COG,4B7D,21453(a),"21453(a,c)",Red signal - driver or bicyclist responsibilities,AA,Vehicle(s) Only Involved,15226,2,1,57659,8
19654,212,3804777.0,2008-06-22 18:35:00,2008 June 22,18:35:00,2008,June,Sunday,6:01 pm to 10:00 pm,18.0,1,Evening,Summer,3801.0,001678,BAYVI,3C15,22350,22350,Unsafe speed for prevailing conditions,AA,Vehicle(s) Only Involved,30358,2,1,54533,1
19655,18107,5429199.0,2011-11-09 18:05:00,2011 November 09,18:05:00,2011,November,Wednesday,6:01 pm to 10:00 pm,18.0,0,Evening,Fall,3801.0,A11408,SOUTH,3B60,23153(a),23153(a-g),Driving under influence causing injury,CC,Vehicle-Bicycle,29449,2,3,55606,2
19656,3736,130921067.0,2013-10-30 11:52:00,2013 October 30,11:52:00,2013,October,Wednesday,10:01 am to 2:00 pm,11.0,0,Morning,Fall,3801.0,4045,TARAVAL,6,22350,22350,Unsafe speed for prevailing conditions,AA,Vehicle(s) Only Involved,15228,2,2,57654,1
19657,39489,2394268.0,2005-11-21 16:27:00,2005 November 21,16:27:00,2005,November,Monday,2:01 pm to 6:00 pm,16.0,0,Afternoon,Fall,3801.0,000829,TARAV,4B61,21802(a),"21802(a,b)",Violation of right-of-way - entering through highway,AA,Vehicle(s) Only Involved,28603,2,1,57659,8
19658,24809,6096690.0,2012-09-26 12:15:00,2012 September 26,12:15:00,2012,September,Wednesday,10:01 am to 2:00 pm,12.0,0,Afternoon,Fall,3801.0,1764,TTF,3J11A,21703,21703,Following too closely prohibited,AA,Vehicle(s) Only Involved,5290,2,1,57658,1
19659,39630,2638552.0,2006-03-07 14:06:00,2006 March 07,14:06:00,2006,March,Tuesday,2:01 pm to 6:00 pm,14.0,0,Afternoon,Spring,3801.0,002122,TARAV,4B6D,21802(a),"21802(a,b)",Violation of right-of-way - entering through highway,AA,Vehicle(s) Only Involved,5781,2,1,57659,8
19660,44537,2413903.0,2005-12-11 23:22:00,2005 December 11,23:22:00,2005,December,Sunday,10:01 pm to 2:00 am,23.0,1,Night,Winter,3801.0,002038,G,3G13E,23153(a),23153(a-g),Driving under influence causing injury,AA,Vehicle(s) Only Involved,15230,2,12,57658,1
19661,8429,3011305.0,2007-01-17 14:35:00,2007 January 17,14:35:00,2007,January,Wednesday,2:01 pm to 6:00 pm,14.0,0,Afternoon,Winter,3801.0,002122,D,4B6D,21950(a),"21950(a,c)",Driver or bicyclist to yield right-of-way at crosswalks,BB,Vehicle-Pedestrian,15231,2,1,57649,2
19662,39733,2699872.0,2006-06-21 10:15:00,2006 June 21,10:15:00,2006,June,Wednesday,10:01 am to 2:00 pm,10.0,0,Morning,Summer,3801.0,2016,COI,003,22450(a),22450(a),Failure to stop at STOP sign,AA,Vehicle(s) Only Involved,15232,2,1,57659,1
19663,38406,170217694.0,2017-03-16 16:50:00,2017 March 16,16:50:00,2017,March,Thursday,2:01 pm to 6:00 pm,16.0,0,Afternoon,Spring,3801.0,1517,TARAVAL,3I13D,21801(a),"21801(a,b)",Violation of right-of-way - left turn,AA,Vehicle(s) Only Involved,15233,2,2,57659,1
19664,27414,6104485.0,2012-08-03 12:13:00,2012 August 03,12:13:00,2012,August,Friday,10:01 am to 2:00 pm,12.0,0,Afternoon,Summer,3801.0,1887,SOURT,4K1C,22350,22350,Unsafe speed for prevailing conditions,AA,Vehicle(s) Only Involved,15234,2,9,57658,11
19665,27679,2409212.0,2005-11-30 02:52:00,2005 November 30,02:52:00,2005,November,Wednesday,2:01 am to 6:00 am,2.0,0,Night,Fall,3801.0,503,,,22350,22350,Unsafe speed for prevailing conditions,BB,Vehicle-Pedestrian,15235,2,165,57584,17
19666,13588,2774901.0,2006-07-20 12:02:00,2006 July 20,12:02:00,2006,July,Thursday,10:01 am to 2:00 pm,12.0,0,Afternoon,Summer,3801.0,1184,SANFR,4B2D,22350,22350,Unsafe speed for prevailing conditions,AA,Vehicle(s) Only Involved,15236,2,1,57658,1
19667,583,170637826.0,2017-08-05 22:13:00,2017 August 05,22:13:00,2017,August,Saturday,10:01 pm to 2:00 am,22.0,1,Night,Summer,3801.0,,BAYVIEW,3C15,22350,22350,Unsafe speed for prevailing conditions,AA,Vehicle(s) Only Involved,15237,1,3,57584,8
19668,36143,2793393.0,2006-09-06 11:51:00,2006 September 06,11:51:00,2006,September,Wednesday,10:01 am to 2:00 pm,11.0,0,Morning,Fall,3801.0,546,INGLE,3H16C,Unknown,Unknown,Unknown,AA,Vehicle(s) Only Involved,10911,2,2,57658,12
19669,45206,3226985.0,2007-03-25 09:27:00,2007 March 25,09:27:00,2007,March,Sunday,6:01 am to 10:00 am,9.0,1,Morning,Spring,3801.0,1054,G,004,22106,22106,Unsafe starting or backing on highway,AA,Vehicle(s) Only Involved,15238,1,1,57237,1
19670,18518,5901561.0,2012-07-12 15:55:00,2012 July 12,15:55:00,2012,July,Thursday,2:01 pm to 6:00 pm,15.0,0,Afternoon,Summer,9335.0,15214,,015,22107,22107,Unsafe turn or lane change prohibited,AA,Vehicle(s) Only Involved,15239,2,2,57607,1
19671,2819,4080584.0,2009-01-04 12:35:00,2009 January 04,12:35:00,2009,January,Sunday,10:01 am to 2:00 pm,12.0,1,Afternoon,Winter,3801.0,2137,BAYVI,4B2C,21751,21751,Passing without sufficient clearance,AA,Vehicle(s) Only Involved,15240,2,2,57603,11
19672,26108,1992272.0,2005-02-15 09:02:00,2005 February 15,09:02:00,2005,February,Tuesday,6:01 am to 10:00 am,9.0,0,Morning,Winter,3801.0,1529,COJ,3J62,21453(a),"21453(a,c)",Red signal - driver or bicyclist responsibilities,AA,Vehicle(s) Only Involved,7259,7,16,57659,2
19673,18592,4738100.0,2010-06-14 11:40:00,2010 June 14,11:40:00,2010,June,Monday,10:01 am to 2:00 pm,11.0,0,Morning,Summer,9335.0,13058,,15,22350,22350,Unsafe speed for prevailing conditions,AA,Vehicle(s) Only Involved,20527,2,1,57658,8
19674,7669,6102602.0,2012-09-20 23:33:00,2012 September 20,23:33:00,2012,September,Thursday,10:01 pm to 2:00 am,23.0,0,Night,Fall,3801.0,2266,INGLE,3H11E,21802(a),"21802(a,b)",Violation of right-of-way - entering through highway,AA,Vehicle(s) Only Involved,34675,2,3,57237,1
19675,46672,190117052.0,2019-02-16 11:51:00,2019 February 16,11:51:00,2019,February,Saturday,10:01 am to 2:00 pm,11.0,1,Morning,Winter,3801.0,73,Mission,4B1D,21950(a),"21950(a,c)",Driver or bicyclist to yield right-of-way at crosswalks,BB,Vehicle-Pedestrian,15243,1,16,57649,1
19676,35581,2484889.0,2005-12-09 10:20:00,2005 December 09,10:20:00,2005,December,Friday,10:01 am to 2:00 pm,10.0,0,Morning,Winter,3801.0,000714,NORTH,4B1J,22350,22350,Unsafe speed for prevailing conditions,AA,Vehicle(s) Only Involved,15244,2,1,57658,1
19677,3231,131089929.0,2013-12-28 14:52:00,2013 December 28,14:52:00,2013,December,Saturday,2:01 pm to 6:00 pm,14.0,1,Afternoon,Winter,3801.0,2356,BAYVIEW,3C46,21950(b),21950(b),Pedestrian suddenly entering into vehicle path close enough to create an immediate hazard,BB,Vehicle-Pedestrian,31743,2,1,57622,1
19678,9348,9009651.0,2006-08-29 15:09:00,2006 August 29,15:09:00,2006,August,Tuesday,2:01 pm to 6:00 pm,15.0,0,Afternoon,Summer,3801.0,1917,,3D14D,21801(a),"21801(a,b)",Violation of right-of-way - left turn,AA,Vehicle(s) Only Involved,15245,2,1,57659,8
19679,47292,190282495.0,2019-04-20 22:47:00,2019 April 20,22:47:00,2019,April,Saturday,10:01 pm to 2:00 am,22.0,1,Night,Spring,3801.0,2172,Northern,,21751,21751,Passing without sufficient clearance,AA,Vehicle(s) Only Involved,15246,2,3,57659,2
19680,33804,9019195.0,2006-09-09 09:50:00,2006 September 09,09:50:00,2006,September,Saturday,6:01 am to 10:00 am,9.0,1,Morning,Fall,3801.0,1723,,00A,21754,21754,Improper passing on right prohibited,DD,Bicycle-Pedestrian,15247,1,1,57473,2
19681,36581,2415119.0,2005-11-11 18:55:00,2005 November 11,18:55:00,2005,November,Friday,6:01 pm to 10:00 pm,18.0,0,Evening,Fall,3801.0,127,TARAV,3I16D,21703,21703,Following too closely prohibited,CC,Vehicle-Bicycle,15248,2,12,57655,1
19682,18206,2782678.0,2006-08-25 10:45:00,2006 August 25,10:45:00,2006,August,Friday,10:01 am to 2:00 pm,10.0,0,Morning,Summer,9335.0,010471,,015,22350,22350,Unsafe speed for prevailing conditions,AA,Vehicle(s) Only Involved,15249,2,2,53916,8
19683,6946,150140491.0,2015-02-15 12:25:00,2015 February 15,12:25:00,2015,February,Sunday,10:01 am to 2:00 pm,12.0,1,Afternoon,Winter,3801.0,1438,INGLESIDE,3 CAR,22350,22350,Unsafe speed for prevailing conditions,AA,Vehicle(s) Only Involved,15250,2,2,57658,1
19684,38684,2339100.0,2005-10-17 09:25:00,2005 October 17,09:25:00,2005,October,Monday,6:01 am to 10:00 am,9.0,0,Morning,Fall,3801.0,1794,TRAVE,003,22107,22107,Unsafe turn or lane change prohibited,CC,Vehicle-Bicycle,35070,2,1,57625,2
19685,47741,190201241.0,2019-03-21 08:03:00,2019 March 21,08:03:00,2019,March,Thursday,6:01 am to 10:00 am,8.0,0,Morning,Spring,3801.0,1125,Taraval,3I1A,21950(a),"21950(a,c)",Driver or bicyclist to yield right-of-way at crosswalks,BB,Vehicle-Pedestrian,15251,2,2,57649,4
19686,44213,6104511.0,2012-04-06 19:30:00,2012 April 06,19:30:00,2012,April,Friday,6:01 pm to 10:00 pm,19.0,0,Evening,Spring,3801.0,A20354,RICHM,,21804(a),"21804(a,b)",Entering highway from alley or driveway,AA,Vehicle(s) Only Involved,15252,2,2,57660,1
19687,10517,2188574.0,2005-08-17 15:25:00,2005 August 17,15:25:00,2005,August,Wednesday,2:01 pm to 6:00 pm,15.0,0,Afternoon,Summer,3801.0,733,MISSI,,22350,22350,Unsafe speed for prevailing conditions,AA,Vehicle(s) Only Involved,15253,2,1,57557,1
19688,15157,3234971.0,2007-06-01 19:00:00,2007 June 01,19:00:00,2007,June,Friday,6:01 pm to 10:00 pm,19.0,0,Evening,Summer,3801.0,2175,SOUTH,4B5H,Unknown,Unknown,Unknown,BB,Vehicle-Pedestrian,15254,2,2,57525,2
19689,28081,2639360.0,2006-02-12 09:05:00,2006 February 12,09:05:00,2006,February,Sunday,6:01 am to 10:00 am,9.0,1,Morning,Winter,3801.0,1723,A,,21453(a),"21453(a,c)",Red signal - driver or bicyclist responsibilities,AA,Vehicle(s) Only Involved,31778,2,1,57659,1
19690,47698,190133791.0,2019-02-22 17:06:00,2019 February 22,17:06:00,2019,February,Friday,2:01 pm to 6:00 pm,17.0,0,Evening,Winter,3801.0,2419,Richmond,G4,22350,22350,Unsafe speed for prevailing conditions,CC,Vehicle-Bicycle,15255,2,33,57621,1
19691,10547,6073442.0,2012-04-19 16:45:00,2012 April 19,16:45:00,2012,April,Thursday,2:01 pm to 6:00 pm,16.0,0,Afternoon,Spring,3801.0,000995,MISSI,3D13D,21703,21703,Following too closely prohibited,CC,Vehicle-Bicycle,7292,2,2,57561,2