collision_id,unique_id,case_id_pkey,collision_datetime,collision_date,collision_time,accident_year,month,day_of_week,time_cat,hour_of_day,is_weekend,time_of_day,season,juris,officer_id,reporting_district,beat_number,vz_pcf_code,vz_pcf_group,vz_pcf_description,dph_col_grp,dph_col_grp_description,location_id,weather_id,road_id,party_id,severity_id
20257,12944,150952014.0,2015-10-31 17:57:00,2015 October 31,17:57:00,2015,October,Saturday,2:01 pm to 6:00 pm,17.0,1,Evening,Fall,3801.0,654,PARK,3F14D,21804(a),"21804(a,b)",Entering highway from alley or driveway,AA,Vehicle(s) Only Involved,15595,9,12,57660,8
20258,43159,2699982.0,2006-06-10 13:42:00,2006 June 10,13:42:00,2006,June,Saturday,10:01 am to 2:00 pm,13.0,1,Afternoon,Summer,3801.0,1597,,3G62,21802(a),"21802(a,b)",Violation of right-of-way - entering through highway,AA,Vehicle(s) Only Involved,15834,2,19,57659,2
20259,9971,150637777.0,2015-07-22 14:40:00,2015 July 22,14:40:00,2015,July,Wednesday,2:01 pm to 6:00 pm,14.0,0,Afternoon,Summer,3801.0,4095,MISSION,908,21804(a),"21804(a,b)",Entering highway from alley or driveway,AA,Vehicle(s) Only Involved,15596,2,2,57659,2
20260,48454,190484782.0,2019-07-04 18:40:00,2019 July 04,18:40:00,2019,July,Thursday,6:01 pm to 10:00 pm,18.0,0,Evening,Summer,3801.0,1875,Ingleside,3H13D,21801(a),"21801(a,b)",Violation of right-of-way - left turn,AA,Vehicle(s) Only Involved,24409,2,1,57603,2
20261,21268,3783056.0,2008-05-23 12:10:00,2008 May 23,12:10:00,2008,May,Friday,10:01 am to 2:00 pm,12.0,0,Afternoon,Spring,3801.0,000779,NORTH,3E62,21453(a),"21453(a,c)",Red signal - driver or bicyclist responsibilities,AA,Vehicle(s) Only Involved,7194,2,1,57659,8
20262,37594,2392274.0,2005-11-14 10:00:00,2005 November 14,10:00:00,2005,November,Monday,6:01 am to 10:00 am,10.0,0,Morning,Fall,3801.0,1794,TARAV,004,21802(a),"21802(a,b)",Violation of right-of-way - entering through highway,AA,Vehicle(s) Only Involved,15598,2,1,57659,1
20263,12245,2383586.0,2005-10-25 07:55:00,2005 October 25,07:55:00,2005,October,Tuesday,6:01 am to 10:00 am,7.0,0,Morning,Fall,3801.0,1693,MISSI,3D16A,22100(b),"22100(a,b)",Turn at intersection from wrong position,AA,Vehicle(s) Only Involved,15599,1,1,57660,1
20264,43803,180972189.0,2018-12-26 19:16:00,2018 December 26,19:16:00,2018,December,Wednesday,6:01 pm to 10:00 pm,19.0,0,Evening,Winter,3801.0,4047,Richmond,3G13D,21755(a),21755(a),Unsafe passing on right shoulder,AA,Vehicle(s) Only Involved,15600,2,3,57660,1
20265,42269,2661400.0,2006-05-05 10:55:00,2006 May 05,10:55:00,2006,May,Friday,10:01 am to 2:00 pm,10.0,0,Morning,Spring,3801.0,000514,,4B1D,21801(b),"21801(a,b)",Violation of right-of-way - left turn,AA,Vehicle(s) Only Involved,40839,1,1,57603,3
20266,9285,130866651.0,2013-10-14 04:01:00,2013 October 14,04:01:00,2013,October,Monday,2:01 am to 6:00 am,4.0,0,Night,Fall,3801.0,4124,BAYVIEW,3C11E,22350,22350,Unsafe speed for prevailing conditions,AA,Vehicle(s) Only Involved,15602,2,3,57576,1
20267,2533,9005445.0,2006-08-25 17:20:00,2006 August 25,17:20:00,2006,August,Friday,2:01 pm to 6:00 pm,17.0,0,Evening,Summer,3801.0,4018,C,005,22107,22107,Unsafe turn or lane change prohibited,BB,Vehicle-Pedestrian,15603,2,2,57649,4
20268,9942,170360760.0,2017-04-22 17:45:00,2017 April 22,17:45:00,2017,April,Saturday,2:01 pm to 6:00 pm,17.0,1,Evening,Spring,3801.0,1030,MISSION,3D114,Unknown,Unknown,Unknown,CC,Vehicle-Bicycle,15604,3,6,48086,1
20269,4283,6221945.0,2012-11-13 19:34:00,2012 November 13,19:34:00,2012,November,Tuesday,6:01 pm to 10:00 pm,19.0,0,Evening,Fall,3801.0,241,COH,4B3H,21801(a),"21801(a,b)",Violation of right-of-way - left turn,AA,Vehicle(s) Only Involved,15605,2,12,57659,8
20270,20832,2081807.0,2005-06-10 08:04:00,2005 June 10,08:04:00,2005,June,Friday,6:01 am to 10:00 am,8.0,0,Morning,Summer,3801.0,1590,,3E61,22100(b),"22100(a,b)",Turn at intersection from wrong position,AA,Vehicle(s) Only Involved,9893,2,1,57660,1
20271,237,2967427.0,2006-12-26 17:48:00,2006 December 26,17:48:00,2006,December,Tuesday,2:01 pm to 6:00 pm,17.0,0,Evening,Winter,3801.0,1651,INGLE,3H16D,21453(d),21453(d),Red signal - pedestrian responsibilities,BB,Vehicle-Pedestrian,30969,4,13,57252,1
20272,34371,2232304.0,2005-08-13 13:40:00,2005 August 13,13:40:00,2005,August,Saturday,10:01 am to 2:00 pm,13.0,1,Afternoon,Summer,3801.0,1644,CENTR,4T9A,21658(a),"21658(a,b)",Lane straddling or failure to use specified lanes,CC,Vehicle-Bicycle,13336,2,2,57614,4
20273,25278,2829498.0,2006-09-15 12:00:00,2006 September 15,12:00:00,2006,September,Friday,10:01 am to 2:00 pm,12.0,0,Afternoon,Fall,3801.0,1988,SOUTH,00B,22517,22517,Opening door on traffic side when unsafe,CC,Vehicle-Bicycle,15607,2,1,57614,2
20274,36731,2639772.0,2006-02-10 06:50:00,2006 February 10,06:50:00,2006,February,Friday,6:01 am to 10:00 am,6.0,0,Morning,Winter,3801.0,1629,TARAV,315,22350,22350,Unsafe speed for prevailing conditions,AA,Vehicle(s) Only Involved,15608,2,15,56911,1
20275,6512,2705355.0,2006-06-08 16:38:00,2006 June 08,16:38:00,2006,June,Thursday,2:01 pm to 6:00 pm,16.0,0,Afternoon,Summer,3801.0,1149,,4B7D,22106,22106,Unsafe starting or backing on highway,AA,Vehicle(s) Only Involved,15609,2,2,57659,4
20276,46269,190231492.0,2019-04-02 07:57:00,2019 April 02,07:57:00,2019,April,Tuesday,6:01 am to 10:00 am,7.0,0,Morning,Spring,3801.0,2039,Taraval,5,22350,22350,Unsafe speed for prevailing conditions,AA,Vehicle(s) Only Involved,15610,4,16,57569,2
20277,13217,2415218.0,2005-11-14 08:21:00,2005 November 14,08:21:00,2005,November,Monday,6:01 am to 10:00 am,8.0,0,Morning,Fall,3801.0,2044,SOUTH,4B2B,21755(a),21755(a),Unsafe passing on right shoulder,AA,Vehicle(s) Only Involved,15611,2,2,57660,1
20278,20430,5668853.0,2012-03-10 06:15:00,2012 March 10,06:15:00,2012,March,Saturday,6:01 am to 10:00 am,6.0,1,Morning,Spring,3801.0,1645,NORTH,3E11A,Unknown,Unknown,Unknown,AA,Vehicle(s) Only Involved,1395,2,1,57585,1
20279,13987,6083822.0,2012-01-11 13:15:00,2012 January 11,13:15:00,2012,January,Wednesday,10:01 am to 2:00 pm,13.0,0,Afternoon,Winter,3801.0,A11173,,3B3C,21950(a),"21950(a,c)",Driver or bicyclist to yield right-of-way at crosswalks,BB,Vehicle-Pedestrian,15585,2,1,57649,1
20280,19778,130947239.0,2013-11-08 08:26:00,2013 November 08,08:26:00,2013,November,Friday,6:01 am to 10:00 am,8.0,0,Morning,Fall,3801.0,1856,PARK,3F14A,22350,22350,Unsafe speed for prevailing conditions,AA,Vehicle(s) Only Involved,15612,2,1,57658,1
20281,36073,160616658.0,2016-07-31 15:15:00,2016 July 31,15:15:00,2016,July,Sunday,2:01 pm to 6:00 pm,15.0,1,Afternoon,Summer,3801.0,434,3E13C,3801,Unknown,Unknown,Unknown,FF,Bicycle Only,34852,2,2,56662,2
20282,23110,6096689.0,2012-09-04 16:42:00,2012 September 04,16:42:00,2012,September,Tuesday,2:01 pm to 6:00 pm,16.0,0,Afternoon,Fall,3801.0,2376,SOUTH,3B13D,21804(b),"21804(a,b)",Entering highway from alley or driveway,AA,Vehicle(s) Only Involved,15614,2,2,57659,1
20283,8422,2637971.0,2006-04-05 17:41:00,2006 April 05,17:41:00,2006,April,Wednesday,2:01 pm to 6:00 pm,17.0,0,Evening,Spring,3801.0,1149,COD,4B7D,22350,22350,Unsafe speed for prevailing conditions,AA,Vehicle(s) Only Involved,15615,1,2,57658,8
20284,35076,2238587.0,2005-07-08 14:45:00,2005 July 08,14:45:00,2005,July,Friday,2:01 pm to 6:00 pm,14.0,0,Afternoon,Summer,3801.0,246,NORTH,4B7E,21950(a),"21950(a,c)",Driver or bicyclist to yield right-of-way at crosswalks,BB,Vehicle-Pedestrian,15616,2,1,57649,1
20285,4492,2457429.0,2006-01-12 10:46:00,2006 January 12,10:46:00,2006,January,Thursday,10:01 am to 2:00 pm,10.0,0,Morning,Winter,3801.0,801,,,22350,22350,Unsafe speed for prevailing conditions,AA,Vehicle(s) Only Involved,15617,2,1,57658,8
20286,40776,140673753.0,2014-08-12 17:46:00,2014 August 12,17:46:00,2014,August,Tuesday,2:01 pm to 6:00 pm,17.0,0,Evening,Summer,3801.0,931,RICHMOND,3G11D,21802(a),"21802(a,b)",Violation of right-of-way - entering through highway,CC,Vehicle-Bicycle,15618,2,2,57639,1
20287,40293,2814047.0,2006-09-20 23:00:00,2006 September 20,23:00:00,2006,September,Wednesday,10:01 pm to 2:00 am,23.0,0,Night,Fall,3801.0,001324,TARAV,3I61,22107,22107,Unsafe turn or lane change prohibited,AA,Vehicle(s) Only Involved,15619,2,12,57619,1
20288,31285,6226953.0,2012-10-13 15:24:00,2012 October 13,15:24:00,2012,October,Saturday,2:01 pm to 6:00 pm,15.0,1,Afternoon,Fall,3801.0,2145,RICHM,4B3G,21460(a),"21460(a,b)",Improper turns over double lines or solid lines to right prohibited,AA,Vehicle(s) Only Involved,15620,2,1,57659,2
20289,27621,150306988.0,2015-04-08 12:15:00,2015 April 08,12:15:00,2015,April,Wednesday,10:01 am to 2:00 pm,12.0,0,Afternoon,Spring,3801.0,27,CENTRAL,3A2C,22106,22106,Unsafe starting or backing on highway,BB,Vehicle-Pedestrian,15621,2,2,57649,1
20290,35512,170293365.0,2017-04-10 14:50:00,2017 April 10,14:50:00,2017,April,Monday,2:01 pm to 6:00 pm,14.0,0,Afternoon,Spring,3801.0,1550,NORTHERN,3E14C,21950(a),"21950(a,c)",Driver or bicyclist to yield right-of-way at crosswalks,BB,Vehicle-Pedestrian,15622,2,2,57454,1
20291,11657,2063500.0,2005-05-23 02:05:00,2005 May 23,02:05:00,2005,May,Monday,2:01 am to 6:00 am,2.0,0,Night,Spring,3801.0,624,MISSI,001,23152(a),23152(a-g),Driving under influence of alcohol and/or drugs,AA,Vehicle(s) Only Involved,33022,2,3,57659,12
20292,8617,2414200.0,2005-12-15 02:50:00,2005 December 15,02:50:00,2005,December,Thursday,2:01 am to 6:00 am,2.0,0,Night,Winter,3801.0,1101,,,22450(a),22450(a),Failure to stop at STOP sign,AA,Vehicle(s) Only Involved,13133,2,3,57659,8
20293,29694,2776350.0,2006-08-06 17:30:00,2006 August 06,17:30:00,2006,August,Sunday,2:01 pm to 6:00 pm,17.0,1,Evening,Summer,3801.0,002122,E,4B6D,21453(d),21453(d),Red signal - pedestrian responsibilities,BB,Vehicle-Pedestrian,40355,2,1,57622,17
20294,41885,170037577.0,2017-01-14 18:49:00,2017 January 14,18:49:00,2017,January,Saturday,6:01 pm to 10:00 pm,18.0,1,Evening,Winter,3801.0,1427,RICHMOND,3G11D,22107,22107,Unsafe turn or lane change prohibited,AA,Vehicle(s) Only Involved,15623,2,12,57603,1
20295,26188,130684174.0,2013-08-17 18:15:00,2013 August 17,18:15:00,2013,August,Saturday,6:01 pm to 10:00 pm,18.0,1,Evening,Summer,3801.0,2393,CENTRAL,3A1D,21954(a),21954(a),Pedestrians must yield right-of-way outside of crosswalks,BB,Vehicle-Pedestrian,15624,2,2,57622,1
20296,40303,3217822.0,2007-05-13 18:30:00,2007 May 13,18:30:00,2007,May,Sunday,6:01 pm to 10:00 pm,18.0,1,Evening,Spring,3801.0,002089,TARAV,4B6B,22450(a),22450(a),Failure to stop at STOP sign,AA,Vehicle(s) Only Involved,9150,2,1,57659,2
20297,17521,5830567.0,2012-10-10 13:30:00,2012 October 10,13:30:00,2012,October,Wednesday,10:01 am to 2:00 pm,13.0,0,Afternoon,Fall,9335.0,018379,,901,21453(a),"21453(a,c)",Red signal - driver or bicyclist responsibilities,CC,Vehicle-Bicycle,40956,2,1,57621,2
20298,20883,9020873.0,2006-09-09 18:35:00,2006 September 09,18:35:00,2006,September,Saturday,6:01 pm to 10:00 pm,18.0,1,Evening,Fall,3801.0,1384,3E,4B7A,22106,22106,Unsafe starting or backing on highway,AA,Vehicle(s) Only Involved,15626,1,2,57658,8
20299,18626,5797370.0,2012-08-21 10:46:00,2012 August 21,10:46:00,2012,August,Tuesday,10:01 am to 2:00 pm,10.0,0,Morning,Summer,9335.0,017759,,015,21658(a),"21658(a,b)",Lane straddling or failure to use specified lanes,AA,Vehicle(s) Only Involved,15627,2,2,57660,1
20300,4595,131037586.0,2013-12-09 17:55:00,2013 December 09,17:55:00,2013,December,Monday,2:01 pm to 6:00 pm,17.0,0,Evening,Winter,3801.0,1109,INGLESIDE,3H2C,21954(a),21954(a),Pedestrians must yield right-of-way outside of crosswalks,BB,Vehicle-Pedestrian,15628,2,3,57622,1
20301,37374,130097806.0,2013-02-03 19:36:00,2013 February 03,19:36:00,2013,February,Sunday,6:01 pm to 10:00 pm,19.0,1,Evening,Winter,3801.0,4200,TARAVAL,315D,21651(a),21651(a),Crossing dividing section on freeway prohibited,AA,Vehicle(s) Only Involved,26005,2,3,57659,3
20302,24127,5076749.0,2011-01-02 10:52:00,2011 January 02,10:52:00,2011,January,Sunday,10:01 am to 2:00 pm,10.0,1,Morning,Winter,3801.0,1794,,,22350,22350,Unsafe speed for prevailing conditions,AA,Vehicle(s) Only Involved,15629,2,2,57607,1
20303,4407,3235022.0,2007-06-12 15:30:00,2007 June 12,15:30:00,2007,June,Tuesday,2:01 pm to 6:00 pm,15.0,0,Afternoon,Summer,3801.0,519,INGLE,3CAR,21453(d),21453(d),Red signal - pedestrian responsibilities,BB,Vehicle-Pedestrian,38063,2,1,57622,1
20304,46545,190071555.0,2019-01-29 11:00:00,2019 January 29,11:00:00,2019,January,Tuesday,10:01 am to 2:00 pm,11.0,0,Morning,Winter,3801.0,1342,Northern,3E16A,20002(a),"20002(a,b)","Hit and run, property damage",AA,Vehicle(s) Only Involved,15630,2,23,57660,1
20305,35358,2678592.0,2006-02-28 12:45:00,2006 February 28,12:45:00,2006,February,Tuesday,10:01 am to 2:00 pm,12.0,0,Afternoon,Winter,3801.0,000043,NORTH,3E61,21453(a),"21453(a,c)",Red signal - driver or bicyclist responsibilities,AA,Vehicle(s) Only Involved,31036,2,1,57659,8
20306,38131,6143617.0,2012-05-06 18:36:00,2012 May 06,18:36:00,2012,May,Sunday,6:01 pm to 10:00 pm,18.0,1,Evening,Spring,3801.0,A10217,TARAV,313D,21800(a),21800(a-c),Violation of right-of-way or uncontrolled intersection,AA,Vehicle(s) Only Involved,15631,2,261,57659,1
20307,7187,160611307.0,2016-07-29 15:30:00,2016 July 29,15:30:00,2016,July,Friday,2:01 pm to 6:00 pm,15.0,0,Afternoon,Summer,3801.0,1501,INGLESIDE,3H,21703,21703,Following too closely prohibited,AA,Vehicle(s) Only Involved,15632,2,2,57658,1
20308,21927,2112316.0,2005-07-03 03:39:00,2005 July 03,03:39:00,2005,July,Sunday,2:01 am to 6:00 am,3.0,1,Night,Summer,3801.0,610,,3E2,21457(a),21457(a),Actions required at flashing red signal,AA,Vehicle(s) Only Involved,15633,2,3,57659,8
20309,22130,2883876.0,2006-10-27 07:05:00,2006 October 27,07:05:00,2006,October,Friday,6:01 am to 10:00 am,7.0,0,Morning,Fall,3801.0,000779,NORTH,3E62,21950(a),"21950(a,c)",Driver or bicyclist to yield right-of-way at crosswalks,BB,Vehicle-Pedestrian,4601,2,1,57649,1
20310,36839,161035572.0,2016-12-21 15:41:00,2016 December 21,15:41:00,2016,December,Wednesday,2:01 pm to 6:00 pm,15.0,0,Afternoon,Winter,3801.0,4212,3801,3I16B,22107,22107,Unsafe turn or lane change prohibited,AA,Vehicle(s) Only Involved,31311,2,2,57659,1
20311,1066,2635818.0,2006-03-06 07:08:00,2006 March 06,07:08:00,2006,March,Monday,6:01 am to 10:00 am,7.0,0,Morning,Spring,3801.0,000373,H5,3H62,21802(a),"21802(a,b)",Violation of right-of-way - entering through highway,AA,Vehicle(s) Only Involved,31231,2,4,57659,1
20312,37327,2022683.0,2005-05-13 10:23:00,2005 May 13,10:23:00,2005,May,Friday,10:01 am to 2:00 pm,10.0,0,Morning,Spring,3801.0,153,TARAV,4B1A,22350,22350,Unsafe speed for prevailing conditions,AA,Vehicle(s) Only Involved,15636,2,2,57658,1
20313,28615,140702017.0,2014-08-21 15:38:00,2014 August 21,15:38:00,2014,August,Thursday,2:01 pm to 6:00 pm,15.0,0,Afternoon,Summer,3801.0,1420,CENTRAL,4K3A,21950(a),"21950(a,c)",Driver or bicyclist to yield right-of-way at crosswalks,BB,Vehicle-Pedestrian,15637,2,55,55188,1
20314,82557,230195126.0,2023-03-19 23:46:00,2023 March 19,23:46:00,2023,March,Sunday,10:01 pm to 2:00 am,23.0,1,Night,Spring,3801.0,1830,Central,3A11E,21453(a),"21453(a,c)",Red signal - driver or bicyclist responsibilities,AA,Vehicle(s) Only Involved,10371,1,13,57659,1
20315,39591,1994920.0,2005-04-16 13:30:00,2005 April 16,13:30:00,2005,April,Saturday,10:01 am to 2:00 pm,13.0,1,Afternoon,Spring,3801.0,001317,,,21453(a),"21453(a,c)",Red signal - driver or bicyclist responsibilities,AA,Vehicle(s) Only Involved,40330,2,23,57659,8
20316,44368,1988030.0,2005-03-08 17:21:00,2005 March 08,17:21:00,2005,March,Tuesday,2:01 pm to 6:00 pm,17.0,0,Evening,Spring,3801.0,1340,,3G1D,22350,22350,Unsafe speed for prevailing conditions,AA,Vehicle(s) Only Involved,21826,1,1,57658,1
20317,46502,190053092.0,2019-01-22 08:52:00,2019 January 22,08:52:00,2019,January,Tuesday,6:01 am to 10:00 am,8.0,0,Morning,Winter,3801.0,38,Southern,1 CAR,21954(a),21954(a),Pedestrians must yield right-of-way outside of crosswalks,BB,Vehicle-Pedestrian,15638,2,2,57622,1
20318,15191,6076488.0,2012-04-02 13:55:00,2012 April 02,13:55:00,2012,April,Monday,10:01 am to 2:00 pm,13.0,0,Afternoon,Spring,3801.0,000251,TRAFF,4C3,21950(a),"21950(a,c)",Driver or bicyclist to yield right-of-way at crosswalks,BB,Vehicle-Pedestrian,40859,2,1,57649,1
20319,15939,170164982.0,2017-02-27 08:14:00,2017 February 27,08:14:00,2017,February,Monday,6:01 am to 10:00 am,8.0,0,Morning,Winter,3801.0,750,TENDERLOIN,3J12A,21453(a),"21453(a,c)",Red signal - driver or bicyclist responsibilities,DD,Bicycle-Pedestrian,32273,2,23,25214,1
20320,28683,2267710.0,2005-09-20 16:53:00,2005 September 20,16:53:00,2005,September,Tuesday,2:01 pm to 6:00 pm,16.0,0,Afternoon,Fall,3801.0,1428,CENTR,,22350,22350,Unsafe speed for prevailing conditions,AA,Vehicle(s) Only Involved,15639,2,2,57313,1
20321,7594,1988040.0,2005-01-25 17:30:00,2005 January 25,17:30:00,2005,January,Tuesday,2:01 pm to 6:00 pm,17.0,0,Evening,Winter,3801.0,1579,H,3H16D,21750,21750,Overtaking and passing unsafely,AA,Vehicle(s) Only Involved,15640,2,7,57660,1
20322,28561,9014156.0,2006-08-19 22:20:00,2006 August 19,22:20:00,2006,August,Saturday,10:01 pm to 2:00 am,22.0,1,Night,Summer,3801.0,2082,CENTR,4B8H,21950(a),"21950(a,c)",Driver or bicyclist to yield right-of-way at crosswalks,BB,Vehicle-Pedestrian,15641,2,3,57649,2
20323,36360,170260665.0,2017-03-30 14:25:00,2017 March 30,14:25:00,2017,March,Thursday,2:01 pm to 6:00 pm,14.0,0,Afternoon,Spring,3801.0,13,RICHMOND,4B7G,21453(c),"21453(a,c)",Red signal - driver or bicyclist responsibilities,AA,Vehicle(s) Only Involved,9380,8,1,57659,1
20324,46398,190005281.0,2019-01-02 22:05:00,2019 January 02,22:05:00,2019,January,Wednesday,10:01 pm to 2:00 am,22.0,0,Night,Winter,3801.0,2354,Taraval,3I13E,23153(a),23153(a-g),Driving under influence causing injury,AA,Vehicle(s) Only Involved,15642,2,3,57658,13
20325,20398,2659185.0,2006-05-15 16:28:00,2006 May 15,16:28:00,2006,May,Monday,2:01 pm to 6:00 pm,16.0,0,Afternoon,Spring,3801.0,002122,E,4B6D,21457(a),21457(a),Actions required at flashing red signal,AA,Vehicle(s) Only Involved,1395,2,1,57659,1
20326,27512,6142265.0,2012-05-12 14:44:00,2012 May 12,14:44:00,2012,May,Saturday,2:01 pm to 6:00 pm,14.0,1,Afternoon,Spring,3801.0,1882,CENTR,3A61,22350,22350,Unsafe speed for prevailing conditions,AA,Vehicle(s) Only Involved,40175,2,1,57553,3
20327,15527,2347564.0,2005-10-04 17:39:00,2005 October 04,17:39:00,2005,October,Tuesday,2:01 pm to 6:00 pm,17.0,0,Evening,Fall,3801.0,1903,COB,3B14D,21658(a),"21658(a,b)",Lane straddling or failure to use specified lanes,AA,Vehicle(s) Only Involved,38348,2,1,57237,2
20328,6021,2339169.0,2005-10-19 16:23:00,2005 October 19,16:23:00,2005,October,Wednesday,2:01 pm to 6:00 pm,16.0,0,Afternoon,Fall,3801.0,002122,C,4B6D,21801(a),"21801(a,b)",Violation of right-of-way - left turn,AA,Vehicle(s) Only Involved,6453,2,1,57659,3
20329,38117,3224089.0,2007-02-13 06:41:00,2007 February 13,06:41:00,2007,February,Tuesday,6:01 am to 10:00 am,6.0,0,Morning,Winter,3801.0,649,CO1,4B2H,21950(a),"21950(a,c)",Driver or bicyclist to yield right-of-way at crosswalks,BB,Vehicle-Pedestrian,15643,2,1,57649,1
20330,13720,6104456.0,2012-04-22 00:30:00,2012 April 22,00:30:00,2012,April,Sunday,10:01 pm to 2:00 am,0.0,1,Night,Spring,3801.0,4063,SOUTH,,21801(a),"21801(a,b)",Violation of right-of-way - left turn,AA,Vehicle(s) Only Involved,35825,2,3,57659,1
20331,44988,3234455.0,2007-05-09 05:40:00,2007 May 09,05:40:00,2007,May,Wednesday,2:01 am to 6:00 am,5.0,0,Morning,Spring,3801.0,000055,,CO G,21453(a),"21453(a,c)",Red signal - driver or bicyclist responsibilities,AA,Vehicle(s) Only Involved,6769,5,1,57659,3
20332,46719,190137737.0,2019-02-24 06:10:00,2019 February 24,06:10:00,2019,February,Sunday,6:01 am to 10:00 am,6.0,1,Morning,Winter,3801.0,1451,Mission,901,22350,22350,Unsafe speed for prevailing conditions,AA,Vehicle(s) Only Involved,15644,2,12,57660,1
20333,39404,160878961.0,2016-10-28 16:33:00,2016 October 28,16:33:00,2016,October,Friday,2:01 pm to 6:00 pm,16.0,0,Afternoon,Fall,3801.0,2228,TARAVAL,3I11D,21954(a),21954(a),Pedestrians must yield right-of-way outside of crosswalks,BB,Vehicle-Pedestrian,13972,2,2,57622,6
20334,40547,170673886.0,2017-08-18 17:00:00,2017 August 18,17:00:00,2017,August,Friday,2:01 pm to 6:00 pm,17.0,0,Evening,Summer,3801.0,504,PARK,3F12C,21802(a),"21802(a,b)",Violation of right-of-way - entering through highway,AA,Vehicle(s) Only Involved,21280,2,1,57659,1
20335,31555,2657280.0,2006-05-24 19:22:00,2006 May 24,19:22:00,2006,May,Wednesday,6:01 pm to 10:00 pm,19.0,0,Evening,Spring,3801.0,307,RICHM,4B8E,23153(a),23153(a-g),Driving under influence causing injury,AA,Vehicle(s) Only Involved,15645,2,2,57658,14
20336,3989,2416021.0,2006-01-03 17:10:00,2006 January 03,17:10:00,2006,January,Tuesday,2:01 pm to 6:00 pm,17.0,0,Evening,Winter,3801.0,519,,3H60,21650,21650,Failure to keep to right side of road,BB,Vehicle-Pedestrian,15646,4,13,57603,8
20337,37031,2434347.0,2005-10-13 06:45:00,2005 October 13,06:45:00,2005,October,Thursday,6:01 am to 10:00 am,6.0,0,Morning,Fall,3801.0,1629,TARAV,3I6,21451(a),"21451(a,b)",Green signal - driver or bicyclist responsibilities,AA,Vehicle(s) Only Involved,3658,2,33,57659,1
20338,40042,170813327.0,2017-10-05 15:22:00,2017 October 05,15:22:00,2017,October,Thursday,2:01 pm to 6:00 pm,15.0,0,Afternoon,Fall,3801.0,2068,PARK,3F13C,21703,21703,Following too closely prohibited,AA,Vehicle(s) Only Involved,15647,2,2,57658,1
20339,27742,2775404.0,2006-07-30 20:22:00,2006 July 30,20:22:00,2006,July,Sunday,6:01 pm to 10:00 pm,20.0,1,Evening,Summer,3801.0,1126,A,3A1LB,22101(d),22101(d),Violation of a turn prohibition sign,FF,Bicycle Only,15648,2,1,57556,4
20340,8295,6221605.0,2012-10-04 16:24:00,2012 October 04,16:24:00,2012,October,Thursday,2:01 pm to 6:00 pm,16.0,0,Afternoon,Fall,3801.0,A20349,BAYVI,3C11D,21801(a),"21801(a,b)",Violation of right-of-way - left turn,AA,Vehicle(s) Only Involved,21313,2,1,57659,1
20341,18248,4831560.0,2010-07-28 18:20:00,2010 July 28,18:20:00,2010,July,Wednesday,6:01 pm to 10:00 pm,18.0,0,Evening,Summer,9335.0,18845,,15,22350,22350,Unsafe speed for prevailing conditions,AA,Vehicle(s) Only Involved,10009,2,2,57658,8
20342,13535,2226639.0,2005-05-28 09:20:00,2005 May 28,09:20:00,2005,May,Saturday,6:01 am to 10:00 am,9.0,1,Morning,Spring,3801.0,1480,B,4B2E,Unknown,Unknown,Unknown,AA,Vehicle(s) Only Involved,1905,1,1,57659,2
20343,23904,130868613.0,2013-10-14 04:06:00,2013 October 14,04:06:00,2013,October,Monday,2:01 am to 6:00 am,4.0,0,Night,Fall,3801.0,1881,SOUTHERN,3B13E,21453(a),"21453(a,c)",Red signal - driver or bicyclist responsibilities,AA,Vehicle(s) Only Involved,10247,2,3,57659,8
20344,5574,180118747.0,2018-02-13 20:22:00,2018 February 13,20:22:00,2018,February,Tuesday,6:01 pm to 10:00 pm,20.0,0,Evening,Winter,3801.0,2111,Mission,3D14D,22350,22350,Unsafe speed for prevailing conditions,AA,Vehicle(s) Only Involved,15649,2,75,57660,1
20345,6723,130739268.0,2013-09-04 16:45:00,2013 September 04,16:45:00,2013,September,Wednesday,2:01 pm to 6:00 pm,16.0,0,Afternoon,Fall,3801.0,2175,D,3D66,22350,22350,Unsafe speed for prevailing conditions,AA,Vehicle(s) Only Involved,15650,2,23,57658,8
20346,16590,6068165.0,2012-09-11 13:31:00,2012 September 11,13:31:00,2012,September,Tuesday,10:01 am to 2:00 pm,13.0,0,Afternoon,Fall,3801.0,351,SOUTH,3B60,21657,21657,Going against one-way traffic patterns,FF,Bicycle Only,16744,2,1,56034,2
20347,25151,2628878.0,2006-04-22 12:30:00,2006 April 22,12:30:00,2006,April,Saturday,10:01 am to 2:00 pm,12.0,1,Afternoon,Spring,3801.0,2179,,3J61,21950(a),"21950(a,c)",Driver or bicyclist to yield right-of-way at crosswalks,BB,Vehicle-Pedestrian,9955,2,1,57649,1
20348,83314,230257099.0,2023-04-13 13:54:00,2023 April 13,13:54:00,2023,April,Thursday,10:01 am to 2:00 pm,13.0,0,Afternoon,Spring,3801.0,2065,Tenderloin,3J117,21801(a),"21801(a,b)",Violation of right-of-way - left turn,AA,Vehicle(s) Only Involved,15651,2,2,57658,8
20349,11093,150992593.0,2015-11-14 15:00:00,2015 November 14,15:00:00,2015,November,Saturday,2:01 pm to 6:00 pm,15.0,1,Afternoon,Fall,3801.0,2318,MISSION,,21801(a),"21801(a,b)",Violation of right-of-way - left turn,AA,Vehicle(s) Only Involved,27726,2,1,56568,4