collision_id,unique_id,case_id_pkey,collision_datetime,collision_date,collision_time,accident_year,month,day_of_week,time_cat,hour_of_day,is_weekend,time_of_day,season,juris,officer_id,reporting_district,beat_number,vz_pcf_code,vz_pcf_group,vz_pcf_description,dph_col_grp,dph_col_grp_description,location_id,weather_id,road_id,party_id,severity_id
21770,31029,6104449.0,2012-09-26 17:30:00,2012 September 26,17:30:00,2012,September,Wednesday,2:01 pm to 6:00 pm,17.0,0,Evening,Fall,3801.0,346,NORTH,3E4,Unknown,Unknown,Unknown,AA,Vehicle(s) Only Involved,16595,2,2,57406,1
21771,35825,2188590.0,2005-08-18 19:25:00,2005 August 18,19:25:00,2005,August,Thursday,6:01 pm to 10:00 pm,19.0,0,Evening,Summer,3801.0,651,4B5A,00A,22103,22103,Illegal U-turn in residential district,AA,Vehicle(s) Only Involved,16596,1,2,57659,1
21772,36252,1994936.0,2005-04-18 07:45:00,2005 April 18,07:45:00,2005,April,Monday,6:01 am to 10:00 am,7.0,0,Morning,Spring,3801.0,496,,,21801(a),"21801(a,b)",Violation of right-of-way - left turn,AA,Vehicle(s) Only Involved,2175,2,1,57659,1
21773,31414,2378952.0,2005-10-29 03:18:00,2005 October 29,03:18:00,2005,October,Saturday,2:01 am to 6:00 am,3.0,1,Night,Fall,3801.0,004138,NORTH,3E15E,21457(a),21457(a),Actions required at flashing red signal,AA,Vehicle(s) Only Involved,37203,2,13,57659,1
21774,43545,6137238.0,2012-04-13 10:50:00,2012 April 13,10:50:00,2012,April,Friday,10:01 am to 2:00 pm,10.0,0,Morning,Spring,3801.0,1073,RICHM,4B2G,21453(a),"21453(a,c)",Red signal - driver or bicyclist responsibilities,AA,Vehicle(s) Only Involved,12769,1,1,57659,1
21775,48581,190509346.0,2019-07-14 10:21:00,2019 July 14,10:21:00,2019,July,Sunday,10:01 am to 2:00 pm,10.0,1,Morning,Summer,3801.0,1878,Central,3A12A,22350,22350,Unsafe speed for prevailing conditions,CC,Vehicle-Bicycle,16597,2,1,57655,1
21776,47696,190128009.0,2019-02-20 15:54:00,2019 February 20,15:54:00,2019,February,Wednesday,2:01 pm to 6:00 pm,15.0,0,Afternoon,Winter,3801.0,1252,Ingleside,3H15D,21950(a),"21950(a,c)",Driver or bicyclist to yield right-of-way at crosswalks,BB,Vehicle-Pedestrian,16598,2,270,57649,2
21777,43911,2841780.0,2006-10-16 08:30:00,2006 October 16,08:30:00,2006,October,Monday,6:01 am to 10:00 am,8.0,0,Morning,Fall,3801.0,1597,RICHM,3G62,21453(a),"21453(a,c)",Red signal - driver or bicyclist responsibilities,AA,Vehicle(s) Only Involved,4084,2,1,57659,1
21778,8997,3042044.0,2007-02-18 13:03:00,2007 February 18,13:03:00,2007,February,Sunday,10:01 am to 2:00 pm,13.0,1,Afternoon,Winter,3801.0,1184,MISSI,4B2D,21802(a),"21802(a,b)",Violation of right-of-way - entering through highway,CC,Vehicle-Bicycle,16599,2,1,57621,2
21779,31996,130866071.0,2013-10-13 06:58:00,2013 October 13,06:58:00,2013,October,Sunday,6:01 am to 10:00 am,6.0,1,Morning,Fall,3801.0,1487,NORTHERN,,21453(a),"21453(a,c)",Red signal - driver or bicyclist responsibilities,AA,Vehicle(s) Only Involved,23588,8,33,57659,8
21780,3721,2414191.0,2005-12-12 11:00:00,2005 December 12,11:00:00,2005,December,Monday,10:01 am to 2:00 pm,11.0,0,Morning,Winter,3801.0,000274,,3C63,Unknown,Unknown,Unknown,BB,Vehicle-Pedestrian,16600,2,1,57649,1
21781,39287,140730400.0,2014-08-30 15:05:00,2014 August 30,15:05:00,2014,August,Saturday,2:01 pm to 6:00 pm,15.0,1,Afternoon,Summer,3801.0,1475,PARK DISTR,3F61,22350,22350,Unsafe speed for prevailing conditions,AA,Vehicle(s) Only Involved,16601,2,1,57660,1
21782,14169,6143781.0,2012-05-22 08:36:00,2012 May 22,08:36:00,2012,May,Tuesday,6:01 am to 10:00 am,8.0,0,Morning,Spring,3801.0,251,,4C3,22101(d),22101(d),Violation of a turn prohibition sign,AA,Vehicle(s) Only Involved,31539,2,1,57659,1
21783,252,2067314.0,2005-05-31 17:35:00,2005 May 31,17:35:00,2005,May,Tuesday,2:01 pm to 6:00 pm,17.0,0,Evening,Spring,3801.0,0829,COH,4B6H,21950(a),"21950(a,c)",Driver or bicyclist to yield right-of-way at crosswalks,BB,Vehicle-Pedestrian,16602,2,1,57649,2
21784,36271,6137262.0,2012-04-17 05:43:00,2012 April 17,05:43:00,2012,April,Tuesday,2:01 am to 6:00 am,5.0,0,Morning,Spring,3801.0,000496,INGLE,3H15A,21453(a),"21453(a,c)",Red signal - driver or bicyclist responsibilities,AA,Vehicle(s) Only Involved,2175,2,33,57659,14
21785,48455,190486374.0,2019-07-05 13:10:00,2019 July 05,13:10:00,2019,July,Friday,10:01 am to 2:00 pm,13.0,0,Afternoon,Summer,3801.0,#1118,Mission,3D45C,22107,22107,Unsafe turn or lane change prohibited,AA,Vehicle(s) Only Involved,16603,2,2,57490,1
21786,46846,190186762.0,2019-03-15 12:19:00,2019 March 15,12:19:00,2019,March,Friday,10:01 am to 2:00 pm,12.0,0,Afternoon,Spring,3801.0,1371,Southern,3B11B,21703,21703,Following too closely prohibited,AA,Vehicle(s) Only Involved,16604,2,2,57658,1
21787,18613,3758895.0,2008-05-27 17:40:00,2008 May 27,17:40:00,2008,May,Tuesday,2:01 pm to 6:00 pm,17.0,0,Evening,Spring,9335.0,18693,,015,21658(a),"21658(a,b)",Lane straddling or failure to use specified lanes,AA,Vehicle(s) Only Involved,16605,2,2,57660,4
21788,193,2079322.0,2005-06-08 15:30:00,2005 June 08,15:30:00,2005,June,Wednesday,2:01 pm to 6:00 pm,15.0,0,Afternoon,Summer,3801.0,1279,C,4B5H,22350,22350,Unsafe speed for prevailing conditions,AA,Vehicle(s) Only Involved,16606,4,16,57658,2
21789,46260,190249025.0,2019-04-08 13:50:00,2019 April 08,13:50:00,2019,April,Monday,10:01 am to 2:00 pm,13.0,0,Afternoon,Spring,3801.0,2023,Park,,21804(a),"21804(a,b)",Entering highway from alley or driveway,CC,Vehicle-Bicycle,16607,2,1,57621,2
21790,436,2160791.0,2005-07-10 13:40:00,2005 July 10,13:40:00,2005,July,Sunday,10:01 am to 2:00 pm,13.0,1,Afternoon,Summer,3801.0,373,INGLE,0H6,22350,22350,Unsafe speed for prevailing conditions,AA,Vehicle(s) Only Involved,16608,2,2,57660,12
21791,19125,6104411.0,2012-08-19 15:12:00,2012 August 19,15:12:00,2012,August,Sunday,2:01 pm to 6:00 pm,15.0,1,Afternoon,Summer,3801.0,2260,COE,3E3C,21658(a),"21658(a,b)",Lane straddling or failure to use specified lanes,AA,Vehicle(s) Only Involved,16609,2,2,57237,1
21792,30396,2308658.0,2005-09-23 14:30:00,2005 September 23,14:30:00,2005,September,Friday,2:01 pm to 6:00 pm,14.0,0,Afternoon,Fall,3801.0,000779,,3E62,22350,22350,Unsafe speed for prevailing conditions,AA,Vehicle(s) Only Involved,16610,2,1,57658,1
21793,28291,3250876.0,2007-06-13 22:28:00,2007 June 13,22:28:00,2007,June,Wednesday,10:01 pm to 2:00 am,22.0,0,Night,Summer,3801.0,307,,4B8E,21453(a),"21453(a,c)",Red signal - driver or bicyclist responsibilities,CC,Vehicle-Bicycle,2872,2,3,57621,4
21794,19389,2484955.0,2006-01-24 13:45:00,2006 January 24,13:45:00,2006,January,Tuesday,10:01 am to 2:00 pm,13.0,0,Afternoon,Winter,3801.0,813,PARK,03F,Unknown,Unknown,Unknown,BB,Vehicle-Pedestrian,34896,2,1,57622,1
21795,18202,5600328.0,2012-04-24 08:58:00,2012 April 24,08:58:00,2012,April,Tuesday,6:01 am to 10:00 am,8.0,0,Morning,Spring,9335.0,19202,,015,21658(a),"21658(a,b)",Lane straddling or failure to use specified lanes,AA,Vehicle(s) Only Involved,16611,1,2,57660,1
21796,51950,190264170.0,2019-04-13 23:30:00,2019 April 13,23:30:00,2019,April,Saturday,10:01 pm to 2:00 am,23.0,1,Night,Spring,3801.0,595,Northern,3E13E,22107,22107,Unsafe turn or lane change prohibited,AA,Vehicle(s) Only Involved,5326,2,3,57603,2
21797,4510,1992478.0,2005-01-20 13:57:00,2005 January 20,13:57:00,2005,January,Thursday,10:01 am to 2:00 pm,13.0,0,Afternoon,Winter,3801.0,000715,,3H4A,22350,22350,Unsafe speed for prevailing conditions,AA,Vehicle(s) Only Involved,16612,2,2,57654,2
21798,44989,3235028.0,2007-06-08 10:34:00,2007 June 08,10:34:00,2007,June,Friday,10:01 am to 2:00 pm,10.0,0,Morning,Summer,3801.0,1149,COG,4B1D,21453(a),"21453(a,c)",Red signal - driver or bicyclist responsibilities,AA,Vehicle(s) Only Involved,6769,2,1,57659,8
21799,31134,6226919.0,2012-11-05 11:05:00,2012 November 05,11:05:00,2012,November,Monday,10:01 am to 2:00 pm,11.0,0,Morning,Fall,3801.0,191,RICHM,4B1G,22350,22350,Unsafe speed for prevailing conditions,AA,Vehicle(s) Only Involved,3412,2,1,57658,1
21800,40886,6096686.0,2012-09-26 17:01:00,2012 September 26,17:01:00,2012,September,Wednesday,2:01 pm to 6:00 pm,17.0,0,Evening,Fall,3801.0,1848,TARAV,3I11D,21956(a),21956(a),Pedestrian on roadway prohibited,AA,Vehicle(s) Only Involved,27601,2,1,57461,1
21801,37214,170362051.0,2017-05-03 08:05:00,2017 May 03,08:05:00,2017,May,Wednesday,6:01 am to 10:00 am,8.0,0,Morning,Spring,3801.0,777,TARAVAL,3I5A,22350,22350,Unsafe speed for prevailing conditions,AA,Vehicle(s) Only Involved,25367,2,1,57658,8
21802,21516,130801914.0,2013-09-23 14:06:00,2013 September 23,14:06:00,2013,September,Monday,2:01 pm to 6:00 pm,14.0,0,Afternoon,Fall,3801.0,1087,NOTHERN,3E48,22350,22350,Unsafe speed for prevailing conditions,AA,Vehicle(s) Only Involved,16613,2,1,57658,11
21803,792,150828960.0,2015-09-21 14:15:00,2015 September 21,14:15:00,2015,September,Monday,2:01 pm to 6:00 pm,14.0,0,Afternoon,Fall,3801.0,1114,BAYVIEW,3C62,21754,21754,Improper passing on right prohibited,AA,Vehicle(s) Only Involved,16614,2,2,57660,1
21804,17526,6093556.0,2012-09-11 08:19:00,2012 September 11,08:19:00,2012,September,Tuesday,6:01 am to 10:00 am,8.0,0,Morning,Fall,3801.0,747,MISSI,901,22107,22107,Unsafe turn or lane change prohibited,AA,Vehicle(s) Only Involved,16615,1,1,57658,1
21805,17551,150601051.0,2015-07-10 15:00:00,2015 July 10,15:00:00,2015,July,Friday,2:01 pm to 6:00 pm,15.0,0,Afternoon,Summer,3801.0,1177,MISSION,3D15D,22517,22517,Opening door on traffic side when unsafe,AA,Vehicle(s) Only Involved,16616,2,2,57660,1
21806,26252,2413843.0,2005-12-01 17:05:00,2005 December 01,17:05:00,2005,December,Thursday,2:01 pm to 6:00 pm,17.0,0,Evening,Winter,3801.0,753,CENTR,0AI,21451(a),"21451(a,b)",Green signal - driver or bicyclist responsibilities,BB,Vehicle-Pedestrian,8988,4,13,57649,1
21807,16301,1986304.0,2005-03-09 10:27:00,2005 March 09,10:27:00,2005,March,Wednesday,10:01 am to 2:00 pm,10.0,0,Morning,Spring,3801.0,001870,3B62,1027,21453(a),"21453(a,c)",Red signal - driver or bicyclist responsibilities,AA,Vehicle(s) Only Involved,36903,2,1,57659,1
21808,48532,190511909.0,2019-07-15 10:23:00,2019 July 15,10:23:00,2019,July,Monday,10:01 am to 2:00 pm,10.0,0,Morning,Summer,3801.0,2337,Ingleside,3H12A,21453(a),"21453(a,c)",Red signal - driver or bicyclist responsibilities,AA,Vehicle(s) Only Involved,16617,2,1,57659,2
21809,24824,2413887.0,2005-12-12 08:24:00,2005 December 12,08:24:00,2005,December,Monday,6:01 am to 10:00 am,8.0,0,Morning,Winter,3801.0,2044,TENDE,4B2B,22517,22517,Opening door on traffic side when unsafe,EE,Bicycle-Parked Car,16618,2,2,55217,2
21810,39812,6221559.0,2012-10-15 16:55:00,2012 October 15,16:55:00,2012,October,Monday,2:01 pm to 6:00 pm,16.0,0,Afternoon,Fall,3801.0,2265,TARAV,312B,22106,22106,Unsafe starting or backing on highway,AA,Vehicle(s) Only Involved,16619,2,2,57659,1
21811,25157,9019176.0,2006-09-10 11:00:00,2006 September 10,11:00:00,2006,September,Sunday,10:01 am to 2:00 pm,11.0,1,Morning,Fall,3801.0,2127,TENDE,3J2,Unknown,Unknown,Unknown,BB,Vehicle-Pedestrian,9955,2,1,57525,1
21812,38590,6143814.0,2012-05-23 15:39:00,2012 May 23,15:39:00,2012,May,Wednesday,2:01 pm to 6:00 pm,15.0,0,Afternoon,Spring,3801.0,2364,,315B,22350,22350,Unsafe speed for prevailing conditions,AA,Vehicle(s) Only Involved,16620,16,5,57583,1
21813,41512,3235041.0,2007-06-01 18:39:00,2007 June 01,18:39:00,2007,June,Friday,6:01 pm to 10:00 pm,18.0,0,Evening,Summer,3801.0,4212,,3I13D,21802(b),"21802(a,b)",Violation of right-of-way - entering through highway,AA,Vehicle(s) Only Involved,16621,2,2,57659,1
21814,14806,170817040.0,2017-10-06 20:00:00,2017 October 06,20:00:00,2017,October,Friday,6:01 pm to 10:00 pm,20.0,0,Evening,Fall,3801.0,,SOUTHERN,3B14D,21801(a),"21801(a,b)",Violation of right-of-way - left turn,AA,Vehicle(s) Only Involved,6491,2,12,57659,1
21815,5657,2081799.0,2005-06-07 07:50:00,2005 June 07,07:50:00,2005,June,Tuesday,6:01 am to 10:00 am,7.0,0,Morning,Summer,3801.0,000654,,3C60,Unknown,Unknown,Unknown,FF,Bicycle Only,4019,2,1,56707,1
21816,37666,3603502.0,2008-01-22 11:15:00,2008 January 22,11:15:00,2008,January,Tuesday,10:01 am to 2:00 pm,11.0,0,Morning,Winter,3801.0,1629,TARAV,3I4,22350,22350,Unsafe speed for prevailing conditions,AA,Vehicle(s) Only Involved,16622,7,4,57660,8
21817,30410,1995823.0,2005-02-25 12:26:00,2005 February 25,12:26:00,2005,February,Friday,10:01 am to 2:00 pm,12.0,0,Afternoon,Winter,3801.0,1590,,3E61,21453(a),"21453(a,c)",Red signal - driver or bicyclist responsibilities,AA,Vehicle(s) Only Involved,12471,1,1,57659,2
21818,42194,3834853.0,2008-07-10 13:15:00,2008 July 10,13:15:00,2008,July,Thursday,10:01 am to 2:00 pm,13.0,0,Afternoon,Summer,3801.0,671,RICHM,4B14,22106,22106,Unsafe starting or backing on highway,CC,Vehicle-Bicycle,16623,2,2,57581,2
21819,36454,3218107.0,2007-04-06 16:41:00,2007 April 06,16:41:00,2007,April,Friday,2:01 pm to 6:00 pm,16.0,0,Afternoon,Spring,3801.0,1484,TARAV,3I61,21658(a),"21658(a,b)",Lane straddling or failure to use specified lanes,AA,Vehicle(s) Only Involved,26592,30,2,57659,1
21820,32941,2700010.0,2006-06-23 09:07:00,2006 June 23,09:07:00,2006,June,Friday,6:01 am to 10:00 am,9.0,0,Morning,Summer,3801.0,1557,RICHM,0G1,21703,21703,Following too closely prohibited,AA,Vehicle(s) Only Involved,16624,2,1,57658,8
21821,46807,190170210.0,2019-03-08 21:40:00,2019 March 08,21:40:00,2019,March,Friday,6:01 pm to 10:00 pm,21.0,0,Night,Spring,3801.0,405,Richmond,3G12E,22517,22517,Opening door on traffic side when unsafe,BB,Vehicle-Pedestrian,16625,2,12,40646,1
21822,34306,9014009.0,2006-08-21 22:10:00,2006 August 21,22:10:00,2006,August,Monday,10:01 pm to 2:00 am,22.0,0,Night,Summer,3801.0,004036,CENTR,3A14E,22106,22106,Unsafe starting or backing on highway,BB,Vehicle-Pedestrian,16626,2,42,56772,1
21823,36557,140259751.0,2014-03-28 10:00:00,2014 March 28,10:00:00,2014,March,Friday,6:01 am to 10:00 am,10.0,0,Morning,Spring,3801.0,768,TARAVAL,3116A,22450(a),22450(a),Failure to stop at STOP sign,AA,Vehicle(s) Only Involved,16627,2,1,57659,8
21824,19323,160236319.0,2016-03-21 15:19:00,2016 March 21,15:19:00,2016,March,Monday,2:01 pm to 6:00 pm,15.0,0,Afternoon,Spring,3801.0,1475,PARK CO F,3F61,21703,21703,Following too closely prohibited,AA,Vehicle(s) Only Involved,16628,4,16,57658,1
21825,46360,190238288.0,2019-04-04 11:25:00,2019 April 04,11:25:00,2019,April,Thursday,10:01 am to 2:00 pm,11.0,0,Morning,Spring,3801.0,610,Mission,3D11A,12951(b),12951(b),Refusal to present license to officer,AA,Vehicle(s) Only Involved,16629,2,2,57569,2
21826,23104,6080401.0,2012-04-26 05:51:00,2012 April 26,05:51:00,2012,April,Thursday,2:01 am to 6:00 am,5.0,0,Morning,Spring,3801.0,00251,TRAFF,4C3,21950(a),"21950(a,c)",Driver or bicyclist to yield right-of-way at crosswalks,BB,Vehicle-Pedestrian,31119,2,3,57649,1
21827,32355,6079125.0,2012-08-08 08:14:00,2012 August 08,08:14:00,2012,August,Wednesday,6:01 am to 10:00 am,8.0,0,Morning,Summer,3801.0,1819,NORTH,3E68,21950(a),"21950(a,c)",Driver or bicyclist to yield right-of-way at crosswalks,BB,Vehicle-Pedestrian,16630,2,1,57649,1
21828,19738,170792878.0,2017-09-28 13:34:00,2017 September 28,13:34:00,2017,September,Thursday,10:01 am to 2:00 pm,13.0,0,Afternoon,Fall,3801.0,702,PARK,3F43A,21663,21663,Operating vehicle or bicycle on sidewalk prohibited,AA,Vehicle(s) Only Involved,16631,2,1,57607,1
21829,45252,160281314.0,2016-04-05 18:00:00,2016 April 05,18:00:00,2016,April,Tuesday,2:01 pm to 6:00 pm,18.0,0,Evening,Spring,3801.0,4286,RICHMOND,G4,21801(a),"21801(a,b)",Violation of right-of-way - left turn,CC,Vehicle-Bicycle,16632,2,1,57581,2
21830,28340,6076559.0,2012-04-15 18:00:00,2012 April 15,18:00:00,2012,April,Sunday,2:01 pm to 6:00 pm,18.0,1,Evening,Spring,3801.0,1869,,3A2D,22100(b),"22100(a,b)",Turn at intersection from wrong position,BB,Vehicle-Pedestrian,17309,2,1,57649,1
21831,35912,160697517.0,2016-08-28 15:00:00,2016 August 28,15:00:00,2016,August,Sunday,2:01 pm to 6:00 pm,15.0,1,Afternoon,Summer,3801.0,1230,CENTRAL,3A40D,21954(a),21954(a),Pedestrians must yield right-of-way outside of crosswalks,BB,Vehicle-Pedestrian,16633,2,2,57622,1
21832,1161,6073014.0,2012-05-03 21:10:00,2012 May 03,21:10:00,2012,May,Thursday,6:01 pm to 10:00 pm,21.0,0,Night,Spring,3801.0,173,,,Unknown,Unknown,Unknown,CC,Vehicle-Bicycle,16634,1,13,53918,2
21833,2337,5160299.0,2011-04-07 16:16:00,2011 April 07,16:16:00,2011,April,Thursday,2:01 pm to 6:00 pm,16.0,0,Afternoon,Spring,3801.0,857,INGLE,5CAR,22350,22350,Unsafe speed for prevailing conditions,FF,Bicycle Only,16635,2,2,57341,4
21834,43460,2415110.0,2005-11-22 17:37:00,2005 November 22,17:37:00,2005,November,Tuesday,2:01 pm to 6:00 pm,17.0,0,Evening,Fall,3801.0,001580,RICH,4B6G,22106,22106,Unsafe starting or backing on highway,AA,Vehicle(s) Only Involved,40605,2,1,57660,1
21835,46305,190463504.0,2019-06-27 01:53:00,2019 June 27,01:53:00,2019,June,Thursday,10:01 pm to 2:00 am,1.0,0,Night,Summer,3801.0,2424,Southern,3B1E,Unknown,Unknown,Unknown,BB,Vehicle-Pedestrian,20665,2,21,38696,6
21836,40070,2311758.0,2005-09-23 22:14:00,2005 September 23,22:14:00,2005,September,Friday,10:01 pm to 2:00 am,22.0,0,Night,Fall,3801.0,1015,,,21950(a),"21950(a,c)",Driver or bicyclist to yield right-of-way at crosswalks,BB,Vehicle-Pedestrian,37978,2,3,57649,4
21837,1465,2987897.0,2007-01-09 18:10:00,2007 January 09,18:10:00,2007,January,Tuesday,6:01 pm to 10:00 pm,18.0,0,Evening,Winter,3801.0,1370,,0H5,23152(a),23152(a-g),Driving under influence of alcohol and/or drugs,AA,Vehicle(s) Only Involved,16636,2,12,57654,2
21838,8275,2232271.0,2005-09-02 15:23:00,2005 September 02,15:23:00,2005,September,Friday,2:01 pm to 6:00 pm,15.0,0,Afternoon,Fall,3801.0,246,BAYVI,4B7E,21453(a),"21453(a,c)",Red signal - driver or bicyclist responsibilities,AA,Vehicle(s) Only Involved,25982,2,1,57659,13
21839,37148,160148021.0,2016-02-19 13:00:00,2016 February 19,13:00:00,2016,February,Friday,10:01 am to 2:00 pm,13.0,0,Afternoon,Winter,3801.0,1053,TARAVAL,3I1A,22350,22350,Unsafe speed for prevailing conditions,AA,Vehicle(s) Only Involved,16637,1,16,57658,8
21840,15529,2720241.0,2006-07-13 11:28:00,2006 July 13,11:28:00,2006,July,Thursday,10:01 am to 2:00 pm,11.0,0,Morning,Summer,3801.0,001870,SOUTH,3B62,21755(a),21755(a),Unsafe passing on right shoulder,CC,Vehicle-Bicycle,38348,2,1,57625,1
21841,50306,190808728.0,2019-10-26 09:26:00,2019 October 26,09:26:00,2019,October,Saturday,6:01 am to 10:00 am,9.0,1,Morning,Fall,3801.0,1318,Bayview,3C72,22350,22350,Unsafe speed for prevailing conditions,AA,Vehicle(s) Only Involved,1855,2,2,57619,14
21842,22322,130005003.0,2013-01-02 17:10:00,2013 January 02,17:10:00,2013,January,Wednesday,2:01 pm to 6:00 pm,17.0,0,Evening,Winter,3801.0,2452,PARK,3F14D,21950(b),21950(b),Pedestrian suddenly entering into vehicle path close enough to create an immediate hazard,BB,Vehicle-Pedestrian,16638,2,33,57622,2
21843,47232,190245302.0,2019-04-06 21:00:00,2019 April 06,21:00:00,2019,April,Saturday,6:01 pm to 10:00 pm,21.0,1,Night,Spring,3801.0,1033,Taraval,3I13E,21751,21751,Passing without sufficient clearance,CC,Vehicle-Bicycle,16639,2,29,57655,2
21844,5643,170792997.0,2017-09-28 13:25:00,2017 September 28,13:25:00,2017,September,Thursday,10:01 am to 2:00 pm,13.0,0,Afternoon,Fall,3801.0,,BAYVIEW,2,21703,21703,Following too closely prohibited,AA,Vehicle(s) Only Involved,16640,2,2,57658,1
21845,37969,160896349.0,2016-11-03 16:58:00,2016 November 03,16:58:00,2016,November,Thursday,2:01 pm to 6:00 pm,16.0,0,Afternoon,Fall,3801.0,282,TARAVAL,3U15D,21950(a),"21950(a,c)",Driver or bicyclist to yield right-of-way at crosswalks,BB,Vehicle-Pedestrian,11570,2,1,57649,1
21846,38523,4290674.0,2009-06-27 16:55:00,2009 June 27,16:55:00,2009,June,Saturday,2:01 pm to 6:00 pm,16.0,1,Afternoon,Summer,3801.0,001848,TARAV,015,Unknown,Unknown,Unknown,FF,Bicycle Only,22591,2,1,55274,17
21847,37305,140581463.0,2014-07-13 13:30:00,2014 July 13,13:30:00,2014,July,Sunday,10:01 am to 2:00 pm,13.0,1,Afternoon,Summer,3801.0,1053,TARAVAL,3I16A,21658(a),"21658(a,b)",Lane straddling or failure to use specified lanes,AA,Vehicle(s) Only Involved,16641,2,2,57654,1
21848,8012,6221993.0,2012-11-30 15:40:00,2012 November 30,15:40:00,2012,November,Friday,2:01 pm to 6:00 pm,15.0,0,Afternoon,Fall,3801.0,001846,MISSI,3D41C,21802(a),"21802(a,b)",Violation of right-of-way - entering through highway,AA,Vehicle(s) Only Involved,14863,1,59,57659,1
21849,23706,180947223.0,2018-12-16 22:20:00,2018 December 16,22:20:00,2018,December,Sunday,10:01 pm to 2:00 am,22.0,1,Night,Winter,3801.0,2457,Southern,3B14E,21950(a),"21950(a,c)",Driver or bicyclist to yield right-of-way at crosswalks,BB,Vehicle-Pedestrian,12498,2,13,57649,1
21850,6620,2434128.0,2005-12-19 16:44:00,2005 December 19,16:44:00,2005,December,Monday,2:01 pm to 6:00 pm,16.0,0,Afternoon,Winter,3801.0,002122,D,4B6D,21650.1,21650.1,Bicycle to travel in same direction as vehicles,CC,Vehicle-Bicycle,16642,1,2,57621,2
21851,25418,130879416.0,2013-10-17 12:57:00,2013 October 17,12:57:00,2013,October,Thursday,10:01 am to 2:00 pm,12.0,0,Afternoon,Fall,3801.0,2127,SOUTHERN,4K51,21202(a),21202(a),Bicyclist at less than normal speed must keep to the right,CC,Vehicle-Bicycle,16643,2,2,57655,1
21852,41651,2896557.0,2006-11-10 13:45:00,2006 November 10,13:45:00,2006,November,Friday,10:01 am to 2:00 pm,13.0,0,Afternoon,Fall,3801.0,1629,TARAV,3I2,21756(a),21756(a-c),"Unsafe passing of standing streetcar, trolley coach, or bus safety zones",BB,Vehicle-Pedestrian,16644,2,1,57649,2
21853,29833,3250898.0,2007-06-12 22:19:00,2007 June 12,22:19:00,2007,June,Tuesday,10:01 pm to 2:00 am,22.0,0,Night,Summer,3801.0,04057,,3E13D,21202(a),21202(a),Bicyclist at less than normal speed must keep to the right,CC,Vehicle-Bicycle,16645,2,12,57650,4
21854,41505,131089333.0,2013-12-28 11:44:00,2013 December 28,11:44:00,2013,December,Saturday,10:01 am to 2:00 pm,11.0,1,Morning,Winter,3801.0,1171,TARAVAL,4B61,21950(a),"21950(a,c)",Driver or bicyclist to yield right-of-way at crosswalks,BB,Vehicle-Pedestrian,3982,2,2,57649,1
21855,12922,9014160.0,2006-08-24 22:27:00,2006 August 24,22:27:00,2006,August,Thursday,10:01 pm to 2:00 am,22.0,0,Night,Summer,3801.0,304,3F12D,CO F,21800(a),21800(a-c),Violation of right-of-way or uncontrolled intersection,CC,Vehicle-Bicycle,32349,2,3,57633,2
21856,7989,3268892.0,2007-07-12 08:19:00,2007 July 12,08:19:00,2007,July,Thursday,6:01 am to 10:00 am,8.0,0,Morning,Summer,3801.0,2226,MISSI,3D61K,21950(b),21950(b),Pedestrian suddenly entering into vehicle path close enough to create an immediate hazard,BB,Vehicle-Pedestrian,16647,2,1,57622,4
21857,19350,2624800.0,2006-03-23 14:25:00,2006 March 23,14:25:00,2006,March,Thursday,2:01 pm to 6:00 pm,14.0,0,Afternoon,Spring,3801.0,001593,PARK,4B51,22106,22106,Unsafe starting or backing on highway,AA,Vehicle(s) Only Involved,16648,2,2,57659,1
21858,25183,131042717.0,2013-12-11 15:31:00,2013 December 11,15:31:00,2013,December,Wednesday,2:01 pm to 6:00 pm,15.0,0,Afternoon,Winter,3801.0,845,SOUTHERN,4K3F,21461.5,21461.5,Pedestrian failure to obey signs or signals,BB,Vehicle-Pedestrian,16649,2,1,57622,1
21859,18853,150214375.0,2015-03-10 08:20:00,2015 March 10,08:20:00,2015,March,Tuesday,6:01 am to 10:00 am,8.0,0,Morning,Spring,3801.0,1398,NORTHERN,4K5E,21658(a),"21658(a,b)",Lane straddling or failure to use specified lanes,AA,Vehicle(s) Only Involved,16650,1,2,57660,12
21860,47158,190461928.0,2019-06-26 13:54:00,2019 June 26,13:54:00,2019,June,Wednesday,10:01 am to 2:00 pm,13.0,0,Afternoon,Summer,3801.0,268,Mission,3D10,21801(a),"21801(a,b)",Violation of right-of-way - left turn,CC,Vehicle-Bicycle,16651,2,1,57655,3
21861,46773,190160095.0,2019-03-05 07:43:00,2019 March 05,07:43:00,2019,March,Tuesday,6:01 am to 10:00 am,7.0,0,Morning,Spring,3801.0,1472,Tenderloin,3J52A,22106,22106,Unsafe starting or backing on highway,AA,Vehicle(s) Only Involved,16652,4,16,57237,1
21862,46894,190206384.0,2019-03-23 01:40:00,2019 March 23,01:40:00,2019,March,Saturday,10:01 pm to 2:00 am,1.0,1,Night,Spring,3801.0,882,Tenderloin,3J14E,21950(a),"21950(a,c)",Driver or bicyclist to yield right-of-way at crosswalks,BB,Vehicle-Pedestrian,14966,2,13,57476,2
21863,19667,2063054.0,2005-05-18 09:55:00,2005 May 18,09:55:00,2005,May,Wednesday,6:01 am to 10:00 am,9.0,0,Morning,Spring,3801.0,783,COF,3F4A,22350,22350,Unsafe speed for prevailing conditions,AA,Vehicle(s) Only Involved,16653,4,4,57658,1