collision_id,unique_id,case_id_pkey,collision_datetime,collision_date,collision_time,accident_year,month,day_of_week,time_cat,hour_of_day,is_weekend,time_of_day,season,juris,officer_id,reporting_district,beat_number,vz_pcf_code,vz_pcf_group,vz_pcf_description,dph_col_grp,dph_col_grp_description,location_id,weather_id,road_id,party_id,severity_id
21864,31849,2658464.0,2006-03-20 09:45:00,2006 March 20,09:45:00,2006,March,Monday,6:01 am to 10:00 am,9.0,0,Morning,Spring,3801.0,NG1055,A,3A1A,22350,22350,Unsafe speed for prevailing conditions,AA,Vehicle(s) Only Involved,16654,4,16,57658,1
21865,12456,2394308.0,2005-11-16 15:50:00,2005 November 16,15:50:00,2005,November,Wednesday,2:01 pm to 6:00 pm,15.0,0,Afternoon,Fall,3801.0,002122,D,4B6D,21955,21955,Crossing between controlled intersections (Jaywalking),BB,Vehicle-Pedestrian,16655,2,1,57622,4
21866,18810,9005441.0,2006-08-26 09:31:00,2006 August 26,09:31:00,2006,August,Saturday,6:01 am to 10:00 am,9.0,1,Morning,Summer,3801.0,001870,SOUTH,3B62,21453(a),"21453(a,c)",Red signal - driver or bicyclist responsibilities,AA,Vehicle(s) Only Involved,22252,2,1,57659,14
21867,21323,3235008.0,2007-06-15 10:17:00,2007 June 15,10:17:00,2007,June,Friday,10:01 am to 2:00 pm,10.0,0,Morning,Summer,3801.0,000779,NORTH,3E62,21658(a),"21658(a,b)",Lane straddling or failure to use specified lanes,AA,Vehicle(s) Only Involved,16656,2,2,56647,3
21868,15958,131018683.0,2013-12-02 22:45:00,2013 December 02,22:45:00,2013,December,Monday,10:01 pm to 2:00 am,22.0,0,Night,Winter,3801.0,408,SOUTHERN,3B14E,22350,22350,Unsafe speed for prevailing conditions,AA,Vehicle(s) Only Involved,16657,2,13,57583,1
21869,30668,2187372.0,2005-06-08 14:50:00,2005 June 08,14:50:00,2005,June,Wednesday,2:01 pm to 6:00 pm,14.0,0,Afternoon,Summer,3801.0,438,,4B3F,22107,22107,Unsafe turn or lane change prohibited,AA,Vehicle(s) Only Involved,16658,4,4,57660,2
21870,41883,1988623.0,2005-03-26 16:57:00,2005 March 26,16:57:00,2005,March,Saturday,2:01 pm to 6:00 pm,16.0,1,Afternoon,Spring,3801.0,1593,RICH,4B5I,22107,22107,Unsafe turn or lane change prohibited,AA,Vehicle(s) Only Involved,16659,2,2,57659,1
21871,25048,5208032.0,2011-06-02 21:27:00,2011 June 02,21:27:00,2011,June,Thursday,6:01 pm to 10:00 pm,21.0,0,Night,Summer,3801.0,2377,COJ,3J12E,Unknown,Unknown,Unknown,FF,Bicycle Only,35850,2,12,57524,4
21872,36717,170760314.0,2017-09-17 15:58:00,2017 September 17,15:58:00,2017,September,Sunday,2:01 pm to 6:00 pm,15.0,1,Afternoon,Fall,3801.0,,TARAVAL,3I1B,21703,21703,Following too closely prohibited,AA,Vehicle(s) Only Involved,16660,2,1,57658,8
21873,8473,6135505.0,2012-06-06 09:35:00,2012 June 06,09:35:00,2012,June,Wednesday,6:01 am to 10:00 am,9.0,0,Morning,Summer,3801.0,1806,D,3D15A,21801(a),"21801(a,b)",Violation of right-of-way - left turn,AA,Vehicle(s) Only Involved,2763,2,1,57659,4
21874,1417,1986252.0,2005-02-14 17:54:00,2005 February 14,17:54:00,2005,February,Monday,2:01 pm to 6:00 pm,17.0,0,Evening,Winter,3801.0,1212,COH,4B6C,21950(a),"21950(a,c)",Driver or bicyclist to yield right-of-way at crosswalks,BB,Vehicle-Pedestrian,16661,4,7,57649,2
21875,35142,2434351.0,2005-09-24 14:25:00,2005 September 24,14:25:00,2005,September,Saturday,2:01 pm to 6:00 pm,14.0,1,Afternoon,Fall,3801.0,1792,3E5,5CAR,21451(a),"21451(a,b)",Green signal - driver or bicyclist responsibilities,AA,Vehicle(s) Only Involved,12411,2,1,57603,1
21876,9768,2232353.0,2005-08-29 07:10:00,2005 August 29,07:10:00,2005,August,Monday,6:01 am to 10:00 am,7.0,0,Morning,Summer,3801.0,000654,BAYVI,3B60,23152(a),23152(a-g),Driving under influence of alcohol and/or drugs,AA,Vehicle(s) Only Involved,16662,2,1,57658,1
21877,28135,2339067.0,2005-10-07 15:55:00,2005 October 07,15:55:00,2005,October,Friday,2:01 pm to 6:00 pm,15.0,0,Afternoon,Fall,3801.0,27,CENRT,3A2C,22350,22350,Unsafe speed for prevailing conditions,AA,Vehicle(s) Only Involved,16663,2,2,57658,1
21878,44758,2100000.0,2005-06-15 06:40:00,2005 June 15,06:40:00,2005,June,Wednesday,6:01 am to 10:00 am,6.0,0,Morning,Summer,3801.0,438,,4B3F,21950(a),"21950(a,c)",Driver or bicyclist to yield right-of-way at crosswalks,BB,Vehicle-Pedestrian,16664,2,33,57649,1
21879,20240,2625390.0,2006-02-21 09:50:00,2006 February 21,09:50:00,2006,February,Tuesday,6:01 am to 10:00 am,9.0,0,Morning,Winter,3801.0,1184,SANFR,4B2D,21955,21955,Crossing between controlled intersections (Jaywalking),BB,Vehicle-Pedestrian,16665,2,2,57622,2
21880,32006,2022904.0,2005-01-03 12:25:00,2005 January 03,12:25:00,2005,January,Monday,10:01 am to 2:00 pm,12.0,0,Afternoon,Winter,3801.0,1819,,4B4H,21453(a),"21453(a,c)",Red signal - driver or bicyclist responsibilities,AA,Vehicle(s) Only Involved,23588,2,1,57659,1
21881,43631,2409207.0,2006-01-06 13:00:00,2006 January 06,13:00:00,2006,January,Friday,10:01 am to 2:00 pm,13.0,0,Afternoon,Winter,3801.0,1054,,004,21802(a),"21802(a,b)",Violation of right-of-way - entering through highway,AA,Vehicle(s) Only Involved,21912,2,1,57659,8
21882,46911,190214341.0,2019-03-26 00:00:00,2019 March 26,00:00:00,2019,March,Tuesday,10:01 pm to 2:00 am,0.0,0,Night,Spring,3801.0,1052,Richmond,3G14C,21453(a),"21453(a,c)",Red signal - driver or bicyclist responsibilities,AA,Vehicle(s) Only Involved,16667,2,1,57659,1
21883,18587,3395153.0,2007-10-08 16:20:00,2007 October 08,16:20:00,2007,October,Monday,2:01 pm to 6:00 pm,16.0,0,Afternoon,Fall,9335.0,011595,,015,21658(a),"21658(a,b)",Lane straddling or failure to use specified lanes,AA,Vehicle(s) Only Involved,20527,2,1,55753,1
21884,5879,6220849.0,2012-12-10 07:01:00,2012 December 10,07:01:00,2012,December,Monday,6:01 am to 10:00 am,7.0,0,Morning,Winter,3801.0,1043,INGLE,4B1H,Unknown,Unknown,Unknown,AA,Vehicle(s) Only Involved,16669,1,271,53458,2
21885,37104,150780401.0,2015-09-05 16:50:00,2015 September 05,16:50:00,2015,September,Saturday,2:01 pm to 6:00 pm,16.0,1,Afternoon,Fall,3801.0,2002,TARAVAL,15,22350,22350,Unsafe speed for prevailing conditions,AA,Vehicle(s) Only Involved,16670,2,1,57658,14
21886,13161,1994992.0,2005-04-16 15:20:00,2005 April 16,15:20:00,2005,April,Saturday,2:01 pm to 6:00 pm,15.0,1,Afternoon,Spring,3801.0,002122,B,4B6D,22350,22350,Unsafe speed for prevailing conditions,AA,Vehicle(s) Only Involved,16671,2,2,57607,2
21887,9612,6102567.0,2012-09-19 14:15:00,2012 September 19,14:15:00,2012,September,Wednesday,2:01 pm to 6:00 pm,14.0,0,Afternoon,Fall,3801.0,2175,D,3D66,22107,22107,Unsafe turn or lane change prohibited,AA,Vehicle(s) Only Involved,997,2,1,57603,4
21888,16701,6221606.0,2012-10-05 01:25:00,2012 October 05,01:25:00,2012,October,Friday,10:01 pm to 2:00 am,1.0,0,Night,Fall,3801.0,2450,SOUTH,3B15E,22350,22350,Unsafe speed for prevailing conditions,AA,Vehicle(s) Only Involved,16672,2,3,57607,2
21889,10076,1995762.0,2005-02-09 17:44:00,2005 February 09,17:44:00,2005,February,Wednesday,2:01 pm to 6:00 pm,17.0,0,Evening,Winter,3801.0,002122,D,4B8D,22350,22350,Unsafe speed for prevailing conditions,CC,Vehicle-Bicycle,16673,11,3,57581,2
21890,17376,2267951.0,2005-09-19 15:50:00,2005 September 19,15:50:00,2005,September,Monday,2:01 pm to 6:00 pm,15.0,0,Afternoon,Fall,3801.0,001580,MISSI,4B6G,22106,22106,Unsafe starting or backing on highway,AA,Vehicle(s) Only Involved,16674,2,2,57584,1
21891,37170,130657466.0,2013-08-09 13:30:00,2013 August 09,13:30:00,2013,August,Friday,10:01 am to 2:00 pm,13.0,0,Afternoon,Summer,3801.0,4082,TARAVAL,3I5,22350,22350,Unsafe speed for prevailing conditions,AA,Vehicle(s) Only Involved,16675,2,1,57658,1
21892,47584,190272446.0,2019-04-17 06:45:00,2019 April 17,06:45:00,2019,April,Wednesday,6:01 am to 10:00 am,6.0,0,Morning,Spring,3801.0,623,Bayview,3C11A,21755(a),21755(a),Unsafe passing on right shoulder,AA,Vehicle(s) Only Involved,847,2,44,57660,2
21893,23842,2628443.0,2006-04-19 09:10:00,2006 April 19,09:10:00,2006,April,Wednesday,6:01 am to 10:00 am,9.0,0,Morning,Spring,3801.0,001751,B,4B1B,21950(b),21950(b),Pedestrian suddenly entering into vehicle path close enough to create an immediate hazard,BB,Vehicle-Pedestrian,16676,2,1,57622,6
21894,3312,6221611.0,2012-10-03 15:04:00,2012 October 03,15:04:00,2012,October,Wednesday,2:01 pm to 6:00 pm,15.0,0,Afternoon,Fall,3801.0,1934,BAYVI,3CAR,22103,22103,Illegal U-turn in residential district,AA,Vehicle(s) Only Involved,16677,2,2,57658,1
21895,38497,130928712.0,2013-11-01 17:34:00,2013 November 01,17:34:00,2013,November,Friday,2:01 pm to 6:00 pm,17.0,0,Evening,Fall,3801.0,4200,TARAVAL,3115D,21703,21703,Following too closely prohibited,AA,Vehicle(s) Only Involved,16678,2,2,57658,3
21896,31955,1992434.0,2005-01-01 12:45:00,2005 January 01,12:45:00,2005,January,Saturday,10:01 am to 2:00 pm,12.0,1,Afternoon,Winter,3801.0,1960,NORTH,3E61,22350,22350,Unsafe speed for prevailing conditions,AA,Vehicle(s) Only Involved,16679,12,4,57658,1
21897,17273,2637995.0,2006-04-10 09:50:00,2006 April 10,09:50:00,2006,April,Monday,6:01 am to 10:00 am,9.0,0,Morning,Spring,3801.0,1299,COD,05D,22517,22517,Opening door on traffic side when unsafe,CC,Vehicle-Bicycle,6096,2,2,57390,1
21898,29892,2186449.0,2005-08-16 15:43:00,2005 August 16,15:43:00,2005,August,Tuesday,2:01 pm to 6:00 pm,15.0,0,Afternoon,Summer,3801.0,605,,003,21453(a),"21453(a,c)",Red signal - driver or bicyclist responsibilities,CC,Vehicle-Bicycle,14836,2,1,57581,1
21899,46904,190212389.0,2019-03-25 16:50:00,2019 March 25,16:50:00,2019,March,Monday,2:01 pm to 6:00 pm,16.0,0,Afternoon,Spring,3801.0,1931,Northern,,21800(c),21800(a-c),Violation of right-of-way or uncontrolled intersection,CC,Vehicle-Bicycle,16680,4,4,57581,1
21900,23559,180958189.0,2018-12-20 18:46:00,2018 December 20,18:46:00,2018,December,Thursday,6:01 pm to 10:00 pm,18.0,0,Evening,Winter,3801.0,1166,Southern,B1,21056,21056,Emergency vehicle driving without due regard to safety,AA,Vehicle(s) Only Involved,16681,2,75,57659,1
21901,46734,190144550.0,2019-02-26 22:23:00,2019 February 26,22:23:00,2019,February,Tuesday,10:01 pm to 2:00 am,22.0,0,Night,Winter,3801.0,668,Northern,3E15E,21950(a),"21950(a,c)",Driver or bicyclist to yield right-of-way at crosswalks,BB,Vehicle-Pedestrian,16682,4,13,57649,4
21902,25067,170919668.0,2017-11-11 04:45:00,2017 November 11,04:45:00,2017,November,Saturday,2:01 am to 6:00 am,4.0,1,Night,Fall,3801.0,,TENDERLOIN,5,21657,21657,Going against one-way traffic patterns,AA,Vehicle(s) Only Involved,7845,2,3,57659,2
21903,49896,190746316.0,2019-10-04 16:26:00,2019 October 04,16:26:00,2019,October,Friday,2:01 pm to 6:00 pm,16.0,0,Afternoon,Fall,3801.0,524,Southern,3B13D,22107,22107,Unsafe turn or lane change prohibited,AA,Vehicle(s) Only Involved,2628,2,2,57564,2
21904,36488,2829448.0,2006-10-03 19:27:00,2006 October 03,19:27:00,2006,October,Tuesday,6:01 pm to 10:00 pm,19.0,0,Evening,Fall,3801.0,4200,TARAV,1927,22350,22350,Unsafe speed for prevailing conditions,AA,Vehicle(s) Only Involved,16172,2,3,57659,4
21905,37272,160054735.0,2016-01-20 06:45:00,2016 January 20,06:45:00,2016,January,Wednesday,6:01 am to 10:00 am,6.0,0,Morning,Winter,3801.0,2482,TARAVAL,3116A,21950(a),"21950(a,c)",Driver or bicyclist to yield right-of-way at crosswalks,BB,Vehicle-Pedestrian,367,1,16,57649,1
21906,39148,2484957.0,2006-02-02 14:15:00,2006 February 02,14:15:00,2006,February,Thursday,2:01 pm to 6:00 pm,14.0,0,Afternoon,Winter,3801.0,1794,TARAV,002,22102,22102,Illegal U-turn in business district,AA,Vehicle(s) Only Involved,16683,1,4,57659,8
21907,47268,190268570.0,2019-04-15 16:58:00,2019 April 15,16:58:00,2019,April,Monday,2:01 pm to 6:00 pm,16.0,0,Afternoon,Spring,3801.0,642,Taraval,3,22107,22107,Unsafe turn or lane change prohibited,AA,Vehicle(s) Only Involved,16684,4,119,57659,8
21908,49494,190872723.0,2019-11-18 14:12:00,2019 November 18,14:12:00,2019,November,Monday,2:01 pm to 6:00 pm,14.0,0,Afternoon,Fall,3801.0,2148,Northern,3E13A,21804(a),"21804(a,b)",Entering highway from alley or driveway,BB,Vehicle-Pedestrian,16685,2,2,57649,1
21909,38552,2705368.0,2006-06-24 11:30:00,2006 June 24,11:30:00,2006,June,Saturday,10:01 am to 2:00 pm,11.0,1,Morning,Summer,3801.0,2137,TARAV,4B4C,22350,22350,Unsafe speed for prevailing conditions,AA,Vehicle(s) Only Involved,16686,1,1,57658,14
21910,42236,2678842.0,2006-04-12 17:43:00,2006 April 12,17:43:00,2006,April,Wednesday,2:01 pm to 6:00 pm,17.0,0,Evening,Spring,3801.0,1869,RICHM,3G12D,22350,22350,Unsafe speed for prevailing conditions,AA,Vehicle(s) Only Involved,6815,4,46,57658,1
21911,33351,130849992.0,2013-10-08 09:27:00,2013 October 08,09:27:00,2013,October,Tuesday,6:01 am to 10:00 am,9.0,0,Morning,Fall,3801.0,1794,CENTRAL,,21750,21750,Overtaking and passing unsafely,AA,Vehicle(s) Only Involved,20284,8,1,57659,2
21912,24937,130162249.0,2013-02-25 07:48:00,2013 February 25,07:48:00,2013,February,Monday,6:01 am to 10:00 am,7.0,0,Morning,Winter,3801.0,4690,,COJ,21950(a),"21950(a,c)",Driver or bicyclist to yield right-of-way at crosswalks,BB,Vehicle-Pedestrian,16687,2,1,57454,4
21913,14472,5739496.0,2012-07-21 09:30:00,2012 July 21,09:30:00,2012,July,Saturday,6:01 am to 10:00 am,9.0,1,Morning,Summer,9335.0,019328,,024,22350,22350,Unsafe speed for prevailing conditions,AA,Vehicle(s) Only Involved,20756,2,2,57658,1
21914,40548,2566294.0,2006-01-28 01:22:00,2006 January 28,01:22:00,2006,January,Saturday,10:01 pm to 2:00 am,1.0,1,Night,Winter,3801.0,004205,,PARK,23152(a),23152(a-g),Driving under influence of alcohol and/or drugs,AA,Vehicle(s) Only Involved,21280,2,3,57576,2
21915,43388,170591589.0,2017-07-20 19:23:00,2017 July 20,19:23:00,2017,July,Thursday,6:01 pm to 10:00 pm,19.0,0,Evening,Summer,3801.0,,RICHMOND,3,21801(a),"21801(a,b)",Violation of right-of-way - left turn,AA,Vehicle(s) Only Involved,20819,2,1,57659,1
21916,14987,180099391.0,2018-02-07 15:12:00,2018 February 07,15:12:00,2018,February,Wednesday,2:01 pm to 6:00 pm,15.0,0,Afternoon,Winter,3801.0,1766,Southern,4B3C,21657,21657,Going against one-way traffic patterns,AA,Vehicle(s) Only Involved,16689,2,1,57603,8
21917,16117,2226574.0,2005-08-26 15:00:00,2005 August 26,15:00:00,2005,August,Friday,2:01 pm to 6:00 pm,15.0,0,Afternoon,Summer,3801.0,2039,SOUTH,,Unknown,Unknown,Unknown,AA,Vehicle(s) Only Involved,10641,3,126,57546,2
21918,1201,2183798.0,2005-08-07 02:19:00,2005 August 07,02:19:00,2005,August,Sunday,2:01 am to 6:00 am,2.0,1,Night,Summer,3801.0,2052,INGLE,3H15E,22350,22350,Unsafe speed for prevailing conditions,AA,Vehicle(s) Only Involved,6953,9,3,57576,3
21919,46271,190277355.0,2019-04-18 19:49:00,2019 April 18,19:49:00,2019,April,Thursday,6:01 pm to 10:00 pm,19.0,0,Evening,Spring,3801.0,2050,Northern,,Unknown,Unknown,Unknown,FF,Bicycle Only,16690,2,32,57524,1
21920,18516,2229936.0,2005-08-31 17:05:00,2005 August 31,17:05:00,2005,August,Wednesday,2:01 pm to 6:00 pm,17.0,0,Evening,Summer,3801.0,002122,B,4B6D,21453(a),"21453(a,c)",Red signal - driver or bicyclist responsibilities,AA,Vehicle(s) Only Involved,36421,2,1,57603,1
21921,46530,190064732.0,2019-01-26 13:53:00,2019 January 26,13:53:00,2019,January,Saturday,10:01 am to 2:00 pm,13.0,1,Afternoon,Winter,3801.0,2335,Southern,B4,21755(a),21755(a),Unsafe passing on right shoulder,AA,Vehicle(s) Only Involved,2135,2,2,57659,1
21922,46597,190089047.0,2019-02-05 08:30:00,2019 February 05,08:30:00,2019,February,Tuesday,6:01 am to 10:00 am,8.0,0,Morning,Winter,3801.0,195,Northern,3E14A,21801(a),"21801(a,b)",Violation of right-of-way - left turn,AA,Vehicle(s) Only Involved,16692,2,1,57636,1
21923,6235,2636770.0,2006-04-10 17:55:00,2006 April 10,17:55:00,2006,April,Monday,2:01 pm to 6:00 pm,17.0,0,Evening,Spring,3801.0,2003,BAYVI,3C13D,Unknown,Unknown,Unknown,CC,Vehicle-Bicycle,18834,2,1,48086,1
21924,17647,6221927.0,2012-12-08 22:20:00,2012 December 08,22:20:00,2012,December,Saturday,10:01 pm to 2:00 am,22.0,1,Night,Winter,3801.0,2254,COB,3B14E,23153(a),23153(a-g),Driving under influence causing injury,AA,Vehicle(s) Only Involved,16693,2,3,57607,8
21925,42739,140624013.0,2014-07-27 17:29:00,2014 July 27,17:29:00,2014,July,Sunday,2:01 pm to 6:00 pm,17.0,1,Evening,Summer,3801.0,4222,CO G,3G5D,22107,22107,Unsafe turn or lane change prohibited,AA,Vehicle(s) Only Involved,9954,2,1,57659,8
21926,39390,150410040.0,2015-05-11 15:58:00,2015 May 11,15:58:00,2015,May,Monday,2:01 pm to 6:00 pm,15.0,0,Afternoon,Spring,3801.0,1682,TARAVAL,3I15B,22350,22350,Unsafe speed for prevailing conditions,AA,Vehicle(s) Only Involved,16694,2,2,57658,1
21927,47215,190231367.0,2019-04-02 07:05:00,2019 April 02,07:05:00,2019,April,Tuesday,6:01 am to 10:00 am,7.0,0,Morning,Spring,3801.0,416,Bayview,c2,21651(b),21651(b),Wrong way driving,CC,Vehicle-Bicycle,41021,4,16,57655,1
21928,42376,2232012.0,2005-06-02 17:12:00,2005 June 02,17:12:00,2005,June,Thursday,2:01 pm to 6:00 pm,17.0,0,Evening,Summer,3801.0,659,RICHM,0G3,21453(a),"21453(a,c)",Red signal - driver or bicyclist responsibilities,AA,Vehicle(s) Only Involved,41106,5,1,57659,1
21929,22062,2658497.0,2006-05-03 06:40:00,2006 May 03,06:40:00,2006,May,Wednesday,6:01 am to 10:00 am,6.0,0,Morning,Spring,3801.0,000779,NORTH,3E62,22107,22107,Unsafe turn or lane change prohibited,CC,Vehicle-Bicycle,3508,2,1,57581,2
21930,31260,130920263.0,2013-10-30 08:07:00,2013 October 30,08:07:00,2013,October,Wednesday,6:01 am to 10:00 am,8.0,0,Morning,Fall,3801.0,191,RICHMOND,4B6G,21750,21750,Overtaking and passing unsafely,AA,Vehicle(s) Only Involved,16696,2,2,57659,2
21931,461,6143758.0,2012-12-30 14:24:00,2012 December 30,14:24:00,2012,December,Sunday,2:01 pm to 6:00 pm,14.0,1,Afternoon,Winter,3801.0,000251,MAIT,4C3,Unknown,Unknown,Unknown,BB,Vehicle-Pedestrian,16697,2,161,57566,1
21932,4917,1986780.0,2005-02-15 14:08:00,2005 February 15,14:08:00,2005,February,Tuesday,2:01 pm to 6:00 pm,14.0,0,Afternoon,Winter,3801.0,001482,,3H61,21802(a),"21802(a,b)",Violation of right-of-way - entering through highway,AA,Vehicle(s) Only Involved,16698,7,16,57659,1
21933,48496,190499258.0,2019-07-10 14:51:00,2019 July 10,14:51:00,2019,July,Wednesday,2:01 pm to 6:00 pm,14.0,0,Afternoon,Summer,3801.0,390,Park,2,21804(a),"21804(a,b)",Entering highway from alley or driveway,AA,Vehicle(s) Only Involved,16699,2,2,57659,2
21934,36340,2628843.0,2006-03-02 13:25:00,2006 March 02,13:25:00,2006,March,Thursday,10:01 am to 2:00 pm,13.0,0,Afternoon,Spring,3801.0,373,INGLE,0H5,22350,22350,Unsafe speed for prevailing conditions,BB,Vehicle-Pedestrian,16700,2,1,51618,1
21935,7601,2188621.0,2005-08-02 13:32:00,2005 August 02,13:32:00,2005,August,Tuesday,10:01 am to 2:00 pm,13.0,0,Afternoon,Summer,3801.0,1517,COD,3D44A,21703,21703,Following too closely prohibited,AA,Vehicle(s) Only Involved,16701,2,2,57658,8
21936,8489,2340007.0,2005-10-12 16:50:00,2005 October 12,16:50:00,2005,October,Wednesday,2:01 pm to 6:00 pm,16.0,0,Afternoon,Fall,3801.0,112,MISSI,3D14D,22106,22106,Unsafe starting or backing on highway,AA,Vehicle(s) Only Involved,16702,2,2,57658,1
21937,11600,171048032.0,2017-12-28 19:10:00,2017 December 28,19:10:00,2017,December,Thursday,6:01 pm to 10:00 pm,19.0,0,Evening,Winter,3801.0,1571,MISSION,3D41D,21954(a),21954(a),Pedestrians must yield right-of-way outside of crosswalks,AA,Vehicle(s) Only Involved,16703,2,12,43060,1
21938,37619,2340069.0,2005-10-25 21:20:00,2005 October 25,21:20:00,2005,October,Tuesday,6:01 pm to 10:00 pm,21.0,0,Night,Fall,3801.0,1576,TARAV,005,21802(a),"21802(a,b)",Violation of right-of-way - entering through highway,CC,Vehicle-Bicycle,39486,1,3,57625,1
21939,26710,6104491.0,2012-04-12 01:32:00,2012 April 12,01:32:00,2012,April,Thursday,10:01 pm to 2:00 am,1.0,0,Night,Spring,3801.0,20,SOUTH,3B60,22350,22350,Unsafe speed for prevailing conditions,AA,Vehicle(s) Only Involved,16704,4,13,57658,1
21940,19537,2413867.0,2005-12-02 02:32:00,2005 December 02,02:32:00,2005,December,Friday,2:01 am to 6:00 am,2.0,0,Night,Winter,3801.0,1674,,PARK,23152(a),23152(a-g),Driving under influence of alcohol and/or drugs,AA,Vehicle(s) Only Involved,16705,2,13,57584,11
21941,18152,2718667.0,2006-07-07 18:59:00,2006 July 07,18:59:00,2006,July,Friday,6:01 pm to 10:00 pm,18.0,0,Evening,Summer,3801.0,1088,,3E16E,21950(a),"21950(a,c)",Driver or bicyclist to yield right-of-way at crosswalks,BB,Vehicle-Pedestrian,15428,2,2,57649,2
21942,54864,210135158.0,2021-03-01 09:30:00,2021 March 01,09:30:00,2021,March,Monday,6:01 am to 10:00 am,9.0,0,Morning,Spring,3801.0,2337,Ingleside,3H1A,22350,22350,Unsafe speed for prevailing conditions,AA,Vehicle(s) Only Involved,16706,2,2,57658,8
21943,8974,2626260.0,2006-03-04 12:30:00,2006 March 04,12:30:00,2006,March,Saturday,10:01 am to 2:00 pm,12.0,1,Afternoon,Spring,3801.0,2226,MISSI,3D62,21461.5,21461.5,Pedestrian failure to obey signs or signals,BB,Vehicle-Pedestrian,17262,2,1,57123,1
21944,3355,1992300.0,2005-02-04 17:28:00,2005 February 04,17:28:00,2005,February,Friday,2:01 pm to 6:00 pm,17.0,0,Evening,Winter,3801.0,1668,,3C13D,21703,21703,Following too closely prohibited,AA,Vehicle(s) Only Involved,16708,2,1,57658,1
21945,34947,4850936.0,2010-08-11 03:25:00,2010 August 11,03:25:00,2010,August,Wednesday,2:01 am to 6:00 am,3.0,0,Night,Summer,9335.0,20011,,15,21703,21703,Following too closely prohibited,AA,Vehicle(s) Only Involved,16709,1,12,57607,1
21946,34057,2008318.0,2005-03-30 16:25:00,2005 March 30,16:25:00,2005,March,Wednesday,2:01 pm to 6:00 pm,16.0,0,Afternoon,Spring,3801.0,990,A,3A3C,22350,22350,Unsafe speed for prevailing conditions,AA,Vehicle(s) Only Involved,16710,2,1,57658,2
21947,14693,6136647.0,2012-07-18 06:18:00,2012 July 18,06:18:00,2012,July,Wednesday,6:01 am to 10:00 am,6.0,0,Morning,Summer,3801.0,251,,,21800(a),21800(a-c),Violation of right-of-way or uncontrolled intersection,AA,Vehicle(s) Only Involved,5250,2,1,57659,8
21948,56000,210557427.0,2021-08-30 18:06:00,2021 August 30,18:06:00,2021,August,Monday,6:01 pm to 10:00 pm,18.0,0,Evening,Summer,3801.0,2704,Southern,3B4,Unknown,Unknown,Unknown,AA,Vehicle(s) Only Involved,19119,2,1,57557,2
21949,82633,230140585.0,2023-02-26 16:01:00,2023 February 26,16:01:00,2023,February,Sunday,2:01 pm to 6:00 pm,16.0,1,Afternoon,Winter,3801.0,1534,Ingleside,3H15D,21950(a),"21950(a,c)",Driver or bicyclist to yield right-of-way at crosswalks,BB,Vehicle-Pedestrian,4951,20,60,57649,1
21950,11400,6226960.0,2012-10-18 19:51:00,2012 October 18,19:51:00,2012,October,Thursday,6:01 pm to 10:00 pm,19.0,0,Evening,Fall,3801.0,1030,MISSI,3D11D,21801(a),"21801(a,b)",Violation of right-of-way - left turn,AA,Vehicle(s) Only Involved,5987,2,33,57603,8
21951,34568,131022082.0,2013-12-04 05:34:00,2013 December 04,05:34:00,2013,December,Wednesday,2:01 am to 6:00 am,5.0,0,Morning,Winter,3801.0,,SAN FRANCI,3,22106,22106,Unsafe starting or backing on highway,AA,Vehicle(s) Only Involved,16711,2,12,57608,2
21952,20573,1995326.0,2005-01-09 16:12:00,2005 January 09,16:12:00,2005,January,Sunday,2:01 pm to 6:00 pm,16.0,1,Afternoon,Winter,3801.0,2122,B,4B8D,22350,22350,Unsafe speed for prevailing conditions,AA,Vehicle(s) Only Involved,16712,1,1,57658,1
21953,33615,2632156.0,2006-04-14 15:31:00,2006 April 14,15:31:00,2006,April,Friday,2:01 pm to 6:00 pm,15.0,0,Afternoon,Spring,3801.0,639,,3A3C,22106,22106,Unsafe starting or backing on highway,AA,Vehicle(s) Only Involved,16713,2,2,57658,2
21954,86773,240631427.0,2024-10-07 15:08:00,2024 October 07,15:08:00,2024,October,Monday,2:01 pm to 6:00 pm,15.0,0,Afternoon,Fall,3801.0,1288,Northern,3E13D,22107,22107,Unsafe turn or lane change prohibited,AA,Vehicle(s) Only Involved,16714,2,1,57406,1
21955,33494,140820954.0,2014-09-29 12:48:00,2014 September 29,12:48:00,2014,September,Monday,10:01 am to 2:00 pm,12.0,0,Afternoon,Fall,3801.0,41,CENTRAL,3A,21802(a),"21802(a,b)",Violation of right-of-way - entering through highway,AA,Vehicle(s) Only Involved,8269,2,2,57659,1
21956,34858,3318857.0,2007-08-07 07:32:00,2007 August 07,07:32:00,2007,August,Tuesday,6:01 am to 10:00 am,7.0,0,Morning,Summer,3801.0,1073,NORTH,3E60,22102,22102,Illegal U-turn in business district,CC,Vehicle-Bicycle,16715,1,2,57639,4
21957,18860,170183330.0,2017-03-05 12:27:00,2017 March 05,12:27:00,2017,March,Sunday,10:01 am to 2:00 pm,12.0,1,Afternoon,Spring,3801.0,30,NORTHERN,3E1A,21658(a),"21658(a,b)",Lane straddling or failure to use specified lanes,AA,Vehicle(s) Only Involved,16716,2,2,57660,1
21958,13881,2023912.0,2005-03-24 10:45:00,2005 March 24,10:45:00,2005,March,Thursday,10:01 am to 2:00 pm,10.0,0,Morning,Spring,3801.0,736,B,3B4C,21703,21703,Following too closely prohibited,AA,Vehicle(s) Only Involved,16717,2,2,57658,14
21959,29993,131095744.0,2013-12-30 16:09:00,2013 December 30,16:09:00,2013,December,Monday,2:01 pm to 6:00 pm,16.0,0,Afternoon,Winter,3801.0,2046,NORTHERN,3E14D,21703,21703,Following too closely prohibited,AA,Vehicle(s) Only Involved,35727,2,2,57557,1