collision_id,unique_id,case_id_pkey,collision_datetime,collision_date,collision_time,accident_year,month,day_of_week,time_cat,hour_of_day,is_weekend,time_of_day,season,juris,officer_id,reporting_district,beat_number,vz_pcf_code,vz_pcf_group,vz_pcf_description,dph_col_grp,dph_col_grp_description,location_id,weather_id,road_id,party_id,severity_id
22526,46246,190444930.0,2019-06-19 20:49:00,2019 June 19,20:49:00,2019,June,Wednesday,6:01 pm to 10:00 pm,20.0,0,Evening,Summer,3801.0,608,Park,F,21453(a),"21453(a,c)",Red signal - driver or bicyclist responsibilities,AA,Vehicle(s) Only Involved,17079,2,3,57603,3
22527,38046,2571317.0,2006-01-27 06:00:00,2006 January 27,06:00:00,2006,January,Friday,6:01 am to 10:00 am,6.0,0,Morning,Winter,3801.0,1629,TARAV,314,22350,22350,Unsafe speed for prevailing conditions,AA,Vehicle(s) Only Involved,17080,7,3,57658,1
22528,41287,2638335.0,2006-03-04 10:21:00,2006 March 04,10:21:00,2006,March,Saturday,10:01 am to 2:00 pm,10.0,1,Morning,Spring,3801.0,2044,RICHM,4B2B,22450(a),22450(a),Failure to stop at STOP sign,CC,Vehicle-Bicycle,10639,2,1,54305,1
22529,46877,190199721.0,2019-03-20 14:29:00,2019 March 20,14:29:00,2019,March,Wednesday,2:01 pm to 6:00 pm,14.0,0,Afternoon,Spring,3801.0,1125,Taraval,3I15A,21453(a),"21453(a,c)",Red signal - driver or bicyclist responsibilities,AA,Vehicle(s) Only Involved,17525,2,1,57659,3
22530,46494,190047926.0,2019-01-19 23:30:00,2019 January 19,23:30:00,2019,January,Saturday,10:01 pm to 2:00 am,23.0,1,Night,Winter,3801.0,4222,Ingleside,3H11E,21950(a),"21950(a,c)",Driver or bicyclist to yield right-of-way at crosswalks,BB,Vehicle-Pedestrian,3218,2,3,57649,1
22531,29102,170540172.0,2017-07-03 12:21:00,2017 July 03,12:21:00,2017,July,Monday,10:01 am to 2:00 pm,12.0,0,Afternoon,Summer,3801.0,1706,TENDERLOIN,3J14A,21955,21955,Crossing between controlled intersections (Jaywalking),BB,Vehicle-Pedestrian,17082,2,27,57622,1
22532,30766,1992419.0,2005-01-27 10:55:00,2005 January 27,10:55:00,2005,January,Thursday,10:01 am to 2:00 pm,10.0,0,Morning,Winter,3801.0,804,NORTH,3E4A,22350,22350,Unsafe speed for prevailing conditions,AA,Vehicle(s) Only Involved,17083,1,1,57658,1
22533,39864,3038706.0,2007-02-09 13:15:00,2007 February 09,13:15:00,2007,February,Friday,10:01 am to 2:00 pm,13.0,0,Afternoon,Winter,3801.0,2016,I,2CAR,22350,22350,Unsafe speed for prevailing conditions,AA,Vehicle(s) Only Involved,17084,4,16,57496,2
22534,47275,190271915.0,2019-04-16 21:20:00,2019 April 16,21:20:00,2019,April,Tuesday,6:01 pm to 10:00 pm,21.0,0,Night,Spring,3801.0,781,Park,F3,21955,21955,Crossing between controlled intersections (Jaywalking),BB,Vehicle-Pedestrian,17085,2,3,57622,4
22535,30326,130729093.0,2013-09-01 11:20:00,2013 September 01,11:20:00,2013,September,Sunday,10:01 am to 2:00 pm,11.0,1,Morning,Fall,3801.0,262,NORTHERN,3E3C,22100(a),"22100(a,b)",Turn at intersection from wrong position,AA,Vehicle(s) Only Involved,17086,2,20,57659,8
22536,27796,170177054.0,2017-03-03 07:45:00,2017 March 03,07:45:00,2017,March,Friday,6:01 am to 10:00 am,7.0,0,Morning,Spring,3801.0,1887,CENTRAL,4B1C,22100(b),"22100(a,b)",Turn at intersection from wrong position,AA,Vehicle(s) Only Involved,12779,8,1,57659,4
22537,1475,2105953.0,2005-06-03 15:10:00,2005 June 03,15:10:00,2005,June,Friday,2:01 pm to 6:00 pm,15.0,0,Afternoon,Summer,3801.0,001593,TARAV,4B51,21650.1,21650.1,Bicycle to travel in same direction as vehicles,CC,Vehicle-Bicycle,17087,2,1,57621,1
22538,11760,140401617.0,2014-05-13 16:55:00,2014 May 13,16:55:00,2014,May,Tuesday,2:01 pm to 6:00 pm,16.0,0,Afternoon,Spring,3801.0,1448,MISSION,,21800(a),21800(a-c),Violation of right-of-way or uncontrolled intersection,AA,Vehicle(s) Only Involved,9535,8,1,57660,1
22539,23488,2409319.0,2005-12-06 17:35:00,2005 December 06,17:35:00,2005,December,Tuesday,2:01 pm to 6:00 pm,17.0,0,Evening,Winter,3801.0,1686,SOUTH,3B12D,21804(a),"21804(a,b)",Entering highway from alley or driveway,AA,Vehicle(s) Only Involved,17088,2,15,57659,14
22540,1229,6104427.0,2012-08-11 10:31:00,2012 August 11,10:31:00,2012,August,Saturday,10:01 am to 2:00 pm,10.0,1,Morning,Summer,3801.0,1043,INGLE,4B1H,21802(a),"21802(a,b)",Violation of right-of-way - entering through highway,AA,Vehicle(s) Only Involved,4749,2,1,57659,1
22541,22358,2415273.0,2005-11-14 11:25:00,2005 November 14,11:25:00,2005,November,Monday,10:01 am to 2:00 pm,11.0,0,Morning,Fall,3801.0,805,F,0F4,22350,22350,Unsafe speed for prevailing conditions,AA,Vehicle(s) Only Involved,37316,2,1,57603,1
22542,42280,6131671.0,2012-06-14 07:21:00,2012 June 14,07:21:00,2012,June,Thursday,6:01 am to 10:00 am,7.0,0,Morning,Summer,3801.0,1073,,4B2G,21453(a),"21453(a,c)",Red signal - driver or bicyclist responsibilities,AA,Vehicle(s) Only Involved,40839,2,1,57659,1
22543,4439,3011228.0,2007-01-16 16:41:00,2007 January 16,16:41:00,2007,January,Tuesday,2:01 pm to 6:00 pm,16.0,0,Afternoon,Winter,3801.0,2082,INGLE,4B8H,22350,22350,Unsafe speed for prevailing conditions,AA,Vehicle(s) Only Involved,1757,2,2,57659,4
22544,28109,2183790.0,2005-08-12 14:05:00,2005 August 12,14:05:00,2005,August,Friday,2:01 pm to 6:00 pm,14.0,0,Afternoon,Summer,3801.0,1723,A,,21453(d),21453(d),Red signal - pedestrian responsibilities,BB,Vehicle-Pedestrian,9035,2,2,56779,2
22545,48568,190494010.0,2019-07-08 15:52:00,2019 July 08,15:52:00,2019,July,Monday,2:01 pm to 6:00 pm,15.0,0,Afternoon,Summer,3801.0,2311,Bayview,C2,22350,22350,Unsafe speed for prevailing conditions,AA,Vehicle(s) Only Involved,17089,2,2,57553,3
22546,46824,190178565.0,2019-03-12 10:45:00,2019 March 12,10:45:00,2019,March,Tuesday,10:01 am to 2:00 pm,10.0,0,Morning,Spring,3801.0,1917,Taraval,3I16A,22107,22107,Unsafe turn or lane change prohibited,AA,Vehicle(s) Only Involved,17090,2,1,57660,2
22547,47587,190298696.0,2019-04-26 23:42:00,2019 April 26,23:42:00,2019,April,Friday,10:01 pm to 2:00 am,23.0,0,Night,Spring,3801.0,1454,Southern,3B13E,21954(a),21954(a),Pedestrians must yield right-of-way outside of crosswalks,BB,Vehicle-Pedestrian,13558,2,3,57622,1
22548,6331,2571445.0,2006-01-21 06:09:00,2006 January 21,06:09:00,2006,January,Saturday,6:01 am to 10:00 am,6.0,1,Morning,Winter,3801.0,1320,D,0D6,22350,22350,Unsafe speed for prevailing conditions,AA,Vehicle(s) Only Involved,17091,7,13,57660,1
22549,17414,130292250.0,2013-04-10 08:34:00,2013 April 10,08:34:00,2013,April,Wednesday,6:01 am to 10:00 am,8.0,0,Morning,Spring,3801.0,,MISSION,3D11A,21801(a),"21801(a,b)",Violation of right-of-way - left turn,CC,Vehicle-Bicycle,17092,2,1,57614,2
22550,45048,3234471.0,2007-05-16 18:37:00,2007 May 16,18:37:00,2007,May,Wednesday,6:01 pm to 10:00 pm,18.0,0,Evening,Spring,3801.0,659,RICHM,0G4,21453(a),"21453(a,c)",Red signal - driver or bicyclist responsibilities,AA,Vehicle(s) Only Involved,40323,5,1,57659,1
22551,33878,6068163.0,2012-09-07 07:45:00,2012 September 07,07:45:00,2012,September,Friday,6:01 am to 10:00 am,7.0,0,Morning,Fall,3801.0,2108,CENTR,004,21658(a),"21658(a,b)",Lane straddling or failure to use specified lanes,CC,Vehicle-Bicycle,17093,2,2,57614,4
22552,37536,131075138.0,2013-12-22 16:15:00,2013 December 22,16:15:00,2013,December,Sunday,2:01 pm to 6:00 pm,16.0,1,Afternoon,Winter,3801.0,1872,TARAVAL,314D,22100(b),"22100(a,b)",Turn at intersection from wrong position,AA,Vehicle(s) Only Involved,24451,2,1,57659,2
22553,33968,2395806.0,2005-11-19 13:20:00,2005 November 19,13:20:00,2005,November,Saturday,10:01 am to 2:00 pm,13.0,1,Afternoon,Fall,3801.0,1723,A,,21950(a),"21950(a,c)",Driver or bicyclist to yield right-of-way at crosswalks,BB,Vehicle-Pedestrian,6701,2,1,57522,3
22554,1015,150039991.0,2015-01-14 00:02:00,2015 January 14,00:02:00,2015,January,Wednesday,10:01 pm to 2:00 am,0.0,0,Night,Winter,3801.0,2374,,,22350,22350,Unsafe speed for prevailing conditions,AA,Vehicle(s) Only Involved,17094,2,29,57475,1
22555,47581,190301647.0,2019-04-28 10:12:00,2019 April 28,10:12:00,2019,April,Sunday,10:01 am to 2:00 pm,10.0,1,Morning,Spring,3801.0,1300,Southern,3B109,22350,22350,Unsafe speed for prevailing conditions,AA,Vehicle(s) Only Involved,17095,2,2,57607,1
22556,26232,2571330.0,2006-01-27 09:30:00,2006 January 27,09:30:00,2006,January,Friday,6:01 am to 10:00 am,9.0,0,Morning,Winter,3801.0,1723,A,,21453(a),"21453(a,c)",Red signal - driver or bicyclist responsibilities,AA,Vehicle(s) Only Involved,34218,1,1,57585,2
22557,46377,190002180.0,2019-01-01 20:19:00,2019 January 01,20:19:00,2019,January,Tuesday,6:01 pm to 10:00 pm,20.0,0,Evening,Winter,3801.0,1276,Mission,3D16D,21955,21955,Crossing between controlled intersections (Jaywalking),BB,Vehicle-Pedestrian,17096,2,2,57622,2
22558,44514,2267931.0,2005-09-25 23:37:00,2005 September 25,23:37:00,2005,September,Sunday,10:01 pm to 2:00 am,23.0,1,Night,Fall,3801.0,4236,RICHM,3CAR,23152(a),23152(a-g),Driving under influence of alcohol and/or drugs,AA,Vehicle(s) Only Involved,17097,2,12,57660,2
22559,15702,2008201.0,2005-03-21 14:22:00,2005 March 21,14:22:00,2005,March,Monday,2:01 pm to 6:00 pm,14.0,0,Afternoon,Spring,3801.0,1870,,3B62,22350,22350,Unsafe speed for prevailing conditions,AA,Vehicle(s) Only Involved,17098,4,16,57658,1
22560,36659,2626264.0,2006-03-06 11:30:00,2006 March 06,11:30:00,2006,March,Monday,10:01 am to 2:00 pm,11.0,0,Morning,Spring,3801.0,1794,TARAV,006,21950(a),"21950(a,c)",Driver or bicyclist to yield right-of-way at crosswalks,BB,Vehicle-Pedestrian,17099,2,2,57649,1
22561,47137,190430876.0,2019-06-15 13:54:00,2019 June 15,13:54:00,2019,June,Saturday,10:01 am to 2:00 pm,13.0,1,Afternoon,Summer,3801.0,751,Park,3F1A,22101(d),22101(d),Violation of a turn prohibition sign,AA,Vehicle(s) Only Involved,17100,1,1,57660,1
22562,11428,2229980.0,2005-08-14 15:27:00,2005 August 14,15:27:00,2005,August,Sunday,2:01 pm to 6:00 pm,15.0,1,Afternoon,Summer,3801.0,4193,D,3D13D,22350,22350,Unsafe speed for prevailing conditions,AA,Vehicle(s) Only Involved,32879,2,1,57658,1
22563,8873,1992268.0,2005-02-10 12:15:00,2005 February 10,12:15:00,2005,February,Thursday,10:01 am to 2:00 pm,12.0,0,Afternoon,Winter,3801.0,2137,,4B31,22350,22350,Unsafe speed for prevailing conditions,AA,Vehicle(s) Only Involved,17101,2,2,57658,5
22564,30198,1988074.0,2005-03-01 16:33:00,2005 March 01,16:33:00,2005,March,Tuesday,2:01 pm to 6:00 pm,16.0,0,Afternoon,Spring,3801.0,000829,,4B7B,22106,22106,Unsafe starting or backing on highway,AA,Vehicle(s) Only Involved,17102,2,2,57660,17
22565,46684,190121912.0,2019-02-19 08:00:00,2019 February 19,08:00:00,2019,February,Tuesday,6:01 am to 10:00 am,8.0,0,Morning,Winter,3801.0,1386,Northern,3E11C,22107,22107,Unsafe turn or lane change prohibited,AA,Vehicle(s) Only Involved,17103,2,1,57659,1
22566,47160,190463106.0,2019-06-26 20:40:00,2019 June 26,20:40:00,2019,June,Wednesday,6:01 pm to 10:00 pm,20.0,0,Evening,Summer,3801.0,1860,Tenderloin,3J54C,21453(a),"21453(a,c)",Red signal - driver or bicyclist responsibilities,AA,Vehicle(s) Only Involved,16007,1,3,57659,3
22567,27200,2395826.0,2005-11-18 09:00:00,2005 November 18,09:00:00,2005,November,Friday,6:01 am to 10:00 am,9.0,0,Morning,Fall,3801.0,1723,A,,21703,21703,Following too closely prohibited,AA,Vehicle(s) Only Involved,17104,2,1,57658,14
22568,44741,9004204.0,2006-08-26 22:30:00,2006 August 26,22:30:00,2006,August,Saturday,10:01 pm to 2:00 am,22.0,1,Night,Summer,3801.0,004236,RICHM,3G13E,21801(a),"21801(a,b)",Violation of right-of-way - left turn,AA,Vehicle(s) Only Involved,416,2,3,57237,2
22569,23642,2636750.0,2006-04-20 18:05:00,2006 April 20,18:05:00,2006,April,Thursday,6:01 pm to 10:00 pm,18.0,0,Evening,Spring,3801.0,841,B,3B110,22350,22350,Unsafe speed for prevailing conditions,AA,Vehicle(s) Only Involved,34346,2,2,57658,1
22570,46528,190063386.0,2019-01-25 23:11:00,2019 January 25,23:11:00,2019,January,Friday,10:01 pm to 2:00 am,23.0,0,Night,Winter,3801.0,1123,Northern,3E12E,21801(a),"21801(a,b)",Violation of right-of-way - left turn,AA,Vehicle(s) Only Involved,11206,2,3,57659,1
22571,3104,6221500.0,2012-12-21 20:32:00,2012 December 21,20:32:00,2012,December,Friday,6:01 pm to 10:00 pm,20.0,0,Evening,Winter,3801.0,2383,MISSI,3C13D,22350,22350,Unsafe speed for prevailing conditions,AA,Vehicle(s) Only Involved,38007,4,7,57607,1
22572,31195,2814063.0,2006-09-20 17:10:00,2006 September 20,17:10:00,2006,September,Wednesday,2:01 pm to 6:00 pm,17.0,0,Evening,Fall,3801.0,246,RICHM,4B6G,21950(a),"21950(a,c)",Driver or bicyclist to yield right-of-way at crosswalks,BB,Vehicle-Pedestrian,17107,2,1,57649,8
22573,46987,190266596.0,2019-04-15 01:27:00,2019 April 15,01:27:00,2019,April,Monday,10:01 pm to 2:00 am,1.0,0,Night,Spring,3801.0,#1499,Mission,3D11E,21802(a),"21802(a,b)",Violation of right-of-way - entering through highway,AA,Vehicle(s) Only Involved,17108,2,3,57659,1
22574,46989,190268564.0,2019-04-15 16:53:00,2019 April 15,16:53:00,2019,April,Monday,2:01 pm to 6:00 pm,16.0,0,Afternoon,Spring,3801.0,2078,Mission,3D5D,21202(a),21202(a),Bicyclist at less than normal speed must keep to the right,CC,Vehicle-Bicycle,17109,7,16,57655,1
22575,18321,2987874.0,2007-01-04 07:05:00,2007 January 04,07:05:00,2007,January,Thursday,6:01 am to 10:00 am,7.0,0,Morning,Winter,3801.0,000779,NORTH,3E62,21801(a),"21801(a,b)",Violation of right-of-way - left turn,CC,Vehicle-Bicycle,40407,4,46,57633,4
22576,37498,6221636.0,2012-10-07 12:11:00,2012 October 07,12:11:00,2012,October,Sunday,10:01 am to 2:00 pm,12.0,1,Afternoon,Fall,3801.0,2253,TARAV,3160,21703,21703,Following too closely prohibited,AA,Vehicle(s) Only Involved,17110,2,1,57658,11
22577,19914,3217810.0,2007-05-16 14:52:00,2007 May 16,14:52:00,2007,May,Wednesday,2:01 pm to 6:00 pm,14.0,0,Afternoon,Spring,3801.0,1446,,,22350,22350,Unsafe speed for prevailing conditions,AA,Vehicle(s) Only Involved,17111,2,1,57658,8
22578,17171,170646930.0,2017-08-09 04:11:00,2017 August 09,04:11:00,2017,August,Wednesday,2:01 am to 6:00 am,4.0,0,Night,Summer,3801.0,182,TENDERLOIN,3J13E,21663,21663,Operating vehicle or bicycle on sidewalk prohibited,AA,Vehicle(s) Only Involved,17112,9,3,57607,2
22579,16450,6079147.0,2012-08-22 10:15:00,2012 August 22,10:15:00,2012,August,Wednesday,10:01 am to 2:00 pm,10.0,0,Morning,Summer,3801.0,353,B,02A,21954(a),21954(a),Pedestrians must yield right-of-way outside of crosswalks,BB,Vehicle-Pedestrian,17113,2,1,57622,1
22580,6192,6089150.0,2012-09-02 13:20:00,2012 September 02,13:20:00,2012,September,Sunday,10:01 am to 2:00 pm,13.0,1,Afternoon,Fall,3801.0,1540,BAYVI,3C12A,21801(a),"21801(a,b)",Violation of right-of-way - left turn,AA,Vehicle(s) Only Involved,36647,2,2,57237,1
22581,6575,3235091.0,2007-06-07 08:45:00,2007 June 07,08:45:00,2007,June,Thursday,6:01 am to 10:00 am,8.0,0,Morning,Summer,3801.0,004224,BAYVI,,21703,21703,Following too closely prohibited,AA,Vehicle(s) Only Involved,11951,2,1,57658,8
22582,27593,2307463.0,2005-09-22 22:50:00,2005 September 22,22:50:00,2005,September,Thursday,10:01 pm to 2:00 am,22.0,0,Night,Fall,3801.0,1009,A,3A12E,23153(a),23153(a-g),Driving under influence causing injury,AA,Vehicle(s) Only Involved,38653,2,3,57659,8
22583,37476,2392260.0,2005-11-23 08:00:00,2005 November 23,08:00:00,2005,November,Wednesday,6:01 am to 10:00 am,8.0,0,Morning,Fall,3801.0,01173,,4B3H,21950(a),"21950(a,c)",Driver or bicyclist to yield right-of-way at crosswalks,BB,Vehicle-Pedestrian,17115,2,1,57649,1
22584,17778,2774928.0,2006-07-26 14:06:00,2006 July 26,14:06:00,2006,July,Wednesday,2:01 pm to 6:00 pm,14.0,0,Afternoon,Summer,3801.0,002122,B,4B6D,22350,22350,Unsafe speed for prevailing conditions,AA,Vehicle(s) Only Involved,17116,2,1,57658,1
22585,28989,160503271.0,2016-06-21 13:20:00,2016 June 21,13:20:00,2016,June,Tuesday,10:01 am to 2:00 pm,13.0,0,Afternoon,Summer,3801.0,2427,NORTHERN,3E13C,22107,22107,Unsafe turn or lane change prohibited,AA,Vehicle(s) Only Involved,17117,2,1,57658,1
22586,32356,6096709.0,2012-09-09 05:35:00,2012 September 09,05:35:00,2012,September,Sunday,2:01 am to 6:00 am,5.0,1,Morning,Fall,3801.0,1993,NORTH,3E14E,22350,22350,Unsafe speed for prevailing conditions,AA,Vehicle(s) Only Involved,17118,2,12,57658,1
22587,39689,160125085.0,2016-02-11 15:35:00,2016 February 11,15:35:00,2016,February,Thursday,2:01 pm to 6:00 pm,15.0,0,Afternoon,Winter,3801.0,1533,TARAVAL,3116B,Unknown,Unknown,Unknown,BB,Vehicle-Pedestrian,17119,2,2,57649,2
22588,44724,3703602.0,2008-02-27 16:45:00,2008 February 27,16:45:00,2008,February,Wednesday,2:01 pm to 6:00 pm,16.0,0,Afternoon,Winter,3801.0,A09989,RICHM,3G13D,Unknown,Unknown,Unknown,BB,Vehicle-Pedestrian,17120,2,2,57622,2
22589,16314,6104490.0,2012-08-29 16:14:00,2012 August 29,16:14:00,2012,August,Wednesday,2:01 pm to 6:00 pm,16.0,0,Afternoon,Summer,3801.0,001766,SOUTH,4K5G,22100(b),"22100(a,b)",Turn at intersection from wrong position,AA,Vehicle(s) Only Involved,36903,2,1,57660,1
22590,11916,2967379.0,2006-12-29 13:42:00,2006 December 29,13:42:00,2006,December,Friday,10:01 am to 2:00 pm,13.0,0,Afternoon,Winter,3801.0,2084,MISSI,3D11A,22517,22517,Opening door on traffic side when unsafe,EE,Bicycle-Parked Car,17121,2,2,57617,1
22591,14678,2188586.0,2005-08-17 09:08:00,2005 August 17,09:08:00,2005,August,Wednesday,6:01 am to 10:00 am,9.0,0,Morning,Summer,3801.0,2044,SOUTH,4B2B,Unknown,Unknown,Unknown,AA,Vehicle(s) Only Involved,5250,2,44,57585,3
22592,39040,180959864.0,2018-12-21 12:45:00,2018 December 21,12:45:00,2018,December,Friday,10:01 am to 2:00 pm,12.0,0,Afternoon,Winter,3801.0,310,Taraval,3I4B,21954(a),21954(a),Pedestrians must yield right-of-way outside of crosswalks,BB,Vehicle-Pedestrian,17122,1,4,57622,4
22593,14458,4307391.0,2009-07-05 11:46:00,2009 July 05,11:46:00,2009,July,Sunday,10:01 am to 2:00 pm,11.0,1,Morning,Summer,9335.0,19510,,024,22350,22350,Unsafe speed for prevailing conditions,AA,Vehicle(s) Only Involved,20756,1,2,56647,2
22594,14061,2022663.0,2005-05-11 09:25:00,2005 May 11,09:25:00,2005,May,Wednesday,6:01 am to 10:00 am,9.0,0,Morning,Spring,3801.0,4084,MISSI,0B4,Unknown,Unknown,Unknown,AA,Vehicle(s) Only Involved,25356,2,1,57557,1
22595,6096,2146633.0,2005-07-16 16:24:00,2005 July 16,16:24:00,2005,July,Saturday,2:01 pm to 6:00 pm,16.0,1,Afternoon,Summer,3801.0,125,POTRE,4B105,22350,22350,Unsafe speed for prevailing conditions,AA,Vehicle(s) Only Involved,17125,2,2,57658,1
22596,11317,3796852.0,2008-06-29 03:30:00,2008 June 29,03:30:00,2008,June,Sunday,2:01 am to 6:00 am,3.0,1,Night,Summer,3801.0,1331,,3012E,Unknown,Unknown,Unknown,FF,Bicycle Only,17126,2,12,57524,2
22597,10942,2019220.0,2005-04-29 12:10:00,2005 April 29,12:10:00,2005,April,Friday,10:01 am to 2:00 pm,12.0,0,Afternoon,Spring,3801.0,1751,D,4B1B,21804(a),"21804(a,b)",Entering highway from alley or driveway,CC,Vehicle-Bicycle,21550,2,1,57621,1
22598,36859,5446747.0,2011-12-17 11:15:00,2011 December 17,11:15:00,2011,December,Saturday,10:01 am to 2:00 pm,11.0,1,Morning,Winter,9335.0,17806,,901,22106,22106,Unsafe starting or backing on highway,AA,Vehicle(s) Only Involved,17128,2,2,57659,1
22599,38657,2339193.0,2005-10-16 14:45:00,2005 October 16,14:45:00,2005,October,Sunday,2:01 pm to 6:00 pm,14.0,1,Afternoon,Fall,3801.0,001580,TARAV,4B6G,22106,22106,Unsafe starting or backing on highway,AA,Vehicle(s) Only Involved,17129,2,2,57603,1
22600,13712,2413914.0,2005-12-05 06:22:00,2005 December 05,06:22:00,2005,December,Monday,6:01 am to 10:00 am,6.0,0,Morning,Winter,3801.0,001278,SOUTH,3B61,21801(a),"21801(a,b)",Violation of right-of-way - left turn,CC,Vehicle-Bicycle,35825,2,1,57581,1
22601,6563,1988689.0,2005-03-27 02:36:00,2005 March 27,02:36:00,2005,March,Sunday,2:01 am to 6:00 am,2.0,1,Night,Spring,3801.0,1788,MISSI,4CAR,22350,22350,Unsafe speed for prevailing conditions,AA,Vehicle(s) Only Involved,17130,2,3,57607,2
22602,19789,2340101.0,2005-10-27 02:53:00,2005 October 27,02:53:00,2005,October,Thursday,2:01 am to 6:00 am,2.0,0,Night,Fall,3801.0,1632,,PARK,21750,21750,Overtaking and passing unsafely,AA,Vehicle(s) Only Involved,5827,2,3,57660,1
22603,46498,190049728.0,2019-01-20 20:30:00,2019 January 20,20:30:00,2019,January,Sunday,6:01 pm to 10:00 pm,20.0,1,Evening,Winter,3801.0,2749,Central,3A12D,21950(a),"21950(a,c)",Driver or bicyclist to yield right-of-way at crosswalks,BB,Vehicle-Pedestrian,17131,2,94,57649,1
22604,47748,190214363.0,2019-03-26 11:45:00,2019 March 26,11:45:00,2019,March,Tuesday,10:01 am to 2:00 pm,11.0,0,Morning,Spring,3801.0,1454,Southern,3B15B,21703,21703,Following too closely prohibited,AA,Vehicle(s) Only Involved,15162,2,1,57658,1
22605,17837,6083767.0,2012-12-16 18:30:00,2012 December 16,18:30:00,2012,December,Sunday,6:01 pm to 10:00 pm,18.0,1,Evening,Winter,3801.0,4337,MISSI,3D11D,21950(a),"21950(a,c)",Driver or bicyclist to yield right-of-way at crosswalks,BB,Vehicle-Pedestrian,4598,4,13,57649,2
22606,18128,2409224.0,2005-11-07 19:30:00,2005 November 07,19:30:00,2005,November,Monday,6:01 pm to 10:00 pm,19.0,0,Evening,Fall,3801.0,1398,,001,22450(a),22450(a),Failure to stop at STOP sign,CC,Vehicle-Bicycle,29578,4,13,57621,1
22607,40419,140824423.0,2014-09-30 14:27:00,2014 September 30,14:27:00,2014,September,Tuesday,2:01 pm to 6:00 pm,14.0,0,Afternoon,Fall,3801.0,1655,PARK,3F12A,21950(a),"21950(a,c)",Driver or bicyclist to yield right-of-way at crosswalks,BB,Vehicle-Pedestrian,10289,2,1,57649,2
22608,81870,230269016.0,2023-04-18 14:15:00,2023 April 18,14:15:00,2023,April,Tuesday,2:01 pm to 6:00 pm,14.0,0,Afternoon,Spring,3801.0,2186,Taraval,3I13B,21954(a),21954(a),Pedestrians must yield right-of-way outside of crosswalks,BB,Vehicle-Pedestrian,35091,2,1,57622,2
22609,30338,2848212.0,2006-10-17 15:08:00,2006 October 17,15:08:00,2006,October,Tuesday,2:01 pm to 6:00 pm,15.0,0,Afternoon,Fall,3801.0,190,E,3E15D,21451(a),"21451(a,b)",Green signal - driver or bicyclist responsibilities,BB,Vehicle-Pedestrian,34899,2,1,57525,2
22610,16606,130975638.0,2013-11-17 18:57:00,2013 November 17,18:57:00,2013,November,Sunday,6:01 pm to 10:00 pm,18.0,1,Evening,Fall,3801.0,2400,SOUTHERN,3B13D,22101(d),22101(d),Violation of a turn prohibition sign,CC,Vehicle-Bicycle,40963,2,3,57581,1
22611,7310,1995036.0,2005-04-09 15:45:00,2005 April 09,15:45:00,2005,April,Saturday,2:01 pm to 6:00 pm,15.0,1,Afternoon,Spring,3801.0,001593,,4B51,22450(a),22450(a),Failure to stop at STOP sign,AA,Vehicle(s) Only Involved,6302,2,1,57603,8
22612,56200,210429547.0,2021-07-08 11:34:00,2021 July 08,11:34:00,2021,July,Thursday,10:01 am to 2:00 pm,11.0,0,Morning,Summer,3801.0,2466,Richmond,Two,21801(a),"21801(a,b)",Violation of right-of-way - left turn,AA,Vehicle(s) Only Involved,17132,2,1,57659,1
22613,18506,3318296.0,2007-08-07 12:45:00,2007 August 07,12:45:00,2007,August,Tuesday,10:01 am to 2:00 pm,12.0,0,Afternoon,Summer,9335.0,011808,,015,21703,21703,Following too closely prohibited,AA,Vehicle(s) Only Involved,17133,2,2,56647,1
22614,28728,130711692.0,2013-08-26 15:28:00,2013 August 26,15:28:00,2013,August,Monday,2:01 pm to 6:00 pm,15.0,0,Afternoon,Summer,3801.0,262,NORTHERN,3E4C,21658(a),"21658(a,b)",Lane straddling or failure to use specified lanes,AA,Vehicle(s) Only Involved,17134,2,2,57660,1
22615,22514,6221931.0,2012-12-09 17:50:00,2012 December 09,17:50:00,2012,December,Sunday,2:01 pm to 6:00 pm,17.0,1,Evening,Winter,3801.0,02314,PARK,3F14D,21801(a),"21801(a,b)",Violation of right-of-way - left turn,AA,Vehicle(s) Only Involved,41095,2,3,57659,14
22616,376,5386834.0,2011-11-10 17:17:00,2011 November 10,17:17:00,2011,November,Thursday,2:01 pm to 6:00 pm,17.0,0,Evening,Fall,3801.0,00042,INGLE,3H16C,21954(a),21954(a),Pedestrians must yield right-of-way outside of crosswalks,BB,Vehicle-Pedestrian,17135,2,12,57622,1
22617,16272,3318853.0,2007-08-07 08:48:00,2007 August 07,08:48:00,2007,August,Tuesday,6:01 am to 10:00 am,8.0,0,Morning,Summer,3801.0,001751,,4B1B,22350,22350,Unsafe speed for prevailing conditions,CC,Vehicle-Bicycle,17136,1,8,45290,2
22618,40978,160552450.0,2016-07-08 15:05:00,2016 July 08,15:05:00,2016,July,Friday,2:01 pm to 6:00 pm,15.0,0,Afternoon,Summer,3801.0,4119,TARAVAL,4B7C,Unknown,Unknown,Unknown,GG,Pedestrian Only or Pedestrian-Parked Car,17137,10,6,21903,6
22619,20061,2384333.0,2005-11-03 16:27:00,2005 November 03,16:27:00,2005,November,Thursday,2:01 pm to 6:00 pm,16.0,0,Afternoon,Fall,3801.0,125,PARK,4B5F,21801(a),"21801(a,b)",Violation of right-of-way - left turn,AA,Vehicle(s) Only Involved,32545,1,1,57603,1
22620,17649,2172174.0,2005-08-04 10:36:00,2005 August 04,10:36:00,2005,August,Thursday,10:01 am to 2:00 pm,10.0,0,Morning,Summer,9335.0,015209,,015,22107,22107,Unsafe turn or lane change prohibited,AA,Vehicle(s) Only Involved,22964,2,2,57607,1