collision_id,unique_id,case_id_pkey,collision_datetime,collision_date,collision_time,accident_year,month,day_of_week,time_cat,hour_of_day,is_weekend,time_of_day,season,juris,officer_id,reporting_district,beat_number,vz_pcf_code,vz_pcf_group,vz_pcf_description,dph_col_grp,dph_col_grp_description,location_id,weather_id,road_id,party_id,severity_id
23090,27236,1994535.0,2005-01-07 15:33:00,2005 January 07,15:33:00,2005,January,Friday,2:01 pm to 6:00 pm,15.0,0,Afternoon,Winter,3801.0,674,,3B61,22107,22107,Unsafe turn or lane change prohibited,AA,Vehicle(s) Only Involved,17453,7,256,57237,1
23091,12138,1995083.0,2005-04-20 08:51:00,2005 April 20,08:51:00,2005,April,Wednesday,6:01 am to 10:00 am,8.0,0,Morning,Spring,3801.0,2152,,3D15A,21650,21650,Failure to keep to right side of road,CC,Vehicle-Bicycle,17454,1,2,57655,1
23092,39557,2190725.0,2005-08-10 09:45:00,2005 August 10,09:45:00,2005,August,Wednesday,6:01 am to 10:00 am,9.0,0,Morning,Summer,3801.0,1794,,003,21802(b),"21802(a,b)",Violation of right-of-way - entering through highway,AA,Vehicle(s) Only Involved,7711,2,1,57659,2
23093,41604,3727116.0,2008-03-29 13:50:00,2008 March 29,13:50:00,2008,March,Saturday,10:01 am to 2:00 pm,13.0,1,Afternoon,Spring,3801.0,1629,TARAV,3I62,22350,22350,Unsafe speed for prevailing conditions,AA,Vehicle(s) Only Involved,17455,2,1,57659,1
23094,39274,3217837.0,2007-05-18 03:49:00,2007 May 18,03:49:00,2007,May,Friday,2:01 am to 6:00 am,3.0,0,Night,Spring,3801.0,1976,COF,3F12E,22350,22350,Unsafe speed for prevailing conditions,AA,Vehicle(s) Only Involved,17456,2,3,57584,2
23095,15821,2079301.0,2005-06-03 07:30:00,2005 June 03,07:30:00,2005,June,Friday,6:01 am to 10:00 am,7.0,0,Morning,Summer,3801.0,1870,SOUTH,3B62,21950(a),"21950(a,c)",Driver or bicyclist to yield right-of-way at crosswalks,BB,Vehicle-Pedestrian,29003,2,2,57649,1
23096,47,150447996.0,2015-05-22 22:51:00,2015 May 22,22:51:00,2015,May,Friday,10:01 pm to 2:00 am,22.0,0,Night,Spring,3801.0,354,BAYVIEW,,22350,22350,Unsafe speed for prevailing conditions,AA,Vehicle(s) Only Involved,15588,2,3,57576,1
23097,46769,190157757.0,2019-03-04 09:53:00,2019 March 04,09:53:00,2019,March,Monday,6:01 am to 10:00 am,9.0,0,Morning,Spring,3801.0,2210,Southern,3B14A,21453(a),"21453(a,c)",Red signal - driver or bicyclist responsibilities,AA,Vehicle(s) Only Involved,26941,11,16,57659,14
23098,20054,131046838.0,2013-12-13 06:43:00,2013 December 13,06:43:00,2013,December,Friday,6:01 am to 10:00 am,6.0,0,Morning,Winter,3801.0,4288,PARK,3F13A,21801(a),"21801(a,b)",Violation of right-of-way - left turn,AA,Vehicle(s) Only Involved,32545,2,3,57659,1
23099,19858,6080402.0,2012-04-03 16:59:00,2012 April 03,16:59:00,2012,April,Tuesday,2:01 pm to 6:00 pm,16.0,0,Afternoon,Spring,3801.0,1666,PARK,3CAR,21950(a),"21950(a,c)",Driver or bicyclist to yield right-of-way at crosswalks,BB,Vehicle-Pedestrian,40704,2,1,57649,1
23100,17895,9015252.0,2006-09-02 02:06:00,2006 September 02,02:06:00,2006,September,Saturday,2:01 am to 6:00 am,2.0,1,Night,Fall,3801.0,1800,SOUTH,3B13E,21801(a),"21801(a,b)",Violation of right-of-way - left turn,AA,Vehicle(s) Only Involved,18531,2,3,57191,18
23101,25741,2416062.0,2005-12-04 10:24:00,2005 December 04,10:24:00,2005,December,Sunday,10:01 am to 2:00 pm,10.0,1,Morning,Winter,3801.0,001870,SOUTH,3B62,Unknown,Unknown,Unknown,DD,Bicycle-Pedestrian,17458,2,1,49233,2
23102,42483,130695256.0,2013-08-21 10:30:00,2013 August 21,10:30:00,2013,August,Wednesday,10:01 am to 2:00 pm,10.0,0,Morning,Summer,3801.0,1796,RICHMOND,3G4A,22350,22350,Unsafe speed for prevailing conditions,AA,Vehicle(s) Only Involved,17459,1,1,57658,8
23103,23697,2848224.0,2006-10-11 19:37:00,2006 October 11,19:37:00,2006,October,Wednesday,6:01 pm to 10:00 pm,19.0,0,Evening,Fall,3801.0,000401,SOUTH,3B61,21453(a),"21453(a,c)",Red signal - driver or bicyclist responsibilities,DD,Bicycle-Pedestrian,17460,2,3,57463,3
23104,46985,190264158.0,2019-04-13 23:01:00,2019 April 13,23:01:00,2019,April,Saturday,10:01 pm to 2:00 am,23.0,1,Night,Spring,3801.0,219,Bayview,C2,21751,21751,Passing without sufficient clearance,AA,Vehicle(s) Only Involved,17461,2,3,57659,1
23105,50134,190489049.0,2019-07-06 15:29:00,2019 July 06,15:29:00,2019,July,Saturday,2:01 pm to 6:00 pm,15.0,1,Afternoon,Summer,3801.0,2342,Northern,3E16D,21658(a),"21658(a,b)",Lane straddling or failure to use specified lanes,AA,Vehicle(s) Only Involved,3861,2,45,57555,1
23106,41402,6226904.0,2012-11-12 14:30:00,2012 November 12,14:30:00,2012,November,Monday,2:01 pm to 6:00 pm,14.0,0,Afternoon,Fall,3801.0,561,TARAV,312,22350,22350,Unsafe speed for prevailing conditions,AA,Vehicle(s) Only Involved,17462,2,1,57658,1
23107,41514,3209175.0,2007-05-13 20:40:00,2007 May 13,20:40:00,2007,May,Sunday,6:01 pm to 10:00 pm,20.0,1,Evening,Spring,3801.0,246,TARAV,4B6G,22106,22106,Unsafe starting or backing on highway,BB,Vehicle-Pedestrian,17463,2,29,57649,1
23108,21844,6089170.0,2012-09-12 13:40:00,2012 September 12,13:40:00,2012,September,Wednesday,10:01 am to 2:00 pm,13.0,0,Afternoon,Fall,3801.0,2260,NORTH,3E3C,21453(a),"21453(a,c)",Red signal - driver or bicyclist responsibilities,AA,Vehicle(s) Only Involved,14407,2,1,57659,1
23109,14935,3234995.0,2007-06-04 20:35:00,2007 June 04,20:35:00,2007,June,Monday,6:01 pm to 10:00 pm,20.0,0,Evening,Summer,3801.0,307,SOUTH,4B8E,21950(a),"21950(a,c)",Driver or bicyclist to yield right-of-way at crosswalks,BB,Vehicle-Pedestrian,17464,1,3,57649,3
23110,22537,4199905.0,2009-04-02 19:12:00,2009 April 02,19:12:00,2009,April,Thursday,6:01 pm to 10:00 pm,19.0,0,Evening,Spring,3801.0,1666,PARK,3CAR,22107,22107,Unsafe turn or lane change prohibited,AA,Vehicle(s) Only Involved,17465,5,1,57659,1
23111,2423,6221582.0,2012-10-16 18:30:00,2012 October 16,18:30:00,2012,October,Tuesday,6:01 pm to 10:00 pm,18.0,0,Evening,Fall,3801.0,241,COH,4B3H,22350,22350,Unsafe speed for prevailing conditions,AA,Vehicle(s) Only Involved,23240,2,1,57658,14
23112,43527,6073026.0,2012-05-21 11:31:00,2012 May 21,11:31:00,2012,May,Monday,10:01 am to 2:00 pm,11.0,0,Morning,Spring,3801.0,1043,,,21650,21650,Failure to keep to right side of road,CC,Vehicle-Bicycle,7149,2,1,57616,1
23113,17651,170700473.0,2017-08-28 02:06:00,2017 August 28,02:06:00,2017,August,Monday,2:01 am to 6:00 am,2.0,0,Night,Summer,3801.0,1060,SOUTHERN,4 CAR,23152(a),23152(a-g),Driving under influence of alcohol and/or drugs,AA,Vehicle(s) Only Involved,17466,2,3,57607,1
23114,46539,190069005.0,2019-01-28 10:20:00,2019 January 28,10:20:00,2019,January,Monday,10:01 am to 2:00 pm,10.0,0,Morning,Winter,3801.0,4125,Mission,3D6A,21750,21750,Overtaking and passing unsafely,AA,Vehicle(s) Only Involved,17467,2,2,57128,2
23115,39685,2340080.0,2005-10-03 17:57:00,2005 October 03,17:57:00,2005,October,Monday,2:01 pm to 6:00 pm,17.0,0,Evening,Fall,3801.0,4009,TARAV,3I2D,21950(a),"21950(a,c)",Driver or bicyclist to yield right-of-way at crosswalks,BB,Vehicle-Pedestrian,17468,21,2,57649,4
23116,26586,6093655.0,2012-08-24 15:20:00,2012 August 24,15:20:00,2012,August,Friday,2:01 pm to 6:00 pm,15.0,0,Afternoon,Summer,3801.0,001275,SOUTH,3B5C,21456(b),"21456(a,b)",Pedestrian violation of walk or wait signals,AA,Vehicle(s) Only Involved,8153,2,1,57490,2
23117,1645,2378977.0,2005-11-01 20:08:00,2005 November 01,20:08:00,2005,November,Tuesday,6:01 pm to 10:00 pm,20.0,0,Evening,Fall,3801.0,001617,INGLD,4B6A,22450(a),22450(a),Failure to stop at STOP sign,AA,Vehicle(s) Only Involved,18004,2,3,57659,2
23118,34964,2022920.0,2005-01-14 10:00:00,2005 January 14,10:00:00,2005,January,Friday,6:01 am to 10:00 am,10.0,0,Morning,Winter,3801.0,440,E,005,22350,22350,Unsafe speed for prevailing conditions,AA,Vehicle(s) Only Involved,17469,2,1,57658,1
23119,20244,6076557.0,2012-04-18 08:12:00,2012 April 18,08:12:00,2012,April,Wednesday,6:01 am to 10:00 am,8.0,0,Morning,Spring,3801.0,000251,,4C3,21658(a),"21658(a,b)",Lane straddling or failure to use specified lanes,CC,Vehicle-Bicycle,17470,2,2,57390,1
23120,14650,5293235.0,2011-07-25 04:53:00,2011 July 25,04:53:00,2011,July,Monday,2:01 am to 6:00 am,4.0,0,Night,Summer,9335.0,019609,,024,23152(a),23152(a-g),Driving under influence of alcohol and/or drugs,AA,Vehicle(s) Only Involved,17471,2,62,57607,4
23121,6011,6104495.0,2012-04-12 09:39:00,2012 April 12,09:39:00,2012,April,Thursday,6:01 am to 10:00 am,9.0,0,Morning,Spring,3801.0,1734,BAYVI,0C2,21453(d),21453(d),Red signal - pedestrian responsibilities,BB,Vehicle-Pedestrian,17472,2,1,57622,2
23122,41720,3163825.0,2007-04-29 18:08:00,2007 April 29,18:08:00,2007,April,Sunday,6:01 pm to 10:00 pm,18.0,1,Evening,Spring,3801.0,004009,,3161,21802(a),"21802(a,b)",Violation of right-of-way - entering through highway,AA,Vehicle(s) Only Involved,6346,2,1,57659,8
23123,28860,170671551.0,2017-08-17 17:47:00,2017 August 17,17:47:00,2017,August,Thursday,2:01 pm to 6:00 pm,17.0,0,Evening,Summer,3801.0,,NORTHERN,3E14D,22350,22350,Unsafe speed for prevailing conditions,BB,Vehicle-Pedestrian,17473,2,2,57649,1
23124,27965,140691783.0,2014-08-18 11:20:00,2014 August 18,11:20:00,2014,August,Monday,10:01 am to 2:00 pm,11.0,0,Morning,Summer,3801.0,1725,CENTRAL,,22107,22107,Unsafe turn or lane change prohibited,CC,Vehicle-Bicycle,17474,8,2,57581,2
23125,14547,2987919.0,2007-01-09 14:13:00,2007 January 09,14:13:00,2007,January,Tuesday,2:01 pm to 6:00 pm,14.0,0,Afternoon,Winter,3801.0,002089,SOUTH,4B6B,21951,21951,Overtaking vehicles or bicycles stopped for pedestrians,BB,Vehicle-Pedestrian,17475,2,1,57649,2
23126,47846,190507497.0,2019-07-13 14:40:00,2019 July 13,14:40:00,2019,July,Saturday,2:01 pm to 6:00 pm,14.0,1,Afternoon,Summer,3801.0,1990,Southern,5 Car,21453(a),"21453(a,c)",Red signal - driver or bicyclist responsibilities,CC,Vehicle-Bicycle,27107,2,1,57621,1
23127,46810,190170953.0,2019-03-09 09:45:00,2019 March 09,09:45:00,2019,March,Saturday,6:01 am to 10:00 am,9.0,1,Morning,Spring,3801.0,1454,Southern,3B14A,21954(a),21954(a),Pedestrians must yield right-of-way outside of crosswalks,BB,Vehicle-Pedestrian,13297,7,4,57622,2
23128,28402,3250896.0,2007-06-20 17:13:00,2007 June 20,17:13:00,2007,June,Wednesday,2:01 pm to 6:00 pm,17.0,0,Evening,Summer,3801.0,214,CENTR,3A2,21453(a),"21453(a,c)",Red signal - driver or bicyclist responsibilities,AA,Vehicle(s) Only Involved,12307,2,1,57659,3
23129,86801,240636308.0,2024-10-09 15:39:00,2024 October 09,15:39:00,2024,October,Wednesday,2:01 pm to 6:00 pm,15.0,0,Afternoon,Fall,3801.0,1173,Richmond,901,21294(c),21294(a-c),Required equipment illegal operation of electrically motorized board,BB,Vehicle-Pedestrian,26330,1,8,57622,2
23130,14851,2898438.0,2006-11-17 06:03:00,2006 November 17,06:03:00,2006,November,Friday,6:01 am to 10:00 am,6.0,0,Morning,Fall,3801.0,671,SOUTH,4B1A,21803(b),"21803(a,b)",Violation of Yield sign,AA,Vehicle(s) Only Involved,20388,4,46,57659,1
23131,33406,180985007.0,2018-12-31 17:42:00,2018 December 31,17:42:00,2018,December,Monday,2:01 pm to 6:00 pm,17.0,0,Evening,Winter,3801.0,717,Central,4-CAR,23153(a),23153(a-g),Driving under influence causing injury,CC,Vehicle-Bicycle,17477,5,12,57581,2
23132,30957,6226945.0,2012-10-07 21:35:00,2012 October 07,21:35:00,2012,October,Sunday,6:01 pm to 10:00 pm,21.0,1,Night,Fall,3801.0,1674,PARK,4CAR,21453(a),"21453(a,c)",Red signal - driver or bicyclist responsibilities,AA,Vehicle(s) Only Involved,32346,2,3,57659,1
23133,26573,6135411.0,2012-05-08 18:20:00,2012 May 08,18:20:00,2012,May,Tuesday,6:01 pm to 10:00 pm,18.0,0,Evening,Spring,3801.0,1402,3B,3B1D,22350,22350,Unsafe speed for prevailing conditions,AA,Vehicle(s) Only Involved,17478,2,1,57658,1
23134,47217,190233642.0,2019-04-02 22:30:00,2019 April 02,22:30:00,2019,April,Tuesday,10:01 pm to 2:00 am,22.0,0,Night,Spring,3801.0,276,Northern,3E13E,21453(a),"21453(a,c)",Red signal - driver or bicyclist responsibilities,AA,Vehicle(s) Only Involved,17479,4,277,57585,8
23135,24394,9009673.0,2006-08-24 07:22:00,2006 August 24,07:22:00,2006,August,Thursday,6:01 am to 10:00 am,7.0,0,Morning,Summer,3801.0,2179,,3J62,21658(a),"21658(a,b)",Lane straddling or failure to use specified lanes,AA,Vehicle(s) Only Involved,7246,2,1,57658,8
23136,17671,150917927.0,2015-10-20 16:57:00,2015 October 20,16:57:00,2015,October,Tuesday,2:01 pm to 6:00 pm,16.0,0,Afternoon,Fall,3801.0,4319,MISSION,901,Unknown,Unknown,Unknown,CC,Vehicle-Bicycle,17480,2,1,57621,1
23137,44182,150822326.0,2015-09-19 10:27:00,2015 September 19,10:27:00,2015,September,Saturday,10:01 am to 2:00 pm,10.0,1,Morning,Fall,3801.0,18,RICHMOND,,21801(a),"21801(a,b)",Violation of right-of-way - left turn,AA,Vehicle(s) Only Involved,16027,2,1,57659,1
23138,20761,3227005.0,2007-03-15 18:51:00,2007 March 15,18:51:00,2007,March,Thursday,6:01 pm to 10:00 pm,18.0,0,Evening,Spring,3801.0,001112,NORTH,3E12D,21801(a),"21801(a,b)",Violation of right-of-way - left turn,AA,Vehicle(s) Only Involved,5622,2,3,57659,2
23139,12849,2117157.0,2005-07-05 11:19:00,2005 July 05,11:19:00,2005,July,Tuesday,10:01 am to 2:00 pm,11.0,0,Morning,Summer,3801.0,001580,PARK,4B8G,21951,21951,Overtaking vehicles or bicycles stopped for pedestrians,BB,Vehicle-Pedestrian,17481,2,1,57649,2
23140,26291,1988015.0,2005-03-05 11:25:00,2005 March 05,11:25:00,2005,March,Saturday,10:01 am to 2:00 pm,11.0,1,Morning,Spring,3801.0,2044,,4B2B,22350,22350,Unsafe speed for prevailing conditions,AA,Vehicle(s) Only Involved,17482,2,1,57658,13
23141,4675,130958048.0,2013-11-12 08:25:00,2013 November 12,08:25:00,2013,November,Tuesday,6:01 am to 10:00 am,8.0,0,Morning,Fall,3801.0,144,INGLESIDE,3H27,22350,22350,Unsafe speed for prevailing conditions,AA,Vehicle(s) Only Involved,38116,2,1,57658,1
23142,47214,190229566.0,2019-04-01 11:03:00,2019 April 01,11:03:00,2019,April,Monday,10:01 am to 2:00 pm,11.0,0,Morning,Spring,3801.0,1725,Richmond,3G5A,22450(a),22450(a),Failure to stop at STOP sign,AA,Vehicle(s) Only Involved,17483,2,1,57659,14
23143,7613,6142297.0,2012-05-16 01:28:00,2012 May 16,01:28:00,2012,May,Wednesday,10:01 pm to 2:00 am,1.0,0,Night,Spring,3801.0,123,MISSI,3D15E,22350,22350,Unsafe speed for prevailing conditions,AA,Vehicle(s) Only Involved,17484,1,3,57658,1
23144,14155,2637937.0,2006-02-09 09:04:00,2006 February 09,09:04:00,2006,February,Thursday,6:01 am to 10:00 am,9.0,0,Morning,Winter,3801.0,001870,SOUTH,3B62,21453(a),"21453(a,c)",Red signal - driver or bicyclist responsibilities,AA,Vehicle(s) Only Involved,31539,2,1,57659,1
23145,42063,2774849.0,2006-07-24 10:20:00,2006 July 24,10:20:00,2006,July,Monday,10:01 am to 2:00 pm,10.0,0,Morning,Summer,3801.0,307,PARK,4B8E,22103,22103,Illegal U-turn in residential district,AA,Vehicle(s) Only Involved,17485,2,2,57585,2
23146,48200,190512957.0,2019-07-15 16:30:00,2019 July 15,16:30:00,2019,July,Monday,2:01 pm to 6:00 pm,16.0,0,Afternoon,Summer,3801.0,182,Bayview,3C11D,21801(a),"21801(a,b)",Violation of right-of-way - left turn,AA,Vehicle(s) Only Involved,17486,2,2,57659,2
23147,47255,190260833.0,2019-04-12 17:35:00,2019 April 12,17:35:00,2019,April,Friday,2:01 pm to 6:00 pm,17.0,0,Evening,Spring,3801.0,1669,Tenderloin,3J52C,22350,22350,Unsafe speed for prevailing conditions,FF,Bicycle Only,17487,2,1,57556,2
23148,19173,150790717.0,2015-09-09 07:45:00,2015 September 09,07:45:00,2015,September,Wednesday,6:01 am to 10:00 am,7.0,0,Morning,Fall,3801.0,4060,PARK,3F12A,21950(a),"21950(a,c)",Driver or bicyclist to yield right-of-way at crosswalks,BB,Vehicle-Pedestrian,17488,2,33,57649,1
23149,46865,190195898.0,2019-03-19 08:22:00,2019 March 19,08:22:00,2019,March,Tuesday,6:01 am to 10:00 am,8.0,0,Morning,Spring,3801.0,748,Central,A2,21453(d),21453(d),Red signal - pedestrian responsibilities,DD,Bicycle-Pedestrian,17489,2,1,55284,17
23150,14736,6221590.0,2012-10-25 15:40:00,2012 October 25,15:40:00,2012,October,Thursday,2:01 pm to 6:00 pm,15.0,0,Afternoon,Fall,3801.0,1420,SOUTH,4K5B,22100(b),"22100(a,b)",Turn at intersection from wrong position,AA,Vehicle(s) Only Involved,34137,2,1,57660,1
23151,45265,1995017.0,2005-04-10 18:00:00,2005 April 10,18:00:00,2005,April,Sunday,2:01 pm to 6:00 pm,18.0,1,Evening,Spring,3801.0,1627,,004,22106,22106,Unsafe starting or backing on highway,CC,Vehicle-Bicycle,17490,2,1,57639,2
23152,3498,4057348.0,2008-12-25 02:55:00,2008 December 25,02:55:00,2008,December,Thursday,2:01 am to 6:00 am,2.0,0,Night,Winter,3801.0,2320,,005,22350,22350,Unsafe speed for prevailing conditions,AA,Vehicle(s) Only Involved,17491,4,13,57557,1
23153,9184,2394307.0,2005-11-15 23:17:00,2005 November 15,23:17:00,2005,November,Tuesday,10:01 pm to 2:00 am,23.0,0,Night,Fall,3801.0,789,BAYVI,01C,21703,21703,Following too closely prohibited,AA,Vehicle(s) Only Involved,17492,2,12,57658,14
23154,29461,6076531.0,2012-04-19 17:53:00,2012 April 19,17:53:00,2012,April,Thursday,2:01 pm to 6:00 pm,17.0,0,Evening,Spring,3801.0,209,NORTH,002,21453(d),21453(d),Red signal - pedestrian responsibilities,BB,Vehicle-Pedestrian,19531,2,1,57622,4
23155,20831,1992961.0,2005-03-27 02:30:00,2005 March 27,02:30:00,2005,March,Sunday,2:01 am to 6:00 am,2.0,1,Night,Spring,3801.0,1714,NORTH,1CAR,21453(a),"21453(a,c)",Red signal - driver or bicyclist responsibilities,AA,Vehicle(s) Only Involved,9893,2,3,57659,4
23156,18599,5226188.0,2011-06-04 12:40:00,2011 June 04,12:40:00,2011,June,Saturday,10:01 am to 2:00 pm,12.0,1,Afternoon,Summer,9335.0,17672,,015,22350,22350,Unsafe speed for prevailing conditions,AA,Vehicle(s) Only Involved,20527,1,2,57658,8
23157,47722,190171622.0,2019-03-09 15:02:00,2019 March 09,15:02:00,2019,March,Saturday,2:01 pm to 6:00 pm,15.0,1,Afternoon,Spring,3801.0,1252,Ingleside,3H16C,22350,22350,Unsafe speed for prevailing conditions,AA,Vehicle(s) Only Involved,17494,1,1,57660,3
23158,31008,1984321.0,2005-01-25 11:15:00,2005 January 25,11:15:00,2005,January,Tuesday,10:01 am to 2:00 pm,11.0,0,Morning,Winter,3801.0,001580,PARK,4B4F,21955,21955,Crossing between controlled intersections (Jaywalking),BB,Vehicle-Pedestrian,17495,2,1,57622,1
23159,38167,180960281.0,2018-12-21 15:24:00,2018 December 21,15:24:00,2018,December,Friday,2:01 pm to 6:00 pm,15.0,0,Afternoon,Winter,3801.0,364,Taraval,3I5D,21950(a),"21950(a,c)",Driver or bicyclist to yield right-of-way at crosswalks,BB,Vehicle-Pedestrian,17496,2,2,57649,2
23160,29697,3217706.0,2007-05-30 11:55:00,2007 May 30,11:55:00,2007,May,Wednesday,10:01 am to 2:00 pm,11.0,0,Morning,Spring,3801.0,000779,NORTH,3E62,21801(a),"21801(a,b)",Violation of right-of-way - left turn,AA,Vehicle(s) Only Involved,40355,2,1,57659,5
23161,22378,4041439.0,2009-01-16 17:48:00,2009 January 16,17:48:00,2009,January,Friday,2:01 pm to 6:00 pm,17.0,0,Evening,Winter,3801.0,1866,PARK,4B7D,21801(a),"21801(a,b)",Violation of right-of-way - left turn,CC,Vehicle-Bicycle,17497,2,12,57581,1
23162,4167,6068206.0,2012-09-25 21:17:00,2012 September 25,21:17:00,2012,September,Tuesday,6:01 pm to 10:00 pm,21.0,0,Night,Fall,3801.0,241,COH,4B3H,22350,22350,Unsafe speed for prevailing conditions,FF,Bicycle Only,17498,2,12,57253,1
23163,16840,2067310.0,2005-05-26 17:12:00,2005 May 26,17:12:00,2005,May,Thursday,2:01 pm to 6:00 pm,17.0,0,Evening,Spring,3801.0,125,SOUTH,4B5F,21950(a),"21950(a,c)",Driver or bicyclist to yield right-of-way at crosswalks,BB,Vehicle-Pedestrian,17499,1,45,57649,1
23164,25178,130994183.0,2013-11-23 16:32:00,2013 November 23,16:32:00,2013,November,Saturday,2:01 pm to 6:00 pm,16.0,1,Afternoon,Fall,3801.0,845,SOUTHERN,4K3F,21650,21650,Failure to keep to right side of road,AA,Vehicle(s) Only Involved,17500,2,15,57658,8
23165,33294,4191137.0,2009-03-25 15:27:00,2009 March 25,15:27:00,2009,March,Wednesday,2:01 pm to 6:00 pm,15.0,0,Afternoon,Spring,3801.0,651,4B6A,00A,Unknown,Unknown,Unknown,BB,Vehicle-Pedestrian,17501,2,1,57566,1
23166,39714,130219787.0,2013-03-16 17:00:00,2013 March 16,17:00:00,2013,March,Saturday,2:01 pm to 6:00 pm,17.0,1,Evening,Spring,3801.0,4200,TARAVAL,3113D,22350,22350,Unsafe speed for prevailing conditions,AA,Vehicle(s) Only Involved,6525,2,1,57659,3
23167,34093,3977849.0,2008-10-12 18:00:00,2008 October 12,18:00:00,2008,October,Sunday,2:01 pm to 6:00 pm,18.0,1,Evening,Fall,3801.0,2277,,3A11D,22517,22517,Opening door on traffic side when unsafe,CC,Vehicle-Bicycle,17502,2,15,57390,3
23168,43737,2022884.0,2005-04-04 05:40:00,2005 April 04,05:40:00,2005,April,Monday,2:01 am to 6:00 am,5.0,0,Morning,Spring,3801.0,1597,,6G62,21801(a),"21801(a,b)",Violation of right-of-way - left turn,CC,Vehicle-Bicycle,2752,2,3,57581,4
23169,39711,2339120.0,2005-10-13 14:48:00,2005 October 13,14:48:00,2005,October,Thursday,2:01 pm to 6:00 pm,14.0,0,Afternoon,Fall,3801.0,1593,TARAV,4B51,21453(a),"21453(a,c)",Red signal - driver or bicyclist responsibilities,CC,Vehicle-Bicycle,17503,2,1,57390,1
23170,51432,190099046.0,2019-02-09 06:13:00,2019 February 09,06:13:00,2019,February,Saturday,6:01 am to 10:00 am,6.0,1,Morning,Winter,3801.0,2456,Taraval,3I13A,21658(a),"21658(a,b)",Lane straddling or failure to use specified lanes,AA,Vehicle(s) Only Involved,17504,4,7,57658,2
23171,38728,160965336.0,2016-11-27 16:55:00,2016 November 27,16:55:00,2016,November,Sunday,2:01 pm to 6:00 pm,16.0,1,Afternoon,Fall,3801.0,256,TARAVAL,4B81,22350,22350,Unsafe speed for prevailing conditions,AA,Vehicle(s) Only Involved,1031,2,15,57659,4
23172,25383,4281033.0,2009-06-16 08:08:00,2009 June 16,08:08:00,2009,June,Tuesday,6:01 am to 10:00 am,8.0,0,Morning,Summer,3801.0,1873,B,1CAR,22107,22107,Unsafe turn or lane change prohibited,CC,Vehicle-Bicycle,17505,2,2,57390,2
23173,35524,130337812.0,2013-04-25 10:02:00,2013 April 25,10:02:00,2013,April,Thursday,10:01 am to 2:00 pm,10.0,0,Morning,Spring,3801.0,1590,NORTHERN,5 CAR,22103,22103,Illegal U-turn in residential district,CC,Vehicle-Bicycle,17506,2,2,57581,2
23174,18585,3064267.0,2007-03-03 16:05:00,2007 March 03,16:05:00,2007,March,Saturday,2:01 pm to 6:00 pm,16.0,1,Afternoon,Spring,9335.0,017818,,015,22350,22350,Unsafe speed for prevailing conditions,AA,Vehicle(s) Only Involved,20527,2,2,56647,8
23175,36883,2226634.0,2005-08-18 13:20:00,2005 August 18,13:20:00,2005,August,Thursday,10:01 am to 2:00 pm,13.0,0,Afternoon,Summer,3801.0,1629,TARAV,3I6,21802(a),"21802(a,b)",Violation of right-of-way - entering through highway,AA,Vehicle(s) Only Involved,1677,1,1,57659,2
23176,10908,6080410.0,2012-04-20 19:13:00,2012 April 20,19:13:00,2012,April,Friday,6:01 pm to 10:00 pm,19.0,0,Evening,Spring,3801.0,1243,COF,3F12E,21954(a),21954(a),Pedestrians must yield right-of-way outside of crosswalks,BB,Vehicle-Pedestrian,27370,2,2,57622,1
23177,46469,190038072.0,2019-01-16 05:21:00,2019 January 16,05:21:00,2019,January,Wednesday,2:01 am to 6:00 am,5.0,0,Morning,Winter,3801.0,2091,Northern,3E13E,21950(a),"21950(a,c)",Driver or bicyclist to yield right-of-way at crosswalks,BB,Vehicle-Pedestrian,17509,2,7,57649,1
23178,548,6136706.0,2012-05-21 14:30:00,2012 May 21,14:30:00,2012,May,Monday,2:01 pm to 6:00 pm,14.0,0,Afternoon,Spring,3801.0,1430,BAYVI,3C62,22106,22106,Unsafe starting or backing on highway,AA,Vehicle(s) Only Involved,17510,2,2,57659,1
23179,14859,6143763.0,2012-04-03 06:40:00,2012 April 03,06:40:00,2012,April,Tuesday,6:01 am to 10:00 am,6.0,0,Morning,Spring,3801.0,000713,,COB,21754,21754,Improper passing on right prohibited,AA,Vehicle(s) Only Involved,20388,2,1,57660,1
23180,13869,1992238.0,2005-01-16 03:05:00,2005 January 16,03:05:00,2005,January,Sunday,2:01 am to 6:00 am,3.0,1,Night,Winter,3801.0,4063,SOUTH,0B5,23153(a),23153(a-g),Driving under influence causing injury,AA,Vehicle(s) Only Involved,19249,21,3,57659,8
23181,48477,190511379.0,2019-07-15 05:58:00,2019 July 15,05:58:00,2019,July,Monday,2:01 am to 6:00 am,5.0,0,Morning,Summer,3801.0,2089,Central,4,22107,22107,Unsafe turn or lane change prohibited,AA,Vehicle(s) Only Involved,22405,1,33,57660,8
23182,41945,6070997.0,2012-05-23 10:11:00,2012 May 23,10:11:00,2012,May,Wednesday,10:01 am to 2:00 pm,10.0,0,Morning,Spring,3801.0,1258,F,0F1,21800(a),21800(a-c),Violation of right-of-way or uncontrolled intersection,CC,Vehicle-Bicycle,19969,2,2,57621,1
23183,18986,2186466.0,2005-07-13 22:40:00,2005 July 13,22:40:00,2005,July,Wednesday,10:01 pm to 2:00 am,22.0,0,Night,Summer,3801.0,1015,PARK,3F12E,22450(a),22450(a),Failure to stop at STOP sign,BB,Vehicle-Pedestrian,17512,2,3,57649,1
23184,22498,170798008.0,2017-09-30 08:55:00,2017 September 30,08:55:00,2017,September,Saturday,6:01 am to 10:00 am,8.0,1,Morning,Fall,3801.0,563,PARK,3CAR,21801(a),"21801(a,b)",Violation of right-of-way - left turn,CC,Vehicle-Bicycle,41095,2,1,57581,2