collision_id,unique_id,case_id_pkey,collision_datetime,collision_date,collision_time,accident_year,month,day_of_week,time_cat,hour_of_day,is_weekend,time_of_day,season,juris,officer_id,reporting_district,beat_number,vz_pcf_code,vz_pcf_group,vz_pcf_description,dph_col_grp,dph_col_grp_description,location_id,weather_id,road_id,party_id,severity_id
23657,5231,2188600.0,2005-08-08 11:40:00,2005 August 08,11:40:00,2005,August,Monday,10:01 am to 2:00 pm,11.0,0,Morning,Summer,3801.0,000654,BAYVI,3C60,22350,22350,Unsafe speed for prevailing conditions,AA,Vehicle(s) Only Involved,17816,2,2,57654,3
23658,35190,2434265.0,2005-09-15 12:15:00,2005 September 15,12:15:00,2005,September,Thursday,10:01 am to 2:00 pm,12.0,0,Afternoon,Fall,3801.0,440,,,22106,22106,Unsafe starting or backing on highway,AA,Vehicle(s) Only Involved,17817,1,1,57607,1
23659,46703,190128178.0,2019-02-20 17:00:00,2019 February 20,17:00:00,2019,February,Wednesday,2:01 pm to 6:00 pm,17.0,0,Evening,Winter,3801.0,469,Mission,3D2D,22450(a),22450(a),Failure to stop at STOP sign,BB,Vehicle-Pedestrian,17818,2,2,57123,1
23660,413,170094997.0,2017-02-03 08:05:00,2017 February 03,08:05:00,2017,February,Friday,6:01 am to 10:00 am,8.0,0,Morning,Winter,3801.0,,CO H,3H16A,22350,22350,Unsafe speed for prevailing conditions,AA,Vehicle(s) Only Involved,17819,2,16,57557,14
23661,4172,130863710.0,2013-10-12 11:15:00,2013 October 12,11:15:00,2013,October,Saturday,10:01 am to 2:00 pm,11.0,1,Morning,Fall,3801.0,332,INGLESIDE,3H60,22100(a),"22100(a,b)",Turn at intersection from wrong position,AA,Vehicle(s) Only Involved,17820,2,20,57654,1
23662,46261,190259450.0,2019-04-12 07:36:00,2019 April 12,07:36:00,2019,April,Friday,6:01 am to 10:00 am,7.0,0,Morning,Spring,3801.0,392,Ingleside,3H13A,21801(a),"21801(a,b)",Violation of right-of-way - left turn,AA,Vehicle(s) Only Involved,17821,2,2,57659,8
23663,31760,5429191.0,2011-11-04 08:30:00,2011 November 04,08:30:00,2011,November,Friday,6:01 am to 10:00 am,8.0,0,Morning,Fall,3801.0,1947,NORTH,3E12A,Unknown,Unknown,Unknown,AA,Vehicle(s) Only Involved,17822,2,2,22868,1
23664,42241,6128831.0,2012-07-07 14:00:00,2012 July 07,14:00:00,2012,July,Saturday,10:01 am to 2:00 pm,14.0,1,Afternoon,Summer,3801.0,1073,RICHM,4B2G,21703,21703,Following too closely prohibited,AA,Vehicle(s) Only Involved,6815,2,1,57658,1
23665,12415,2705371.0,2006-06-14 06:56:00,2006 June 14,06:56:00,2006,June,Wednesday,6:01 am to 10:00 am,6.0,0,Morning,Summer,3801.0,979,D,001,21801(a),"21801(a,b)",Violation of right-of-way - left turn,AA,Vehicle(s) Only Involved,10365,2,1,57660,1
23666,10091,2232283.0,2005-09-04 16:37:00,2005 September 04,16:37:00,2005,September,Sunday,2:01 pm to 6:00 pm,16.0,1,Afternoon,Fall,3801.0,1806,D,3D15D,21453(a),"21453(a,c)",Red signal - driver or bicyclist responsibilities,AA,Vehicle(s) Only Involved,7617,2,1,57603,3
23667,8838,2793361.0,2006-09-06 18:33:00,2006 September 06,18:33:00,2006,September,Wednesday,6:01 pm to 10:00 pm,18.0,0,Evening,Fall,3801.0,002089,MISSI,4B6B,21802(a),"21802(a,b)",Violation of right-of-way - entering through highway,AA,Vehicle(s) Only Involved,17823,2,1,57659,1
23668,38224,131025462.0,2013-12-05 09:24:00,2013 December 05,09:24:00,2013,December,Thursday,6:01 am to 10:00 am,9.0,0,Morning,Winter,3801.0,2253,TARAVAL,312A,21703,21703,Following too closely prohibited,AA,Vehicle(s) Only Involved,17824,2,1,57658,3
23669,19028,170872141.0,2017-10-25 12:05:00,2017 October 25,12:05:00,2017,October,Wednesday,10:01 am to 2:00 pm,12.0,0,Afternoon,Fall,3801.0,555,NORTHERN,3E11C,21802(a),"21802(a,b)",Violation of right-of-way - entering through highway,AA,Vehicle(s) Only Involved,30128,2,27,57585,8
23670,43807,2638581.0,2006-02-22 12:49:00,2006 February 22,12:49:00,2006,February,Wednesday,10:01 am to 2:00 pm,12.0,0,Afternoon,Winter,3801.0,1352,G,3G3C,21703,21703,Following too closely prohibited,AA,Vehicle(s) Only Involved,17825,2,1,57658,1
23671,10604,2699964.0,2006-06-16 16:47:00,2006 June 16,16:47:00,2006,June,Friday,2:01 pm to 6:00 pm,16.0,0,Afternoon,Summer,3801.0,1149,COD,4B7D,21801(a),"21801(a,b)",Violation of right-of-way - left turn,CC,Vehicle-Bicycle,17826,2,2,57633,1
23672,46886,190202835.0,2019-03-21 17:59:00,2019 March 21,17:59:00,2019,March,Thursday,2:01 pm to 6:00 pm,17.0,0,Evening,Spring,3801.0,A22028,Southern,3B14D,21801(a),"21801(a,b)",Violation of right-of-way - left turn,CC,Vehicle-Bicycle,1009,2,2,57581,2
23673,28288,2063421.0,2005-05-25 16:21:00,2005 May 25,16:21:00,2005,May,Wednesday,2:01 pm to 6:00 pm,16.0,0,Afternoon,Spring,3801.0,125,CENTR,4B5F,Unknown,Unknown,Unknown,AA,Vehicle(s) Only Involved,2872,2,1,57659,1
23674,36830,2229984.0,2005-08-25 11:32:00,2005 August 25,11:32:00,2005,August,Thursday,10:01 am to 2:00 pm,11.0,0,Morning,Summer,3801.0,1629,,3I6,21650,21650,Failure to keep to right side of road,AA,Vehicle(s) Only Involved,17827,2,20,57603,1
23675,32164,2963941.0,2006-12-05 16:20:00,2006 December 05,16:20:00,2006,December,Tuesday,2:01 pm to 6:00 pm,16.0,0,Afternoon,Winter,3801.0,001914,NORTH,3E3,22350,22350,Unsafe speed for prevailing conditions,AA,Vehicle(s) Only Involved,17828,2,33,57658,1
23676,20025,6221904.0,2012-11-04 13:37:00,2012 November 04,13:37:00,2012,November,Sunday,10:01 am to 2:00 pm,13.0,1,Afternoon,Fall,3801.0,002179,,3J62,22350,22350,Unsafe speed for prevailing conditions,AA,Vehicle(s) Only Involved,17829,2,1,57583,1
23677,19161,170449518.0,2017-06-01 16:32:00,2017 June 01,16:32:00,2017,June,Thursday,2:01 pm to 6:00 pm,16.0,0,Afternoon,Summer,3801.0,4086,PARK,3F00,Unknown,Unknown,Unknown,AA,Vehicle(s) Only Involved,17830,2,2,57557,1
23678,37287,2413915.0,2005-12-01 17:50:00,2005 December 01,17:50:00,2005,December,Thursday,2:01 pm to 6:00 pm,17.0,0,Evening,Winter,3801.0,4137,TARAV,316D,21950(a),"21950(a,c)",Driver or bicyclist to yield right-of-way at crosswalks,BB,Vehicle-Pedestrian,17831,13,13,57649,1
23679,28046,6104412.0,2012-08-08 22:05:00,2012 August 08,22:05:00,2012,August,Wednesday,10:01 pm to 2:00 am,22.0,0,Night,Summer,3801.0,2076,CENTR,3A11E,21801(a),"21801(a,b)",Violation of right-of-way - left turn,AA,Vehicle(s) Only Involved,17832,2,3,57659,3
23680,3624,3060678.0,2007-03-01 06:12:00,2007 March 01,06:12:00,2007,March,Thursday,6:01 am to 10:00 am,6.0,0,Morning,Spring,3801.0,4169,,12A,21801(a),"21801(a,b)",Violation of right-of-way - left turn,AA,Vehicle(s) Only Involved,31265,6,16,57659,1
23681,15026,3180411.0,2007-04-09 14:27:00,2007 April 09,14:27:00,2007,April,Monday,2:01 pm to 6:00 pm,14.0,0,Afternoon,Spring,3801.0,1929,SOUTH,4T1B,22106,22106,Unsafe starting or backing on highway,AA,Vehicle(s) Only Involved,17833,2,1,57658,8
23682,33027,2160787.0,2005-07-13 10:08:00,2005 July 13,10:08:00,2005,July,Wednesday,10:01 am to 2:00 pm,10.0,0,Morning,Summer,3801.0,1480,E,1B2E,21800(a),21800(a-c),Violation of right-of-way or uncontrolled intersection,AA,Vehicle(s) Only Involved,17834,2,1,57659,1
23683,44921,2625385.0,2006-04-03 12:31:00,2006 April 03,12:31:00,2006,April,Monday,10:01 am to 2:00 pm,12.0,0,Afternoon,Spring,3801.0,334,RICHM,3G3,21950(a),"21950(a,c)",Driver or bicyclist to yield right-of-way at crosswalks,BB,Vehicle-Pedestrian,32487,4,16,57522,1
23684,28536,140875460.0,2014-10-16 12:10:00,2014 October 16,12:10:00,2014,October,Thursday,10:01 am to 2:00 pm,12.0,0,Afternoon,Fall,3801.0,2179,CENTRAL,4K5A,22350,22350,Unsafe speed for prevailing conditions,BB,Vehicle-Pedestrian,17836,2,1,57649,2
23685,14444,2146640.0,2005-07-27 16:45:00,2005 July 27,16:45:00,2005,July,Wednesday,2:01 pm to 6:00 pm,16.0,0,Afternoon,Summer,9335.0,017216,,024,22350,22350,Unsafe speed for prevailing conditions,AA,Vehicle(s) Only Involved,20756,2,1,56647,1
23686,38744,2415249.0,2005-11-13 03:36:00,2005 November 13,03:36:00,2005,November,Sunday,2:01 am to 6:00 am,3.0,1,Night,Fall,3801.0,675,TARAV,3I3E,Unknown,Unknown,Unknown,AA,Vehicle(s) Only Involved,36246,2,3,51939,13
23687,37980,2658749.0,2006-05-02 14:55:00,2006 May 02,14:55:00,2006,May,Tuesday,2:01 pm to 6:00 pm,14.0,0,Afternoon,Spring,3801.0,246,,4B6G,21800(a),21800(a-c),Violation of right-of-way or uncontrolled intersection,CC,Vehicle-Bicycle,11570,2,1,57581,1
23688,30039,2829499.0,2006-10-05 21:25:00,2006 October 05,21:25:00,2006,October,Thursday,6:01 pm to 10:00 pm,21.0,0,Night,Fall,3801.0,000957,NORTH,3E12E,21801(a),"21801(a,b)",Violation of right-of-way - left turn,AA,Vehicle(s) Only Involved,2695,2,3,57659,1
23689,46858,190192753.0,2019-03-17 22:06:00,2019 March 17,22:06:00,2019,March,Sunday,10:01 pm to 2:00 am,22.0,1,Night,Spring,3801.0,2386,Ingleside,3H2E,22350,22350,Unsafe speed for prevailing conditions,AA,Vehicle(s) Only Involved,17839,2,12,56911,8
23690,28921,2657251.0,2006-02-13 11:40:00,2006 February 13,11:40:00,2006,February,Monday,10:01 am to 2:00 pm,11.0,0,Morning,Winter,3801.0,920,COE,4B2A,21453(a),"21453(a,c)",Red signal - driver or bicyclist responsibilities,AA,Vehicle(s) Only Involved,19476,2,1,57659,8
23691,26322,2789904.0,2006-09-14 19:32:00,2006 September 14,19:32:00,2006,September,Thursday,6:01 pm to 10:00 pm,19.0,0,Evening,Fall,3801.0,1791,,0A1,21703,21703,Following too closely prohibited,AA,Vehicle(s) Only Involved,17840,2,3,57658,1
23692,20170,2392694.0,2005-11-26 16:06:00,2005 November 26,16:06:00,2005,November,Saturday,2:01 pm to 6:00 pm,16.0,1,Afternoon,Fall,3801.0,1691,3B14C,014,21955,21955,Crossing between controlled intersections (Jaywalking),BB,Vehicle-Pedestrian,17841,2,1,57280,2
23693,84123,230180503.0,2023-03-14 13:28:00,2023 March 14,13:28:00,2023,March,Tuesday,10:01 am to 2:00 pm,13.0,0,Afternoon,Spring,3801.0,327,Mission,3D13C,21750(a),21750,Overtaking and passing unsafely,AA,Vehicle(s) Only Involved,17842,5,2,57660,8
23694,41770,6096685.0,2012-09-04 13:08:00,2012 September 04,13:08:00,2012,September,Tuesday,10:01 am to 2:00 pm,13.0,0,Afternoon,Fall,3801.0,A11405,TARAV,3I2A,22450(a),22450(a),Failure to stop at STOP sign,AA,Vehicle(s) Only Involved,29389,2,1,57660,1
23695,3493,2081795.0,2005-06-06 16:19:00,2005 June 06,16:19:00,2005,June,Monday,2:01 pm to 6:00 pm,16.0,0,Afternoon,Summer,3801.0,002122,C,4B6D,22107,22107,Unsafe turn or lane change prohibited,AA,Vehicle(s) Only Involved,17843,2,2,57660,1
23696,11322,6143605.0,2012-05-05 23:44:00,2012 May 05,23:44:00,2012,May,Saturday,10:01 pm to 2:00 am,23.0,1,Night,Spring,3801.0,2060,MISSI,0D3,22350,22350,Unsafe speed for prevailing conditions,AA,Vehicle(s) Only Involved,17844,2,12,57658,1
23697,18234,5446433.0,2011-12-22 09:19:00,2011 December 22,09:19:00,2011,December,Thursday,6:01 am to 10:00 am,9.0,0,Morning,Winter,9335.0,015248,,015,22350,22350,Unsafe speed for prevailing conditions,AA,Vehicle(s) Only Involved,20514,2,2,56647,1
23698,46465,190037171.0,2019-01-15 16:09:00,2019 January 15,16:09:00,2019,January,Tuesday,2:01 pm to 6:00 pm,16.0,0,Afternoon,Winter,3801.0,786,Taraval,3I16D,21801(a),"21801(a,b)",Violation of right-of-way - left turn,AA,Vehicle(s) Only Involved,17845,4,46,57660,1
23699,11944,2776318.0,2006-08-11 11:15:00,2006 August 11,11:15:00,2006,August,Friday,10:01 am to 2:00 pm,11.0,0,Morning,Summer,3801.0,191,MISSI,4B1A,22350,22350,Unsafe speed for prevailing conditions,AA,Vehicle(s) Only Involved,17846,2,2,57584,3
23700,37198,6083802.0,2012-03-04 06:29:00,2012 March 04,06:29:00,2012,March,Sunday,6:01 am to 10:00 am,6.0,1,Morning,Spring,3801.0,2127,TARAV,3I5,21800(b),21800(a-c),Violation of right-of-way or uncontrolled intersection,AA,Vehicle(s) Only Involved,20988,2,2,57659,3
23701,46489,190044160.0,2019-01-18 16:49:00,2019 January 18,16:49:00,2019,January,Friday,2:01 pm to 6:00 pm,16.0,0,Afternoon,Winter,3801.0,1438,Ingleside,3H15D,23153(a),23153(a-g),Driving under influence causing injury,AA,Vehicle(s) Only Involved,17848,1,1,57603,1
23702,47260,190263019.0,2019-04-13 14:40:00,2019 April 13,14:40:00,2019,April,Saturday,2:01 pm to 6:00 pm,14.0,1,Afternoon,Spring,3801.0,2203,Tenderloin,3J51C,21651(b),21651(b),Wrong way driving,CC,Vehicle-Bicycle,39227,2,1,57025,4
23703,18597,5082193.0,2011-02-04 21:05:00,2011 February 04,21:05:00,2011,February,Friday,6:01 pm to 10:00 pm,21.0,0,Night,Winter,9335.0,019968,,015,22350,22350,Unsafe speed for prevailing conditions,AA,Vehicle(s) Only Involved,20527,2,3,53916,8
23704,29151,130682247.0,2013-08-17 01:17:00,2013 August 17,01:17:00,2013,August,Saturday,10:01 pm to 2:00 am,1.0,1,Night,Summer,3801.0,4358,NORTHERN,3E112,23152(a),23152(a-g),Driving under influence of alcohol and/or drugs,AA,Vehicle(s) Only Involved,17850,2,3,57607,2
23705,17395,4361686.0,2009-08-18 14:29:00,2009 August 18,14:29:00,2009,August,Tuesday,2:01 pm to 6:00 pm,14.0,0,Afternoon,Summer,3801.0,285,,3D43C,21703,21703,Following too closely prohibited,AA,Vehicle(s) Only Involved,17851,2,1,57658,1
23706,3395,2063525.0,2005-05-24 13:20:00,2005 May 24,13:20:00,2005,May,Tuesday,10:01 am to 2:00 pm,13.0,0,Afternoon,Spring,3801.0,001481,BAYVI,3C63,21202(a),21202(a),Bicyclist at less than normal speed must keep to the right,CC,Vehicle-Bicycle,17852,2,44,55766,1
23707,42590,170888110.0,2017-10-25 19:26:00,2017 October 25,19:26:00,2017,October,Wednesday,6:01 pm to 10:00 pm,19.0,0,Evening,Fall,3801.0,917,RICHMOND,4B4I,22350,22350,Unsafe speed for prevailing conditions,AA,Vehicle(s) Only Involved,17853,8,12,57607,17
23708,6603,6076640.0,2012-06-06 08:50:00,2012 June 06,08:50:00,2012,June,Wednesday,6:01 am to 10:00 am,8.0,0,Morning,Summer,3801.0,1851,,004,22350,22350,Unsafe speed for prevailing conditions,CC,Vehicle-Bicycle,17854,2,2,57639,2
23709,42864,1994951.0,2005-04-15 02:35:00,2005 April 15,02:35:00,2005,April,Friday,2:01 am to 6:00 am,2.0,0,Night,Spring,3801.0,454,PARK,3F12E,23152(a),23152(a-g),Driving under influence of alcohol and/or drugs,AA,Vehicle(s) Only Involved,17855,2,3,57496,2
23710,46977,190255204.0,2019-04-10 17:13:00,2019 April 10,17:13:00,2019,April,Wednesday,2:01 pm to 6:00 pm,17.0,0,Evening,Spring,3801.0,#1472,Tenderloin,3J13D,21453(a),"21453(a,c)",Red signal - driver or bicyclist responsibilities,AA,Vehicle(s) Only Involved,16191,2,1,57659,1
23711,33688,6221600.0,2012-10-02 22:22:00,2012 October 02,22:22:00,2012,October,Tuesday,10:01 pm to 2:00 am,22.0,0,Night,Fall,3801.0,2468,,003,22107,22107,Unsafe turn or lane change prohibited,AA,Vehicle(s) Only Involved,17856,2,12,57607,2
23712,33766,2159959.0,2005-07-15 07:35:00,2005 July 15,07:35:00,2005,July,Friday,6:01 am to 10:00 am,7.0,0,Morning,Summer,3801.0,1723,,,22517,22517,Opening door on traffic side when unsafe,CC,Vehicle-Bicycle,17857,2,1,55217,2
23713,19621,130296597.0,2013-04-11 16:00:00,2013 April 11,16:00:00,2013,April,Thursday,2:01 pm to 6:00 pm,16.0,0,Afternoon,Spring,3801.0,2077,PARK,3F14D,21804(a),"21804(a,b)",Entering highway from alley or driveway,AA,Vehicle(s) Only Involved,17858,2,2,57659,1
23714,9766,4302176.0,2009-06-16 19:30:00,2009 June 16,19:30:00,2009,June,Tuesday,6:01 pm to 10:00 pm,19.0,0,Evening,Summer,3801.0,002122,D,4B8D,22350,22350,Unsafe speed for prevailing conditions,AA,Vehicle(s) Only Involved,17859,1,1,57553,6
23715,10691,180960388.0,2018-12-19 18:00:00,2018 December 19,18:00:00,2018,December,Wednesday,2:01 pm to 6:00 pm,18.0,0,Evening,Winter,3801.0,179,Southern,3B14D,22107,22107,Unsafe turn or lane change prohibited,CC,Vehicle-Bicycle,22557,2,3,57390,2
23716,31761,6079130.0,2012-08-30 17:35:00,2012 August 30,17:35:00,2012,August,Thursday,2:01 pm to 6:00 pm,17.0,0,Evening,Summer,3801.0,2310,NORTH,3E13C,21954(a),21954(a),Pedestrians must yield right-of-way outside of crosswalks,BB,Vehicle-Pedestrian,17860,2,1,57622,2
23717,4867,130903219.0,2013-10-24 16:50:00,2013 October 24,16:50:00,2013,October,Thursday,2:01 pm to 6:00 pm,16.0,0,Afternoon,Fall,3801.0,518,INGLESIDE,3H,22350,22350,Unsafe speed for prevailing conditions,AA,Vehicle(s) Only Involved,17861,2,2,57658,1
23718,30194,6143646.0,2012-05-26 17:44:00,2012 May 26,17:44:00,2012,May,Saturday,2:01 pm to 6:00 pm,17.0,1,Evening,Spring,3801.0,821,NORTH,3E61,22350,22350,Unsafe speed for prevailing conditions,CC,Vehicle-Bicycle,5093,2,1,57625,1
23719,26335,130854587.0,2013-10-09 14:14:00,2013 October 09,14:14:00,2013,October,Wednesday,2:01 pm to 6:00 pm,14.0,0,Afternoon,Fall,3801.0,0027,CENTRAL,,21803(a),"21803(a,b)",Violation of Yield sign,AA,Vehicle(s) Only Involved,17862,8,1,57569,1
23720,18211,2678580.0,2006-05-17 12:20:00,2006 May 17,12:20:00,2006,May,Wednesday,10:01 am to 2:00 pm,12.0,0,Afternoon,Spring,3801.0,002082,SOUTH,4A11,21800(b),21800(a-c),Violation of right-of-way or uncontrolled intersection,AA,Vehicle(s) Only Involved,16450,2,2,57066,1
23721,1056,3787814.0,2008-06-05 12:30:00,2008 June 05,12:30:00,2008,June,Thursday,10:01 am to 2:00 pm,12.0,0,Afternoon,Summer,3801.0,184700,INGLE,3H2A,21657,21657,Going against one-way traffic patterns,AA,Vehicle(s) Only Involved,17863,2,8,57659,1
23722,44466,2232325.0,2005-08-28 09:43:00,2005 August 28,09:43:00,2005,August,Sunday,6:01 am to 10:00 am,9.0,1,Morning,Summer,3801.0,1448,RICHM,4B3E,22106,22106,Unsafe starting or backing on highway,BB,Vehicle-Pedestrian,17864,2,2,57649,2
23723,47856,190480116.0,2019-07-02 20:45:00,2019 July 02,20:45:00,2019,July,Tuesday,6:01 pm to 10:00 pm,20.0,0,Evening,Summer,3801.0,1017,Mission,3D11E,22350,22350,Unsafe speed for prevailing conditions,CC,Vehicle-Bicycle,19554,2,33,57621,2
23724,8191,2339856.0,2005-10-05 09:23:00,2005 October 05,09:23:00,2005,October,Wednesday,6:01 am to 10:00 am,9.0,0,Morning,Fall,3801.0,1751,I,4B1B,21453(a),"21453(a,c)",Red signal - driver or bicyclist responsibilities,AA,Vehicle(s) Only Involved,28894,2,1,57659,2
23725,5148,2705433.0,2006-06-02 12:00:00,2006 June 02,12:00:00,2006,June,Friday,10:01 am to 2:00 pm,12.0,0,Afternoon,Summer,3801.0,1081,INGLE,04H,22106,22106,Unsafe starting or backing on highway,BB,Vehicle-Pedestrian,17867,2,2,57649,3
23726,19772,2657236.0,2006-05-28 19:44:00,2006 May 28,19:44:00,2006,May,Sunday,6:01 pm to 10:00 pm,19.0,1,Evening,Spring,3801.0,002122,F,4B6D,22350,22350,Unsafe speed for prevailing conditions,EE,Bicycle-Parked Car,17868,2,15,51996,4
23727,33911,1988027.0,2005-03-03 11:40:00,2005 March 03,11:40:00,2005,March,Thursday,10:01 am to 2:00 pm,11.0,0,Morning,Spring,3801.0,141,,3A2C,22106,22106,Unsafe starting or backing on highway,AA,Vehicle(s) Only Involved,17869,2,1,57658,1
23728,44381,1986312.0,2005-03-02 17:38:00,2005 March 02,17:38:00,2005,March,Wednesday,2:01 pm to 6:00 pm,17.0,0,Evening,Spring,3801.0,1384,3G,4B7G,22103,22103,Illegal U-turn in residential district,AA,Vehicle(s) Only Involved,17870,2,2,57659,14
23729,26034,130676074.0,2013-08-15 11:11:00,2013 August 15,11:11:00,2013,August,Thursday,10:01 am to 2:00 pm,11.0,0,Morning,Summer,3801.0,671,CENTRAL,4B2F,21453(a),"21453(a,c)",Red signal - driver or bicyclist responsibilities,BB,Vehicle-Pedestrian,32980,2,1,57659,15
23730,14506,150406914.0,2015-05-10 12:20:00,2015 May 10,12:20:00,2015,May,Sunday,10:01 am to 2:00 pm,12.0,1,Afternoon,Spring,3801.0,1858,CO B,3B5C,Unknown,Unknown,Unknown,AA,Vehicle(s) Only Involved,17871,2,1,22933,2
23731,27922,130814456.0,2013-09-27 09:38:00,2013 September 27,09:38:00,2013,September,Friday,6:01 am to 10:00 am,9.0,0,Morning,Fall,3801.0,4222,CO A,3A12A,21658(a),"21658(a,b)",Lane straddling or failure to use specified lanes,AA,Vehicle(s) Only Involved,17872,2,2,57584,1
23732,35268,140928423.0,2014-11-02 11:10:00,2014 November 02,11:10:00,2014,November,Sunday,10:01 am to 2:00 pm,11.0,1,Morning,Fall,3801.0,563,NORTHERN,3E14C,22450(a),22450(a),Failure to stop at STOP sign,AA,Vehicle(s) Only Involved,17873,2,1,57659,2
23733,46237,190298793.0,2019-04-27 01:40:00,2019 April 27,01:40:00,2019,April,Saturday,10:01 pm to 2:00 am,1.0,1,Night,Spring,3801.0,276,Northern,3E11E,21453(a),"21453(a,c)",Red signal - driver or bicyclist responsibilities,BB,Vehicle-Pedestrian,17874,2,3,57659,13
23734,14272,2733447.0,2006-07-23 16:25:00,2006 July 23,16:25:00,2006,July,Sunday,2:01 pm to 6:00 pm,16.0,1,Afternoon,Summer,3801.0,1442,,,21453(a),"21453(a,c)",Red signal - driver or bicyclist responsibilities,AA,Vehicle(s) Only Involved,6692,2,1,57659,1
23735,4095,2658463.0,2006-05-21 17:26:00,2006 May 21,17:26:00,2006,May,Sunday,2:01 pm to 6:00 pm,17.0,1,Evening,Spring,3801.0,000874,,,22103,22103,Illegal U-turn in residential district,AA,Vehicle(s) Only Involved,17875,2,2,57659,1
23736,24295,2661395.0,2006-05-04 18:05:00,2006 May 04,18:05:00,2006,May,Thursday,6:01 pm to 10:00 pm,18.0,0,Evening,Spring,3801.0,841,B,3B12D,21755(a),21755(a),Unsafe passing on right shoulder,CC,Vehicle-Bicycle,36394,2,1,57655,1
23737,46425,190015616.0,2019-01-07 10:38:00,2019 January 07,10:38:00,2019,January,Monday,10:01 am to 2:00 pm,10.0,0,Morning,Winter,3801.0,38,Southern,1 CAR,22107,22107,Unsafe turn or lane change prohibited,CC,Vehicle-Bicycle,17876,1,1,57614,1
23738,46651,190110523.0,2019-02-13 18:24:00,2019 February 13,18:24:00,2019,February,Wednesday,6:01 pm to 10:00 pm,18.0,0,Evening,Winter,3801.0,260,Southern,1824,21950(a),"21950(a,c)",Driver or bicyclist to yield right-of-way at crosswalks,BB,Vehicle-Pedestrian,20665,1,13,57649,1
23739,20927,2637944.0,2006-04-20 15:47:00,2006 April 20,15:47:00,2006,April,Thursday,2:01 pm to 6:00 pm,15.0,0,Afternoon,Spring,3801.0,1910,3E,3EISD,21801(a),"21801(a,b)",Violation of right-of-way - left turn,AA,Vehicle(s) Only Involved,28701,2,1,57603,1
23740,25557,4563101.0,2010-01-15 08:47:00,2010 January 15,08:47:00,2010,January,Friday,6:01 am to 10:00 am,8.0,0,Morning,Winter,3801.0,1794,SOUTH,3B60,Unknown,Unknown,Unknown,AA,Vehicle(s) Only Involved,17877,2,2,57406,1
23741,40714,2571298.0,2006-01-30 09:55:00,2006 January 30,09:55:00,2006,January,Monday,6:01 am to 10:00 am,9.0,0,Morning,Winter,3801.0,625,I,4B46,22350,22350,Unsafe speed for prevailing conditions,AA,Vehicle(s) Only Involved,17285,1,1,57658,8
23742,28254,161020197.0,2016-12-16 12:37:00,2016 December 16,12:37:00,2016,December,Friday,10:01 am to 2:00 pm,12.0,0,Afternoon,Winter,3801.0,518,CENTRAL,,22350,22350,Unsafe speed for prevailing conditions,BB,Vehicle-Pedestrian,19865,10,6,56894,44
23743,42117,180221760.0,2018-03-24 10:30:00,2018 March 24,10:30:00,2018,March,Saturday,10:01 am to 2:00 pm,10.0,1,Morning,Spring,3801.0,4104,Park,3F00,21209(a),21209(a),Motor vehicle in bicycle lane prohibited,CC,Vehicle-Bicycle,17878,1,2,57581,2
23744,36473,6221970.0,2012-11-24 23:26:00,2012 November 24,23:26:00,2012,November,Saturday,10:01 pm to 2:00 am,23.0,1,Night,Fall,3801.0,A11408,TARAV,3II3E,22350,22350,Unsafe speed for prevailing conditions,AA,Vehicle(s) Only Involved,17879,2,12,57658,16
23745,42066,9019192.0,2006-09-06 08:36:00,2006 September 06,08:36:00,2006,September,Wednesday,6:01 am to 10:00 am,8.0,0,Morning,Fall,3801.0,2137,PARK,4B4C,21658(a),"21658(a,b)",Lane straddling or failure to use specified lanes,CC,Vehicle-Bicycle,17880,2,1,57655,1
23746,1464,3218035.0,2007-05-27 13:00:00,2007 May 27,13:00:00,2007,May,Sunday,10:01 am to 2:00 pm,13.0,1,Afternoon,Spring,3801.0,000373,H5,3H62,21658(a),"21658(a,b)",Lane straddling or failure to use specified lanes,AA,Vehicle(s) Only Involved,15058,1,1,57654,8
23747,9244,6221607.0,2012-10-05 07:56:00,2012 October 05,07:56:00,2012,October,Friday,6:01 am to 10:00 am,7.0,0,Morning,Fall,3801.0,790,,,21802(a),"21802(a,b)",Violation of right-of-way - entering through highway,AA,Vehicle(s) Only Involved,1455,2,1,57659,1
23748,8621,2434156.0,2005-12-08 12:50:00,2005 December 08,12:50:00,2005,December,Thursday,10:01 am to 2:00 pm,12.0,0,Afternoon,Winter,3801.0,1184,D,4B2D,23153(a),23153(a-g),Driving under influence causing injury,AA,Vehicle(s) Only Involved,17881,2,1,57658,8
23749,3294,170522023.0,2017-06-26 19:00:00,2017 June 26,19:00:00,2017,June,Monday,6:01 pm to 10:00 pm,19.0,0,Evening,Summer,3801.0,1279,BAYVIEW,3C13D,21650.1,21650.1,Bicycle to travel in same direction as vehicles,CC,Vehicle-Bicycle,17882,2,33,44700,2
23750,26008,1994554.0,2005-04-18 16:39:00,2005 April 18,16:39:00,2005,April,Monday,2:01 pm to 6:00 pm,16.0,0,Afternoon,Spring,3801.0,1529,COJ,3J62,21100,21100,Local authority - general provisions,BB,Vehicle-Pedestrian,35986,11,120,57649,1
23751,5901,1995264.0,2005-02-22 11:50:00,2005 February 22,11:50:00,2005,February,Tuesday,10:01 am to 2:00 pm,11.0,0,Morning,Winter,3801.0,000211,,3C62,21950(a),"21950(a,c)",Driver or bicyclist to yield right-of-way at crosswalks,CC,Vehicle-Bicycle,18249,2,44,57633,1
23752,35180,2238659.0,2005-07-20 11:35:00,2005 July 20,11:35:00,2005,July,Wednesday,10:01 am to 2:00 pm,11.0,0,Morning,Summer,3801.0,000779,NORTH,3E62,21801(a),"21801(a,b)",Violation of right-of-way - left turn,AA,Vehicle(s) Only Involved,24094,2,1,57659,3