collision_id,unique_id,case_id_pkey,collision_datetime,collision_date,collision_time,accident_year,month,day_of_week,time_cat,hour_of_day,is_weekend,time_of_day,season,juris,officer_id,reporting_district,beat_number,vz_pcf_code,vz_pcf_group,vz_pcf_description,dph_col_grp,dph_col_grp_description,location_id,weather_id,road_id,party_id,severity_id
23941,84191,230209874.0,2023-03-25 22:59:00,2023 March 25,22:59:00,2023,March,Saturday,10:01 pm to 2:00 am,22.0,1,Night,Spring,3801.0,2241,Northern,E4,21954(a),21954(a),Pedestrians must yield right-of-way outside of crosswalks,BB,Vehicle-Pedestrian,18011,2,3,56779,2
23942,25352,170629782.0,2017-08-02 20:06:00,2017 August 02,20:06:00,2017,August,Wednesday,6:01 pm to 10:00 pm,20.0,0,Evening,Summer,3801.0,1706,SOUTHERN,3B00,21703,21703,Following too closely prohibited,AA,Vehicle(s) Only Involved,19237,2,1,57658,1
23943,46678,190119127.0,2019-02-17 11:53:00,2019 February 17,11:53:00,2019,February,Sunday,10:01 am to 2:00 pm,11.0,1,Morning,Winter,3801.0,86,Taraval,3I2,22350,22350,Unsafe speed for prevailing conditions,AA,Vehicle(s) Only Involved,18013,2,2,54660,2
23944,20821,120431355.0,2013-05-29 12:43:00,2013 May 29,12:43:00,2013,May,Wednesday,10:01 am to 2:00 pm,12.0,0,Afternoon,Spring,3801.0,1087,NORTHERN,3E3C,22350,22350,Unsafe speed for prevailing conditions,AA,Vehicle(s) Only Involved,18014,2,1,57658,4
23945,21383,2415121.0,2005-11-05 14:00:00,2005 November 05,14:00:00,2005,November,Saturday,10:01 am to 2:00 pm,14.0,1,Afternoon,Fall,3801.0,246,NORTH,6B7E,21950(a),"21950(a,c)",Driver or bicyclist to yield right-of-way at crosswalks,BB,Vehicle-Pedestrian,18015,2,1,57649,1
23946,25623,130804219.0,2013-09-24 10:41:00,2013 September 24,10:41:00,2013,September,Tuesday,10:01 am to 2:00 pm,10.0,0,Morning,Fall,3801.0,1572,CO B,3B1A,21801(a),"21801(a,b)",Violation of right-of-way - left turn,AA,Vehicle(s) Only Involved,1653,2,2,57660,1
23947,48198,190500851.0,2019-07-11 00:01:00,2019 July 11,00:01:00,2019,July,Thursday,10:01 pm to 2:00 am,0.0,0,Night,Summer,3801.0,1466,Taraval,6,22350,22350,Unsafe speed for prevailing conditions,AA,Vehicle(s) Only Involved,18016,2,71,57658,2
23948,46797,190168077.0,2019-03-08 08:15:00,2019 March 08,08:15:00,2019,March,Friday,6:01 am to 10:00 am,8.0,0,Morning,Spring,3801.0,156,Bayview,Bayview,22450(a),22450(a),Failure to stop at STOP sign,AA,Vehicle(s) Only Involved,18017,2,1,57636,8
23949,31594,2188587.0,2005-08-19 14:12:00,2005 August 19,14:12:00,2005,August,Friday,2:01 pm to 6:00 pm,14.0,0,Afternoon,Summer,3801.0,246,RICHM,4B7E,21453(a),"21453(a,c)",Red signal - driver or bicyclist responsibilities,AA,Vehicle(s) Only Involved,13632,2,1,57659,14
23950,679,1994980.0,2005-04-12 10:37:00,2005 April 12,10:37:00,2005,April,Tuesday,10:01 am to 2:00 pm,10.0,0,Morning,Spring,3801.0,001580,,4B4F,22350,22350,Unsafe speed for prevailing conditions,AA,Vehicle(s) Only Involved,18018,2,1,57658,2
23951,27151,2625377.0,2006-04-22 14:09:00,2006 April 22,14:09:00,2006,April,Saturday,2:01 pm to 6:00 pm,14.0,1,Afternoon,Spring,3801.0,001870,SOUTH,3B62,21955,21955,Crossing between controlled intersections (Jaywalking),BB,Vehicle-Pedestrian,18019,2,1,57622,1
23952,19476,2159141.0,2005-07-23 09:30:00,2005 July 23,09:30:00,2005,July,Saturday,6:01 am to 10:00 am,9.0,1,Morning,Summer,3801.0,2044,PARK,4B2B,22350,22350,Unsafe speed for prevailing conditions,AA,Vehicle(s) Only Involved,18020,2,2,57658,1
23953,32645,6143769.0,2012-05-04 10:47:00,2012 May 04,10:47:00,2012,May,Friday,10:01 am to 2:00 pm,10.0,0,Morning,Spring,3801.0,100,3E,3E13A,22350,22350,Unsafe speed for prevailing conditions,AA,Vehicle(s) Only Involved,18021,2,90,57658,1
23954,46906,190213036.0,2019-03-25 21:01:00,2019 March 25,21:01:00,2019,March,Monday,6:01 pm to 10:00 pm,21.0,0,Night,Spring,3801.0,4047,Mission,3D41D,22100(b),"22100(a,b)",Turn at intersection from wrong position,AA,Vehicle(s) Only Involved,21711,4,13,57659,13
23955,17554,150708306.0,2015-08-14 05:54:00,2015 August 14,05:54:00,2015,August,Friday,2:01 am to 6:00 am,5.0,0,Morning,Summer,3801.0,425,MISSION,3D73,21950(a),"21950(a,c)",Driver or bicyclist to yield right-of-way at crosswalks,BB,Vehicle-Pedestrian,18022,2,3,57649,2
23956,23183,6221998.0,2012-12-07 10:46:00,2012 December 07,10:46:00,2012,December,Friday,10:01 am to 2:00 pm,10.0,0,Morning,Winter,3801.0,1171,SOUTH,3B4A,21801(a),"21801(a,b)",Violation of right-of-way - left turn,AA,Vehicle(s) Only Involved,38805,2,1,57659,1
23957,1538,2340109.0,2005-10-26 10:30:00,2005 October 26,10:30:00,2005,October,Wednesday,10:01 am to 2:00 pm,10.0,0,Morning,Fall,3801.0,373,INGLE,0H3,23140(a),23140(a),Minor (under 21) driving with blood alcohol level of .05 or greater,AA,Vehicle(s) Only Involved,18023,4,4,57607,1
23958,34212,6076682.0,2012-06-07 21:15:00,2012 June 07,21:15:00,2012,June,Thursday,6:01 pm to 10:00 pm,21.0,0,Night,Summer,3801.0,1727,,3A13D,21456(b),"21456(a,b)",Pedestrian violation of walk or wait signals,BB,Vehicle-Pedestrian,11020,2,3,56815,1
23959,28504,3250883.0,2007-06-28 15:04:00,2007 June 28,15:04:00,2007,June,Thursday,2:01 pm to 6:00 pm,15.0,0,Afternoon,Summer,3801.0,1149,CO A,4B1D,21950(a),"21950(a,c)",Driver or bicyclist to yield right-of-way at crosswalks,BB,Vehicle-Pedestrian,18024,2,2,57649,2
23960,12935,6221593.0,2012-10-26 16:29:00,2012 October 26,16:29:00,2012,October,Friday,2:01 pm to 6:00 pm,16.0,0,Afternoon,Fall,3801.0,2360,F,,22350,22350,Unsafe speed for prevailing conditions,AA,Vehicle(s) Only Involved,18025,2,1,57658,8
23961,42705,3370909.0,2007-08-23 11:16:00,2007 August 23,11:16:00,2007,August,Thursday,10:01 am to 2:00 pm,11.0,0,Morning,Summer,3801.0,111,,4B3G,22350,22350,Unsafe speed for prevailing conditions,AA,Vehicle(s) Only Involved,18026,2,1,57660,8
23962,45190,1992310.0,2005-03-11 16:28:00,2005 March 11,16:28:00,2005,March,Friday,2:01 pm to 6:00 pm,16.0,0,Afternoon,Spring,3801.0,1827,,3G3,21802(a),"21802(a,b)",Violation of right-of-way - entering through highway,AA,Vehicle(s) Only Involved,16360,2,1,57659,8
23963,30618,130500655.0,2013-06-18 14:45:00,2013 June 18,14:45:00,2013,June,Tuesday,2:01 pm to 6:00 pm,14.0,0,Afternoon,Summer,3801.0,845,NORTHERN,,22450(a),22450(a),Failure to stop at STOP sign,BB,Vehicle-Pedestrian,18027,8,1,57649,2
23964,28344,170405394.0,2017-05-17 15:43:00,2017 May 17,15:43:00,2017,May,Wednesday,2:01 pm to 6:00 pm,15.0,0,Afternoon,Spring,3801.0,1979,CENTRAL,,21954(a),21954(a),Pedestrians must yield right-of-way outside of crosswalks,BB,Vehicle-Pedestrian,18028,2,2,57622,4
23965,26415,2789860.0,2006-09-17 16:13:00,2006 September 17,16:13:00,2006,September,Sunday,2:01 pm to 6:00 pm,16.0,1,Afternoon,Fall,3801.0,1417,CENTR,0A1,21950(a),"21950(a,c)",Driver or bicyclist to yield right-of-way at crosswalks,BB,Vehicle-Pedestrian,18029,2,1,57649,1
23966,3864,3247457.0,2007-06-02 14:48:00,2007 June 02,14:48:00,2007,June,Saturday,2:01 pm to 6:00 pm,14.0,1,Afternoon,Summer,3801.0,000373,,3H62,22350,22350,Unsafe speed for prevailing conditions,AA,Vehicle(s) Only Involved,18030,1,1,57659,8
23967,31596,2788130.0,2006-08-04 18:45:00,2006 August 04,18:45:00,2006,August,Friday,6:01 pm to 10:00 pm,18.0,0,Evening,Summer,3801.0,000251,BAYVI,3C60,21453(a),"21453(a,c)",Red signal - driver or bicyclist responsibilities,AA,Vehicle(s) Only Involved,13632,6,24,57585,8
23968,28550,160996240.0,2016-12-08 12:45:00,2016 December 08,12:45:00,2016,December,Thursday,10:01 am to 2:00 pm,12.0,0,Afternoon,Winter,3801.0,2745,CENTRAL,3A11C,21954(a),21954(a),Pedestrians must yield right-of-way outside of crosswalks,DD,Bicycle-Pedestrian,18031,1,16,56208,1
23969,48522,190480075.0,2019-07-02 20:57:00,2019 July 02,20:57:00,2019,July,Tuesday,6:01 pm to 10:00 pm,20.0,0,Evening,Summer,3801.0,245,Bayview,C2,22107,22107,Unsafe turn or lane change prohibited,AA,Vehicle(s) Only Involved,18032,2,12,57660,2
23970,15667,5739535.0,2012-05-30 17:07:00,2012 May 30,17:07:00,2012,May,Wednesday,2:01 pm to 6:00 pm,17.0,0,Evening,Spring,3801.0,2376,SOUTH,3B13D,Unknown,Unknown,Unknown,BB,Vehicle-Pedestrian,6438,2,1,55188,1
23971,24588,170117599.0,2017-02-10 13:00:00,2017 February 10,13:00:00,2017,February,Friday,10:01 am to 2:00 pm,13.0,0,Afternoon,Winter,3801.0,466,TENDERLOIN,3,Unknown,Unknown,Unknown,BB,Vehicle-Pedestrian,11866,3,6,56772,1
23972,37527,2308666.0,2005-09-29 05:55:00,2005 September 29,05:55:00,2005,September,Thursday,2:01 am to 6:00 am,5.0,0,Morning,Fall,3801.0,01173,,4B3H,21456(a),"21456(a,c)",Pedestrian violation of walk or wait signals,BB,Vehicle-Pedestrian,18033,2,42,57622,1
23973,37807,3224016.0,2007-02-16 21:24:00,2007 February 16,21:24:00,2007,February,Friday,6:01 pm to 10:00 pm,21.0,0,Night,Winter,3801.0,4114,,3I4E,22350,22350,Unsafe speed for prevailing conditions,AA,Vehicle(s) Only Involved,31276,2,3,57585,2
23974,16071,1986724.0,2005-02-02 07:52:00,2005 February 02,07:52:00,2005,February,Wednesday,6:01 am to 10:00 am,7.0,0,Morning,Winter,3801.0,1870,,3B62,22107,22107,Unsafe turn or lane change prohibited,AA,Vehicle(s) Only Involved,18034,2,2,57660,1
23975,41462,6096646.0,2012-09-23 07:43:00,2012 September 23,07:43:00,2012,September,Sunday,6:01 am to 10:00 am,7.0,1,Morning,Fall,3801.0,4082,TARAV,,21453(a),"21453(a,c)",Red signal - driver or bicyclist responsibilities,AA,Vehicle(s) Only Involved,29113,9,1,57659,1
23976,44781,2700037.0,2006-04-23 10:35:00,2006 April 23,10:35:00,2006,April,Sunday,10:01 am to 2:00 pm,10.0,1,Morning,Spring,3801.0,438,,4B3F,21453(a),"21453(a,c)",Red signal - driver or bicyclist responsibilities,AA,Vehicle(s) Only Involved,35094,2,1,57659,8
23977,16782,130609730.0,2013-07-24 15:00:00,2013 July 24,15:00:00,2013,July,Wednesday,2:01 pm to 6:00 pm,15.0,0,Afternoon,Summer,3801.0,1493,,3B60,21703,21703,Following too closely prohibited,AA,Vehicle(s) Only Involved,18036,2,1,57658,1
23978,15920,5386838.0,2011-11-10 13:30:00,2011 November 10,13:30:00,2011,November,Thursday,10:01 am to 2:00 pm,13.0,0,Afternoon,Fall,3801.0,002318,,COB,21956(a),21956(a),Pedestrian on roadway prohibited,BB,Vehicle-Pedestrian,18037,2,2,57622,4
23979,5310,2150007.0,2005-07-11 17:30:00,2005 July 11,17:30:00,2005,July,Monday,2:01 pm to 6:00 pm,17.0,0,Evening,Summer,3801.0,000654,BAY V,3C60,21801(a),"21801(a,b)",Violation of right-of-way - left turn,AA,Vehicle(s) Only Involved,14716,2,30,57066,13
23980,39136,170831216.0,2017-10-11 15:00:00,2017 October 11,15:00:00,2017,October,Wednesday,2:01 pm to 6:00 pm,15.0,0,Afternoon,Fall,3801.0,974,CO I,312A,21950(b),21950(b),Pedestrian suddenly entering into vehicle path close enough to create an immediate hazard,BB,Vehicle-Pedestrian,18038,2,2,57622,2
23981,19106,160140992.0,2016-02-17 05:18:00,2016 February 17,05:18:00,2016,February,Wednesday,2:01 am to 6:00 am,5.0,0,Morning,Winter,3801.0,2105,NORTHERN,3E11E,21658(a),"21658(a,b)",Lane straddling or failure to use specified lanes,CC,Vehicle-Bicycle,18039,2,12,57614,4
23982,26266,2705299.0,2006-07-02 18:30:00,2006 July 02,18:30:00,2006,July,Sunday,6:01 pm to 10:00 pm,18.0,1,Evening,Summer,3801.0,363,CENTR,3A11D,21658(a),"21658(a,b)",Lane straddling or failure to use specified lanes,AA,Vehicle(s) Only Involved,18040,2,1,57660,1
23983,36006,2963921.0,2006-12-17 10:10:00,2006 December 17,10:10:00,2006,December,Sunday,10:01 am to 2:00 pm,10.0,1,Morning,Winter,3801.0,2186,CENTR,3A3,"23153(a,b)","23153(a,b)",Under influence of alcohol while causing injury,AA,Vehicle(s) Only Involved,18041,2,2,56835,2
23984,21499,3220947.0,2007-02-19 18:35:00,2007 February 19,18:35:00,2007,February,Monday,6:01 pm to 10:00 pm,18.0,0,Evening,Winter,3801.0,1377,2,001,22107,22107,Unsafe turn or lane change prohibited,CC,Vehicle-Bicycle,15308,2,3,53253,2
23985,42230,2719189.0,2006-07-10 13:25:00,2006 July 10,13:25:00,2006,July,Monday,10:01 am to 2:00 pm,13.0,0,Afternoon,Summer,3801.0,1597,RICHM,3G62,22350,22350,Unsafe speed for prevailing conditions,AA,Vehicle(s) Only Involved,18042,2,1,57658,3
23986,51152,190087239.0,2019-01-31 12:00:00,2019 January 31,12:00:00,2019,January,Thursday,10:01 am to 2:00 pm,12.0,0,Afternoon,Winter,3801.0,2444,Bayview,1 Car,21950(a),"21950(a,c)",Driver or bicyclist to yield right-of-way at crosswalks,BB,Vehicle-Pedestrian,25394,2,2,57649,2
23987,33812,9015321.0,2006-08-31 11:00:00,2006 August 31,11:00:00,2006,August,Thursday,10:01 am to 2:00 pm,11.0,0,Morning,Summer,3801.0,1661,3A,,21950(a),"21950(a,c)",Driver or bicyclist to yield right-of-way at crosswalks,BB,Vehicle-Pedestrian,17150,2,1,57649,4
23988,34737,2079302.0,2005-06-09 06:20:00,2005 June 09,06:20:00,2005,June,Thursday,6:01 am to 10:00 am,6.0,0,Morning,Summer,3801.0,438,,4B3F,21453(a),"21453(a,c)",Red signal - driver or bicyclist responsibilities,AA,Vehicle(s) Only Involved,9685,6,16,57659,8
23989,15373,6049300.0,2012-12-01 06:42:00,2012 December 01,06:42:00,2012,December,Saturday,6:01 am to 10:00 am,6.0,1,Morning,Winter,3801.0,000251,SOUTH,4C3,Unknown,Unknown,Unknown,BB,Vehicle-Pedestrian,6410,2,33,57622,2
23990,23143,6143606.0,2012-05-29 18:06:00,2012 May 29,18:06:00,2012,May,Tuesday,6:01 pm to 10:00 pm,18.0,0,Evening,Spring,3801.0,4028,SOUTH,3B150,21801(a),"21801(a,b)",Violation of right-of-way - left turn,AA,Vehicle(s) Only Involved,18044,2,2,57659,1
23991,7823,9019167.0,2006-09-06 08:30:00,2006 September 06,08:30:00,2006,September,Wednesday,6:01 am to 10:00 am,8.0,0,Morning,Fall,3801.0,645,MISSI,3D13A,22350,22350,Unsafe speed for prevailing conditions,AA,Vehicle(s) Only Involved,18045,2,2,57654,1
23992,40834,3729016.0,2008-02-08 13:30:00,2008 February 08,13:30:00,2008,February,Friday,10:01 am to 2:00 pm,13.0,0,Afternoon,Winter,3801.0,1484,TARAV,3I61,22350,22350,Unsafe speed for prevailing conditions,AA,Vehicle(s) Only Involved,18046,2,23,57658,3
23993,38792,160023699.0,2016-01-09 14:47:00,2016 January 09,14:47:00,2016,January,Saturday,2:01 pm to 6:00 pm,14.0,1,Afternoon,Winter,3801.0,8,TARAVAL,3144,22107,22107,Unsafe turn or lane change prohibited,CC,Vehicle-Bicycle,18047,1,2,57581,1
23994,12897,4197160.0,2009-03-27 17:01:00,2009 March 27,17:01:00,2009,March,Friday,2:01 pm to 6:00 pm,17.0,0,Evening,Spring,3801.0,1666,PARK,3CAR,22107,22107,Unsafe turn or lane change prohibited,AA,Vehicle(s) Only Involved,18048,2,23,57659,2
23995,310,6143633.0,2012-05-25 19:38:00,2012 May 25,19:38:00,2012,May,Friday,6:01 pm to 10:00 pm,19.0,0,Evening,Spring,3801.0,001730,INGLE,0H6,Unknown,Unknown,Unknown,AA,Vehicle(s) Only Involved,23489,2,45,57585,11
23996,37247,140874707.0,2014-10-16 08:07:00,2014 October 16,08:07:00,2014,October,Thursday,6:01 am to 10:00 am,8.0,0,Morning,Fall,3801.0,1053,TARAVAL,3I13A,21950(a),"21950(a,c)",Driver or bicyclist to yield right-of-way at crosswalks,BB,Vehicle-Pedestrian,18049,2,2,57649,4
23997,1460,6143673.0,2012-05-31 08:08:00,2012 May 31,08:08:00,2012,May,Thursday,6:01 am to 10:00 am,8.0,0,Morning,Spring,3801.0,768,INGLE,3H13A,22350,22350,Unsafe speed for prevailing conditions,AA,Vehicle(s) Only Involved,18050,2,2,57237,2
23998,23108,130863691.0,2013-10-12 10:51:00,2013 October 12,10:51:00,2013,October,Saturday,10:01 am to 2:00 pm,10.0,1,Morning,Fall,3801.0,0961,SOUTHERN,,22350,22350,Unsafe speed for prevailing conditions,AA,Vehicle(s) Only Involved,18051,8,2,57583,1
23999,43745,3235053.0,2007-06-10 09:47:00,2007 June 10,09:47:00,2007,June,Sunday,6:01 am to 10:00 am,9.0,1,Morning,Summer,3801.0,1597,,3G62,21453(a),"21453(a,c)",Red signal - driver or bicyclist responsibilities,AA,Vehicle(s) Only Involved,2752,2,1,57636,1
24000,83360,230203127.0,2023-03-22 22:40:00,2023 March 22,22:40:00,2023,March,Wednesday,10:01 pm to 2:00 am,22.0,0,Night,Spring,3801.0,1447,Park,3,22450(a),22450(a),Failure to stop at STOP sign,AA,Vehicle(s) Only Involved,34954,2,3,57659,1
24001,19636,6070850.0,2012-06-07 16:55:00,2012 June 07,16:55:00,2012,June,Thursday,2:01 pm to 6:00 pm,16.0,0,Afternoon,Summer,3801.0,202,PARK,3F3,21755(a),21755(a),Unsafe passing on right shoulder,CC,Vehicle-Bicycle,18053,2,1,57621,1
24002,20933,131065929.0,2013-12-19 14:20:00,2013 December 19,14:20:00,2013,December,Thursday,2:01 pm to 6:00 pm,14.0,0,Afternoon,Winter,3801.0,2260,NORTHERN,3E14C,22350,22350,Unsafe speed for prevailing conditions,AA,Vehicle(s) Only Involved,18054,2,2,57658,1
24003,43966,1995063.0,2005-04-25 16:31:00,2005 April 25,16:31:00,2005,April,Monday,2:01 pm to 6:00 pm,16.0,0,Afternoon,Spring,3801.0,2038,COG,3G14D,21453(a),"21453(a,c)",Red signal - driver or bicyclist responsibilities,AA,Vehicle(s) Only Involved,22355,2,1,57585,1
24004,1342,6221880.0,2012-11-02 11:45:00,2012 November 02,11:45:00,2012,November,Friday,10:01 am to 2:00 pm,11.0,0,Morning,Fall,3801.0,004169,INGLE,3H15A,21803(b),"21803(a,b)",Violation of Yield sign,AA,Vehicle(s) Only Involved,4806,2,2,57659,8
24005,35247,141073354.0,2014-12-22 02:28:00,2014 December 22,02:28:00,2014,December,Monday,2:01 am to 6:00 am,2.0,0,Night,Winter,3801.0,1571,NORTHERN,3E13E,21650,21650,Failure to keep to right side of road,AA,Vehicle(s) Only Involved,18055,2,12,57496,1
24006,30084,130727257.0,2013-08-31 18:20:00,2013 August 31,18:20:00,2013,August,Saturday,6:01 pm to 10:00 pm,18.0,1,Evening,Summer,3801.0,4359,NORTHERN,3 CAR,22350,22350,Unsafe speed for prevailing conditions,AA,Vehicle(s) Only Involved,28988,1,1,57583,1
24007,24202,2625438.0,2006-02-10 20:50:00,2006 February 10,20:50:00,2006,February,Friday,6:01 pm to 10:00 pm,20.0,0,Evening,Winter,3801.0,968,CENTR,03A,21453(a),"21453(a,c)",Red signal - driver or bicyclist responsibilities,BB,Vehicle-Pedestrian,18056,2,3,57649,1
24008,28049,2484829.0,2005-10-04 18:28:00,2005 October 04,18:28:00,2005,October,Tuesday,6:01 pm to 10:00 pm,18.0,0,Evening,Fall,3801.0,307,CENTR,4B8E,21955,21955,Crossing between controlled intersections (Jaywalking),BB,Vehicle-Pedestrian,18057,2,2,57622,1
24009,37145,160558947.0,2016-07-11 09:07:00,2016 July 11,09:07:00,2016,July,Monday,6:01 am to 10:00 am,9.0,0,Morning,Summer,3801.0,2086,TARAVAL,3116A,21703,21703,Following too closely prohibited,AA,Vehicle(s) Only Involved,18058,1,1,57557,1
24010,47289,190281146.0,2019-04-20 12:09:00,2019 April 20,12:09:00,2019,April,Saturday,10:01 am to 2:00 pm,12.0,1,Afternoon,Spring,3801.0,1707,Northern,3E12A,21453(a),"21453(a,c)",Red signal - driver or bicyclist responsibilities,AA,Vehicle(s) Only Involved,19624,2,1,57659,1
24011,45326,2720216.0,2006-07-06 16:45:00,2006 July 06,16:45:00,2006,July,Thursday,2:01 pm to 6:00 pm,16.0,0,Afternoon,Summer,3801.0,191,RICHM,4B7G,21802(a),"21802(a,b)",Violation of right-of-way - entering through highway,AA,Vehicle(s) Only Involved,2767,2,1,57659,1
24012,23720,6135498.0,2012-07-29 11:30:00,2012 July 29,11:30:00,2012,July,Sunday,10:01 am to 2:00 pm,11.0,1,Morning,Summer,3801.0,125,,,21658(a),"21658(a,b)",Lane straddling or failure to use specified lanes,AA,Vehicle(s) Only Involved,26200,2,1,57406,1
24013,43704,2311746.0,2005-09-28 12:07:00,2005 September 28,12:07:00,2005,September,Wednesday,10:01 am to 2:00 pm,12.0,0,Afternoon,Fall,3801.0,1480,,,21453(a),"21453(a,c)",Red signal - driver or bicyclist responsibilities,AA,Vehicle(s) Only Involved,18061,2,1,57659,2
24014,39072,6143669.0,2012-05-30 12:53:00,2012 May 30,12:53:00,2012,May,Wednesday,10:01 am to 2:00 pm,12.0,0,Afternoon,Spring,3801.0,561,TARA,312,22350,22350,Unsafe speed for prevailing conditions,AA,Vehicle(s) Only Involved,18062,2,1,57658,1
24015,46696,190124643.0,2019-02-19 15:01:00,2019 February 19,15:01:00,2019,February,Tuesday,2:01 pm to 6:00 pm,15.0,0,Afternoon,Winter,3801.0,299,Central,3A13A,22100(b),"22100(a,b)",Turn at intersection from wrong position,AA,Vehicle(s) Only Involved,39196,2,1,57660,1
24016,26065,2699848.0,2006-06-21 17:07:00,2006 June 21,17:07:00,2006,June,Wednesday,2:01 pm to 6:00 pm,17.0,0,Evening,Summer,3801.0,821,COJ,4B8F,22350,22350,Unsafe speed for prevailing conditions,AA,Vehicle(s) Only Involved,18063,2,2,57658,2
24017,9984,180972327.0,2018-12-26 20:02:00,2018 December 26,20:02:00,2018,December,Wednesday,6:01 pm to 10:00 pm,20.0,0,Evening,Winter,3801.0,1276,Mission,3D12D,22107,22107,Unsafe turn or lane change prohibited,AA,Vehicle(s) Only Involved,18064,2,3,57659,1
24018,51975,190462540.0,2019-06-26 16:41:00,2019 June 26,16:41:00,2019,June,Wednesday,2:01 pm to 6:00 pm,16.0,0,Afternoon,Summer,3801.0,172,Richmond,3G4D,21804(a),"21804(a,b)",Entering highway from alley or driveway,AA,Vehicle(s) Only Involved,18065,2,1,57585,1
24019,26759,2635810.0,2006-02-27 18:30:00,2006 February 27,18:30:00,2006,February,Monday,6:01 pm to 10:00 pm,18.0,0,Evening,Winter,3801.0,674,SOUTH,3B31,22350,22350,Unsafe speed for prevailing conditions,AA,Vehicle(s) Only Involved,18066,13,7,57658,8
24020,46862,190193626.0,2019-03-18 11:00:00,2019 March 18,11:00:00,2019,March,Monday,10:01 am to 2:00 pm,11.0,0,Morning,Spring,3801.0,1398,Northern,3e41c,22350,22350,Unsafe speed for prevailing conditions,AA,Vehicle(s) Only Involved,18067,2,1,57607,1
24021,46403,190007566.0,2019-01-03 19:06:00,2019 January 03,19:06:00,2019,January,Thursday,6:01 pm to 10:00 pm,19.0,0,Evening,Winter,3801.0,373,Traffic,B2,22107,22107,Unsafe turn or lane change prohibited,FF,Bicycle Only,18068,2,12,51309,1
24022,14766,6083774.0,2012-08-28 23:21:00,2012 August 28,23:21:00,2012,August,Tuesday,10:01 pm to 2:00 am,23.0,0,Night,Summer,3801.0,1881,SOUTH,3B14E,21950(a),"21950(a,c)",Driver or bicyclist to yield right-of-way at crosswalks,BB,Vehicle-Pedestrian,18069,2,3,57649,1
24023,35753,140141788.0,2014-02-17 16:50:00,2014 February 17,16:50:00,2014,February,Monday,2:01 pm to 6:00 pm,16.0,0,Afternoon,Winter,3801.0,769,,3A60,22107,22107,Unsafe turn or lane change prohibited,CC,Vehicle-Bicycle,18070,2,2,57614,2
24024,18277,140683354.0,2014-08-15 16:04:00,2014 August 15,16:04:00,2014,August,Friday,2:01 pm to 6:00 pm,16.0,0,Afternoon,Summer,3801.0,1460,,CO B,21651(a),21651(a),Crossing dividing section on freeway prohibited,CC,Vehicle-Bicycle,18071,2,2,57561,1
24025,43789,150433177.0,2015-05-18 15:38:00,2015 May 18,15:38:00,2015,May,Monday,2:01 pm to 6:00 pm,15.0,0,Afternoon,Spring,3801.0,2206,RICHMOND,4,21453(a),"21453(a,c)",Red signal - driver or bicyclist responsibilities,AA,Vehicle(s) Only Involved,19650,2,1,57603,1
24026,39241,5274374.0,2011-07-20 14:20:00,2011 July 20,14:20:00,2011,July,Wednesday,2:01 pm to 6:00 pm,14.0,0,Afternoon,Summer,3801.0,618,TARAV,312B,22350,22350,Unsafe speed for prevailing conditions,FF,Bicycle Only,18072,2,2,57556,2
24027,48548,190490541.0,2019-07-07 09:37:00,2019 July 07,09:37:00,2019,July,Sunday,6:01 am to 10:00 am,9.0,1,Morning,Summer,3801.0,1764,Traffic,4B1J,21954(a),21954(a),Pedestrians must yield right-of-way outside of crosswalks,BB,Vehicle-Pedestrian,18073,2,1,57622,4
24028,48465,190502447.0,2019-07-11 16:04:00,2019 July 11,16:04:00,2019,July,Thursday,2:01 pm to 6:00 pm,16.0,0,Afternoon,Summer,3801.0,936,Bayview,,21801(a),"21801(a,b)",Violation of right-of-way - left turn,AA,Vehicle(s) Only Involved,18074,2,2,57659,2
24029,36814,3235026.0,2007-06-14 21:57:00,2007 June 14,21:57:00,2007,June,Thursday,6:01 pm to 10:00 pm,21.0,0,Night,Summer,3801.0,1239,,4B105,21954(a),21954(a),Pedestrians must yield right-of-way outside of crosswalks,BB,Vehicle-Pedestrian,8004,2,3,57622,2
24030,9375,141078859.0,2014-12-23 16:53:00,2014 December 23,16:53:00,2014,December,Tuesday,2:01 pm to 6:00 pm,16.0,0,Afternoon,Winter,3801.0,4249,MISSION,901,Unknown,Unknown,Unknown,AA,Vehicle(s) Only Involved,18075,1,33,57585,8
24031,28796,6221561.0,2012-10-21 00:40:00,2012 October 21,00:40:00,2012,October,Sunday,10:01 pm to 2:00 am,0.0,1,Night,Fall,3801.0,2159,COE,3E13D,21453(a),"21453(a,c)",Red signal - driver or bicyclist responsibilities,AA,Vehicle(s) Only Involved,32922,2,3,57659,3
24032,5758,130766675.0,2013-09-12 16:00:00,2013 September 12,16:00:00,2013,September,Thursday,2:01 pm to 6:00 pm,16.0,0,Afternoon,Fall,3801.0,1824,BAYVIWE,2,21802(a),"21802(a,b)",Violation of right-of-way - entering through highway,AA,Vehicle(s) Only Involved,18076,2,1,57659,1
24033,40348,6221981.0,2012-11-28 17:15:00,2012 November 28,17:15:00,2012,November,Wednesday,2:01 pm to 6:00 pm,17.0,0,Evening,Fall,3801.0,202,PARK,3F14D,22350,22350,Unsafe speed for prevailing conditions,AA,Vehicle(s) Only Involved,18077,1,12,57658,8
24034,32084,2160461.0,2005-07-30 13:15:00,2005 July 30,13:15:00,2005,July,Saturday,10:01 am to 2:00 pm,13.0,1,Afternoon,Summer,3801.0,000779,NORTH,3E62,22350,22350,Unsafe speed for prevailing conditions,AA,Vehicle(s) Only Involved,18078,2,1,57658,1