collision_id,unique_id,case_id_pkey,collision_datetime,collision_date,collision_time,accident_year,month,day_of_week,time_cat,hour_of_day,is_weekend,time_of_day,season,juris,officer_id,reporting_district,beat_number,vz_pcf_code,vz_pcf_group,vz_pcf_description,dph_col_grp,dph_col_grp_description,location_id,weather_id,road_id,party_id,severity_id
24223,81805,230236247.0,2023-04-05 12:50:00,2023 April 05,12:50:00,2023,April,Wednesday,10:01 am to 2:00 pm,12.0,0,Afternoon,Spring,3801.0,2724,Southern,3B14A,21230,21230,Illegal to ride scooters on sidewalks,AA,Vehicle(s) Only Involved,18198,2,1,57490,2
24224,28655,130290395.0,2013-04-09 14:10:00,2013 April 09,14:10:00,2013,April,Tuesday,2:01 pm to 6:00 pm,14.0,0,Afternoon,Spring,3801.0,1428,CENTRAL,3A3,21955,21955,Crossing between controlled intersections (Jaywalking),BB,Vehicle-Pedestrian,18199,2,2,57622,2
24225,38467,2226622.0,2005-08-29 08:55:00,2005 August 29,08:55:00,2005,August,Monday,6:01 am to 10:00 am,8.0,0,Morning,Summer,3801.0,625,I,4B4G,22350,22350,Unsafe speed for prevailing conditions,AA,Vehicle(s) Only Involved,18200,2,2,57658,1
24226,51413,190070438.0,2019-01-28 19:35:00,2019 January 28,19:35:00,2019,January,Monday,6:01 pm to 10:00 pm,19.0,0,Evening,Winter,3801.0,1605,Northern,3E13D,21453(a),"21453(a,c)",Red signal - driver or bicyclist responsibilities,AA,Vehicle(s) Only Involved,18201,2,3,57659,1
24227,27950,130845053.0,2013-10-06 17:00:00,2013 October 06,17:00:00,2013,October,Sunday,2:01 pm to 6:00 pm,17.0,1,Evening,Fall,3801.0,4371,CENTRAL,3A14D,21955,21955,Crossing between controlled intersections (Jaywalking),BB,Vehicle-Pedestrian,18202,2,1,57622,2
24228,13743,2382520.0,2005-10-06 09:30:00,2005 October 06,09:30:00,2005,October,Thursday,6:01 am to 10:00 am,9.0,0,Morning,Fall,3801.0,338,SOUTH,3B15A,22100(a),"22100(a,b)",Turn at intersection from wrong position,AA,Vehicle(s) Only Involved,8959,2,1,57660,2
24229,47757,190223552.0,2019-03-29 22:21:00,2019 March 29,22:21:00,2019,March,Friday,10:01 pm to 2:00 am,22.0,0,Night,Spring,3801.0,141,Ingleside,3H11e,21955,21955,Crossing between controlled intersections (Jaywalking),BB,Vehicle-Pedestrian,18203,2,12,57622,4
24230,46583,190085299.0,2019-02-03 15:25:00,2019 February 03,15:25:00,2019,February,Sunday,2:01 pm to 6:00 pm,15.0,1,Afternoon,Winter,3801.0,209,Northern,3E,Unknown,Unknown,Unknown,AA,Vehicle(s) Only Involved,1635,2,1,57585,8
24231,41888,3400102.0,2007-10-06 12:10:00,2007 October 06,12:10:00,2007,October,Saturday,10:01 am to 2:00 pm,12.0,1,Afternoon,Fall,3801.0,110,G,005,21950(a),"21950(a,c)",Driver or bicyclist to yield right-of-way at crosswalks,BB,Vehicle-Pedestrian,3925,2,2,57476,2
24232,46522,190062463.0,2019-01-25 16:33:00,2019 January 25,16:33:00,2019,January,Friday,2:01 pm to 6:00 pm,16.0,0,Afternoon,Winter,3801.0,643,Taraval,3I12D,21950(a),"21950(a,c)",Driver or bicyclist to yield right-of-way at crosswalks,BB,Vehicle-Pedestrian,18204,2,1,57649,2
24233,46866,190196084.0,2019-03-19 10:14:00,2019 March 19,10:14:00,2019,March,Tuesday,10:01 am to 2:00 pm,10.0,0,Morning,Spring,3801.0,2700,Central,3A40C,22106,22106,Unsafe starting or backing on highway,BB,Vehicle-Pedestrian,18205,2,1,57649,1
24234,7888,6135450.0,2012-06-06 17:05:00,2012 June 06,17:05:00,2012,June,Wednesday,2:01 pm to 6:00 pm,17.0,0,Evening,Summer,3801.0,000995,,3D13D,22450(a),22450(a),Failure to stop at STOP sign,AA,Vehicle(s) Only Involved,18206,2,1,57659,1
24235,3861,5477321.0,2011-12-13 18:05:00,2011 December 13,18:05:00,2011,December,Tuesday,6:01 pm to 10:00 pm,18.0,0,Evening,Winter,3801.0,2001,INGLE,004,Unknown,Unknown,Unknown,AA,Vehicle(s) Only Involved,27956,2,3,57585,14
24236,45103,2730387.0,2006-07-06 08:28:00,2006 July 06,08:28:00,2006,July,Thursday,6:01 am to 10:00 am,8.0,0,Morning,Summer,3801.0,1389,G,3G1A,22106,22106,Unsafe starting or backing on highway,AA,Vehicle(s) Only Involved,18207,2,2,57654,1
24237,3809,3234970.0,2007-06-12 08:05:00,2007 June 12,08:05:00,2007,June,Tuesday,6:01 am to 10:00 am,8.0,0,Morning,Summer,3801.0,004190,BAYVI,3C16A,22107,22107,Unsafe turn or lane change prohibited,CC,Vehicle-Bicycle,18208,2,2,57581,1
24238,32847,1994884.0,2005-04-14 09:56:00,2005 April 14,09:56:00,2005,April,Thursday,6:01 am to 10:00 am,9.0,0,Morning,Spring,3801.0,801,,,22350,22350,Unsafe speed for prevailing conditions,AA,Vehicle(s) Only Involved,18209,2,2,57658,1
24239,9571,170149138.0,2017-02-21 15:49:00,2017 February 21,15:49:00,2017,February,Tuesday,2:01 pm to 6:00 pm,15.0,0,Afternoon,Winter,3801.0,2132,MISSIO DIS,3D61,21802(a),"21802(a,b)",Violation of right-of-way - entering through highway,AA,Vehicle(s) Only Involved,10081,4,16,57659,1
24240,40169,6143749.0,2012-05-03 17:30:00,2012 May 03,17:30:00,2012,May,Thursday,2:01 pm to 6:00 pm,17.0,0,Evening,Spring,3801.0,2223,,3I12D,22350,22350,Unsafe speed for prevailing conditions,AA,Vehicle(s) Only Involved,18210,2,1,57658,1
24241,38656,3804734.0,2008-06-17 11:08:00,2008 June 17,11:08:00,2008,June,Tuesday,10:01 am to 2:00 pm,11.0,0,Morning,Summer,3801.0,740,TARAV,4B41,22107,22107,Unsafe turn or lane change prohibited,AA,Vehicle(s) Only Involved,23659,2,2,57659,1
24242,36956,130310733.0,2013-04-16 13:50:00,2013 April 16,13:50:00,2013,April,Tuesday,10:01 am to 2:00 pm,13.0,0,Afternoon,Spring,3801.0,1081,TARAVAL,313B,21802(a),"21802(a,b)",Violation of right-of-way - entering through highway,AA,Vehicle(s) Only Involved,18211,2,1,57659,1
24243,40344,161011607.0,2016-12-13 17:04:00,2016 December 13,17:04:00,2016,December,Tuesday,2:01 pm to 6:00 pm,17.0,0,Evening,Winter,3801.0,2470,PARK,3F12D,22517,22517,Opening door on traffic side when unsafe,CC,Vehicle-Bicycle,18212,4,7,57468,1
24244,41098,2237398.0,2005-07-01 10:20:00,2005 July 01,10:20:00,2005,July,Friday,10:01 am to 2:00 pm,10.0,0,Morning,Summer,3801.0,1629,TARAV,3I2,22350,22350,Unsafe speed for prevailing conditions,AA,Vehicle(s) Only Involved,18213,1,1,57658,1
24245,8935,2434120.0,2005-12-22 07:29:00,2005 December 22,07:29:00,2005,December,Thursday,6:01 am to 10:00 am,7.0,0,Morning,Winter,3801.0,1292,MISSI,3D13A,22100(b),"22100(a,b)",Turn at intersection from wrong position,AA,Vehicle(s) Only Involved,18214,1,16,57659,1
24246,47146,190443120.0,2019-06-19 11:25:00,2019 June 19,11:25:00,2019,June,Wednesday,10:01 am to 2:00 pm,11.0,0,Morning,Summer,3801.0,1478,Northern,E1,22107,22107,Unsafe turn or lane change prohibited,CC,Vehicle-Bicycle,18215,2,2,57655,1
24247,46722,190138876.0,2019-02-24 17:40:00,2019 February 24,17:40:00,2019,February,Sunday,2:01 pm to 6:00 pm,17.0,1,Evening,Winter,3801.0,4352,Southern,B2,21453(a),"21453(a,c)",Red signal - driver or bicyclist responsibilities,CC,Vehicle-Bicycle,18216,1,3,57621,2
24248,46889,190205704.0,2019-03-22 19:30:00,2019 March 22,19:30:00,2019,March,Friday,6:01 pm to 10:00 pm,19.0,0,Evening,Spring,3801.0,2008,Mission,3D11D,21460(a),"21460(a,b)",Improper turns over double lines or solid lines to right prohibited,CC,Vehicle-Bicycle,18217,4,259,57616,1
24249,20698,140581764.0,2014-07-13 15:45:00,2014 July 13,15:45:00,2014,July,Sunday,2:01 pm to 6:00 pm,15.0,1,Afternoon,Summer,3801.0,587,NORTHERN,3E12C,Unknown,Unknown,Unknown,AA,Vehicle(s) Only Involved,18218,2,1,57406,1
24250,3896,6072952.0,2012-11-26 18:43:00,2012 November 26,18:43:00,2012,November,Monday,6:01 pm to 10:00 pm,18.0,0,Evening,Fall,3801.0,2342,,,21950(a),"21950(a,c)",Driver or bicyclist to yield right-of-way at crosswalks,BB,Vehicle-Pedestrian,18219,2,3,57649,1
24251,46941,190224801.0,2019-03-30 12:24:00,2019 March 30,12:24:00,2019,March,Saturday,10:01 am to 2:00 pm,12.0,1,Afternoon,Spring,3801.0,1462,Richmond,3G12C,22350,22350,Unsafe speed for prevailing conditions,AA,Vehicle(s) Only Involved,18220,2,2,57658,1
24252,35697,2394288.0,2005-09-25 17:20:00,2005 September 25,17:20:00,2005,September,Sunday,2:01 pm to 6:00 pm,17.0,1,Evening,Fall,3801.0,1373,3A,3A3,21453(a),"21453(a,c)",Red signal - driver or bicyclist responsibilities,AA,Vehicle(s) Only Involved,9115,2,1,57659,1
24253,16938,170603918.0,2017-07-25 02:24:00,2017 July 25,02:24:00,2017,July,Tuesday,2:01 am to 6:00 am,2.0,0,Night,Summer,3801.0,425,SOUTHERN,3B12E,21950(a),"21950(a,c)",Driver or bicyclist to yield right-of-way at crosswalks,BB,Vehicle-Pedestrian,5040,2,3,57649,4
24254,21664,6093532.0,2012-09-10 14:25:00,2012 September 10,14:25:00,2012,September,Monday,2:01 pm to 6:00 pm,14.0,0,Afternoon,Fall,3801.0,2082,NORTH,3E62,21755(a),21755(a),Unsafe passing on right shoulder,AA,Vehicle(s) Only Involved,4217,2,1,57659,2
24255,48517,190494082.0,2019-07-08 15:58:00,2019 July 08,15:58:00,2019,July,Monday,2:01 pm to 6:00 pm,15.0,0,Afternoon,Summer,3801.0,524,Southern,3B14D,21950(a),"21950(a,c)",Driver or bicyclist to yield right-of-way at crosswalks,BB,Vehicle-Pedestrian,19988,2,1,57649,1
24256,39450,2490970.0,2006-02-06 13:30:00,2006 February 06,13:30:00,2006,February,Monday,10:01 am to 2:00 pm,13.0,0,Afternoon,Winter,3801.0,1794,TARAV,3I10,22350,22350,Unsafe speed for prevailing conditions,AA,Vehicle(s) Only Involved,5419,2,1,57658,1
24257,31438,2409302.0,2005-12-25 14:48:00,2005 December 25,14:48:00,2005,December,Sunday,2:01 pm to 6:00 pm,14.0,1,Afternoon,Winter,3801.0,1557,RICHM,0G1,21453(a),"21453(a,c)",Red signal - driver or bicyclist responsibilities,AA,Vehicle(s) Only Involved,17758,4,1,57659,1
24258,38982,3234467.0,2007-05-10 13:20:00,2007 May 10,13:20:00,2007,May,Thursday,10:01 am to 2:00 pm,13.0,0,Afternoon,Spring,3801.0,000714,TARAV,4B3E,21453(a),"21453(a,c)",Red signal - driver or bicyclist responsibilities,AA,Vehicle(s) Only Involved,1848,1,1,57659,1
24259,48499,190505883.0,2019-07-12 21:43:00,2019 July 12,21:43:00,2019,July,Friday,6:01 pm to 10:00 pm,21.0,0,Night,Summer,3801.0,1909,Northern,Northern,22107,22107,Unsafe turn or lane change prohibited,CC,Vehicle-Bicycle,18222,2,3,57374,1
24260,15553,2008202.0,2005-04-16 07:26:00,2005 April 16,07:26:00,2005,April,Saturday,6:01 am to 10:00 am,7.0,1,Morning,Spring,3801.0,001278,,3B61,22105,22105,Illegal U-turn on highway without unobstructed view,AA,Vehicle(s) Only Involved,18223,2,2,57659,1
24261,22189,2159185.0,2005-06-26 03:15:00,2005 June 26,03:15:00,2005,June,Sunday,2:01 am to 6:00 am,3.0,1,Night,Summer,3801.0,2071,3E,3E11E,21457(a),21457(a),Actions required at flashing red signal,AA,Vehicle(s) Only Involved,4905,2,3,57660,8
24262,37339,6137218.0,2012-07-28 21:07:00,2012 July 28,21:07:00,2012,July,Saturday,6:01 pm to 10:00 pm,21.0,1,Night,Summer,3801.0,2206,3,,22106,22106,Unsafe starting or backing on highway,AA,Vehicle(s) Only Involved,18224,2,12,57660,1
24263,18628,3224105.0,2007-02-18 14:50:00,2007 February 18,14:50:00,2007,February,Sunday,2:01 pm to 6:00 pm,14.0,1,Afternoon,Winter,3801.0,4180,SOUTH,3B12C,21703,21703,Following too closely prohibited,AA,Vehicle(s) Only Involved,18225,2,2,57557,2
24264,16730,171038334.0,2017-12-23 17:35:00,2017 December 23,17:35:00,2017,December,Saturday,2:01 pm to 6:00 pm,17.0,1,Evening,Winter,3801.0,4102,E,3E12C,21950(a),"21950(a,c)",Driver or bicyclist to yield right-of-way at crosswalks,BB,Vehicle-Pedestrian,39896,1,33,57649,1
24265,19560,2571346.0,2006-01-23 18:28:00,2006 January 23,18:28:00,2006,January,Monday,6:01 pm to 10:00 pm,18.0,0,Evening,Winter,3801.0,1028,PARK,3F120,22350,22350,Unsafe speed for prevailing conditions,AA,Vehicle(s) Only Involved,18226,2,3,57658,1
24266,24162,1988046.0,2005-03-01 11:04:00,2005 March 01,11:04:00,2005,March,Tuesday,10:01 am to 2:00 pm,11.0,0,Morning,Spring,3801.0,1184,,4B2D,21703,21703,Following too closely prohibited,AA,Vehicle(s) Only Involved,27166,2,47,57658,1
24267,38891,141023519.0,2014-12-04 18:00:00,2014 December 04,18:00:00,2014,December,Thursday,2:01 pm to 6:00 pm,18.0,0,Evening,Winter,3801.0,4158,TARAVAL,3I11D,21950(a),"21950(a,c)",Driver or bicyclist to yield right-of-way at crosswalks,BB,Vehicle-Pedestrian,20801,1,12,57454,1
24268,3940,2307476.0,2005-09-16 14:29:00,2005 September 16,14:29:00,2005,September,Friday,2:01 pm to 6:00 pm,14.0,0,Afternoon,Fall,3801.0,001279,H,4B5H,22350,22350,Unsafe speed for prevailing conditions,CC,Vehicle-Bicycle,18229,2,2,57655,1
24269,841,2457417.0,2006-01-11 09:50:00,2006 January 11,09:50:00,2006,January,Wednesday,6:01 am to 10:00 am,9.0,0,Morning,Winter,3801.0,000274,,,22349(b),22349(b),Speeding 1 - 15 mph over 55 mph limit,AA,Vehicle(s) Only Involved,18230,4,16,57584,1
24270,162,3441364.0,2007-11-16 06:13:00,2007 November 16,06:13:00,2007,November,Friday,6:01 am to 10:00 am,6.0,0,Morning,Fall,3801.0,000274,BAYVI,3C63,22350,22350,Unsafe speed for prevailing conditions,AA,Vehicle(s) Only Involved,18231,2,12,57576,2
24271,12229,2267696.0,2005-09-17 14:38:00,2005 September 17,14:38:00,2005,September,Saturday,2:01 pm to 6:00 pm,14.0,1,Afternoon,Fall,3801.0,08079,,MISSIO,21453(a),"21453(a,c)",Red signal - driver or bicyclist responsibilities,AA,Vehicle(s) Only Involved,10764,2,1,57659,1
24272,6951,6076673.0,2012-06-17 07:43:00,2012 June 17,07:43:00,2012,June,Sunday,6:01 am to 10:00 am,7.0,1,Morning,Summer,3801.0,768,,3H13A,21453(a),"21453(a,c)",Red signal - driver or bicyclist responsibilities,CC,Vehicle-Bicycle,18232,2,1,57625,1
24273,21075,6135384.0,2012-05-04 12:26:00,2012 May 04,12:26:00,2012,May,Friday,10:01 am to 2:00 pm,12.0,0,Afternoon,Spring,3801.0,256,SANFR,3E48,22350,22350,Unsafe speed for prevailing conditions,AA,Vehicle(s) Only Involved,18233,2,2,57658,1
24274,22058,2339088.0,2005-10-15 11:26:00,2005 October 15,11:26:00,2005,October,Saturday,10:01 am to 2:00 pm,11.0,1,Morning,Fall,3801.0,132,NORTH,3E4B,21453(a),"21453(a,c)",Red signal - driver or bicyclist responsibilities,AA,Vehicle(s) Only Involved,3508,2,1,57659,8
24275,49240,190265645.0,2019-04-14 15:46:00,2019 April 14,15:46:00,2019,April,Sunday,2:01 pm to 6:00 pm,15.0,1,Afternoon,Spring,3801.0,1861,Taraval,3I3D,21950(a),"21950(a,c)",Driver or bicyclist to yield right-of-way at crosswalks,BB,Vehicle-Pedestrian,18234,2,1,57649,2
24276,12503,160486047.0,2016-06-15 14:05:00,2016 June 15,14:05:00,2016,June,Wednesday,2:01 pm to 6:00 pm,14.0,0,Afternoon,Summer,3801.0,2453,MISSION,3D11A,21453(d),21453(d),Red signal - pedestrian responsibilities,BB,Vehicle-Pedestrian,24592,2,1,57622,1
24277,4397,2628877.0,2006-04-27 11:25:00,2006 April 27,11:25:00,2006,April,Thursday,10:01 am to 2:00 pm,11.0,0,Morning,Spring,3801.0,000714,INGLE,4B3E,22350,22350,Unsafe speed for prevailing conditions,AA,Vehicle(s) Only Involved,18235,2,1,57658,1
24278,41789,3888509.0,2008-08-22 10:30:00,2008 August 22,10:30:00,2008,August,Friday,10:01 am to 2:00 pm,10.0,0,Morning,Summer,3801.0,1573,,4B11,21951,21951,Overtaking vehicles or bicycles stopped for pedestrians,BB,Vehicle-Pedestrian,18236,1,2,57649,2
24279,84163,230195502.0,2023-03-20 07:33:00,2023 March 20,07:33:00,2023,March,Monday,6:01 am to 10:00 am,7.0,0,Morning,Spring,3801.0,2202,Ingleside,3H4A,22107,22107,Unsafe turn or lane change prohibited,AA,Vehicle(s) Only Involved,18237,1,4,57660,2
24280,5137,2699958.0,2006-06-04 17:50:00,2006 June 04,17:50:00,2006,June,Sunday,2:01 pm to 6:00 pm,17.0,1,Evening,Summer,3801.0,1245,H,0H4,22350,22350,Unsafe speed for prevailing conditions,AA,Vehicle(s) Only Involved,18238,2,1,57576,2
24281,30166,6104437.0,2012-09-08 13:42:00,2012 September 08,13:42:00,2012,September,Saturday,10:01 am to 2:00 pm,13.0,1,Afternoon,Fall,3801.0,1819,NORTH,3E68,21453(a),"21453(a,c)",Red signal - driver or bicyclist responsibilities,AA,Vehicle(s) Only Involved,25374,2,1,57659,1
24282,44948,171016891.0,2017-12-16 17:38:00,2017 December 16,17:38:00,2017,December,Saturday,2:01 pm to 6:00 pm,17.0,1,Evening,Winter,3801.0,,3C13D,,23104(a),23104(a),Reckless operation - bodily injury,AA,Vehicle(s) Only Involved,18239,2,3,57659,12
24283,16405,2160783.0,2005-07-24 03:10:00,2005 July 24,03:10:00,2005,July,Sunday,2:01 am to 6:00 am,3.0,1,Night,Summer,3801.0,544,COB,3J12E,23152,23152,Under the influence of alcohol or drug,AA,Vehicle(s) Only Involved,18240,2,57,57658,3
24284,23161,6068220.0,2012-09-22 13:26:00,2012 September 22,13:26:00,2012,September,Saturday,10:01 am to 2:00 pm,13.0,1,Afternoon,Fall,3801.0,001755,SOUTH,3B2C,21950(a),"21950(a,c)",Driver or bicyclist to yield right-of-way at crosswalks,BB,Vehicle-Pedestrian,18241,2,1,57649,2
24285,40458,140992597.0,2014-11-23 14:40:00,2014 November 23,14:40:00,2014,November,Sunday,2:01 pm to 6:00 pm,14.0,1,Afternoon,Fall,3801.0,4258,,,Unknown,Unknown,Unknown,AA,Vehicle(s) Only Involved,18242,2,2,57237,1
24286,5845,6137242.0,2012-04-25 10:26:00,2012 April 25,10:26:00,2012,April,Wednesday,10:01 am to 2:00 pm,10.0,0,Morning,Spring,3801.0,001324,BAYVI,4C4,22350,22350,Unsafe speed for prevailing conditions,AA,Vehicle(s) Only Involved,18243,1,2,57658,1
24287,34025,1993444.0,2005-01-07 08:35:00,2005 January 07,08:35:00,2005,January,Friday,6:01 am to 10:00 am,8.0,0,Morning,Winter,3801.0,801,,,21950(a),"21950(a,c)",Driver or bicyclist to yield right-of-way at crosswalks,BB,Vehicle-Pedestrian,31914,3,3,57649,2
24288,26644,130906097.0,2013-10-25 14:40:00,2013 October 25,14:40:00,2013,October,Friday,2:01 pm to 6:00 pm,14.0,0,Afternoon,Fall,3801.0,4279,SOUTHERN,3B15C,21950(a),"21950(a,c)",Driver or bicyclist to yield right-of-way at crosswalks,BB,Vehicle-Pedestrian,34374,2,1,57454,1
24289,4761,150042239.0,2015-01-14 17:50:00,2015 January 14,17:50:00,2015,January,Wednesday,2:01 pm to 6:00 pm,17.0,0,Evening,Winter,3801.0,4175,INGLESIDE,4K7H,21802(a),"21802(a,b)",Violation of right-of-way - entering through highway,AA,Vehicle(s) Only Involved,12343,2,33,57659,1
24290,38790,1992271.0,2005-02-20 17:17:00,2005 February 20,17:17:00,2005,February,Sunday,2:01 pm to 6:00 pm,17.0,1,Evening,Winter,3801.0,708,CO I,00Y,22106,22106,Unsafe starting or backing on highway,AA,Vehicle(s) Only Involved,18245,1,2,57658,1
24291,37117,3385486.0,2007-10-02 09:15:00,2007 October 02,09:15:00,2007,October,Tuesday,6:01 am to 10:00 am,9.0,0,Morning,Fall,9335.0,010983,,901,21703,21703,Following too closely prohibited,AA,Vehicle(s) Only Involved,18246,2,1,53916,1
24292,40534,9004208.0,2006-08-26 16:15:00,2006 August 26,16:15:00,2006,August,Saturday,2:01 pm to 6:00 pm,16.0,1,Afternoon,Summer,3801.0,2175,PARK,4B7E,22350,22350,Unsafe speed for prevailing conditions,AA,Vehicle(s) Only Involved,18247,2,2,57569,4
24293,48181,190578818.0,2019-08-07 20:16:00,2019 August 07,20:16:00,2019,August,Wednesday,6:01 pm to 10:00 pm,20.0,0,Evening,Summer,3801.0,2441,Southern,3B13D,21750,21750,Overtaking and passing unsafely,CC,Vehicle-Bicycle,24425,2,33,57655,4
24294,21732,1993490.0,2005-03-18 17:05:00,2005 March 18,17:05:00,2005,March,Friday,2:01 pm to 6:00 pm,17.0,0,Evening,Spring,3801.0,567,NORHT,2CAR,22350,22350,Unsafe speed for prevailing conditions,AA,Vehicle(s) Only Involved,18248,7,16,57658,8
24295,20159,3217781.0,2007-05-27 16:13:00,2007 May 27,16:13:00,2007,May,Sunday,2:01 pm to 6:00 pm,16.0,1,Afternoon,Spring,3801.0,1279,E,4B61,22350,22350,Unsafe speed for prevailing conditions,AA,Vehicle(s) Only Involved,15965,2,1,57658,1
24296,5902,2023798.0,2005-05-05 15:13:00,2005 May 05,15:13:00,2005,May,Thursday,2:01 pm to 6:00 pm,15.0,0,Afternoon,Spring,3801.0,001593,,4B5I,21453(a),"21453(a,c)",Red signal - driver or bicyclist responsibilities,AA,Vehicle(s) Only Involved,18249,2,1,57659,8
24297,14121,6221637.0,2012-10-07 13:55:00,2012 October 07,13:55:00,2012,October,Sunday,10:01 am to 2:00 pm,13.0,1,Afternoon,Fall,3801.0,1758,B,004,22107,22107,Unsafe turn or lane change prohibited,AA,Vehicle(s) Only Involved,38024,2,1,57603,2
24298,9102,3791499.0,2008-06-07 18:56:00,2008 June 07,18:56:00,2008,June,Saturday,6:01 pm to 10:00 pm,18.0,1,Evening,Summer,3801.0,742,COC,3C1BD,21453(d),21453(d),Red signal - pedestrian responsibilities,BB,Vehicle-Pedestrian,18250,2,1,57622,1
24299,46361,190463811.0,2019-06-27 08:45:00,2019 June 27,08:45:00,2019,June,Thursday,6:01 am to 10:00 am,8.0,0,Morning,Summer,3801.0,1853,Central,3A2,21950(a),"21950(a,c)",Driver or bicyclist to yield right-of-way at crosswalks,BB,Vehicle-Pedestrian,18251,2,40,57649,2
24300,46369,190261477.0,2019-04-12 22:02:00,2019 April 12,22:02:00,2019,April,Friday,10:01 pm to 2:00 am,22.0,0,Night,Spring,3801.0,2270,Southern,6 Car,21801(a),"21801(a,b)",Violation of right-of-way - left turn,AA,Vehicle(s) Only Involved,18252,2,39,57660,2
24301,30475,6226885.0,2012-11-09 16:04:00,2012 November 09,16:04:00,2012,November,Friday,2:01 pm to 6:00 pm,16.0,0,Afternoon,Fall,3801.0,821,NORTH,3E61,21804(b),"21804(a,b)",Entering highway from alley or driveway,AA,Vehicle(s) Only Involved,7793,2,2,57659,3
24302,57361,220059855.0,2022-01-27 13:21:00,2022 January 27,13:21:00,2022,January,Thursday,10:01 am to 2:00 pm,13.0,0,Afternoon,Winter,3801.0,398,Central,3A15C,Unknown,Unknown,Unknown,CC,Vehicle-Bicycle,21123,2,2,57650,2
24303,46730,190144306.0,2019-02-19 19:00:00,2019 February 19,19:00:00,2019,February,Tuesday,6:01 pm to 10:00 pm,19.0,0,Evening,Winter,3801.0,786,Taraval,3I11D,22107,22107,Unsafe turn or lane change prohibited,AA,Vehicle(s) Only Involved,18254,4,7,57660,1
24304,28520,2848174.0,2006-10-10 09:55:00,2006 October 10,09:55:00,2006,October,Tuesday,6:01 am to 10:00 am,9.0,0,Morning,Fall,3801.0,1055,,,21955,21955,Crossing between controlled intersections (Jaywalking),BB,Vehicle-Pedestrian,18255,2,1,57622,1
24305,39942,2110300.0,2005-06-16 16:35:00,2005 June 16,16:35:00,2005,June,Thursday,2:01 pm to 6:00 pm,16.0,0,Afternoon,Summer,3801.0,1872,TARAV,3I1D,21703,21703,Following too closely prohibited,AA,Vehicle(s) Only Involved,18256,4,16,57658,8
24306,19804,6089154.0,2012-09-02 21:43:00,2012 September 02,21:43:00,2012,September,Sunday,6:01 pm to 10:00 pm,21.0,1,Night,Fall,3801.0,K01927,,3F1E`,Unknown,Unknown,Unknown,AA,Vehicle(s) Only Involved,18257,6,12,57658,1
24307,6346,2395828.0,2005-11-05 10:15:00,2005 November 05,10:15:00,2005,November,Saturday,10:01 am to 2:00 pm,10.0,1,Morning,Fall,3801.0,1806,,3D61,23152(a),23152(a-g),Driving under influence of alcohol and/or drugs,AA,Vehicle(s) Only Involved,18258,2,1,57658,1
24308,29649,2915589.0,2006-11-18 14:15:00,2006 November 18,14:15:00,2006,November,Saturday,2:01 pm to 6:00 pm,14.0,1,Afternoon,Fall,3801.0,000779,NORTH,3E62,21453(a),"21453(a,c)",Red signal - driver or bicyclist responsibilities,AA,Vehicle(s) Only Involved,31130,1,1,57659,3
24309,43289,2817960.0,2006-09-22 12:05:00,2006 September 22,12:05:00,2006,September,Friday,10:01 am to 2:00 pm,12.0,0,Afternoon,Fall,3801.0,1629,RICHM,3G2,21801(a),"21801(a,b)",Violation of right-of-way - left turn,AA,Vehicle(s) Only Involved,39349,2,2,57659,3
24310,8049,2160727.0,2005-07-20 12:44:00,2005 July 20,12:44:00,2005,July,Wednesday,10:01 am to 2:00 pm,12.0,0,Afternoon,Summer,3801.0,1184,,4B2D,22350,22350,Unsafe speed for prevailing conditions,AA,Vehicle(s) Only Involved,18259,2,2,57658,1
24311,46908,190213945.0,2019-03-26 09:58:00,2019 March 26,09:58:00,2019,March,Tuesday,6:01 am to 10:00 am,9.0,0,Morning,Spring,3801.0,1300,Southern,3B13B,22107,22107,Unsafe turn or lane change prohibited,CC,Vehicle-Bicycle,18260,2,2,57581,1
24312,27268,2774930.0,2006-08-03 16:05:00,2006 August 03,16:05:00,2006,August,Thursday,2:01 pm to 6:00 pm,16.0,0,Afternoon,Summer,3801.0,95,,,21755(a),21755(a),Unsafe passing on right shoulder,BB,Vehicle-Pedestrian,18261,2,1,57622,1
24313,3523,2414236.0,2005-12-09 13:50:00,2005 December 09,13:50:00,2005,December,Friday,10:01 am to 2:00 pm,13.0,0,Afternoon,Winter,3801.0,651,4B5A,00C,22517,22517,Opening door on traffic side when unsafe,AA,Vehicle(s) Only Involved,18262,2,2,57446,1
24314,1262,2392258.0,2005-11-14 16:40:00,2005 November 14,16:40:00,2005,November,Monday,2:01 pm to 6:00 pm,16.0,0,Afternoon,Fall,3801.0,001580,INGEL,4B8G,22450(a),22450(a),Failure to stop at STOP sign,AA,Vehicle(s) Only Involved,18263,2,1,57585,3
24315,48527,190503100.0,2019-07-11 19:34:00,2019 July 11,19:34:00,2019,July,Thursday,6:01 pm to 10:00 pm,19.0,0,Evening,Summer,3801.0,801,Southern,B3,Unknown,Unknown,Unknown,AA,Vehicle(s) Only Involved,20862,2,1,57585,1
24316,22940,2340044.0,2005-10-02 16:46:00,2005 October 02,16:46:00,2005,October,Sunday,2:01 pm to 6:00 pm,16.0,1,Afternoon,Fall,3801.0,1460,,3B5C,21950(c),"21950(a,c)",Driver or bicyclist to yield right-of-way at crosswalks,BB,Vehicle-Pedestrian,18265,2,2,57649,1
24317,47724,190176989.0,2019-03-11 17:40:00,2019 March 11,17:40:00,2019,March,Monday,2:01 pm to 6:00 pm,17.0,0,Evening,Spring,3801.0,209,Northern,3e,22350,22350,Unsafe speed for prevailing conditions,AA,Vehicle(s) Only Involved,18266,2,2,57607,4