collision_id,unique_id,case_id_pkey,collision_datetime,collision_date,collision_time,accident_year,month,day_of_week,time_cat,hour_of_day,is_weekend,time_of_day,season,juris,officer_id,reporting_district,beat_number,vz_pcf_code,vz_pcf_group,vz_pcf_description,dph_col_grp,dph_col_grp_description,location_id,weather_id,road_id,party_id,severity_id
25169,45315,6076638.0,2012-05-29 15:46:00,2012 May 29,15:46:00,2012,May,Tuesday,2:01 pm to 6:00 pm,15.0,0,Afternoon,Spring,3801.0,191,RICHM,4B1G,21950(a),"21950(a,c)",Driver or bicyclist to yield right-of-way at crosswalks,BB,Vehicle-Pedestrian,18837,2,1,57649,1
25170,43089,2415106.0,2005-11-22 16:42:00,2005 November 22,16:42:00,2005,November,Tuesday,2:01 pm to 6:00 pm,16.0,0,Afternoon,Fall,3801.0,213,RICHM,3G3D,21453(a),"21453(a,c)",Red signal - driver or bicyclist responsibilities,AA,Vehicle(s) Only Involved,22745,2,1,57585,1
25171,22247,6143649.0,2012-05-05 16:24:00,2012 May 05,16:24:00,2012,May,Saturday,2:01 pm to 6:00 pm,16.0,1,Afternoon,Spring,3801.0,001419,PARK,3 CAR,21703,21703,Following too closely prohibited,AA,Vehicle(s) Only Involved,18838,2,1,57658,1
25172,37239,2434343.0,2005-10-26 09:45:00,2005 October 26,09:45:00,2005,October,Wednesday,6:01 am to 10:00 am,9.0,0,Morning,Fall,3801.0,1629,TARAV,3I5,22350,22350,Unsafe speed for prevailing conditions,AA,Vehicle(s) Only Involved,18839,15,4,57658,14
25173,32300,9009658.0,2006-08-25 23:43:00,2006 August 25,23:43:00,2006,August,Friday,10:01 pm to 2:00 am,23.0,0,Night,Summer,3801.0,004138,NORTH,3E14E,21453(a),"21453(a,c)",Red signal - driver or bicyclist responsibilities,AA,Vehicle(s) Only Involved,7365,2,3,57659,8
25174,531,2232321.0,2005-08-30 10:30:00,2005 August 30,10:30:00,2005,August,Tuesday,10:01 am to 2:00 pm,10.0,0,Morning,Summer,3801.0,000654,BAYVI,3C60,Unknown,Unknown,Unknown,AA,Vehicle(s) Only Involved,18840,2,2,57555,4
25175,17752,140514652.0,2014-06-21 12:00:00,2014 June 21,12:00:00,2014,June,Saturday,10:01 am to 2:00 pm,12.0,1,Afternoon,Summer,3801.0,1062,CO B,3B15C,21703,21703,Following too closely prohibited,AA,Vehicle(s) Only Involved,18841,2,2,57658,1
25176,36876,3226852.0,2007-05-17 17:15:00,2007 May 17,17:15:00,2007,May,Thursday,2:01 pm to 6:00 pm,17.0,0,Evening,Spring,3801.0,1848,,006,22102,22102,Illegal U-turn in business district,BB,Vehicle-Pedestrian,18842,2,1,57649,1
25177,28880,130233464.0,2013-03-21 08:45:00,2013 March 21,08:45:00,2013,March,Thursday,6:01 am to 10:00 am,8.0,0,Morning,Spring,3801.0,289,NORTHERN,3E3A,21703,21703,Following too closely prohibited,AA,Vehicle(s) Only Involved,18843,2,1,57658,1
25178,32513,2678588.0,2006-02-07 19:12:00,2006 February 07,19:12:00,2006,February,Tuesday,6:01 pm to 10:00 pm,19.0,0,Evening,Winter,3801.0,224,NORTH,03E,22350,22350,Unsafe speed for prevailing conditions,AA,Vehicle(s) Only Involved,34230,2,3,57557,1
25179,28330,2159960.0,2005-07-10 13:30:00,2005 July 10,13:30:00,2005,July,Sunday,10:01 am to 2:00 pm,13.0,1,Afternoon,Summer,3801.0,1428,,,21453(a),"21453(a,c)",Red signal - driver or bicyclist responsibilities,AA,Vehicle(s) Only Involved,17309,2,1,57659,1
25180,30650,2637940.0,2006-04-14 07:30:00,2006 April 14,07:30:00,2006,April,Friday,6:01 am to 10:00 am,7.0,0,Morning,Spring,3801.0,000779,NORTH,3E62,21453(a),"21453(a,c)",Red signal - driver or bicyclist responsibilities,AA,Vehicle(s) Only Involved,7989,1,1,57659,3
25181,40585,180156866.0,2018-02-28 08:20:00,2018 February 28,08:20:00,2018,February,Wednesday,6:01 am to 10:00 am,8.0,0,Morning,Winter,3801.0,118,Park,3F61,22350,22350,Unsafe speed for prevailing conditions,AA,Vehicle(s) Only Involved,18844,2,1,57658,1
25182,20561,6068196.0,2012-09-16 19:41:00,2012 September 16,19:41:00,2012,September,Sunday,6:01 pm to 10:00 pm,19.0,1,Evening,Fall,3801.0,000681,COB,3B13D,21453(d),21453(d),Red signal - pedestrian responsibilities,BB,Vehicle-Pedestrian,33344,2,3,56779,2
25183,38713,2987905.0,2007-01-07 04:48:00,2007 January 07,04:48:00,2007,January,Sunday,2:01 am to 6:00 am,4.0,1,Night,Winter,3801.0,983,,,22350,22350,Unsafe speed for prevailing conditions,AA,Vehicle(s) Only Involved,18845,2,12,57569,3
25184,22479,5430804.0,2011-11-08 18:42:00,2011 November 08,18:42:00,2011,November,Tuesday,6:01 pm to 10:00 pm,18.0,0,Evening,Fall,3801.0,4232,,3F14D,22107,22107,Unsafe turn or lane change prohibited,AA,Vehicle(s) Only Involved,18846,2,12,57659,1
25185,25285,3235023.0,2007-06-05 15:44:00,2007 June 05,15:44:00,2007,June,Tuesday,2:01 pm to 6:00 pm,15.0,0,Afternoon,Summer,3801.0,000401,SOUTH,3B61,21804(a),"21804(a,b)",Entering highway from alley or driveway,CC,Vehicle-Bicycle,18847,2,1,57621,1
25186,14415,3234974.0,2007-06-11 18:15:00,2007 June 11,18:15:00,2007,June,Monday,6:01 pm to 10:00 pm,18.0,0,Evening,Summer,3801.0,2096,SOUTH,3B13D,22350,22350,Unsafe speed for prevailing conditions,AA,Vehicle(s) Only Involved,18848,2,2,57658,8
25187,43288,2338728.0,2005-10-14 11:43:00,2005 October 14,11:43:00,2005,October,Friday,10:01 am to 2:00 pm,11.0,0,Morning,Fall,3801.0,334,RICHM,002,21703,21703,Following too closely prohibited,AA,Vehicle(s) Only Involved,39349,1,2,57658,14
25188,7553,180985223.0,2018-12-31 20:04:00,2018 December 31,20:04:00,2018,December,Monday,6:01 pm to 10:00 pm,20.0,0,Evening,Winter,3801.0,386,Mission,3D14D,21950(a),"21950(a,c)",Driver or bicyclist to yield right-of-way at crosswalks,BB,Vehicle-Pedestrian,14682,2,33,57649,1
25189,15935,130766170.0,2013-09-12 11:30:00,2013 September 12,11:30:00,2013,September,Thursday,10:01 am to 2:00 pm,11.0,0,Morning,Fall,3801.0,1555,SOUTHERN,3E,21950(a),"21950(a,c)",Driver or bicyclist to yield right-of-way at crosswalks,BB,Vehicle-Pedestrian,32273,2,1,57649,1
25190,20282,140790896.0,2014-09-19 16:34:00,2014 September 19,16:34:00,2014,September,Friday,2:01 pm to 6:00 pm,16.0,0,Afternoon,Fall,3801.0,4057,NORTHERN,3E13D,21954(a),21954(a),Pedestrians must yield right-of-way outside of crosswalks,BB,Vehicle-Pedestrian,18849,2,2,57566,1
25191,34170,3253495.0,2007-06-30 11:35:00,2007 June 30,11:35:00,2007,June,Saturday,10:01 am to 2:00 pm,11.0,1,Morning,Summer,3801.0,1723,A,,Unknown,Unknown,Unknown,CC,Vehicle-Bicycle,11141,2,1,56954,2
25192,44716,1996022.0,2005-01-26 12:34:00,2005 January 26,12:34:00,2005,January,Wednesday,10:01 am to 2:00 pm,12.0,0,Afternoon,Winter,3801.0,1580,RICHM,4B4F,21950(a),"21950(a,c)",Driver or bicyclist to yield right-of-way at crosswalks,BB,Vehicle-Pedestrian,18850,2,1,57649,1
25193,27608,2637921.0,2006-02-08 19:15:00,2006 February 08,19:15:00,2006,February,Wednesday,6:01 pm to 10:00 pm,19.0,0,Evening,Winter,3801.0,753,CENTR,0A2,21453(a),"21453(a,c)",Red signal - driver or bicyclist responsibilities,AA,Vehicle(s) Only Involved,4536,2,75,57659,11
25194,40028,4456974.0,2009-10-28 12:34:00,2009 October 28,12:34:00,2009,October,Wednesday,10:01 am to 2:00 pm,12.0,0,Afternoon,Fall,3801.0,371,,3F1,22350,22350,Unsafe speed for prevailing conditions,AA,Vehicle(s) Only Involved,32422,2,2,57583,2
25195,40899,180947831.0,2018-12-17 09:31:00,2018 December 17,09:31:00,2018,December,Monday,6:01 am to 10:00 am,9.0,0,Morning,Winter,3801.0,4039,Taraval,3I15A,21453(a),"21453(a,c)",Red signal - driver or bicyclist responsibilities,AA,Vehicle(s) Only Involved,18852,2,33,57636,1
25196,41422,2635821.0,2006-03-18 23:30:00,2006 March 18,23:30:00,2006,March,Saturday,10:01 pm to 2:00 am,23.0,1,Night,Spring,3801.0,1295,TARAV,2CAR,23152(a),23152(a-g),Driving under influence of alcohol and/or drugs,AA,Vehicle(s) Only Involved,18853,2,3,57654,1
25197,4434,130768609.0,2013-09-13 08:00:00,2013 September 13,08:00:00,2013,September,Friday,6:01 am to 10:00 am,8.0,0,Morning,Fall,3801.0,2127,INGLESIDE,3H60,21801(a),"21801(a,b)",Violation of right-of-way - left turn,AA,Vehicle(s) Only Involved,1757,1,1,57659,13
25198,9093,2802518.0,2006-09-10 13:50:00,2006 September 10,13:50:00,2006,September,Sunday,10:01 am to 2:00 pm,13.0,1,Afternoon,Fall,3801.0,000274,BAYVI,3C63,22350,22350,Unsafe speed for prevailing conditions,AA,Vehicle(s) Only Involved,18854,2,1,57576,4
25199,19892,2349984.0,2005-10-27 10:05:00,2005 October 27,10:05:00,2005,October,Thursday,10:01 am to 2:00 pm,10.0,0,Morning,Fall,3801.0,001481,PARKS,3C63,22350,22350,Unsafe speed for prevailing conditions,AA,Vehicle(s) Only Involved,18855,2,23,57658,1
25200,7842,9009665.0,2006-08-26 11:00:00,2006 August 26,11:00:00,2006,August,Saturday,10:01 am to 2:00 pm,11.0,1,Morning,Summer,3801.0,645,,3D14A,22350,22350,Unsafe speed for prevailing conditions,AA,Vehicle(s) Only Involved,18856,2,2,57654,1
25201,36894,170507871.0,2017-06-22 10:39:00,2017 June 22,10:39:00,2017,June,Thursday,10:01 am to 2:00 pm,10.0,0,Morning,Summer,3801.0,1917,TARAVAL,3I16A,21802(a),"21802(a,b)",Violation of right-of-way - entering through highway,AA,Vehicle(s) Only Involved,18857,3,1,57659,1
25202,11509,2416013.0,2006-01-03 19:09:00,2006 January 03,19:09:00,2006,January,Tuesday,6:01 pm to 10:00 pm,19.0,0,Evening,Winter,3801.0,1332,,3D110,21801(a),"21801(a,b)",Violation of right-of-way - left turn,AA,Vehicle(s) Only Involved,34135,4,13,57603,3
25203,3614,1986316.0,2005-03-03 15:40:00,2005 March 03,15:40:00,2005,March,Thursday,2:01 pm to 6:00 pm,15.0,0,Afternoon,Spring,3801.0,001279,C,4B5H,21801(a),"21801(a,b)",Violation of right-of-way - left turn,AA,Vehicle(s) Only Involved,31265,2,1,57603,1
25204,206,130773250.0,2013-09-14 14:35:00,2013 September 14,14:35:00,2013,September,Saturday,2:01 pm to 6:00 pm,14.0,1,Afternoon,Fall,3801.0,1939,RAYVIEW,4B2H,22350,22350,Unsafe speed for prevailing conditions,AA,Vehicle(s) Only Involved,18859,2,1,57607,3
25205,20538,3164176.0,2007-04-20 00:10:00,2007 April 20,00:10:00,2007,April,Friday,10:01 pm to 2:00 am,0.0,0,Night,Spring,3801.0,1850,3B,03B,22101(d),22101(d),Violation of a turn prohibition sign,AA,Vehicle(s) Only Involved,33344,4,13,57585,8
25206,17295,170678416.0,2017-08-20 10:04:00,2017 August 20,10:04:00,2017,August,Sunday,10:01 am to 2:00 pm,10.0,1,Morning,Summer,3801.0,1579,3801,901,21453(a),"21453(a,c)",Red signal - driver or bicyclist responsibilities,CC,Vehicle-Bicycle,5517,2,23,57621,1
25207,46397,190005275.0,2019-01-02 22:18:00,2019 January 02,22:18:00,2019,January,Wednesday,10:01 pm to 2:00 am,22.0,0,Night,Winter,3801.0,2287,Northern,3E60,22450(a),22450(a),Failure to stop at STOP sign,AA,Vehicle(s) Only Involved,18860,2,12,57659,1
25208,46426,190016620.0,2019-01-07 16:40:00,2019 January 07,16:40:00,2019,January,Monday,2:01 pm to 6:00 pm,16.0,0,Afternoon,Winter,3801.0,2239,Ingleside,3H13C,22107,22107,Unsafe turn or lane change prohibited,AA,Vehicle(s) Only Involved,18861,1,33,57660,2
25209,30112,2659157.0,2006-05-24 17:05:00,2006 May 24,17:05:00,2006,May,Wednesday,2:01 pm to 6:00 pm,17.0,0,Evening,Spring,3801.0,269,COE,,Unknown,Unknown,Unknown,AA,Vehicle(s) Only Involved,18862,2,1,57406,2
25210,38033,1984349.0,2005-01-20 07:52:00,2005 January 20,07:52:00,2005,January,Thursday,6:01 am to 10:00 am,7.0,0,Morning,Winter,3801.0,001482,,3H61,21950(b),21950(b),Pedestrian suddenly entering into vehicle path close enough to create an immediate hazard,BB,Vehicle-Pedestrian,18863,2,1,57280,2
25211,4216,2657332.0,2006-05-15 13:45:00,2006 May 15,13:45:00,2006,May,Monday,10:01 am to 2:00 pm,13.0,0,Afternoon,Spring,3801.0,000373,H3,3H62,21950(a),"21950(a,c)",Driver or bicyclist to yield right-of-way at crosswalks,BB,Vehicle-Pedestrian,18864,2,1,57649,1
25212,35112,1995276.0,2005-02-27 01:40:00,2005 February 27,01:40:00,2005,February,Sunday,10:01 pm to 2:00 am,1.0,1,Night,Winter,3801.0,4218,,,22350,22350,Unsafe speed for prevailing conditions,AA,Vehicle(s) Only Involved,18865,7,13,57557,1
25213,6426,2434136.0,2005-12-21 09:30:00,2005 December 21,09:30:00,2005,December,Wednesday,6:01 am to 10:00 am,9.0,0,Morning,Winter,3801.0,100,D,3DISA,21801(a),"21801(a,b)",Violation of right-of-way - left turn,AA,Vehicle(s) Only Involved,6046,7,16,57659,8
25214,25058,5689867.0,2012-04-22 19:17:00,2012 April 22,19:17:00,2012,April,Sunday,6:01 pm to 10:00 pm,19.0,1,Evening,Spring,3801.0,00242,,,22517,22517,Opening door on traffic side when unsafe,CC,Vehicle-Bicycle,18866,2,15,57390,2
25215,34884,6068229.0,2012-09-28 16:44:00,2012 September 28,16:44:00,2012,September,Friday,2:01 pm to 6:00 pm,16.0,0,Afternoon,Fall,3801.0,001841,NORTH,3E110,22350,22350,Unsafe speed for prevailing conditions,CC,Vehicle-Bicycle,18867,1,109,57561,2
25216,16140,6221604.0,2012-10-04 18:27:00,2012 October 04,18:27:00,2012,October,Thursday,6:01 pm to 10:00 pm,18.0,0,Evening,Fall,3801.0,2376,SOUTH,3813D,22450(a),22450(a),Failure to stop at STOP sign,AA,Vehicle(s) Only Involved,10641,2,85,57603,8
25217,1767,3234451.0,2007-05-10 14:25:00,2007 May 10,14:25:00,2007,May,Thursday,2:01 pm to 6:00 pm,14.0,0,Afternoon,Spring,3801.0,1813,INGLE,3H5C,21802(a),"21802(a,b)",Violation of right-of-way - entering through highway,AA,Vehicle(s) Only Involved,19613,2,1,57659,14
25218,17970,180967958.0,2018-12-24 18:27:00,2018 December 24,18:27:00,2018,December,Monday,6:01 pm to 10:00 pm,18.0,0,Evening,Winter,3801.0,1557,Mission,3D11D,22350,22350,Unsafe speed for prevailing conditions,AA,Vehicle(s) Only Involved,18868,4,7,57658,1
25219,48510,190508019.0,2019-07-13 18:00:00,2019 July 13,18:00:00,2019,July,Saturday,2:01 pm to 6:00 pm,18.0,1,Evening,Summer,3801.0,317,Central,SECTOR 3,21950(a),"21950(a,c)",Driver or bicyclist to yield right-of-way at crosswalks,BB,Vehicle-Pedestrian,23723,2,1,57649,1
25220,20365,6220788.0,2012-11-12 19:00:00,2012 November 12,19:00:00,2012,November,Monday,6:01 pm to 10:00 pm,19.0,0,Evening,Fall,3801.0,1821,NORTH,3E1D,22350,22350,Unsafe speed for prevailing conditions,AA,Vehicle(s) Only Involved,18870,2,3,57658,1
25221,25369,1994947.0,2005-04-14 15:53:00,2005 April 14,15:53:00,2005,April,Thursday,2:01 pm to 6:00 pm,15.0,0,Afternoon,Spring,3801.0,674,,3B61,22107,22107,Unsafe turn or lane change prohibited,AA,Vehicle(s) Only Involved,18871,2,1,57660,1
25222,39867,2100006.0,2005-06-30 07:25:00,2005 June 30,07:25:00,2005,June,Thursday,6:01 am to 10:00 am,7.0,0,Morning,Summer,3801.0,1184,SUNSE,4B2D,21802(a),"21802(a,b)",Violation of right-of-way - entering through highway,AA,Vehicle(s) Only Involved,18482,2,1,57659,1
25223,25561,6076556.0,2012-04-30 12:04:00,2012 April 30,12:04:00,2012,April,Monday,10:01 am to 2:00 pm,12.0,0,Afternoon,Spring,3801.0,251,TRAFF,4C3,21950(b),21950(b),Pedestrian suddenly entering into vehicle path close enough to create an immediate hazard,BB,Vehicle-Pedestrian,18872,2,2,57622,1
25224,21740,6104452.0,2012-04-21 15:43:00,2012 April 21,15:43:00,2012,April,Saturday,2:01 pm to 6:00 pm,15.0,1,Afternoon,Spring,3801.0,2082,NORTH,3E62,22350,22350,Unsafe speed for prevailing conditions,AA,Vehicle(s) Only Involved,18873,2,1,57658,1
25225,2657,180965968.0,2018-12-23 22:15:00,2018 December 23,22:15:00,2018,December,Sunday,10:01 pm to 2:00 am,22.0,1,Night,Winter,3801.0,933,Bayview,3C15E,21950(a),"21950(a,c)",Driver or bicyclist to yield right-of-way at crosswalks,BB,Vehicle-Pedestrian,18874,2,3,57649,1
25226,22819,2409357.0,2005-12-05 13:22:00,2005 December 05,13:22:00,2005,December,Monday,10:01 am to 2:00 pm,13.0,0,Afternoon,Winter,3801.0,1184,G,4B2D,21801(a),"21801(a,b)",Violation of right-of-way - left turn,AA,Vehicle(s) Only Involved,18875,2,2,57659,8
25227,39414,9005470.0,2006-08-06 17:32:00,2006 August 06,17:32:00,2006,August,Sunday,2:01 pm to 6:00 pm,17.0,1,Evening,Summer,3801.0,246,TARAV,4B6G,22350,22350,Unsafe speed for prevailing conditions,AA,Vehicle(s) Only Involved,18876,2,1,57658,14
25228,13751,6136641.0,2012-05-09 10:15:00,2012 May 09,10:15:00,2012,May,Wednesday,10:01 am to 2:00 pm,10.0,0,Morning,Spring,3801.0,4047,,,Unknown,Unknown,Unknown,AA,Vehicle(s) Only Involved,8959,2,120,56833,1
25229,38677,170327679.0,2017-04-21 16:15:00,2017 April 21,16:15:00,2017,April,Friday,2:01 pm to 6:00 pm,16.0,0,Afternoon,Spring,3801.0,836,TARAVAL,3I3D,21658(a),"21658(a,b)",Lane straddling or failure to use specified lanes,AA,Vehicle(s) Only Involved,18877,2,1,57659,1
25230,27117,150631713.0,2015-07-20 17:40:00,2015 July 20,17:40:00,2015,July,Monday,2:01 pm to 6:00 pm,17.0,0,Evening,Summer,3801.0,2147,CENTRAL,3A15D,22517,22517,Opening door on traffic side when unsafe,CC,Vehicle-Bicycle,18878,2,1,54942,2
25231,37171,150376442.0,2015-04-30 16:34:00,2015 April 30,16:34:00,2015,April,Thursday,2:01 pm to 6:00 pm,16.0,0,Afternoon,Spring,3801.0,1355,TARAVAL,3115D,22350,22350,Unsafe speed for prevailing conditions,AA,Vehicle(s) Only Involved,18879,2,1,57658,1
25232,47762,180750377.0,2018-10-03 21:09:00,2018 October 03,21:09:00,2018,October,Wednesday,6:01 pm to 10:00 pm,21.0,0,Night,Fall,3801.0,1994,Park,4B3G,21453(a),"21453(a,c)",Red signal - driver or bicyclist responsibilities,BB,Vehicle-Pedestrian,18880,1,3,57649,6
25233,46407,190008984.0,2019-01-04 11:17:00,2019 January 04,11:17:00,2019,January,Friday,10:01 am to 2:00 pm,11.0,0,Morning,Winter,3801.0,4333,Taraval,3I15A,22107,22107,Unsafe turn or lane change prohibited,AA,Vehicle(s) Only Involved,18881,2,1,57576,2
25234,4380,2183788.0,2005-08-12 14:05:00,2005 August 12,14:05:00,2005,August,Friday,2:01 pm to 6:00 pm,14.0,0,Afternoon,Summer,3801.0,373,,0H4,21200(a),21200(a),Bicycle riding - general rights and responsibilities,CC,Vehicle-Bicycle,2509,2,1,57621,2
25235,9326,2488246.0,2006-01-18 17:33:00,2006 January 18,17:33:00,2006,January,Wednesday,2:01 pm to 6:00 pm,17.0,0,Evening,Winter,3801.0,1149,COD,487D,21703,21703,Following too closely prohibited,AA,Vehicle(s) Only Involved,18882,4,13,57658,1
25236,33676,2187359.0,2005-08-05 16:18:00,2005 August 05,16:18:00,2005,August,Friday,2:01 pm to 6:00 pm,16.0,0,Afternoon,Summer,3801.0,1279,A,4B5H,22350,22350,Unsafe speed for prevailing conditions,BB,Vehicle-Pedestrian,18883,2,1,57649,1
25237,46468,190037892.0,2019-01-15 22:32:00,2019 January 15,22:32:00,2019,January,Tuesday,10:01 pm to 2:00 am,22.0,0,Night,Winter,3801.0,2238,Ingleside,3H15E,22450(a),22450(a),Failure to stop at STOP sign,AA,Vehicle(s) Only Involved,18884,4,13,57659,5
25238,47770,190538856.0,2019-07-24 22:37:00,2019 July 24,22:37:00,2019,July,Wednesday,10:01 pm to 2:00 am,22.0,0,Night,Summer,3801.0,4124,Ingleside,3H14D,22350,22350,Unsafe speed for prevailing conditions,FF,Bicycle Only,18885,2,12,57556,4
25239,48516,190510058.0,2019-07-14 14:50:00,2019 July 14,14:50:00,2019,July,Sunday,2:01 pm to 6:00 pm,14.0,1,Afternoon,Summer,3801.0,1451,Southern,901,21955,21955,Crossing between controlled intersections (Jaywalking),BB,Vehicle-Pedestrian,18886,2,1,57590,1
25240,44023,2338736.0,2005-10-10 14:50:00,2005 October 10,14:50:00,2005,October,Monday,2:01 pm to 6:00 pm,14.0,0,Afternoon,Fall,3801.0,495,RICHM,3G44C,21453(a),"21453(a,c)",Red signal - driver or bicyclist responsibilities,CC,Vehicle-Bicycle,18887,2,1,57581,2
25241,37793,140139733.0,2014-02-16 17:00:00,2014 February 16,17:00:00,2014,February,Sunday,2:01 pm to 6:00 pm,17.0,1,Evening,Winter,3801.0,1848,TARAVAL,3115D,21950(a),"21950(a,c)",Driver or bicyclist to yield right-of-way at crosswalks,BB,Vehicle-Pedestrian,31276,1,1,57649,1
25242,19238,170857983.0,2017-10-20 11:26:00,2017 October 20,11:26:00,2017,October,Friday,10:01 am to 2:00 pm,11.0,0,Morning,Fall,3801.0,307,PARK,3F13A,22103,22103,Illegal U-turn in residential district,AA,Vehicle(s) Only Involved,18888,2,2,57585,1
25243,46900,190209427.0,2019-03-24 13:03:00,2019 March 24,13:03:00,2019,March,Sunday,10:01 am to 2:00 pm,13.0,1,Afternoon,Spring,3801.0,2023,Park,4,21954(a),21954(a),Pedestrians must yield right-of-way outside of crosswalks,BB,Vehicle-Pedestrian,18889,2,2,57622,2
25244,26133,180087277.0,2018-02-01 22:26:00,2018 February 01,22:26:00,2018,February,Thursday,10:01 pm to 2:00 am,22.0,0,Night,Winter,3801.0,,Tenderloin,3J,22350,22350,Unsafe speed for prevailing conditions,AA,Vehicle(s) Only Involved,18890,2,3,57658,3
25245,9352,140749508.0,2014-09-05 16:00:00,2014 September 05,16:00:00,2014,September,Friday,2:01 pm to 6:00 pm,16.0,0,Afternoon,Fall,3801.0,4249,MISSION,901,21801(a),"21801(a,b)",Violation of right-of-way - left turn,AA,Vehicle(s) Only Involved,10876,2,1,57659,3
25246,28399,1995009.0,2005-04-09 15:00:00,2005 April 09,15:00:00,2005,April,Saturday,2:01 pm to 6:00 pm,15.0,1,Afternoon,Spring,3801.0,27,,3A2C,21453(a),"21453(a,c)",Red signal - driver or bicyclist responsibilities,AA,Vehicle(s) Only Involved,12307,2,1,57659,2
25247,21076,2415087.0,2005-12-02 21:18:00,2005 December 02,21:18:00,2005,December,Friday,6:01 pm to 10:00 pm,21.0,0,Night,Winter,3801.0,1279,E,4B5H,21950(a),"21950(a,c)",Driver or bicyclist to yield right-of-way at crosswalks,BB,Vehicle-Pedestrian,18891,2,3,57649,8
25248,36297,2340125.0,2005-10-22 14:55:00,2005 October 22,14:55:00,2005,October,Saturday,2:01 pm to 6:00 pm,14.0,1,Afternoon,Fall,3801.0,001593,INGLE,4B5I,21801(a),"21801(a,b)",Violation of right-of-way - left turn,AA,Vehicle(s) Only Involved,31438,2,1,57659,1
25249,45090,170723594.0,2017-09-05 07:16:00,2017 September 05,07:16:00,2017,September,Tuesday,6:01 am to 10:00 am,7.0,0,Morning,Fall,3801.0,,RICHMOND,3G68,21802(b),"21802(a,b)",Violation of right-of-way - entering through highway,AA,Vehicle(s) Only Involved,18892,2,2,57659,1
25250,22262,130899787.0,2013-10-23 16:49:00,2013 October 23,16:49:00,2013,October,Wednesday,2:01 pm to 6:00 pm,16.0,0,Afternoon,Fall,3801.0,1666,PARK,4-CAR,22350,22350,Unsafe speed for prevailing conditions,AA,Vehicle(s) Only Involved,18893,2,1,57658,1
25251,16952,2658462.0,2006-05-21 07:58:00,2006 May 21,07:58:00,2006,May,Sunday,6:01 am to 10:00 am,7.0,1,Morning,Spring,3801.0,001870,,,21950(a),"21950(a,c)",Driver or bicyclist to yield right-of-way at crosswalks,BB,Vehicle-Pedestrian,18894,2,1,57649,1
25252,24629,6071062.0,2012-04-14 23:42:00,2012 April 14,23:42:00,2012,April,Saturday,10:01 pm to 2:00 am,23.0,1,Night,Spring,3801.0,1515,J,3A66,23153(a),23153(a-g),Driving under influence causing injury,AA,Vehicle(s) Only Involved,18895,1,3,57658,8
25253,25603,170797345.0,2017-09-29 22:04:00,2017 September 29,22:04:00,2017,September,Friday,10:01 pm to 2:00 am,22.0,0,Night,Fall,3801.0,2443,CENTRAL,901,21954(b),21954(b),Failure of driver or bicyclist to exercise due care for safety of pedestrian on roadway,BB,Vehicle-Pedestrian,18896,2,3,57649,2
25254,3460,2704372.0,2006-06-29 12:11:00,2006 June 29,12:11:00,2006,June,Thursday,10:01 am to 2:00 pm,12.0,0,Afternoon,Summer,3801.0,2084,3C,3C2,Unknown,Unknown,Unknown,BB,Vehicle-Pedestrian,18897,2,2,57649,1
25255,1857,6143670.0,2012-05-07 08:33:00,2012 May 07,08:33:00,2012,May,Monday,6:01 am to 10:00 am,8.0,0,Morning,Spring,3801.0,768,INGLE,3H3A,21453(a),"21453(a,c)",Red signal - driver or bicyclist responsibilities,AA,Vehicle(s) Only Involved,18898,2,1,57659,14
25256,44915,6135420.0,2012-05-04 18:15:00,2012 May 04,18:15:00,2012,May,Friday,6:01 pm to 10:00 pm,18.0,0,Evening,Spring,3801.0,2145,,4B3G,21453(a),"21453(a,c)",Red signal - driver or bicyclist responsibilities,AA,Vehicle(s) Only Involved,18899,2,1,57659,11
25257,22190,2638528.0,2006-02-24 09:30:00,2006 February 24,09:30:00,2006,February,Friday,6:01 am to 10:00 am,9.0,0,Morning,Winter,3801.0,01173,NORTH,4B3H,21453(a),"21453(a,c)",Red signal - driver or bicyclist responsibilities,AA,Vehicle(s) Only Involved,4905,2,1,57659,8
25258,17601,2430229.0,2005-10-07 13:56:00,2005 October 07,13:56:00,2005,October,Friday,10:01 am to 2:00 pm,13.0,0,Afternoon,Fall,3801.0,189,MISSI,4B7C,21453(a),"21453(a,c)",Red signal - driver or bicyclist responsibilities,AA,Vehicle(s) Only Involved,37531,2,1,57659,1
25259,38418,3431242.0,2007-10-14 10:40:00,2007 October 14,10:40:00,2007,October,Sunday,10:01 am to 2:00 pm,10.0,1,Morning,Fall,3801.0,1629,TARAV,3I62,22350,22350,Unsafe speed for prevailing conditions,AA,Vehicle(s) Only Involved,18900,1,2,57658,1
25260,23441,6221482.0,2012-12-24 12:55:00,2012 December 24,12:55:00,2012,December,Monday,10:01 am to 2:00 pm,12.0,0,Afternoon,Winter,3801.0,001755,SOUTH,3B11C,21750,21750,Overtaking and passing unsafely,AA,Vehicle(s) Only Involved,6111,2,2,57660,1
25261,22432,2566302.0,2006-01-15 14:05:00,2006 January 15,14:05:00,2006,January,Sunday,2:01 pm to 6:00 pm,14.0,1,Afternoon,Winter,3801.0,01173,,4B3H,21453(a),"21453(a,c)",Red signal - driver or bicyclist responsibilities,AA,Vehicle(s) Only Involved,18901,2,1,57659,8
25262,43593,6089194.0,2012-09-28 13:20:00,2012 September 28,13:20:00,2012,September,Friday,10:01 am to 2:00 pm,13.0,0,Afternoon,Fall,3801.0,1073,RICHM,4B2G,21453(a),"21453(a,c)",Red signal - driver or bicyclist responsibilities,AA,Vehicle(s) Only Involved,38259,2,1,57659,2