collision_id,unique_id,case_id_pkey,collision_datetime,collision_date,collision_time,accident_year,month,day_of_week,time_cat,hour_of_day,is_weekend,time_of_day,season,juris,officer_id,reporting_district,beat_number,vz_pcf_code,vz_pcf_group,vz_pcf_description,dph_col_grp,dph_col_grp_description,location_id,weather_id,road_id,party_id,severity_id
25831,16834,160262819.0,2016-03-30 15:34:00,2016 March 30,15:34:00,2016,March,Wednesday,2:01 pm to 6:00 pm,15.0,0,Afternoon,Spring,3801.0,441,TENDERLOIN,,22106,22106,Unsafe starting or backing on highway,BB,Vehicle-Pedestrian,19292,2,2,57649,1
25832,18796,3309775.0,2007-07-31 12:37:00,2007 July 31,12:37:00,2007,July,Tuesday,10:01 am to 2:00 pm,12.0,0,Afternoon,Summer,3801.0,001278,,3B61,21950(a),"21950(a,c)",Driver or bicyclist to yield right-of-way at crosswalks,BB,Vehicle-Pedestrian,22252,2,1,57649,8
25833,29494,160189990.0,2016-03-04 22:30:00,2016 March 04,22:30:00,2016,March,Friday,10:01 pm to 2:00 am,22.0,0,Night,Spring,3801.0,2025,NORTHERN,3E12E,21658(a),"21658(a,b)",Lane straddling or failure to use specified lanes,AA,Vehicle(s) Only Involved,19293,2,13,57584,2
25834,50792,190846580.0,2019-11-08 16:41:00,2019 November 08,16:41:00,2019,November,Friday,2:01 pm to 6:00 pm,16.0,0,Afternoon,Fall,3801.0,1148,Taraval,3I11D,22106,22106,Unsafe starting or backing on highway,AA,Vehicle(s) Only Involved,19294,2,2,53458,2
25835,54889,210189945.0,2021-03-26 23:16:00,2021 March 26,23:16:00,2021,March,Friday,10:01 pm to 2:00 am,23.0,0,Night,Spring,3801.0,#2391,Southern,,22102,22102,Illegal U-turn in business district,AA,Vehicle(s) Only Involved,19295,2,12,57659,1
25836,21567,3496210.0,2007-12-06 17:10:00,2007 December 06,17:10:00,2007,December,Thursday,2:01 pm to 6:00 pm,17.0,0,Evening,Winter,3801.0,000578,NORTH,3E7D,21950(a),"21950(a,c)",Driver or bicyclist to yield right-of-way at crosswalks,BB,Vehicle-Pedestrian,19296,4,13,57649,1
25837,32655,2023880.0,2005-05-02 10:49:00,2005 May 02,10:49:00,2005,May,Monday,10:01 am to 2:00 pm,10.0,0,Morning,Spring,3801.0,1590,NORTH,3E61,21453(a),"21453(a,c)",Red signal - driver or bicyclist responsibilities,AA,Vehicle(s) Only Involved,19297,2,1,57659,8
25838,47343,190354555.0,2019-05-17 21:05:00,2019 May 17,21:05:00,2019,May,Friday,6:01 pm to 10:00 pm,21.0,0,Night,Spring,3801.0,400,Ingleside,3H11D,21954(a),21954(a),Pedestrians must yield right-of-way outside of crosswalks,BB,Vehicle-Pedestrian,19298,2,3,57622,1
25839,38245,150383174.0,2015-05-02 22:58:00,2015 May 02,22:58:00,2015,May,Saturday,10:01 pm to 2:00 am,22.0,1,Night,Spring,3801.0,2035,TARAVAL,3113D,21703,21703,Following too closely prohibited,AA,Vehicle(s) Only Involved,20086,2,12,57636,14
25840,41803,160035478.0,2016-01-13 16:20:00,2016 January 13,16:20:00,2016,January,Wednesday,2:01 pm to 6:00 pm,16.0,0,Afternoon,Winter,3801.0,2002,TARAVAL,3113B,Unknown,Unknown,Unknown,BB,Vehicle-Pedestrian,16934,2,1,57622,1
25841,19208,3441780.0,2007-10-02 13:43:00,2007 October 02,13:43:00,2007,October,Tuesday,10:01 am to 2:00 pm,13.0,0,Afternoon,Fall,3801.0,001580,PARK,4B8G,21800(a),21800(a-c),Violation of right-of-way or uncontrolled intersection,AA,Vehicle(s) Only Involved,19299,2,2,57659,2
25842,17982,3123244.0,2007-03-14 13:13:00,2007 March 14,13:13:00,2007,March,Wednesday,10:01 am to 2:00 pm,13.0,0,Afternoon,Spring,3801.0,2145,MISSI,4B7D,21658(a),"21658(a,b)",Lane straddling or failure to use specified lanes,AA,Vehicle(s) Only Involved,21964,2,1,57659,1
25843,49519,190787257.0,2019-10-19 00:10:00,2019 October 19,00:10:00,2019,October,Saturday,10:01 pm to 2:00 am,0.0,1,Night,Fall,3801.0,2481,Taraval,I2,22450(a),22450(a),Failure to stop at STOP sign,AA,Vehicle(s) Only Involved,19300,2,7,57603,1
25844,4226,3325796.0,2007-08-09 09:04:00,2007 August 09,09:04:00,2007,August,Thursday,6:01 am to 10:00 am,9.0,0,Morning,Summer,3801.0,623,INGLE,3H4,22107,22107,Unsafe turn or lane change prohibited,AA,Vehicle(s) Only Involved,3044,1,45,57660,1
25845,17006,3378611.0,2007-09-28 10:10:00,2007 September 28,10:10:00,2007,September,Friday,10:01 am to 2:00 pm,10.0,0,Morning,Fall,3801.0,1149,COB,4B1D,21663,21663,Operating vehicle or bicycle on sidewalk prohibited,BB,Vehicle-Pedestrian,19301,1,2,57649,2
25846,7544,131016433.0,2013-12-02 09:39:00,2013 December 02,09:39:00,2013,December,Monday,6:01 am to 10:00 am,9.0,0,Morning,Winter,3801.0,1043,INGLESIDE,4B1H,22106,22106,Unsafe starting or backing on highway,CC,Vehicle-Bicycle,19302,1,2,57581,2
25847,31201,1997711.0,2005-02-11 10:54:00,2005 February 11,10:54:00,2005,February,Friday,10:01 am to 2:00 pm,10.0,0,Morning,Winter,3801.0,621,,,21804(a),"21804(a,b)",Entering highway from alley or driveway,AA,Vehicle(s) Only Involved,19303,2,2,57659,8
25848,48556,190480166.0,2019-07-02 21:56:00,2019 July 02,21:56:00,2019,July,Tuesday,6:01 pm to 10:00 pm,21.0,0,Night,Summer,3801.0,1856,Northern,E6,21453(a),"21453(a,c)",Red signal - driver or bicyclist responsibilities,AA,Vehicle(s) Only Involved,22662,2,3,57659,4
25849,47511,190434254.0,2019-06-16 21:04:00,2019 June 16,21:04:00,2019,June,Sunday,6:01 pm to 10:00 pm,21.0,1,Night,Summer,3801.0,441,Traffic,,21950(a),"21950(a,c)",Driver or bicyclist to yield right-of-way at crosswalks,BB,Vehicle-Pedestrian,19305,2,42,57649,4
25850,47417,190394539.0,2019-06-01 20:40:00,2019 June 01,20:40:00,2019,June,Saturday,6:01 pm to 10:00 pm,20.0,1,Evening,Summer,3801.0,564,Taraval,3I4,21801(a),"21801(a,b)",Violation of right-of-way - left turn,AA,Vehicle(s) Only Involved,19306,2,3,57659,1
25851,49823,190850791.0,2019-11-10 12:15:00,2019 November 10,12:15:00,2019,November,Sunday,10:01 am to 2:00 pm,12.0,1,Afternoon,Fall,3801.0,1856,Southern,B4,21804(a),"21804(a,b)",Entering highway from alley or driveway,AA,Vehicle(s) Only Involved,19307,2,1,57659,1
25852,18264,140028039.0,2014-01-10 15:15:00,2014 January 10,15:15:00,2014,January,Friday,2:01 pm to 6:00 pm,15.0,0,Afternoon,Winter,3801.0,441,SOUTHERN,4B7F,21650.1,21650.1,Bicycle to travel in same direction as vehicles,DD,Bicycle-Pedestrian,26237,2,2,53535,1
25853,48101,190668801.0,2019-09-07 21:30:00,2019 September 07,21:30:00,2019,September,Saturday,6:01 pm to 10:00 pm,21.0,1,Night,Fall,3801.0,1706,Northern,3E13E,23153(f),23153(a-g),Driving under influence causing injury,AA,Vehicle(s) Only Involved,19309,2,12,57660,1
25854,56880,210798875.0,2021-12-03 18:23:00,2021 December 03,18:23:00,2021,December,Friday,6:01 pm to 10:00 pm,18.0,0,Evening,Winter,3801.0,2489,Southern,3B14D,22107,22107,Unsafe turn or lane change prohibited,CC,Vehicle-Bicycle,34137,2,3,57655,2
25855,33355,3747584.0,2008-04-17 12:20:00,2008 April 17,12:20:00,2008,April,Thursday,10:01 am to 2:00 pm,12.0,0,Afternoon,Spring,3801.0,1819,CENTR,4B3A,Unknown,Unknown,Unknown,CC,Vehicle-Bicycle,20284,2,1,57650,2
25856,28361,2079309.0,2005-06-03 08:50:00,2005 June 03,08:50:00,2005,June,Friday,6:01 am to 10:00 am,8.0,0,Morning,Summer,3801.0,1723,A,,22517,22517,Opening door on traffic side when unsafe,AA,Vehicle(s) Only Involved,19311,2,1,57237,1
25857,49780,190780784.0,2019-10-13 10:55:00,2019 October 13,10:55:00,2019,October,Sunday,10:01 am to 2:00 pm,10.0,1,Morning,Fall,3801.0,1696,Northern,3E11D,21650,21650,Failure to keep to right side of road,BB,Vehicle-Pedestrian,20232,2,1,57649,1
25858,21364,3369371.0,2007-08-15 10:57:00,2007 August 15,10:57:00,2007,August,Wednesday,10:01 am to 2:00 pm,10.0,0,Morning,Summer,3801.0,1584,NORTH,,22350,22350,Unsafe speed for prevailing conditions,AA,Vehicle(s) Only Involved,19313,2,1,57658,1
25859,57184,210040814.0,2021-01-18 19:56:00,2021 January 18,19:56:00,2021,January,Monday,6:01 pm to 10:00 pm,19.0,0,Evening,Winter,3801.0,1291,Tenderloin,3J14D,21804(a),"21804(a,b)",Entering highway from alley or driveway,AA,Vehicle(s) Only Involved,19314,2,3,57636,1
25860,48147,190670709.0,2019-09-08 14:00:00,2019 September 08,14:00:00,2019,September,Sunday,10:01 am to 2:00 pm,14.0,1,Afternoon,Fall,3801.0,399,Park,F1,Unknown,Unknown,Unknown,FF,Bicycle Only,26588,2,69,57524,2
25861,4418,180747948.0,2018-10-03 07:37:00,2018 October 03,07:37:00,2018,October,Wednesday,6:01 am to 10:00 am,7.0,0,Morning,Fall,3801.0,1944,Ingleside,5,100 traffic code,Unknown,Unknown,BB,Vehicle-Pedestrian,19316,1,1,57590,2
25862,18136,3234967.0,2007-06-05 08:50:00,2007 June 05,08:50:00,2007,June,Tuesday,6:01 am to 10:00 am,8.0,0,Morning,Summer,3801.0,000043,NORTH,3H60,21955,21955,Crossing between controlled intersections (Jaywalking),DD,Bicycle-Pedestrian,19317,2,2,55284,3
25863,27417,140202998.0,2014-03-09 14:44:00,2014 March 09,14:44:00,2014,March,Sunday,2:01 pm to 6:00 pm,14.0,1,Afternoon,Spring,3801.0,1010,CENTRAL,3A13D,Unknown,Unknown,Unknown,BB,Vehicle-Pedestrian,7488,2,19,57622,1
25864,45380,140291822.0,2014-04-08 11:01:00,2014 April 08,11:01:00,2014,April,Tuesday,10:01 am to 2:00 pm,11.0,0,Morning,Spring,3801.0,1882,RICHMOND,3G60,22106,22106,Unsafe starting or backing on highway,BB,Vehicle-Pedestrian,40965,2,20,57649,1
25865,46631,190102376.0,2019-02-10 15:55:00,2019 February 10,15:55:00,2019,February,Sunday,2:01 pm to 6:00 pm,15.0,1,Afternoon,Winter,3801.0,4314,Richmond,G3,21950(a),"21950(a,c)",Driver or bicyclist to yield right-of-way at crosswalks,BB,Vehicle-Pedestrian,19318,2,1,57532,2
25866,2394,3309809.0,2007-07-24 13:19:00,2007 July 24,13:19:00,2007,July,Tuesday,10:01 am to 2:00 pm,13.0,0,Afternoon,Summer,3801.0,649,INGLE,4B2H,22350,22350,Unsafe speed for prevailing conditions,AA,Vehicle(s) Only Involved,19319,2,1,57658,1
25867,2169,3389286.0,2007-09-04 13:50:00,2007 September 04,13:50:00,2007,September,Tuesday,10:01 am to 2:00 pm,13.0,0,Afternoon,Fall,3801.0,000373,H5,3H62,21801(a),"21801(a,b)",Violation of right-of-way - left turn,AA,Vehicle(s) Only Involved,25635,2,1,57603,1
25868,50300,190802918.0,2019-10-24 11:50:00,2019 October 24,11:50:00,2019,October,Thursday,10:01 am to 2:00 pm,11.0,0,Morning,Fall,3801.0,400,Central,3A13A,21804(a),"21804(a,b)",Entering highway from alley or driveway,AA,Vehicle(s) Only Involved,19320,2,2,57659,1
25869,49921,190807485.0,2019-10-25 20:40:00,2019 October 25,20:40:00,2019,October,Friday,6:01 pm to 10:00 pm,20.0,0,Evening,Fall,3801.0,1096,Central,3A14D,22450(a),22450(a),Failure to stop at STOP sign,AA,Vehicle(s) Only Involved,20107,2,3,57659,2
25870,3749,150472410.0,2015-05-30 15:17:00,2015 May 30,15:17:00,2015,May,Saturday,2:01 pm to 6:00 pm,15.0,1,Afternoon,Spring,3801.0,4265,INGLESIDE,3H13D,Unknown,Unknown,Unknown,AA,Vehicle(s) Only Involved,19321,2,2,40353,4
25871,1708,170134957.0,2017-02-16 16:45:00,2017 February 16,16:45:00,2017,February,Thursday,2:01 pm to 6:00 pm,16.0,0,Afternoon,Winter,3801.0,,INGLESIDE,3H15D,22107,22107,Unsafe turn or lane change prohibited,AA,Vehicle(s) Only Involved,8411,2,1,57603,1
25872,39584,3306748.0,2007-07-19 15:20:00,2007 July 19,15:20:00,2007,July,Thursday,2:01 pm to 6:00 pm,15.0,0,Afternoon,Summer,3801.0,2175,TARAV,4B5H,23153(a),23153(a-g),Driving under influence causing injury,AA,Vehicle(s) Only Involved,19322,2,1,57658,1
25873,22838,3362967.0,2007-09-11 16:10:00,2007 September 11,16:10:00,2007,September,Tuesday,2:01 pm to 6:00 pm,16.0,0,Afternoon,Fall,3801.0,002218,PARK,3F14D,21658(a),"21658(a,b)",Lane straddling or failure to use specified lanes,AA,Vehicle(s) Only Involved,19323,2,2,57660,2
25874,48668,190839513.0,2019-11-06 09:41:00,2019 November 06,09:41:00,2019,November,Wednesday,6:01 am to 10:00 am,9.0,0,Morning,Fall,3801.0,1422,Southern,,21456(c),"21456(a,c)",Pedestrian violation of walk or wait signals,DD,Bicycle-Pedestrian,19324,2,23,55284,2
25875,48370,190693927.0,2019-09-17 08:14:00,2019 September 17,08:14:00,2019,September,Tuesday,6:01 am to 10:00 am,8.0,0,Morning,Fall,3801.0,1996,Southern,3B13A,21801(b),"21801(a,b)",Violation of right-of-way - left turn,AA,Vehicle(s) Only Involved,20188,2,1,57659,1
25876,16423,150200421.0,2015-03-05 16:20:00,2015 March 05,16:20:00,2015,March,Thursday,2:01 pm to 6:00 pm,16.0,0,Afternoon,Spring,3801.0,856,SOUTHERN,2,22100(b),"22100(a,b)",Turn at intersection from wrong position,AA,Vehicle(s) Only Involved,19325,2,2,57659,1
25877,16209,150845419.0,2015-09-26 18:14:00,2015 September 26,18:14:00,2015,September,Saturday,6:01 pm to 10:00 pm,18.0,1,Evening,Fall,3801.0,1937,SOUTHERN,3B13D,22107,22107,Unsafe turn or lane change prohibited,AA,Vehicle(s) Only Involved,5804,2,1,57066,1
25878,46393,190003718.0,2019-01-02 13:27:00,2019 January 02,13:27:00,2019,January,Wednesday,10:01 am to 2:00 pm,13.0,0,Afternoon,Winter,3801.0,924,Mission,3D60,22350,22350,Unsafe speed for prevailing conditions,AA,Vehicle(s) Only Involved,13468,2,1,57583,1
25879,49837,190873630.0,2019-11-18 19:10:00,2019 November 18,19:10:00,2019,November,Monday,6:01 pm to 10:00 pm,19.0,0,Evening,Fall,3801.0,1389,Mission,,21804(a),"21804(a,b)",Entering highway from alley or driveway,CC,Vehicle-Bicycle,19326,2,3,57616,1
25880,47622,190321708.0,2019-05-05 13:50:00,2019 May 05,13:50:00,2019,May,Sunday,10:01 am to 2:00 pm,13.0,1,Afternoon,Spring,3801.0,1385,Ingleside,3H16C,21750,21750,Overtaking and passing unsafely,AA,Vehicle(s) Only Involved,19327,2,2,57659,2
25881,30652,3441368.0,2007-11-15 11:50:00,2007 November 15,11:50:00,2007,November,Thursday,10:01 am to 2:00 pm,11.0,0,Morning,Fall,3801.0,000779,NORTH,3E62,21453(a),"21453(a,c)",Red signal - driver or bicyclist responsibilities,AA,Vehicle(s) Only Involved,7989,2,1,57659,3
25882,56847,210772562.0,2021-11-23 07:25:00,2021 November 23,07:25:00,2021,November,Tuesday,6:01 am to 10:00 am,7.0,0,Morning,Fall,3801.0,2348,Ingleside,3H16A,21950(a),"21950(a,c)",Driver or bicyclist to yield right-of-way at crosswalks,BB,Vehicle-Pedestrian,19328,2,1,57649,14
25883,17241,5471015.0,2011-12-28 16:14:00,2011 December 28,16:14:00,2011,December,Wednesday,2:01 pm to 6:00 pm,16.0,0,Afternoon,Winter,3801.0,242,J,002,21801(a),"21801(a,b)",Violation of right-of-way - left turn,CC,Vehicle-Bicycle,15087,2,1,57633,1
25884,43892,151053750.0,2015-12-05 14:01:00,2015 December 05,14:01:00,2015,December,Saturday,2:01 pm to 6:00 pm,14.0,1,Afternoon,Winter,3801.0,1513,RICHMOND,3G4A,22350,22350,Unsafe speed for prevailing conditions,AA,Vehicle(s) Only Involved,19329,2,1,57660,1
25885,47356,190362558.0,2019-05-21 06:30:00,2019 May 21,06:30:00,2019,May,Tuesday,6:01 am to 10:00 am,6.0,0,Morning,Spring,3801.0,1693,Bayview,5,22106,22106,Unsafe starting or backing on highway,AA,Vehicle(s) Only Involved,11317,7,16,57636,1
25886,3617,2008166.0,2005-04-01 12:25:00,2005 April 01,12:25:00,2005,April,Friday,10:01 am to 2:00 pm,12.0,0,Afternoon,Spring,3801.0,649,,4B3D,21801(a),"21801(a,b)",Violation of right-of-way - left turn,AA,Vehicle(s) Only Involved,31265,2,1,57659,11
25887,4806,180910747.0,2018-12-02 22:47:00,2018 December 02,22:47:00,2018,December,Sunday,10:01 pm to 2:00 am,22.0,1,Night,Winter,3801.0,649,Ingleside,3H14E,21703,21703,Following too closely prohibited,AA,Vehicle(s) Only Involved,19330,2,3,57658,14
25888,49840,190878646.0,2019-11-20 13:46:00,2019 November 20,13:46:00,2019,November,Wednesday,10:01 am to 2:00 pm,13.0,0,Afternoon,Fall,3801.0,1996,Southern,3B12A,22107,22107,Unsafe turn or lane change prohibited,AA,Vehicle(s) Only Involved,19331,2,44,57660,2
25889,50322,190822621.0,2019-10-30 22:25:00,2019 October 30,22:25:00,2019,October,Wednesday,10:01 pm to 2:00 am,22.0,0,Night,Fall,3801.0,2211,Northern,,21950(b),21950(b),Pedestrian suddenly entering into vehicle path close enough to create an immediate hazard,BB,Vehicle-Pedestrian,19332,2,3,56779,1
25890,41353,1984069.0,2005-01-14 18:28:00,2005 January 14,18:28:00,2005,January,Friday,6:01 pm to 10:00 pm,18.0,0,Evening,Winter,3801.0,001324,,161,21456(a),"21456(a,c)",Pedestrian violation of walk or wait signals,BB,Vehicle-Pedestrian,19333,2,12,57622,2
25891,14404,140494816.0,2014-06-14 21:19:00,2014 June 14,21:19:00,2014,June,Saturday,6:01 pm to 10:00 pm,21.0,1,Night,Summer,3801.0,1881,SOUTHERN,,22350,22350,Unsafe speed for prevailing conditions,AA,Vehicle(s) Only Involved,19334,8,3,57607,1
25892,40043,170781893.0,2017-09-25 07:10:00,2017 September 25,07:10:00,2017,September,Monday,6:01 am to 10:00 am,7.0,0,Morning,Fall,3801.0,4060,PARK,3F14A,22350,22350,Unsafe speed for prevailing conditions,AA,Vehicle(s) Only Involved,19335,2,1,57658,1
25893,7727,3250919.0,2007-06-21 16:24:00,2007 June 21,16:24:00,2007,June,Thursday,2:01 pm to 6:00 pm,16.0,0,Afternoon,Summer,3801.0,1963,,3D13E,21717,21717,Turning across bicycle lane,CC,Vehicle-Bicycle,40443,2,1,57581,2
25894,55461,210217411.0,2021-04-08 12:32:00,2021 April 08,12:32:00,2021,April,Thursday,10:01 am to 2:00 pm,12.0,0,Afternoon,Spring,3801.0,724,Taraval,3I16A,22350,22350,Unsafe speed for prevailing conditions,AA,Vehicle(s) Only Involved,19336,2,23,57658,12
25895,55919,210602282.0,2021-09-17 11:20:00,2021 September 17,11:20:00,2021,September,Friday,10:01 am to 2:00 pm,11.0,0,Morning,Fall,3801.0,2727,Taraval,3I16A,21802(a),"21802(a,b)",Violation of right-of-way - entering through highway,AA,Vehicle(s) Only Involved,19337,2,1,57659,2
25896,48049,190663221.0,2019-09-05 21:31:00,2019 September 05,21:31:00,2019,September,Thursday,6:01 pm to 10:00 pm,21.0,0,Night,Fall,3801.0,221,Park,3F13E,21703,21703,Following too closely prohibited,AA,Vehicle(s) Only Involved,19338,2,12,57658,1
25897,33479,5394673.0,2011-10-23 13:47:00,2011 October 23,13:47:00,2011,October,Sunday,10:01 am to 2:00 pm,13.0,1,Afternoon,Fall,3801.0,2375,,3A11C,21703,21703,Following too closely prohibited,AA,Vehicle(s) Only Involved,19339,2,2,57658,1
25898,49307,190811743.0,2019-10-27 10:50:00,2019 October 27,10:50:00,2019,October,Sunday,10:01 am to 2:00 pm,10.0,1,Morning,Fall,3801.0,4333,Northern,3E15a,22107,22107,Unsafe turn or lane change prohibited,AA,Vehicle(s) Only Involved,19340,2,1,57659,2
25899,49428,190827659.0,2019-11-01 18:42:00,2019 November 01,18:42:00,2019,November,Friday,6:01 pm to 10:00 pm,18.0,0,Evening,Fall,3801.0,427,Bayview,3C13D,22350,22350,Unsafe speed for prevailing conditions,AA,Vehicle(s) Only Involved,19341,2,15,57659,4
25900,20220,160795531.0,2016-09-24 12:52:00,2016 September 24,12:52:00,2016,September,Saturday,10:01 am to 2:00 pm,12.0,1,Afternoon,Fall,3801.0,2260,NORTHERN,,22107,22107,Unsafe turn or lane change prohibited,AA,Vehicle(s) Only Involved,19342,2,2,57659,2
25901,47208,190377820.0,2019-05-26 18:44:00,2019 May 26,18:44:00,2019,May,Sunday,6:01 pm to 10:00 pm,18.0,1,Evening,Spring,3801.0,1544,Central,3A5,22350,22350,Unsafe speed for prevailing conditions,AA,Vehicle(s) Only Involved,19343,2,2,57658,4
25902,1797,5584950.0,2012-02-19 13:05:00,2012 February 19,13:05:00,2012,February,Sunday,10:01 am to 2:00 pm,13.0,1,Afternoon,Winter,3801.0,00962,COH,3H15A,Unknown,Unknown,Unknown,AA,Vehicle(s) Only Involved,8272,2,1,57659,8
25903,45007,2008128.0,2005-04-05 14:40:00,2005 April 05,14:40:00,2005,April,Tuesday,2:01 pm to 6:00 pm,14.0,0,Afternoon,Spring,3801.0,00401,,3G1B,22106,22106,Unsafe starting or backing on highway,BB,Vehicle-Pedestrian,19344,2,1,57649,2
25904,43281,150948637.0,2015-10-30 14:05:00,2015 October 30,14:05:00,2015,October,Friday,2:01 pm to 6:00 pm,14.0,0,Afternoon,Fall,3801.0,1054,RICHMOND,,22350,22350,Unsafe speed for prevailing conditions,AA,Vehicle(s) Only Involved,19345,2,1,57658,8
25905,50366,190877585.0,2019-11-20 07:56:00,2019 November 20,07:56:00,2019,November,Wednesday,6:01 am to 10:00 am,7.0,0,Morning,Fall,3801.0,4027,Ingleside,3H16A,21950(a),"21950(a,c)",Driver or bicyclist to yield right-of-way at crosswalks,BB,Vehicle-Pedestrian,19346,2,33,57649,1
25906,44032,140571953.0,2014-07-10 09:22:00,2014 July 10,09:22:00,2014,July,Thursday,6:01 am to 10:00 am,9.0,0,Morning,Summer,3801.0,1689,,26,Unknown,Unknown,Unknown,BB,Vehicle-Pedestrian,19347,3,14,56772,4
25907,40407,5455962.0,2012-01-18 08:34:00,2012 January 18,08:34:00,2012,January,Wednesday,6:01 am to 10:00 am,8.0,0,Morning,Winter,3801.0,002179,,3F62,22517,22517,Opening door on traffic side when unsafe,CC,Vehicle-Bicycle,19348,2,1,57390,1
25908,54944,210034538.0,2021-01-15 23:39:00,2021 January 15,23:39:00,2021,January,Friday,10:01 pm to 2:00 am,23.0,0,Night,Winter,3801.0,2471,Central,3A15E,22350,22350,Unsafe speed for prevailing conditions,AA,Vehicle(s) Only Involved,5041,2,3,57607,2
25909,48989,190752313.0,2019-10-06 17:34:00,2019 October 06,17:34:00,2019,October,Sunday,2:01 pm to 6:00 pm,17.0,1,Evening,Fall,3801.0,260,Southern,3B13D,22107,22107,Unsafe turn or lane change prohibited,AA,Vehicle(s) Only Involved,11931,2,1,57658,1
25910,9,130627378.0,2013-07-30 12:40:00,2013 July 30,12:40:00,2013,July,Tuesday,10:01 am to 2:00 pm,12.0,0,Afternoon,Summer,3801.0,1043,INGLESIDE,,21453(a),"21453(a,c)",Red signal - driver or bicyclist responsibilities,BB,Vehicle-Pedestrian,36880,14,1,57649,8
25911,41856,150933531.0,2015-10-25 17:15:00,2015 October 25,17:15:00,2015,October,Sunday,2:01 pm to 6:00 pm,17.0,1,Evening,Fall,3801.0,761,RICHMOND,,22450(a),22450(a),Failure to stop at STOP sign,CC,Vehicle-Bicycle,19350,2,1,57581,1
25912,11622,2730348.0,2006-07-16 21:00:00,2006 July 16,21:00:00,2006,July,Sunday,6:01 pm to 10:00 pm,21.0,1,Night,Summer,3801.0,768,MISSI,3D15D,22517,22517,Opening door on traffic side when unsafe,EE,Bicycle-Parked Car,19351,2,29,41516,1
25913,42022,170811967.0,2017-10-05 07:05:00,2017 October 05,07:05:00,2017,October,Thursday,6:01 am to 10:00 am,7.0,0,Morning,Fall,3801.0,4341,PARK,3F4A,22107,22107,Unsafe turn or lane change prohibited,CC,Vehicle-Bicycle,16526,2,1,57374,1
25914,11236,150424643.0,2015-05-15 23:50:00,2015 May 15,23:50:00,2015,May,Friday,10:01 pm to 2:00 am,23.0,0,Night,Spring,3801.0,626,MISSION,901,21755(a),21755(a),Unsafe passing on right shoulder,CC,Vehicle-Bicycle,8944,2,12,57655,1
25915,37102,3346725.0,2007-08-10 16:24:00,2007 August 10,16:24:00,2007,August,Friday,2:01 pm to 6:00 pm,16.0,0,Afternoon,Summer,3801.0,1702,SANFR,,Unknown,Unknown,Unknown,AA,Vehicle(s) Only Involved,5230,2,2,57557,1
25916,32253,3253475.0,2007-06-26 17:15:00,2007 June 26,17:15:00,2007,June,Tuesday,2:01 pm to 6:00 pm,17.0,0,Evening,Summer,3801.0,767,NORTH,3E5D,21950(a),"21950(a,c)",Driver or bicyclist to yield right-of-way at crosswalks,BB,Vehicle-Pedestrian,24352,2,1,57649,1
25917,40784,2829494.0,2006-10-01 21:47:00,2006 October 01,21:47:00,2006,October,Sunday,6:01 pm to 10:00 pm,21.0,1,Night,Fall,3801.0,001324,TARAV,3I61,22107,22107,Unsafe turn or lane change prohibited,AA,Vehicle(s) Only Involved,19352,2,12,57654,1
25918,54492,210030661.0,2021-01-14 14:07:00,2021 January 14,14:07:00,2021,January,Thursday,2:01 pm to 6:00 pm,14.0,0,Afternoon,Winter,3801.0,504,Northern,3E15C,21950(a),"21950(a,c)",Driver or bicyclist to yield right-of-way at crosswalks,BB,Vehicle-Pedestrian,19353,2,1,57649,1
25919,11053,2395803.0,2005-11-08 22:39:00,2005 November 08,22:39:00,2005,November,Tuesday,10:01 pm to 2:00 am,22.0,0,Night,Fall,3801.0,4084,,0D3,21801(a),"21801(a,b)",Violation of right-of-way - left turn,AA,Vehicle(s) Only Involved,19354,2,3,57603,2
25920,20255,1994540.0,2005-01-20 21:40:00,2005 January 20,21:40:00,2005,January,Thursday,6:01 pm to 10:00 pm,21.0,0,Night,Winter,3801.0,246,,4B5E,22350,22350,Unsafe speed for prevailing conditions,AA,Vehicle(s) Only Involved,19355,2,13,57658,2
25921,3662,150646831.0,2015-07-25 11:36:00,2015 July 25,11:36:00,2015,July,Saturday,10:01 am to 2:00 pm,11.0,1,Morning,Summer,3801.0,,BAYVIEW,3H74,21801(b),"21801(a,b)",Violation of right-of-way - left turn,CC,Vehicle-Bicycle,17388,2,1,57581,2
25922,50553,190830931.0,2019-11-03 05:42:00,2019 November 03,05:42:00,2019,November,Sunday,2:01 am to 6:00 am,5.0,1,Morning,Fall,3801.0,4284,Southern,3B71,22107,22107,Unsafe turn or lane change prohibited,AA,Vehicle(s) Only Involved,19356,2,3,57553,2
25923,44084,3869750.0,2008-07-29 15:42:00,2008 July 29,15:42:00,2008,July,Tuesday,2:01 pm to 6:00 pm,15.0,0,Afternoon,Summer,3801.0,659,,3C61K,22350,22350,Unsafe speed for prevailing conditions,AA,Vehicle(s) Only Involved,19357,2,1,57658,2
25924,36431,2657224.0,2006-05-23 09:45:00,2006 May 23,09:45:00,2006,May,Tuesday,6:01 am to 10:00 am,9.0,0,Morning,Spring,3801.0,649,TARAV,4B2H,22350,22350,Unsafe speed for prevailing conditions,AA,Vehicle(s) Only Involved,19358,2,2,57658,1
25925,22530,180757737.0,2018-10-06 15:33:00,2018 October 06,15:33:00,2018,October,Saturday,2:01 pm to 6:00 pm,15.0,1,Afternoon,Fall,3801.0,2737,Park,3F13D,21955,21955,Crossing between controlled intersections (Jaywalking),BB,Vehicle-Pedestrian,19359,2,1,57622,1