collision_id,unique_id,case_id_pkey,collision_datetime,collision_date,collision_time,accident_year,month,day_of_week,time_cat,hour_of_day,is_weekend,time_of_day,season,juris,officer_id,reporting_district,beat_number,vz_pcf_code,vz_pcf_group,vz_pcf_description,dph_col_grp,dph_col_grp_description,location_id,weather_id,road_id,party_id,severity_id
27618,55938,210611023.0,2021-09-20 21:16:00,2021 September 20,21:16:00,2021,September,Monday,6:01 pm to 10:00 pm,21.0,0,Night,Fall,3801.0,1435,Traffic,4B4I,21955,21955,Crossing between controlled intersections (Jaywalking),BB,Vehicle-Pedestrian,20486,2,12,57622,4
27619,57061,210804466.0,2021-12-06 06:51:00,2021 December 06,06:51:00,2021,December,Monday,6:01 am to 10:00 am,6.0,0,Morning,Winter,3801.0,1129,Taraval,6,22107,22107,Unsafe turn or lane change prohibited,AA,Vehicle(s) Only Involved,3393,2,2,57660,1
27620,18169,180780863.0,2018-10-13 15:00:00,2018 October 13,15:00:00,2018,October,Saturday,2:01 pm to 6:00 pm,15.0,1,Afternoon,Fall,3801.0,2724,Tenderloin,3J00,22107,22107,Unsafe turn or lane change prohibited,CC,Vehicle-Bicycle,20487,2,2,57581,1
27621,18394,130472935.0,2013-06-08 18:55:00,2013 June 08,18:55:00,2013,June,Saturday,6:01 pm to 10:00 pm,18.0,1,Evening,Summer,3801.0,2342,SOUTHERN,3B14D,22101(d),22101(d),Violation of a turn prohibition sign,CC,Vehicle-Bicycle,21093,2,15,57581,1
27622,37040,3437693.0,2007-08-26 02:23:00,2007 August 26,02:23:00,2007,August,Sunday,2:01 am to 6:00 am,2.0,1,Night,Summer,3801.0,4158,,,22350,22350,Unsafe speed for prevailing conditions,AA,Vehicle(s) Only Involved,3658,2,12,57576,2
27623,21237,130853119.0,2013-10-09 07:42:00,2013 October 09,07:42:00,2013,October,Wednesday,6:01 am to 10:00 am,7.0,0,Morning,Fall,3801.0,1819,NORTHERN,,21801(a),"21801(a,b)",Violation of right-of-way - left turn,AA,Vehicle(s) Only Involved,7194,8,1,57659,1
27624,22011,130023077.0,2013-01-09 09:04:00,2013 January 09,09:04:00,2013,January,Wednesday,6:01 am to 10:00 am,9.0,0,Morning,Winter,3801.0,1819,NORTHERN,3E68,22350,22350,Unsafe speed for prevailing conditions,AA,Vehicle(s) Only Involved,20488,2,2,57658,2
27625,16085,2100063.0,2005-06-23 15:25:00,2005 June 23,15:25:00,2005,June,Thursday,2:01 pm to 6:00 pm,15.0,0,Afternoon,Summer,3801.0,632,SOUTH,0B3,21703,21703,Following too closely prohibited,AA,Vehicle(s) Only Involved,20489,2,1,57658,8
27626,39826,3469240.0,2007-11-09 20:56:00,2007 November 09,20:56:00,2007,November,Friday,6:01 pm to 10:00 pm,20.0,0,Evening,Fall,3801.0,001324,,,22450(a),22450(a),Failure to stop at STOP sign,AA,Vehicle(s) Only Involved,19884,2,12,57659,1
27627,17914,3346728.0,2007-08-11 22:00:00,2007 August 11,22:00:00,2007,August,Saturday,6:01 pm to 10:00 pm,22.0,1,Night,Summer,3801.0,1856,MISSI,,21451(a),"21451(a,b)",Green signal - driver or bicyclist responsibilities,AA,Vehicle(s) Only Involved,20490,2,3,57659,1
27628,45427,151093104.0,2015-12-19 02:09:00,2015 December 19,02:09:00,2015,December,Saturday,2:01 am to 6:00 am,2.0,1,Night,Winter,3801.0,776,NORTHERN,,21453(a),"21453(a,c)",Red signal - driver or bicyclist responsibilities,AA,Vehicle(s) Only Involved,40965,4,13,57659,3
27629,32919,3538726.0,2007-12-20 13:02:00,2007 December 20,13:02:00,2007,December,Thursday,10:01 am to 2:00 pm,13.0,0,Afternoon,Winter,3801.0,000779,NORTH,3E62,21950(a),"21950(a,c)",Driver or bicyclist to yield right-of-way at crosswalks,BB,Vehicle-Pedestrian,25184,2,1,57649,2
27630,21497,2232015.0,2005-06-05 21:41:00,2005 June 05,21:41:00,2005,June,Sunday,6:01 pm to 10:00 pm,21.0,1,Night,Summer,3801.0,4B7D,3E,4B7D,21801(a),"21801(a,b)",Violation of right-of-way - left turn,AA,Vehicle(s) Only Involved,15308,2,3,57659,20
27631,55686,210487391.0,2021-08-01 17:45:00,2021 August 01,17:45:00,2021,August,Sunday,2:01 pm to 6:00 pm,17.0,1,Evening,Summer,3801.0,4022,Mission,3D14D,22517,22517,Opening door on traffic side when unsafe,CC,Vehicle-Bicycle,20492,2,1,57581,2
27632,33061,160922546.0,2016-11-12 16:04:00,2016 November 12,16:04:00,2016,November,Saturday,2:01 pm to 6:00 pm,16.0,1,Afternoon,Fall,3801.0,2355,SOUTHERN,B6,22350,22350,Unsafe speed for prevailing conditions,AA,Vehicle(s) Only Involved,20493,2,15,57576,2
27633,41555,3548582.0,2008-01-30 07:50:00,2008 January 30,07:50:00,2008,January,Wednesday,6:01 am to 10:00 am,7.0,0,Morning,Winter,3801.0,1886,TARAV,313,22350,22350,Unsafe speed for prevailing conditions,AA,Vehicle(s) Only Involved,20494,2,4,57658,1
27634,9407,2829479.0,2006-10-05 17:26:00,2006 October 05,17:26:00,2006,October,Thursday,2:01 pm to 6:00 pm,17.0,0,Evening,Fall,3801.0,1192,MISSI,03D,22107,22107,Unsafe turn or lane change prohibited,AA,Vehicle(s) Only Involved,31346,2,1,57603,1
27635,48305,190650870.0,2019-09-01 19:23:00,2019 September 01,19:23:00,2019,September,Sunday,6:01 pm to 10:00 pm,19.0,1,Evening,Fall,3801.0,2488,Mission,3D14D,21801(b),"21801(a,b)",Violation of right-of-way - left turn,AA,Vehicle(s) Only Involved,20495,2,33,57659,8
27636,50603,190792842.0,2019-10-21 01:35:00,2019 October 21,01:35:00,2019,October,Monday,10:01 pm to 2:00 am,1.0,0,Night,Fall,3801.0,1429,Ingleside,3H15E,21658(a),"21658(a,b)",Lane straddling or failure to use specified lanes,AA,Vehicle(s) Only Involved,20496,2,3,57607,1
27637,46409,190009716.0,2019-01-04 17:15:00,2019 January 04,17:15:00,2019,January,Friday,2:01 pm to 6:00 pm,17.0,0,Evening,Winter,3801.0,2210,Ingleside,3H16C,22350,22350,Unsafe speed for prevailing conditions,AA,Vehicle(s) Only Involved,20497,2,47,57658,1
27638,43626,130016903.0,2013-01-07 08:35:00,2013 January 07,08:35:00,2013,January,Monday,6:01 am to 10:00 am,8.0,0,Morning,Winter,3801.0,191,RICHMOND,4BIG,22350,22350,Unsafe speed for prevailing conditions,AA,Vehicle(s) Only Involved,20498,2,2,57584,1
27639,21476,140919080.0,2014-10-30 09:05:00,2014 October 30,09:05:00,2014,October,Thursday,6:01 am to 10:00 am,9.0,0,Morning,Fall,3801.0,2021,SFSD SECTO,1V109,21460(a),"21460(a,b)",Improper turns over double lines or solid lines to right prohibited,AA,Vehicle(s) Only Involved,20499,2,2,57659,8
27640,56176,210431473.0,2021-07-09 00:36:00,2021 July 09,00:36:00,2021,July,Friday,10:01 pm to 2:00 am,0.0,0,Night,Summer,3801.0,1184,Mission,3D16E,21804(a),"21804(a,b)",Entering highway from alley or driveway,AA,Vehicle(s) Only Involved,20500,2,3,57659,1
27641,28618,180222887.0,2018-03-25 17:01:00,2018 March 25,17:01:00,2018,March,Sunday,2:01 pm to 6:00 pm,17.0,1,Evening,Spring,3801.0,380,Central,3A4D,22350,22350,Unsafe speed for prevailing conditions,CC,Vehicle-Bicycle,20501,2,2,33476,1
27642,5110,3306837.0,2007-07-15 10:37:00,2007 July 15,10:37:00,2007,July,Sunday,10:01 am to 2:00 pm,10.0,1,Morning,Summer,3801.0,000829,INGLE,4BIH,22450(a),22450(a),Failure to stop at STOP sign,BB,Vehicle-Pedestrian,16795,2,1,57123,3
27643,54236,200702682.0,2020-11-20 20:27:00,2020 November 20,20:27:00,2020,November,Friday,6:01 pm to 10:00 pm,20.0,0,Evening,Fall,3801.0,1388,Central,3A14D,22106,22106,Unsafe starting or backing on highway,BB,Vehicle-Pedestrian,20502,2,12,57525,1
27644,54473,200790336.0,2020-12-31 15:58:00,2020 December 31,15:58:00,2020,December,Thursday,2:01 pm to 6:00 pm,15.0,0,Afternoon,Winter,3801.0,1766,Traffic,4B103,23152(a),23152(a-g),Driving under influence of alcohol and/or drugs,BB,Vehicle-Pedestrian,20503,2,1,57659,35
27645,22851,130794347.0,2013-09-20 22:14:00,2013 September 20,22:14:00,2013,September,Friday,10:01 pm to 2:00 am,22.0,0,Night,Fall,3801.0,1128,PARK,3F14E,21954(a),21954(a),Pedestrians must yield right-of-way outside of crosswalks,BB,Vehicle-Pedestrian,20504,2,12,57590,2
27646,37865,2639308.0,2006-04-12 16:38:00,2006 April 12,16:38:00,2006,April,Wednesday,2:01 pm to 6:00 pm,16.0,0,Afternoon,Spring,3801.0,4137,I,3I4D,22350,22350,Unsafe speed for prevailing conditions,AA,Vehicle(s) Only Involved,20505,2,16,57658,1
27647,489,2775879.0,2006-08-19 07:00:00,2006 August 19,07:00:00,2006,August,Saturday,6:01 am to 10:00 am,7.0,1,Morning,Summer,3801.0,004106,,3C15A,22350,22350,Unsafe speed for prevailing conditions,AA,Vehicle(s) Only Involved,20506,2,1,57654,4
27648,33435,3362879.0,2007-09-02 15:00:00,2007 September 02,15:00:00,2007,September,Sunday,2:01 pm to 6:00 pm,15.0,1,Afternoon,Fall,3801.0,A09636,CENTR,3A13C,21453(a),"21453(a,c)",Red signal - driver or bicyclist responsibilities,AA,Vehicle(s) Only Involved,38146,2,1,57659,14
27649,49095,190799280.0,2019-10-23 07:30:00,2019 October 23,07:30:00,2019,October,Wednesday,6:01 am to 10:00 am,7.0,0,Morning,Fall,3801.0,307,Taraval,3I13A,21950(a),"21950(a,c)",Driver or bicyclist to yield right-of-way at crosswalks,BB,Vehicle-Pedestrian,20507,2,2,57649,2
27650,21456,3123942.0,2007-03-15 23:09:00,2007 March 15,23:09:00,2007,March,Thursday,10:01 pm to 2:00 am,23.0,0,Night,Spring,3801.0,000275,,2E12E,21801(a),"21801(a,b)",Violation of right-of-way - left turn,CC,Vehicle-Bicycle,36929,2,3,57614,1
27651,43010,1986264.0,2005-01-10 18:48:00,2005 January 10,18:48:00,2005,January,Monday,6:01 pm to 10:00 pm,18.0,0,Evening,Winter,3801.0,1384,3G,4B6G,22350,22350,Unsafe speed for prevailing conditions,BB,Vehicle-Pedestrian,20508,4,7,57649,1
27652,15566,1988603.0,2005-03-30 14:30:00,2005 March 30,14:30:00,2005,March,Wednesday,2:01 pm to 6:00 pm,14.0,0,Afternoon,Spring,3801.0,002122,B,4B6D,22350,22350,Unsafe speed for prevailing conditions,AA,Vehicle(s) Only Involved,20509,2,2,57658,8
27653,35875,141085826.0,2014-12-26 15:20:00,2014 December 26,15:20:00,2014,December,Friday,2:01 pm to 6:00 pm,15.0,0,Afternoon,Winter,3801.0,569,CENTRAL,3A12D,21453(a),"21453(a,c)",Red signal - driver or bicyclist responsibilities,BB,Vehicle-Pedestrian,12546,2,1,57649,1
27654,15502,150336076.0,2015-04-17 16:10:00,2015 April 17,16:10:00,2015,April,Friday,2:01 pm to 6:00 pm,16.0,0,Afternoon,Spring,3801.0,981,SOUTHERN,3B14D,22350,22350,Unsafe speed for prevailing conditions,BB,Vehicle-Pedestrian,20510,2,2,57476,1
27655,31384,3550590.0,2007-12-29 18:23:00,2007 December 29,18:23:00,2007,December,Saturday,6:01 pm to 10:00 pm,18.0,1,Evening,Winter,3801.0,1537,NORTH,3E13C,Unknown,Unknown,Unknown,BB,Vehicle-Pedestrian,13383,3,6,57525,2
27656,40757,170524433.0,2017-06-27 14:15:00,2017 June 27,14:15:00,2017,June,Tuesday,2:01 pm to 6:00 pm,14.0,0,Afternoon,Summer,3801.0,4200,TARAVAL,3I11D,Unknown,Unknown,Unknown,BB,Vehicle-Pedestrian,26339,2,23,57525,1
27657,1721,5394657.0,2011-10-30 22:18:00,2011 October 30,22:18:00,2011,October,Sunday,10:01 pm to 2:00 am,22.0,1,Night,Fall,3801.0,001372,INGLE,3H15E,22350,22350,Unsafe speed for prevailing conditions,FF,Bicycle Only,8411,2,3,57341,2
27658,31216,3346753.0,2007-08-25 14:35:00,2007 August 25,14:35:00,2007,August,Saturday,2:01 pm to 6:00 pm,14.0,1,Afternoon,Summer,3801.0,1384,3G,4B5E,21950(a),"21950(a,c)",Driver or bicyclist to yield right-of-way at crosswalks,BB,Vehicle-Pedestrian,20511,2,1,57454,1
27659,9259,160594151.0,2016-07-23 17:02:00,2016 July 23,17:02:00,2016,July,Saturday,2:01 pm to 6:00 pm,17.0,1,Evening,Summer,3801.0,2456,CO C,3C11D,22450(a),22450(a),Failure to stop at STOP sign,AA,Vehicle(s) Only Involved,20512,2,1,57659,14
27660,31626,161011920.0,2016-12-13 18:55:00,2016 December 13,18:55:00,2016,December,Tuesday,6:01 pm to 10:00 pm,18.0,0,Evening,Winter,3801.0,1110,CO G,2,Unknown,Unknown,Unknown,AA,Vehicle(s) Only Involved,20513,2,15,57660,1
27661,18232,2986865.0,2007-01-06 18:27:00,2007 January 06,18:27:00,2007,January,Saturday,6:01 pm to 10:00 pm,18.0,1,Evening,Winter,9335.0,017888,,015,22350,22350,Unsafe speed for prevailing conditions,AA,Vehicle(s) Only Involved,20514,2,29,57658,1
27662,28780,1993506.0,2005-03-17 19:12:00,2005 March 17,19:12:00,2005,March,Thursday,6:01 pm to 10:00 pm,19.0,0,Evening,Spring,3801.0,1149,3E,4B5D,21801(b),"21801(a,b)",Violation of right-of-way - left turn,CC,Vehicle-Bicycle,32922,1,3,57621,1
27663,54,170327629.0,2017-04-21 16:27:00,2017 April 21,16:27:00,2017,April,Friday,2:01 pm to 6:00 pm,16.0,0,Afternoon,Spring,3801.0,668,BAYVIEW,3C15D,Other than driver,Not Stated,Not Stated,AA,Vehicle(s) Only Involved,20515,2,12,55715,4
27664,20334,3420542.0,2007-09-25 16:54:00,2007 September 25,16:54:00,2007,September,Tuesday,2:01 pm to 6:00 pm,16.0,0,Afternoon,Fall,3801.0,1792,COE,,Unknown,Unknown,Unknown,AA,Vehicle(s) Only Involved,20516,2,2,57658,1
27665,47135,190426126.0,2019-06-13 16:00:00,2019 June 13,16:00:00,2019,June,Thursday,2:01 pm to 6:00 pm,16.0,0,Afternoon,Summer,3801.0,1968,Tenderloin,3J12D,Not Stated,Not Stated,Unknown,CC,Vehicle-Bicycle,20517,2,2,26633,4
27666,33547,2629270.0,2006-03-12 18:14:00,2006 March 12,18:14:00,2006,March,Sunday,6:01 pm to 10:00 pm,18.0,1,Evening,Spring,3801.0,1279,A,4B5H,21954(a),21954(a),Pedestrians must yield right-of-way outside of crosswalks,BB,Vehicle-Pedestrian,20518,1,7,57622,1
27667,41875,3362816.0,2007-09-01 18:45:00,2007 September 01,18:45:00,2007,September,Saturday,6:01 pm to 10:00 pm,18.0,1,Evening,Fall,3801.0,4200,TARAV,313D,21801(a),"21801(a,b)",Violation of right-of-way - left turn,AA,Vehicle(s) Only Involved,10219,2,1,57659,1
27668,28742,3398919.0,2007-10-26 13:20:00,2007 October 26,13:20:00,2007,October,Friday,10:01 am to 2:00 pm,13.0,0,Afternoon,Fall,3801.0,000779,NORTH,3E62,21950(a),"21950(a,c)",Driver or bicyclist to yield right-of-way at crosswalks,BB,Vehicle-Pedestrian,27473,2,1,57649,2
27669,20239,130295793.0,2013-04-11 12:41:00,2013 April 11,12:41:00,2013,April,Thursday,10:01 am to 2:00 pm,12.0,0,Afternoon,Spring,3801.0,2260,NORTHERN,3E4C,21955,21955,Crossing between controlled intersections (Jaywalking),BB,Vehicle-Pedestrian,20519,2,23,57622,1
27670,55080,210330706.0,2021-05-28 21:22:00,2021 May 28,21:22:00,2021,May,Friday,6:01 pm to 10:00 pm,21.0,0,Night,Spring,3801.0,2047,Southern,5Z105,Unknown,Unknown,Unknown,BB,Vehicle-Pedestrian,20520,2,12,57525,9
27671,30852,2719142.0,2006-07-08 17:30:00,2006 July 08,17:30:00,2006,July,Saturday,2:01 pm to 6:00 pm,17.0,1,Evening,Summer,3801.0,1088,NORTH,3E13E,21950(a),"21950(a,c)",Driver or bicyclist to yield right-of-way at crosswalks,BB,Vehicle-Pedestrian,4310,2,1,57649,1
27672,9027,170885235.0,2017-10-29 22:10:00,2017 October 29,22:10:00,2017,October,Sunday,10:01 pm to 2:00 am,22.0,1,Night,Fall,3801.0,,MISSION,3D,22100(b),"22100(a,b)",Turn at intersection from wrong position,AA,Vehicle(s) Only Involved,38225,2,3,57659,1
27673,43188,150178260.0,2015-02-26 19:31:00,2015 February 26,19:31:00,2015,February,Thursday,6:01 pm to 10:00 pm,19.0,0,Evening,Winter,3801.0,985,RICHMOND,3G3D,22107,22107,Unsafe turn or lane change prohibited,CC,Vehicle-Bicycle,33746,2,3,57614,1
27674,8785,170414903.0,2017-05-20 18:50:00,2017 May 20,18:50:00,2017,May,Saturday,6:01 pm to 10:00 pm,18.0,1,Evening,Spring,3801.0,836,MISSION,MISSION,21950(a),"21950(a,c)",Driver or bicyclist to yield right-of-way at crosswalks,BB,Vehicle-Pedestrian,20521,2,1,57525,2
27675,47081,190365433.0,2019-05-22 10:30:00,2019 May 22,10:30:00,2019,May,Wednesday,10:01 am to 2:00 pm,10.0,0,Morning,Spring,3801.0,1324,Traffic,3C3,21804(a),"21804(a,b)",Entering highway from alley or driveway,AA,Vehicle(s) Only Involved,20522,2,2,57659,8
27676,34416,3603432.0,2008-01-30 11:30:00,2008 January 30,11:30:00,2008,January,Wednesday,10:01 am to 2:00 pm,11.0,0,Morning,Winter,3801.0,1723,A,,Unknown,Unknown,Unknown,AA,Vehicle(s) Only Involved,13137,2,1,57659,2
27677,9119,2081835.0,2005-06-01 10:00:00,2005 June 01,10:00:00,2005,June,Wednesday,6:01 am to 10:00 am,10.0,0,Morning,Summer,3801.0,000654,,3C60,21801(a),"21801(a,b)",Violation of right-of-way - left turn,AA,Vehicle(s) Only Involved,24221,2,1,57066,1
27678,42189,160431202.0,2016-05-26 16:30:00,2016 May 26,16:30:00,2016,May,Thursday,2:01 pm to 6:00 pm,16.0,0,Afternoon,Spring,3801.0,4372,RICHMOND,1 CAR,22107,22107,Unsafe turn or lane change prohibited,CC,Vehicle-Bicycle,20523,2,1,57581,2
27679,44239,150630721.0,2015-07-20 13:19:00,2015 July 20,13:19:00,2015,July,Monday,10:01 am to 2:00 pm,13.0,0,Afternoon,Summer,3801.0,1714,RICHMOND,4B2A,21950(a),"21950(a,c)",Driver or bicyclist to yield right-of-way at crosswalks,BB,Vehicle-Pedestrian,20524,8,2,57525,6
27680,33627,140799848.0,2014-09-22 14:00:00,2014 September 22,14:00:00,2014,September,Monday,10:01 am to 2:00 pm,14.0,0,Afternoon,Fall,3801.0,41,CENTRAL,3A,21950(a),"21950(a,c)",Driver or bicyclist to yield right-of-way at crosswalks,BB,Vehicle-Pedestrian,29207,2,1,57649,1
27681,22593,160175717.0,2016-02-29 10:00:00,2016 February 29,10:00:00,2016,February,Monday,6:01 am to 10:00 am,10.0,0,Morning,Winter,3801.0,2126,PARK,3F11A,22108,22108,Signal required before turning or changing lanes,CC,Vehicle-Bicycle,20525,2,2,57581,2
27682,3669,2023766.0,2005-05-10 21:24:00,2005 May 10,21:24:00,2005,May,Tuesday,6:01 pm to 10:00 pm,21.0,0,Night,Spring,3801.0,4084,,0C4,21453(a),"21453(a,c)",Red signal - driver or bicyclist responsibilities,AA,Vehicle(s) Only Involved,17388,2,3,57585,1
27683,19612,3441493.0,2007-11-07 15:10:00,2007 November 07,15:10:00,2007,November,Wednesday,2:01 pm to 6:00 pm,15.0,0,Afternoon,Fall,3801.0,4060,,,22106,22106,Unsafe starting or backing on highway,BB,Vehicle-Pedestrian,20526,1,2,57649,1
27684,18590,4697565.0,2010-05-04 20:10:00,2010 May 04,20:10:00,2010,May,Tuesday,6:01 pm to 10:00 pm,20.0,0,Evening,Spring,9335.0,19906,,15,22350,22350,Unsafe speed for prevailing conditions,AA,Vehicle(s) Only Involved,20527,2,12,53916,1
27685,55738,210518560.0,2021-08-14 15:48:00,2021 August 14,15:48:00,2021,August,Saturday,2:01 pm to 6:00 pm,15.0,1,Afternoon,Summer,3801.0,1292,Bayview,3C13D,23103(a),"23103(a,b)",Reckless driving,AA,Vehicle(s) Only Involved,20528,2,1,57659,13
27686,20275,150660461.0,2015-07-29 17:21:00,2015 July 29,17:21:00,2015,July,Wednesday,2:01 pm to 6:00 pm,17.0,0,Evening,Summer,3801.0,1246,NORTHERN,3E12D,22350,22350,Unsafe speed for prevailing conditions,CC,Vehicle-Bicycle,20529,2,1,57561,2
27687,23744,170503205.0,2017-06-20 17:10:00,2017 June 20,17:10:00,2017,June,Tuesday,2:01 pm to 6:00 pm,17.0,0,Evening,Summer,3801.0,628,SOUTHERN,B2,22107,22107,Unsafe turn or lane change prohibited,AA,Vehicle(s) Only Involved,29504,2,2,57660,2
27688,55001,210189989.0,2021-03-26 23:24:00,2021 March 26,23:24:00,2021,March,Friday,10:01 pm to 2:00 am,23.0,0,Night,Spring,3801.0,2741,Ingleside,3H15E,21650(d),21650(a-h),Failure to keep to right side of road,AA,Vehicle(s) Only Involved,20530,2,12,57496,1
27689,41343,161053938.0,2016-12-28 15:40:00,2016 December 28,15:40:00,2016,December,Wednesday,2:01 pm to 6:00 pm,15.0,0,Afternoon,Winter,3801.0,1900,TARAVAL,3H2D,22350,22350,Unsafe speed for prevailing conditions,AA,Vehicle(s) Only Involved,20531,2,2,57658,8
27690,49192,190753474.0,2019-10-07 08:05:00,2019 October 07,08:05:00,2019,October,Monday,6:01 am to 10:00 am,8.0,0,Morning,Fall,3801.0,120,Traffic,4B5C,21950(a),"21950(a,c)",Driver or bicyclist to yield right-of-way at crosswalks,BB,Vehicle-Pedestrian,28242,2,1,57649,1
27691,22881,150233466.0,2015-03-16 07:07:00,2015 March 16,07:07:00,2015,March,Monday,6:01 am to 10:00 am,7.0,0,Morning,Spring,3801.0,2163,RICHMOND,3G3A,21750,21750,Overtaking and passing unsafely,AA,Vehicle(s) Only Involved,20533,2,1,57660,1
27692,46598,190090000.0,2019-02-05 17:00:00,2019 February 05,17:00:00,2019,February,Tuesday,2:01 pm to 6:00 pm,17.0,0,Evening,Winter,3801.0,608,Tenderloin,J2,22106,22106,Unsafe starting or backing on highway,CC,Vehicle-Bicycle,14727,2,27,57655,2
27693,46346,190375868.0,2019-05-25 23:44:00,2019 May 25,23:44:00,2019,May,Saturday,10:01 pm to 2:00 am,23.0,1,Night,Spring,3801.0,2132,Mission,3D60,22350,22350,Unsafe speed for prevailing conditions,AA,Vehicle(s) Only Involved,20534,2,12,57660,1
27694,55609,210348828.0,2021-06-05 13:25:00,2021 June 05,13:25:00,2021,June,Saturday,10:01 am to 2:00 pm,13.0,1,Afternoon,Summer,3801.0,1628,Richmond,Richmond,22350,22350,Unsafe speed for prevailing conditions,CC,Vehicle-Bicycle,20535,2,1,57621,1
27695,282,160882558.0,2016-10-29 21:30:00,2016 October 29,21:30:00,2016,October,Saturday,6:01 pm to 10:00 pm,21.0,1,Night,Fall,3801.0,255,INGLESIDE,3H16E,21804(a),"21804(a,b)",Entering highway from alley or driveway,CC,Vehicle-Bicycle,8235,2,12,57621,4
27696,54957,210187159.0,2021-03-25 19:22:00,2021 March 25,19:22:00,2021,March,Thursday,6:01 pm to 10:00 pm,19.0,0,Evening,Spring,3801.0,299,Central,3A4D,21954(a),21954(a),Pedestrians must yield right-of-way outside of crosswalks,FF,Bicycle Only,20536,2,40,57524,2
27697,31392,3559945.0,2008-01-01 02:25:00,2008 January 01,02:25:00,2008,January,Tuesday,2:01 am to 6:00 am,2.0,0,Night,Winter,3801.0,001608,,3G11E,21453(a),"21453(a,c)",Red signal - driver or bicyclist responsibilities,AA,Vehicle(s) Only Involved,20537,5,3,57659,3
27698,46264,190367978.0,2019-05-23 07:59:00,2019 May 23,07:59:00,2019,May,Thursday,6:01 am to 10:00 am,7.0,0,Morning,Spring,3801.0,1520,Tenderloin,5,22107,22107,Unsafe turn or lane change prohibited,AA,Vehicle(s) Only Involved,20538,2,1,57553,8
27699,18299,130323576.0,2013-04-20 19:32:00,2013 April 20,19:32:00,2013,April,Saturday,6:01 pm to 10:00 pm,19.0,1,Evening,Spring,3801.0,2367,SOUTHERN,3B14D,21950(a),"21950(a,c)",Driver or bicyclist to yield right-of-way at crosswalks,CC,Vehicle-Bicycle,40407,1,1,57581,2
27700,54682,210067965.0,2021-01-30 20:15:00,2021 January 30,20:15:00,2021,January,Saturday,6:01 pm to 10:00 pm,20.0,1,Evening,Winter,3801.0,2499,Southern,,21453(a),"21453(a,c)",Red signal - driver or bicyclist responsibilities,AA,Vehicle(s) Only Involved,4420,2,3,57660,1
27701,50473,190762152.0,2019-10-09 22:30:00,2019 October 09,22:30:00,2019,October,Wednesday,10:01 pm to 2:00 am,22.0,0,Night,Fall,3801.0,1713,Taraval,3I16E,21703,21703,Following too closely prohibited,AA,Vehicle(s) Only Involved,20539,2,12,57658,1
27702,47363,190366704.0,2019-05-22 17:39:00,2019 May 22,17:39:00,2019,May,Wednesday,2:01 pm to 6:00 pm,17.0,0,Evening,Spring,3801.0,4281,Northern,3E15D,21801(a),"21801(a,b)",Violation of right-of-way - left turn,CC,Vehicle-Bicycle,39114,1,1,57581,1
27703,20306,140328760.0,2014-04-20 18:40:00,2014 April 20,18:40:00,2014,April,Sunday,6:01 pm to 10:00 pm,18.0,1,Evening,Spring,3801.0,4340,NORTHERN,3E13D,21453(a),"21453(a,c)",Red signal - driver or bicyclist responsibilities,AA,Vehicle(s) Only Involved,7008,2,1,57659,1
27704,56082,210567727.0,2021-09-03 15:22:00,2021 September 03,15:22:00,2021,September,Friday,2:01 pm to 6:00 pm,15.0,0,Afternoon,Fall,3801.0,4124,Ingleside,Ingleside,21453(a),"21453(a,c)",Red signal - driver or bicyclist responsibilities,AA,Vehicle(s) Only Involved,20540,2,1,57490,1
27705,41106,150142754.0,2015-02-16 08:38:00,2015 February 16,08:38:00,2015,February,Monday,6:01 am to 10:00 am,8.0,0,Morning,Winter,3801.0,251,RICHMOND,3G61,21950(a),"21950(a,c)",Driver or bicyclist to yield right-of-way at crosswalks,BB,Vehicle-Pedestrian,20541,2,2,57649,1
27706,32074,130565063.0,2013-07-09 20:35:00,2013 July 09,20:35:00,2013,July,Tuesday,6:01 pm to 10:00 pm,20.0,0,Evening,Summer,3801.0,2139,NORTHERN,,22101(d),22101(d),Violation of a turn prohibition sign,AA,Vehicle(s) Only Involved,20542,8,3,57660,1
27707,55174,210284711.0,2021-05-09 13:47:00,2021 May 09,13:47:00,2021,May,Sunday,10:01 am to 2:00 pm,13.0,1,Afternoon,Spring,3801.0,481,Taraval,3I44,21800(a),21800(a-c),Violation of right-of-way or uncontrolled intersection,AA,Vehicle(s) Only Involved,20543,2,2,57659,11
27708,4384,3378437.0,2007-08-17 12:45:00,2007 August 17,12:45:00,2007,August,Friday,10:01 am to 2:00 pm,12.0,0,Afternoon,Summer,3801.0,000373,H4,3H62,21453(a),"21453(a,c)",Red signal - driver or bicyclist responsibilities,AA,Vehicle(s) Only Involved,2509,2,1,57659,3
27709,37454,3497482.0,2007-11-28 18:10:00,2007 November 28,18:10:00,2007,November,Wednesday,6:01 pm to 10:00 pm,18.0,0,Evening,Fall,3801.0,4200,TARAV,3116D,22350,22350,Unsafe speed for prevailing conditions,AA,Vehicle(s) Only Involved,7873,2,3,57658,1
27710,50284,190789968.0,2019-10-20 00:26:00,2019 October 20,00:26:00,2019,October,Sunday,10:01 pm to 2:00 am,0.0,1,Night,Fall,3801.0,1833,Taraval,5,22450(a),22450(a),Failure to stop at STOP sign,AA,Vehicle(s) Only Involved,4101,2,3,57659,1
27711,36036,160643388.0,2016-08-10 18:00:00,2016 August 10,18:00:00,2016,August,Wednesday,2:01 pm to 6:00 pm,18.0,0,Evening,Summer,3801.0,4282,NORTHERN,5 CAR,21802(b),"21802(a,b)",Violation of right-of-way - entering through highway,CC,Vehicle-Bicycle,20544,2,1,57581,1
27712,47028,190310494.0,2019-05-01 15:34:00,2019 May 01,15:34:00,2019,May,Wednesday,2:01 pm to 6:00 pm,15.0,0,Afternoon,Spring,3801.0,172,Richmond,4,21802(a),"21802(a,b)",Violation of right-of-way - entering through highway,AA,Vehicle(s) Only Involved,20451,2,1,57659,2