collision_id,unique_id,case_id_pkey,collision_datetime,collision_date,collision_time,accident_year,month,day_of_week,time_cat,hour_of_day,is_weekend,time_of_day,season,juris,officer_id,reporting_district,beat_number,vz_pcf_code,vz_pcf_group,vz_pcf_description,dph_col_grp,dph_col_grp_description,location_id,weather_id,road_id,party_id,severity_id
28185,24794,3250925.0,2007-06-19 10:42:00,2007 June 19,10:42:00,2007,June,Tuesday,10:01 am to 2:00 pm,10.0,0,Morning,Summer,3801.0,00805,J,0J1,21950(a),"21950(a,c)",Driver or bicyclist to yield right-of-way at crosswalks,BB,Vehicle-Pedestrian,5290,2,1,57649,2
28186,24790,2629208.0,2006-02-17 21:01:00,2006 February 17,21:01:00,2006,February,Friday,6:01 pm to 10:00 pm,21.0,0,Night,Winter,3801.0,233,J,00Y,21453(a),"21453(a,c)",Red signal - driver or bicyclist responsibilities,BB,Vehicle-Pedestrian,5290,4,13,57622,1
28187,46997,190279630.0,2019-04-19 18:01:00,2019 April 19,18:01:00,2019,April,Friday,6:01 pm to 10:00 pm,18.0,0,Evening,Spring,3801.0,1453,Central,,22107,22107,Unsafe turn or lane change prohibited,CC,Vehicle-Bicycle,11084,5,1,55766,1
28188,48152,190687641.0,2019-09-14 18:30:00,2019 September 14,18:30:00,2019,September,Saturday,6:01 pm to 10:00 pm,18.0,1,Evening,Fall,3801.0,936,Bayview,3C13D,21750,21750,Overtaking and passing unsafely,AA,Vehicle(s) Only Involved,20865,2,2,57660,1
28189,44308,150256399.0,2015-03-23 12:09:00,2015 March 23,12:09:00,2015,March,Monday,10:01 am to 2:00 pm,12.0,0,Afternoon,Spring,3801.0,1882,RICHMOND,3G60,21802(a),"21802(a,b)",Violation of right-of-way - entering through highway,AA,Vehicle(s) Only Involved,19808,2,1,57659,8
28190,18780,2063062.0,2005-05-18 23:21:00,2005 May 18,23:21:00,2005,May,Wednesday,10:01 pm to 2:00 am,23.0,0,Night,Spring,3801.0,1487,B,3B62,21453(a),"21453(a,c)",Red signal - driver or bicyclist responsibilities,AA,Vehicle(s) Only Involved,22252,4,13,57659,1
28191,54741,210129866.0,2021-02-26 19:27:00,2021 February 26,19:27:00,2021,February,Friday,6:01 pm to 10:00 pm,19.0,0,Evening,Winter,3801.0,1474,Bayview,3C13D,21950(a),"21950(a,c)",Driver or bicyclist to yield right-of-way at crosswalks,BB,Vehicle-Pedestrian,20866,2,3,57649,2
28192,20604,3259122.0,2007-06-07 12:35:00,2007 June 07,12:35:00,2007,June,Thursday,10:01 am to 2:00 pm,12.0,0,Afternoon,Summer,3801.0,000779,NORTH,3E62,21950(a),"21950(a,c)",Driver or bicyclist to yield right-of-way at crosswalks,BB,Vehicle-Pedestrian,4899,2,1,57649,8
28193,42577,2678894.0,2006-05-09 19:23:00,2006 May 09,19:23:00,2006,May,Tuesday,6:01 pm to 10:00 pm,19.0,0,Evening,Spring,3801.0,002122,G,4B6D,22350,22350,Unsafe speed for prevailing conditions,AA,Vehicle(s) Only Involved,20867,2,2,57553,17
28194,1532,140605499.0,2014-07-21 14:50:00,2014 July 21,14:50:00,2014,July,Monday,2:01 pm to 6:00 pm,14.0,0,Afternoon,Summer,3801.0,1299,CO H,3H74,22350,22350,Unsafe speed for prevailing conditions,AA,Vehicle(s) Only Involved,28233,2,2,57569,8
28195,55479,210236897.0,2021-04-17 18:40:00,2021 April 17,18:40:00,2021,April,Saturday,6:01 pm to 10:00 pm,18.0,1,Evening,Spring,3801.0,2132,Park,3F60,22350,22350,Unsafe speed for prevailing conditions,AA,Vehicle(s) Only Involved,20868,2,2,57583,2
28196,1452,2660388.0,2006-05-25 19:50:00,2006 May 25,19:50:00,2006,May,Thursday,6:01 pm to 10:00 pm,19.0,0,Evening,Spring,3801.0,762,3J15D,3H15D,22350,22350,Unsafe speed for prevailing conditions,AA,Vehicle(s) Only Involved,8641,2,1,57659,1
28197,12235,3539973.0,2007-12-26 10:09:00,2007 December 26,10:09:00,2007,December,Wednesday,10:01 am to 2:00 pm,10.0,0,Morning,Winter,3801.0,1154,,3D16A,21453(a),"21453(a,c)",Red signal - driver or bicyclist responsibilities,AA,Vehicle(s) Only Involved,10764,2,1,57659,1
28198,19800,2190753.0,2005-08-13 12:40:00,2005 August 13,12:40:00,2005,August,Saturday,10:01 am to 2:00 pm,12.0,1,Afternoon,Summer,3801.0,652,F,,21703,21703,Following too closely prohibited,AA,Vehicle(s) Only Involved,20869,1,1,57658,1
28199,47573,190458163.0,2019-06-25 06:13:00,2019 June 25,06:13:00,2019,June,Tuesday,6:01 am to 10:00 am,6.0,0,Morning,Summer,3801.0,2375,Richmond,3G60,21453(b),21453(b),Red signal - driver or bicyclist responsibilities with right turn,CC,Vehicle-Bicycle,20870,2,1,54305,1
28200,10224,140834319.0,2014-10-03 17:13:00,2014 October 03,17:13:00,2014,October,Friday,2:01 pm to 6:00 pm,17.0,0,Evening,Fall,3801.0,1537,MISSION,3D11D,22350,22350,Unsafe speed for prevailing conditions,FF,Bicycle Only,20871,2,2,57341,2
28201,554,170491735.0,2017-06-16 17:40:00,2017 June 16,17:40:00,2017,June,Friday,2:01 pm to 6:00 pm,17.0,0,Evening,Summer,3801.0,2066,BAYVIEW,3C1ID,22450(a),22450(a),Failure to stop at STOP sign,AA,Vehicle(s) Only Involved,403,2,2,57659,14
28202,54573,210101416.0,2021-02-14 10:55:00,2021 February 14,10:55:00,2021,February,Sunday,10:01 am to 2:00 pm,10.0,1,Morning,Winter,3801.0,4036,Traffic,4K1I,22500(a),"22500(a-h,j,k)","Prohibition on stopping, parking, or leaving standing",AA,Vehicle(s) Only Involved,19801,1,2,57658,14
28203,13668,3493724.0,2007-11-21 15:20:00,2007 November 21,15:20:00,2007,November,Wednesday,2:01 pm to 6:00 pm,15.0,0,Afternoon,Fall,3801.0,1154,MISSI,06D,22517,22517,Opening door on traffic side when unsafe,CC,Vehicle-Bicycle,20872,2,2,57390,1
28204,26270,3550459.0,2007-12-24 15:37:00,2007 December 24,15:37:00,2007,December,Monday,2:01 pm to 6:00 pm,15.0,0,Afternoon,Winter,3801.0,50,,003,21955,21955,Crossing between controlled intersections (Jaywalking),BB,Vehicle-Pedestrian,20873,2,1,57622,2
28205,56391,210641127.0,2021-10-02 15:24:00,2021 October 02,15:24:00,2021,October,Saturday,2:01 pm to 6:00 pm,15.0,1,Afternoon,Fall,3801.0,#2008,Mission,3D13D,21703,21703,Following too closely prohibited,AA,Vehicle(s) Only Involved,20874,2,2,57313,2
28206,50684,190798000.0,2019-10-22 17:23:00,2019 October 22,17:23:00,2019,October,Tuesday,2:01 pm to 6:00 pm,17.0,0,Evening,Fall,3801.0,2355,Taraval,I2,21801(a),"21801(a,b)",Violation of right-of-way - left turn,AA,Vehicle(s) Only Involved,20875,2,33,57659,1
28207,5953,170796331.0,2017-09-29 08:00:00,2017 September 29,08:00:00,2017,September,Friday,6:01 am to 10:00 am,8.0,0,Morning,Fall,3801.0,2478,BAYVIEW,3C13C,Unknown,Unknown,Unknown,GG,Pedestrian Only or Pedestrian-Parked Car,27292,2,2,27140,4
28208,42162,3359355.0,2007-09-06 13:15:00,2007 September 06,13:15:00,2007,September,Thursday,10:01 am to 2:00 pm,13.0,0,Afternoon,Fall,3801.0,671,,4B1A,21801(a),"21801(a,b)",Violation of right-of-way - left turn,AA,Vehicle(s) Only Involved,20876,2,2,57659,1
28209,518,2008147.0,2005-04-30 11:30:00,2005 April 30,11:30:00,2005,April,Saturday,10:01 am to 2:00 pm,11.0,1,Morning,Spring,3801.0,000251,,3C61,22350,22350,Unsafe speed for prevailing conditions,AA,Vehicle(s) Only Involved,20877,2,1,57658,1
28210,23045,160595159.0,2016-07-24 02:05:00,2016 July 24,02:05:00,2016,July,Sunday,2:01 am to 6:00 am,2.0,1,Night,Summer,3801.0,1102,SOUTHERN,B1,21657,21657,Going against one-way traffic patterns,AA,Vehicle(s) Only Involved,20878,2,12,57603,2
28211,33986,2637968.0,2006-03-02 18:30:00,2006 March 02,18:30:00,2006,March,Thursday,6:01 pm to 10:00 pm,18.0,0,Evening,Spring,3801.0,651,4B5A,00A,21802(a),"21802(a,b)",Violation of right-of-way - entering through highway,AA,Vehicle(s) Only Involved,33098,2,3,57659,8
28212,21017,180913359.0,2018-12-03 20:36:00,2018 December 03,20:36:00,2018,December,Monday,6:01 pm to 10:00 pm,20.0,0,Evening,Winter,3801.0,2342,Northern,3E1D,21453(a),"21453(a,c)",Red signal - driver or bicyclist responsibilities,AA,Vehicle(s) Only Involved,20880,2,3,57659,8
28213,56971,210810639.0,2021-12-08 08:10:00,2021 December 08,08:10:00,2021,December,Wednesday,6:01 am to 10:00 am,8.0,0,Morning,Winter,3801.0,574,Mission,3D13A,22350,22350,Unsafe speed for prevailing conditions,AA,Vehicle(s) Only Involved,20881,2,1,57658,1
28214,48289,190631591.0,2019-08-26 08:30:00,2019 August 26,08:30:00,2019,August,Monday,6:01 am to 10:00 am,8.0,0,Morning,Summer,3801.0,574,Taraval,3I15A,22107,22107,Unsafe turn or lane change prohibited,AA,Vehicle(s) Only Involved,20882,1,1,57660,8
28215,43450,1992314.0,2005-03-11 18:05:00,2005 March 11,18:05:00,2005,March,Friday,6:01 pm to 10:00 pm,18.0,0,Evening,Spring,3801.0,1935,,3G12D,22350,22350,Unsafe speed for prevailing conditions,AA,Vehicle(s) Only Involved,20883,2,3,57658,11
28216,31120,2036421.0,2005-05-17 11:39:00,2005 May 17,11:39:00,2005,May,Tuesday,10:01 am to 2:00 pm,11.0,0,Morning,Spring,3801.0,01597,RICHM,3G62,21801(a),"21801(a,b)",Violation of right-of-way - left turn,AA,Vehicle(s) Only Involved,3412,2,1,57659,1
28217,12509,170632622.0,2017-08-04 00:08:00,2017 August 04,00:08:00,2017,August,Friday,10:01 pm to 2:00 am,0.0,0,Night,Summer,3801.0,2728,MISSION,3D11E,21801(a),"21801(a,b)",Violation of right-of-way - left turn,AA,Vehicle(s) Only Involved,24592,2,3,57603,2
28218,22100,3011270.0,2007-01-21 11:09:00,2007 January 21,11:09:00,2007,January,Sunday,10:01 am to 2:00 pm,11.0,1,Morning,Winter,3801.0,000874,,4B4E,21453(a),"21453(a,c)",Red signal - driver or bicyclist responsibilities,AA,Vehicle(s) Only Involved,18101,2,1,57603,3
28219,48286,190629938.0,2019-08-25 14:58:00,2019 August 25,14:58:00,2019,August,Sunday,2:01 pm to 6:00 pm,14.0,1,Afternoon,Summer,3801.0,203,Mission,,21703,21703,Following too closely prohibited,AA,Vehicle(s) Only Involved,20884,2,1,57658,1
28220,17522,160324572.0,2016-04-20 14:56:00,2016 April 20,14:56:00,2016,April,Wednesday,2:01 pm to 6:00 pm,14.0,0,Afternoon,Spring,3801.0,4254,MISSION,3D13D,Unknown,Unknown,Unknown,AA,Vehicle(s) Only Involved,20885,2,1,55413,1
28221,43374,180197638.0,2018-03-15 16:30:00,2018 March 15,16:30:00,2018,March,Thursday,2:01 pm to 6:00 pm,16.0,0,Afternoon,Spring,3801.0,427,Richmond,RICHMOND,21801(a),"21801(a,b)",Violation of right-of-way - left turn,AA,Vehicle(s) Only Involved,11772,3,6,57636,8
28222,86037,240330641.0,2024-05-26 18:11:00,2024 May 26,18:11:00,2024,May,Sunday,6:01 pm to 10:00 pm,18.0,1,Evening,Spring,3801.0,2732,Central,3A14D,22107,22107,Unsafe turn or lane change prohibited,AA,Vehicle(s) Only Involved,20886,2,2,57660,1
28223,14940,150826312.0,2015-09-20 17:30:00,2015 September 20,17:30:00,2015,September,Sunday,2:01 pm to 6:00 pm,17.0,1,Evening,Fall,3801.0,1230,SOUTHERN,3B12D,21703,21703,Following too closely prohibited,AA,Vehicle(s) Only Involved,20887,2,2,57658,8
28224,54513,210047309.0,2021-01-21 12:35:00,2021 January 21,12:35:00,2021,January,Thursday,10:01 am to 2:00 pm,12.0,0,Afternoon,Winter,3801.0,1418,Taraval,I5,23152(f),23152(a-g),Driving under influence of alcohol and/or drugs,AA,Vehicle(s) Only Involved,20888,1,2,57658,1
28225,9392,3550455.0,2007-12-04 02:50:00,2007 December 04,02:50:00,2007,December,Tuesday,2:01 am to 6:00 am,2.0,0,Night,Winter,3801.0,4099,MISSI,3D13E,22350,22350,Unsafe speed for prevailing conditions,AA,Vehicle(s) Only Involved,20889,4,7,57495,1
28226,56947,210734227.0,2021-11-08 04:13:00,2021 November 08,04:13:00,2021,November,Monday,2:01 am to 6:00 am,4.0,0,Night,Fall,3801.0,2457,Southern,3B15E,22350,22350,Unsafe speed for prevailing conditions,AA,Vehicle(s) Only Involved,25271,2,91,57607,4
28227,48441,190732729.0,2019-09-30 09:25:00,2019 September 30,09:25:00,2019,September,Monday,6:01 am to 10:00 am,9.0,0,Morning,Fall,3801.0,964,Northern,3E6A,21453(a),"21453(a,c)",Red signal - driver or bicyclist responsibilities,AA,Vehicle(s) Only Involved,25901,2,1,57659,13
28228,14145,2106250.0,2005-06-13 13:24:00,2005 June 13,13:24:00,2005,June,Monday,10:01 am to 2:00 pm,13.0,0,Afternoon,Summer,3801.0,001278,3B61,005,21950(a),"21950(a,c)",Driver or bicyclist to yield right-of-way at crosswalks,BB,Vehicle-Pedestrian,31539,2,1,57649,1
28229,44573,170449665.0,2017-06-01 18:42:00,2017 June 01,18:42:00,2017,June,Thursday,6:01 pm to 10:00 pm,18.0,0,Evening,Summer,3801.0,301,RICHMOND,3G60,21211(a),"21211(a,b)",Illegally impeding bicycle lanes,CC,Vehicle-Bicycle,20892,2,2,57639,2
28230,54517,210050960.0,2021-01-22 17:45:00,2021 January 22,17:45:00,2021,January,Friday,2:01 pm to 6:00 pm,17.0,0,Evening,Winter,3801.0,1858,Bayview,3C15D,21658(a),"21658(a,b)",Lane straddling or failure to use specified lanes,AA,Vehicle(s) Only Involved,20893,1,12,57603,1
28231,48686,190837749.0,2019-11-05 15:12:00,2019 November 05,15:12:00,2019,November,Tuesday,2:01 pm to 6:00 pm,15.0,0,Afternoon,Fall,3801.0,887,Southern,B1,21950(a),"21950(a,c)",Driver or bicyclist to yield right-of-way at crosswalks,BB,Vehicle-Pedestrian,20894,2,1,57454,2
28232,50748,190805821.0,2019-10-25 10:10:00,2019 October 25,10:10:00,2019,October,Friday,10:01 am to 2:00 pm,10.0,0,Morning,Fall,3801.0,1657,Bayview,3C15A,21658(a),"21658(a,b)",Lane straddling or failure to use specified lanes,AA,Vehicle(s) Only Involved,20895,2,2,57654,4
28233,125,140457466.0,2014-06-01 20:20:00,2014 June 01,20:20:00,2014,June,Sunday,6:01 pm to 10:00 pm,20.0,1,Evening,Summer,3801.0,4208,BAYVIEW,,22450(a),22450(a),Failure to stop at STOP sign,AA,Vehicle(s) Only Involved,37492,8,12,57659,8
28234,56922,210639423.0,2021-10-01 19:31:00,2021 October 01,19:31:00,2021,October,Friday,6:01 pm to 10:00 pm,19.0,0,Evening,Fall,3801.0,2342,Northern,3E13D,22350,22350,Unsafe speed for prevailing conditions,CC,Vehicle-Bicycle,20896,2,12,57655,1
28235,40465,130788419.0,2013-09-09 09:05:00,2013 September 09,09:05:00,2013,September,Monday,6:01 am to 10:00 am,9.0,0,Morning,Fall,3801.0,2127,TARAVAL,4B11,Other than driver,Not Stated,Not Stated,AA,Vehicle(s) Only Involved,20897,2,40,57557,1
28236,40122,3252134.0,2007-06-03 16:23:00,2007 June 03,16:23:00,2007,June,Sunday,2:01 pm to 6:00 pm,16.0,1,Afternoon,Summer,3801.0,2145,TARAV,4B7D,21950(c),"21950(a,c)",Driver or bicyclist to yield right-of-way at crosswalks,BB,Vehicle-Pedestrian,33418,2,1,57649,6
28237,38937,3433458.0,2007-10-19 19:00:00,2007 October 19,19:00:00,2007,October,Friday,6:01 pm to 10:00 pm,19.0,0,Evening,Fall,3801.0,1584,TARAV,4B7C,21950(a),"21950(a,c)",Driver or bicyclist to yield right-of-way at crosswalks,BB,Vehicle-Pedestrian,32310,4,13,57649,1
28238,1049,3426438.0,2007-10-23 00:49:00,2007 October 23,00:49:00,2007,October,Tuesday,10:01 pm to 2:00 am,0.0,0,Night,Fall,3801.0,1178,H,3HSE,Unknown,Unknown,Unknown,AA,Vehicle(s) Only Involved,20898,2,12,57555,1
28239,31499,2106270.0,2005-06-11 14:55:00,2005 June 11,14:55:00,2005,June,Saturday,2:01 pm to 6:00 pm,14.0,1,Afternoon,Summer,3801.0,1354,RICHM,4B6G,21453(d),21453(d),Red signal - pedestrian responsibilities,BB,Vehicle-Pedestrian,18575,2,1,57622,2
28240,48351,190683304.0,2019-09-13 07:38:00,2019 September 13,07:38:00,2019,September,Friday,6:01 am to 10:00 am,7.0,0,Morning,Fall,3801.0,405,Ingleside,3H60,21802(a),"21802(a,b)",Violation of right-of-way - entering through highway,AA,Vehicle(s) Only Involved,20899,2,1,57603,8
28241,46724,190141299.0,2019-02-25 15:55:00,2019 February 25,15:55:00,2019,February,Monday,2:01 pm to 6:00 pm,15.0,0,Afternoon,Winter,3801.0,A23182,Southern,3B14D,21803(a),"21803(a,b)",Violation of Yield sign,AA,Vehicle(s) Only Involved,20900,7,96,57564,1
28242,40206,2885895.0,2006-10-23 17:01:00,2006 October 23,17:01:00,2006,October,Monday,2:01 pm to 6:00 pm,17.0,0,Evening,Fall,3801.0,004009,TARAV,313D,21950(a),"21950(a,c)",Driver or bicyclist to yield right-of-way at crosswalks,BB,Vehicle-Pedestrian,16218,2,2,57649,4
28243,21714,2105990.0,2005-06-20 15:49:00,2005 June 20,15:49:00,2005,June,Monday,2:01 pm to 6:00 pm,15.0,0,Afternoon,Summer,3801.0,002122,E,4B6D,21453(a),"21453(a,c)",Red signal - driver or bicyclist responsibilities,AA,Vehicle(s) Only Involved,39469,2,1,57659,1
28244,20751,2022888.0,2005-04-05 19:06:00,2005 April 05,19:06:00,2005,April,Tuesday,6:01 pm to 10:00 pm,19.0,0,Evening,Spring,3801.0,121,,0E2,21453(a),"21453(a,c)",Red signal - driver or bicyclist responsibilities,AA,Vehicle(s) Only Involved,5622,2,1,57659,12
28245,34618,160261736.0,2016-03-30 09:06:00,2016 March 30,09:06:00,2016,March,Wednesday,6:01 am to 10:00 am,9.0,0,Morning,Spring,3801.0,1486,CENTRAL,4B6A,21453(a),"21453(a,c)",Red signal - driver or bicyclist responsibilities,CC,Vehicle-Bicycle,36142,2,1,57374,2
28246,12918,3042059.0,2007-02-08 21:36:00,2007 February 08,21:36:00,2007,February,Thursday,6:01 pm to 10:00 pm,21.0,0,Night,Winter,3801.0,1856,PARK,3F11E,21453(a),"21453(a,c)",Red signal - driver or bicyclist responsibilities,AA,Vehicle(s) Only Involved,32349,4,13,57658,1
28247,29652,3581451.0,2008-01-08 22:59:00,2008 January 08,22:59:00,2008,January,Tuesday,10:01 pm to 2:00 am,22.0,0,Night,Winter,3801.0,00754,NORTH,3E12E,23153(a),23153(a-g),Driving under influence causing injury,AA,Vehicle(s) Only Involved,31130,1,13,57658,1
28248,41598,160997248.0,2016-12-08 17:35:00,2016 December 08,17:35:00,2016,December,Thursday,2:01 pm to 6:00 pm,17.0,0,Evening,Winter,3801.0,1418,,13,21802(a),"21802(a,b)",Violation of right-of-way - entering through highway,AA,Vehicle(s) Only Involved,20901,4,13,57659,1
28249,49978,190624972.0,2019-08-23 18:05:00,2019 August 23,18:05:00,2019,August,Friday,6:01 pm to 10:00 pm,18.0,0,Evening,Summer,3801.0,1109,Ingleside,,22350,22350,Unsafe speed for prevailing conditions,AA,Vehicle(s) Only Involved,20902,2,30,57658,1
28250,21009,2892819.0,2006-10-27 13:25:00,2006 October 27,13:25:00,2006,October,Friday,10:01 am to 2:00 pm,13.0,0,Afternoon,Fall,3801.0,671,NORTH,4B1A,21950(a),"21950(a,c)",Driver or bicyclist to yield right-of-way at crosswalks,BB,Vehicle-Pedestrian,20903,2,1,57649,1
28251,40244,3314395.0,2007-07-29 08:00:00,2007 July 29,08:00:00,2007,July,Sunday,6:01 am to 10:00 am,8.0,1,Morning,Summer,3801.0,000520,,4B1B,21951,21951,Overtaking vehicles or bicycles stopped for pedestrians,BB,Vehicle-Pedestrian,20904,1,16,57649,6
28252,2253,3597907.0,2008-01-12 17:00:00,2008 January 12,17:00:00,2008,January,Saturday,2:01 pm to 6:00 pm,17.0,1,Evening,Winter,3801.0,001323,H,3H15D,21703,21703,Following too closely prohibited,AA,Vehicle(s) Only Involved,20905,2,33,57658,1
28253,43407,5455765.0,2012-01-05 14:48:00,2012 January 05,14:48:00,2012,January,Thursday,2:01 pm to 6:00 pm,14.0,0,Afternoon,Winter,3801.0,1073,RICHM,4B3B,22450(a),22450(a),Failure to stop at STOP sign,CC,Vehicle-Bicycle,21599,2,1,57621,1
28254,8663,2106297.0,2005-06-15 11:50:00,2005 June 15,11:50:00,2005,June,Wednesday,10:01 am to 2:00 pm,11.0,0,Morning,Summer,3801.0,1029,,,21804(a),"21804(a,b)",Entering highway from alley or driveway,CC,Vehicle-Bicycle,20907,2,2,49203,1
28255,41286,170989724.0,2017-12-07 09:28:00,2017 December 07,09:28:00,2017,December,Thursday,6:01 am to 10:00 am,9.0,0,Morning,Winter,3801.0,,RICHMOND,3G68,21802(a),"21802(a,b)",Violation of right-of-way - entering through highway,CC,Vehicle-Bicycle,10639,2,1,57581,1
28256,56439,210670502.0,2021-10-13 16:08:00,2021 October 13,16:08:00,2021,October,Wednesday,2:01 pm to 6:00 pm,16.0,0,Afternoon,Fall,3801.0,2441,Ingleside,3H15D,21658(a),"21658(a,b)",Lane straddling or failure to use specified lanes,BB,Vehicle-Pedestrian,32559,2,1,57649,1
28257,29362,3342613.0,2007-08-18 15:15:00,2007 August 18,15:15:00,2007,August,Saturday,2:01 pm to 6:00 pm,15.0,1,Afternoon,Summer,3801.0,1792,3E,3CAR,21658(a),"21658(a,b)",Lane straddling or failure to use specified lanes,AA,Vehicle(s) Only Involved,20908,2,2,57557,1
28258,35613,3365285.0,2007-09-10 19:33:00,2007 September 10,19:33:00,2007,September,Monday,6:01 pm to 10:00 pm,19.0,0,Evening,Fall,3801.0,2082,CENTR,4B8H,22350,22350,Unsafe speed for prevailing conditions,AA,Vehicle(s) Only Involved,20909,2,3,57584,4
28259,21573,140174143.0,2014-02-28 10:30:00,2014 February 28,10:30:00,2014,February,Friday,10:01 am to 2:00 pm,10.0,0,Morning,Winter,3801.0,127,NORTHERN,3E12C,21950(a),"21950(a,c)",Driver or bicyclist to yield right-of-way at crosswalks,BB,Vehicle-Pedestrian,20910,4,16,57649,1
28260,285,130405532.0,2013-06-06 08:45:00,2013 June 06,08:45:00,2013,June,Thursday,6:01 am to 10:00 am,8.0,0,Morning,Summer,3801.0,1043,INGLESIDE,4B1H,21802(a),"21802(a,b)",Violation of right-of-way - entering through highway,AA,Vehicle(s) Only Involved,20911,1,1,57659,1
28261,15819,160090933.0,2016-01-31 16:24:00,2016 January 31,16:24:00,2016,January,Sunday,2:01 pm to 6:00 pm,16.0,1,Afternoon,Winter,3801.0,2200,TENDERLON,3J11D,21657,21657,Going against one-way traffic patterns,CC,Vehicle-Bicycle,29003,2,1,57581,2
28262,57180,210021290.0,2021-01-10 15:06:00,2021 January 10,15:06:00,2021,January,Sunday,2:01 pm to 6:00 pm,15.0,1,Afternoon,Winter,3801.0,,Mission,3D11C,22350,22350,Unsafe speed for prevailing conditions,AA,Vehicle(s) Only Involved,39876,2,22,57619,1
28263,20981,160807409.0,2016-10-05 18:00:00,2016 October 05,18:00:00,2016,October,Wednesday,2:01 pm to 6:00 pm,18.0,0,Evening,Fall,3801.0,2290,NORTHERN,3E12D,21453(d),21453(d),Red signal - pedestrian responsibilities,AA,Vehicle(s) Only Involved,34610,2,8,57659,1
28264,20878,150379872.0,2015-05-01 19:05:00,2015 May 01,19:05:00,2015,May,Friday,6:01 pm to 10:00 pm,19.0,0,Evening,Spring,3801.0,262,NORTHERN,3E11D,Unknown,Unknown,Unknown,CC,Vehicle-Bicycle,6861,2,9,57502,1
28265,10234,1993452.0,2005-01-10 20:36:00,2005 January 10,20:36:00,2005,January,Monday,6:01 pm to 10:00 pm,20.0,0,Evening,Winter,3801.0,1515,D,4B108,21950(a),"21950(a,c)",Driver or bicyclist to yield right-of-way at crosswalks,BB,Vehicle-Pedestrian,20913,4,46,57649,1
28266,49309,190817484.0,2019-10-28 09:08:00,2019 October 28,09:08:00,2019,October,Monday,6:01 am to 10:00 am,9.0,0,Morning,Fall,3801.0,198,Bayview,3C,22107,22107,Unsafe turn or lane change prohibited,CC,Vehicle-Bicycle,20914,2,2,57633,1
28267,2617,160130783.0,2016-02-13 14:22:00,2016 February 13,14:22:00,2016,February,Saturday,2:01 pm to 6:00 pm,14.0,1,Afternoon,Winter,3801.0,1994,BAYVIEW,4B3B,22450(a),22450(a),Failure to stop at STOP sign,AA,Vehicle(s) Only Involved,20915,2,1,57585,8
28268,47537,190335492.0,2019-05-10 16:12:00,2019 May 10,16:12:00,2019,May,Friday,2:01 pm to 6:00 pm,16.0,0,Afternoon,Spring,3801.0,4067,Mission,,22101(d),22101(d),Violation of a turn prohibition sign,AA,Vehicle(s) Only Involved,13942,2,1,57659,14
28269,22948,130528378.0,2013-06-27 17:21:00,2013 June 27,17:21:00,2013,June,Thursday,2:01 pm to 6:00 pm,17.0,0,Evening,Summer,3801.0,4249,SOUTHERN,B5,22350,22350,Unsafe speed for prevailing conditions,AA,Vehicle(s) Only Involved,20916,2,1,57658,3
28270,45100,2159103.0,2005-07-25 18:10:00,2005 July 25,18:10:00,2005,July,Monday,6:01 pm to 10:00 pm,18.0,0,Evening,Summer,3801.0,000829,,4B61,"21804(a,b)","21804(a,b)",Entering highway from alley or driveway,CC,Vehicle-Bicycle,20917,2,1,57621,1
28271,20390,160567170.0,2016-07-13 21:00:00,2016 July 13,21:00:00,2016,July,Wednesday,6:01 pm to 10:00 pm,21.0,0,Night,Summer,3801.0,193100,NOTHERN,3E00,22101(d),22101(d),Violation of a turn prohibition sign,AA,Vehicle(s) Only Involved,1395,2,3,57660,8
28272,42119,170614090.0,2017-07-26 15:30:00,2017 July 26,15:30:00,2017,July,Wednesday,2:01 pm to 6:00 pm,15.0,0,Afternoon,Summer,3801.0,1994,PARK,4B3E,21460(a),"21460(a,b)",Improper turns over double lines or solid lines to right prohibited,CC,Vehicle-Bicycle,20918,8,2,57581,1
28273,43850,140069061.0,2014-01-24 07:42:00,2014 January 24,07:42:00,2014,January,Friday,6:01 am to 10:00 am,7.0,0,Morning,Winter,3801.0,1882,RICHMOND,3G60,21453(d),21453(d),Red signal - pedestrian responsibilities,BB,Vehicle-Pedestrian,19157,2,1,57622,1
28274,6061,161026270.0,2016-12-14 08:10:00,2016 December 14,08:10:00,2016,December,Wednesday,6:01 am to 10:00 am,8.0,0,Morning,Winter,3801.0,307,MISSION,,Unknown,Unknown,Unknown,CC,Vehicle-Bicycle,20919,1,16,57468,4
28275,38499,3259146.0,2007-06-25 08:35:00,2007 June 25,08:35:00,2007,June,Monday,6:01 am to 10:00 am,8.0,0,Morning,Summer,3801.0,001593,TARA,4B51,22350,22350,Unsafe speed for prevailing conditions,AA,Vehicle(s) Only Involved,20920,2,1,57658,8
28276,54426,200772992.0,2020-12-23 12:45:00,2020 December 23,12:45:00,2020,December,Wednesday,10:01 am to 2:00 pm,12.0,0,Afternoon,Winter,3801.0,995,Ingleside,3H16A,22102,22102,Illegal U-turn in business district,AA,Vehicle(s) Only Involved,20921,2,2,57659,2
28277,32054,140056165.0,2014-01-19 21:33:00,2014 January 19,21:33:00,2014,January,Sunday,6:01 pm to 10:00 pm,21.0,1,Night,Winter,3801.0,1582,NORTHERN,3E16E,23152(a),23152(a-g),Driving under influence of alcohol and/or drugs,AA,Vehicle(s) Only Involved,20922,2,12,57408,1
28278,21797,170723588.0,2017-09-05 07:18:00,2017 September 05,07:18:00,2017,September,Tuesday,6:01 am to 10:00 am,7.0,0,Morning,Fall,3801.0,189,NORTHERN,2,21801(a),"21801(a,b)",Violation of right-of-way - left turn,AA,Vehicle(s) Only Involved,7502,2,1,57659,2