collision_id,unique_id,case_id_pkey,collision_datetime,collision_date,collision_time,accident_year,month,day_of_week,time_cat,hour_of_day,is_weekend,time_of_day,season,juris,officer_id,reporting_district,beat_number,vz_pcf_code,vz_pcf_group,vz_pcf_description,dph_col_grp,dph_col_grp_description,location_id,weather_id,road_id,party_id,severity_id
28469,54768,210150673.0,2021-03-08 15:10:00,2021 March 08,15:10:00,2021,March,Monday,2:01 pm to 6:00 pm,15.0,0,Afternoon,Spring,3801.0,1644,Tenderloin,3J15D,21950(a),"21950(a,c)",Driver or bicyclist to yield right-of-way at crosswalks,BB,Vehicle-Pedestrian,37955,2,23,57649,1
28470,41162,3508180.0,2007-10-31 07:40:00,2007 October 31,07:40:00,2007,October,Wednesday,6:01 am to 10:00 am,7.0,0,Morning,Fall,3801.0,438,,4B3F,21801(a),"21801(a,b)",Violation of right-of-way - left turn,AA,Vehicle(s) Only Involved,21047,2,15,57553,2
28471,30979,130328792.0,2013-04-22 13:58:00,2013 April 22,13:58:00,2013,April,Monday,10:01 am to 2:00 pm,13.0,0,Afternoon,Spring,3801.0,874,PARK,3F61,Unknown,Unknown,Unknown,AA,Vehicle(s) Only Involved,21048,2,2,57255,8
28472,29454,2023895.0,2005-05-03 18:45:00,2005 May 03,18:45:00,2005,May,Tuesday,6:01 pm to 10:00 pm,18.0,0,Evening,Spring,3801.0,307,,4B8E,21801(a),"21801(a,b)",Violation of right-of-way - left turn,AA,Vehicle(s) Only Involved,21049,11,2,57659,1
28473,20453,160080100.0,2016-01-28 08:38:00,2016 January 28,08:38:00,2016,January,Thursday,6:01 am to 10:00 am,8.0,0,Morning,Winter,3801.0,30,NORTHERN,3E1A,Unknown,Unknown,Unknown,BB,Vehicle-Pedestrian,19773,2,1,57649,1
28474,18356,160513452.0,2016-06-24 22:01:00,2016 June 24,22:01:00,2016,June,Friday,10:01 pm to 2:00 am,22.0,0,Night,Summer,3801.0,2204,SOUTHERN,3B12E,21663,21663,Operating vehicle or bicycle on sidewalk prohibited,BB,Vehicle-Pedestrian,21050,2,12,57649,1
28475,44219,170609712.0,2017-07-27 03:26:00,2017 July 27,03:26:00,2017,July,Thursday,2:01 am to 6:00 am,3.0,0,Night,Summer,3801.0,231,RICHMOND,3G15E,22350,22350,Unsafe speed for prevailing conditions,AA,Vehicle(s) Only Involved,21051,9,7,57406,2
28476,19936,3469236.0,2007-11-09 13:16:00,2007 November 09,13:16:00,2007,November,Friday,10:01 am to 2:00 pm,13.0,0,Afternoon,Fall,3801.0,001372,,3F13C,Unknown,Unknown,Unknown,CC,Vehicle-Bicycle,21052,2,1,55448,2
28477,18966,160091436.0,2016-01-31 18:41:00,2016 January 31,18:41:00,2016,January,Sunday,6:01 pm to 10:00 pm,18.0,1,Evening,Winter,3801.0,2214,NORTHERN,3EI4D,Unknown,Unknown,Unknown,BB,Vehicle-Pedestrian,21053,2,12,57525,1
28478,14994,150951931.0,2015-10-31 16:32:00,2015 October 31,16:32:00,2015,October,Saturday,2:01 pm to 6:00 pm,16.0,1,Afternoon,Fall,3801.0,4214,SOUTHERN,4B8A,22106,22106,Unsafe starting or backing on highway,AA,Vehicle(s) Only Involved,21054,1,1,57585,1
28479,21138,3369399.0,2007-08-27 06:46:00,2007 August 27,06:46:00,2007,August,Monday,6:01 am to 10:00 am,6.0,0,Morning,Summer,3801.0,1339,COE,3E12A,22108,22108,Signal required before turning or changing lanes,CC,Vehicle-Bicycle,21055,2,1,57581,4
28480,54541,210065179.0,2021-01-29 16:40:00,2021 January 29,16:40:00,2021,January,Friday,2:01 pm to 6:00 pm,16.0,0,Afternoon,Winter,3801.0,WONG,Taraval,,22450(a),22450(a),Failure to stop at STOP sign,CC,Vehicle-Bicycle,4101,2,16,57621,2
28481,50317,190818460.0,2019-10-29 15:07:00,2019 October 29,15:07:00,2019,October,Tuesday,2:01 pm to 6:00 pm,15.0,0,Afternoon,Fall,3801.0,831,Taraval,3I11D,22107,22107,Unsafe turn or lane change prohibited,AA,Vehicle(s) Only Involved,20126,2,1,57659,1
28482,48429,190726415.0,2019-09-27 22:10:00,2019 September 27,22:10:00,2019,September,Friday,10:01 pm to 2:00 am,22.0,0,Night,Fall,3801.0,2452,Northern,E3,21800(a),21800(a-c),Violation of right-of-way or uncontrolled intersection,CC,Vehicle-Bicycle,21056,2,3,57374,2
28483,21022,160252531.0,2016-03-27 05:28:00,2016 March 27,05:28:00,2016,March,Sunday,2:01 am to 6:00 am,5.0,1,Morning,Spring,3801.0,776,NORTHERN,3E13E,23152(a),23152(a-g),Driving under influence of alcohol and/or drugs,AA,Vehicle(s) Only Involved,16257,2,3,57659,8
28484,6979,140534729.0,2014-06-28 02:31:00,2014 June 28,02:31:00,2014,June,Saturday,2:01 am to 6:00 am,2.0,1,Night,Summer,3801.0,2286,INGLESIDE,H1,23152(a),23152(a-g),Driving under influence of alcohol and/or drugs,AA,Vehicle(s) Only Involved,21057,2,3,57658,2
28485,2200,3553186.0,2007-11-17 14:25:00,2007 November 17,14:25:00,2007,November,Saturday,2:01 pm to 6:00 pm,14.0,1,Afternoon,Fall,3801.0,2175,INGLE,4B5H,22350,22350,Unsafe speed for prevailing conditions,AA,Vehicle(s) Only Involved,21058,1,1,57659,3
28486,43556,130726845.0,2013-08-31 15:30:00,2013 August 31,15:30:00,2013,August,Saturday,2:01 pm to 6:00 pm,15.0,1,Afternoon,Summer,3801.0,177,RICHMOND,3G15D,21801(a),"21801(a,b)",Violation of right-of-way - left turn,AA,Vehicle(s) Only Involved,32171,2,1,57659,2
28487,33809,130436715.0,2013-05-27 13:40:00,2013 May 27,13:40:00,2013,May,Monday,10:01 am to 2:00 pm,13.0,0,Afternoon,Spring,3801.0,1428,CENTRAL,3A60,22100(a),"22100(a,b)",Turn at intersection from wrong position,AA,Vehicle(s) Only Involved,17150,1,1,57660,1
28488,48565,190475026.0,2019-07-01 10:29:00,2019 July 01,10:29:00,2019,July,Monday,10:01 am to 2:00 pm,10.0,0,Morning,Summer,3801.0,2491,Southern,3B14B,22107,22107,Unsafe turn or lane change prohibited,CC,Vehicle-Bicycle,24154,2,1,57655,2
28489,48720,190825164.0,2019-10-31 21:04:00,2019 October 31,21:04:00,2019,October,Thursday,6:01 pm to 10:00 pm,21.0,0,Night,Fall,3801.0,1782,Tenderloin,3J12E,Unknown,Unknown,Unknown,BB,Vehicle-Pedestrian,18329,2,13,57525,1
28490,35088,150656028.0,2015-07-28 10:53:00,2015 July 28,10:53:00,2015,July,Tuesday,10:01 am to 2:00 pm,10.0,0,Morning,Summer,3801.0,1947,NORTHERN,3E6A,21453(a),"21453(a,c)",Red signal - driver or bicyclist responsibilities,AA,Vehicle(s) Only Involved,7822,2,1,57659,1
28491,56208,210443280.0,2021-07-13 20:01:00,2021 July 13,20:01:00,2021,July,Tuesday,6:01 pm to 10:00 pm,20.0,0,Evening,Summer,3801.0,1194,Southern,B2,21453(c),"21453(a,c)",Red signal - driver or bicyclist responsibilities,CC,Vehicle-Bicycle,21060,2,33,57581,1
28492,23148,1997764.0,2005-03-26 12:35:00,2005 March 26,12:35:00,2005,March,Saturday,10:01 am to 2:00 pm,12.0,1,Afternoon,Spring,3801.0,01173,,4B3HN,21453(a),"21453(a,c)",Red signal - driver or bicyclist responsibilities,CC,Vehicle-Bicycle,6733,2,1,57621,1
28493,48358,190685833.0,2019-09-14 02:40:00,2019 September 14,02:40:00,2019,September,Saturday,2:01 am to 6:00 am,2.0,1,Night,Fall,3801.0,#2744,Southern,3B15E,21802(a),"21802(a,b)",Violation of right-of-way - entering through highway,AA,Vehicle(s) Only Involved,21061,2,12,57659,1
28494,44681,3346732.0,2007-08-11 19:26:00,2007 August 11,19:26:00,2007,August,Saturday,6:01 pm to 10:00 pm,19.0,1,Evening,Summer,3801.0,81,LOG,3G3D,21703,21703,Following too closely prohibited,AA,Vehicle(s) Only Involved,21062,2,1,57658,1
28495,15470,150879195.0,2015-10-07 19:03:00,2015 October 07,19:03:00,2015,October,Wednesday,6:01 pm to 10:00 pm,19.0,0,Evening,Fall,3801.0,1994,SOUTHERN,4B4B,21950(a),"21950(a,c)",Driver or bicyclist to yield right-of-way at crosswalks,BB,Vehicle-Pedestrian,21063,2,3,57649,1
28496,48009,190682453.0,2019-09-12 20:47:00,2019 September 12,20:47:00,2019,September,Thursday,6:01 pm to 10:00 pm,20.0,0,Evening,Fall,3801.0,#1709,Tenderloin,1,22107,22107,Unsafe turn or lane change prohibited,CC,Vehicle-Bicycle,21064,2,12,57581,2
28497,47344,190354674.0,2019-05-17 22:19:00,2019 May 17,22:19:00,2019,May,Friday,10:01 pm to 2:00 am,22.0,0,Night,Spring,3801.0,709,Bayview,3C12E,22450(a),22450(a),Failure to stop at STOP sign,AA,Vehicle(s) Only Involved,21065,2,42,57659,8
28498,18230,5742001.0,2012-07-16 17:10:00,2012 July 16,17:10:00,2012,July,Monday,2:01 pm to 6:00 pm,17.0,0,Evening,Summer,9335.0,19202,,015,22350,22350,Unsafe speed for prevailing conditions,AA,Vehicle(s) Only Involved,21066,1,2,57658,1
28499,51173,190425178.0,2019-06-13 10:27:00,2019 June 13,10:27:00,2019,June,Thursday,10:01 am to 2:00 pm,10.0,0,Morning,Summer,3801.0,50,Tenderloin,5,21453(d),21453(d),Red signal - pedestrian responsibilities,BB,Vehicle-Pedestrian,9215,2,1,57622,1
28500,4670,3318088.0,2007-08-01 18:52:00,2007 August 01,18:52:00,2007,August,Wednesday,6:01 pm to 10:00 pm,18.0,0,Evening,Summer,3801.0,002122,H,4B6D,21802(a),"21802(a,b)",Violation of right-of-way - entering through highway,AA,Vehicle(s) Only Involved,26782,1,1,57659,8
28501,48139,190654850.0,2019-09-03 07:50:00,2019 September 03,07:50:00,2019,September,Tuesday,6:01 am to 10:00 am,7.0,0,Morning,Fall,3801.0,1053,Taraval,3I15A,21801(a),"21801(a,b)",Violation of right-of-way - left turn,AA,Vehicle(s) Only Involved,21067,1,2,57659,12
28502,43490,130246291.0,2013-03-25 10:55:00,2013 March 25,10:55:00,2013,March,Monday,10:01 am to 2:00 pm,10.0,0,Morning,Spring,3801.0,191,RICHMOND,4B1G,22350,22350,Unsafe speed for prevailing conditions,AA,Vehicle(s) Only Involved,21068,1,1,57631,2
28503,24907,130215531.0,2013-03-15 08:52:00,2013 March 15,08:52:00,2013,March,Friday,6:01 am to 10:00 am,8.0,0,Morning,Spring,3801.0,915,CO J,3J13A,Unknown,Unknown,Unknown,BB,Vehicle-Pedestrian,16263,3,14,56772,2
28504,47142,190436125.0,2019-06-17 14:35:00,2019 June 17,14:35:00,2019,June,Monday,2:01 pm to 6:00 pm,14.0,0,Afternoon,Summer,3801.0,4039,Central,3E3,21703,21703,Following too closely prohibited,AA,Vehicle(s) Only Involved,21069,2,1,57658,1
28505,57160,210552029.0,2021-08-28 12:57:00,2021 August 28,12:57:00,2021,August,Saturday,10:01 am to 2:00 pm,12.0,1,Afternoon,Summer,3801.0,1362,Richmond,3G3,21703,21703,Following too closely prohibited,AA,Vehicle(s) Only Involved,28918,2,1,57658,1
28506,18051,170321712.0,2017-04-19 18:00:00,2017 April 19,18:00:00,2017,April,Wednesday,2:01 pm to 6:00 pm,18.0,0,Evening,Spring,3801.0,185,MISSION,3D15C,22350,22350,Unsafe speed for prevailing conditions,CC,Vehicle-Bicycle,21071,2,1,57614,2
28507,42850,130669314.0,2013-08-13 08:59:00,2013 August 13,08:59:00,2013,August,Tuesday,6:01 am to 10:00 am,8.0,0,Morning,Summer,3801.0,874,PARK,3F61,Unknown,Unknown,Unknown,AA,Vehicle(s) Only Involved,21072,2,2,57406,1
28508,18085,140193278.0,2014-03-06 15:36:00,2014 March 06,15:36:00,2014,March,Thursday,2:01 pm to 6:00 pm,15.0,0,Afternoon,Spring,3801.0,4297,CO D,3D13C,21804(a),"21804(a,b)",Entering highway from alley or driveway,CC,Vehicle-Bicycle,7051,2,1,57621,1
28509,21424,160251395.0,2016-03-26 18:40:00,2016 March 26,18:40:00,2016,March,Saturday,6:01 pm to 10:00 pm,18.0,1,Evening,Spring,3801.0,2424,TENDERLION,3J13D,Unknown,Unknown,Unknown,CC,Vehicle-Bicycle,23674,2,1,57621,2
28510,55254,210376227.0,2021-06-16 17:52:00,2021 June 16,17:52:00,2021,June,Wednesday,2:01 pm to 6:00 pm,17.0,0,Evening,Summer,3801.0,204,Tenderloin,3J13D,21801(a),"21801(a,b)",Violation of right-of-way - left turn,AA,Vehicle(s) Only Involved,3148,2,1,55136,1
28511,42375,2036471.0,2005-02-15 20:05:00,2005 February 15,20:05:00,2005,February,Tuesday,6:01 pm to 10:00 pm,20.0,0,Evening,Winter,3801.0,447,RICHM,363,Unknown,Unknown,Unknown,AA,Vehicle(s) Only Involved,41106,4,13,57660,14
28512,7250,180701853.0,2018-09-16 11:27:00,2018 September 16,11:27:00,2018,September,Sunday,10:01 am to 2:00 pm,11.0,1,Morning,Fall,3801.0,1377,Ingleside,3H11C,21804(a),"21804(a,b)",Entering highway from alley or driveway,CC,Vehicle-Bicycle,21074,2,2,57581,2
28513,54233,200702397.0,2020-11-20 17:54:00,2020 November 20,17:54:00,2020,November,Friday,2:01 pm to 6:00 pm,17.0,0,Evening,Fall,3801.0,1614,Mission,2 Car,21703,21703,Following too closely prohibited,AA,Vehicle(s) Only Involved,21075,2,12,57658,1
28514,41580,150124514.0,2015-02-10 05:00:00,2015 February 10,05:00:00,2015,February,Tuesday,2:01 am to 6:00 am,5.0,0,Morning,Winter,3801.0,1483,TARAVAL,3 CAR,22350,22350,Unsafe speed for prevailing conditions,AA,Vehicle(s) Only Involved,12244,2,3,57658,1
28515,48052,190668782.0,2019-09-07 21:12:00,2019 September 07,21:12:00,2019,September,Saturday,6:01 pm to 10:00 pm,21.0,1,Night,Fall,3801.0,1336,Northern,E2,23153(f),23153(a-g),Driving under influence causing injury,AA,Vehicle(s) Only Involved,21076,2,3,57654,1
28516,47485,190423025.0,2019-06-12 14:05:00,2019 June 12,14:05:00,2019,June,Wednesday,2:01 pm to 6:00 pm,14.0,0,Afternoon,Summer,3801.0,1237,Taraval,3I15A,21804(a),"21804(a,b)",Entering highway from alley or driveway,AA,Vehicle(s) Only Involved,21077,2,1,57659,2
28517,35173,2425466.0,2005-10-09 18:07:00,2005 October 09,18:07:00,2005,October,Sunday,6:01 pm to 10:00 pm,18.0,1,Evening,Fall,3801.0,224,,5E15D,21703,21703,Following too closely prohibited,AA,Vehicle(s) Only Involved,21078,2,47,57658,2
28518,35742,160262336.0,2016-03-24 16:30:00,2016 March 24,16:30:00,2016,March,Thursday,2:01 pm to 6:00 pm,16.0,0,Afternoon,Spring,3801.0,4691,CENTRAL,3A00,Unknown,Unknown,Unknown,AA,Vehicle(s) Only Involved,7291,3,6,57546,1
28519,54941,210161852.0,2021-03-13 19:00:00,2021 March 13,19:00:00,2021,March,Saturday,6:01 pm to 10:00 pm,19.0,1,Evening,Spring,3801.0,2089,Bayview,3C61,21650,21650,Failure to keep to right side of road,AA,Vehicle(s) Only Involved,21079,2,3,57660,8
28520,50266,190766778.0,2019-10-11 16:20:00,2019 October 11,16:20:00,2019,October,Friday,2:01 pm to 6:00 pm,16.0,0,Afternoon,Fall,3801.0,1075,Central,,21955,21955,Crossing between controlled intersections (Jaywalking),BB,Vehicle-Pedestrian,21080,2,2,57622,1
28521,40527,150790773.0,2015-09-09 08:20:00,2015 September 09,08:20:00,2015,September,Wednesday,6:01 am to 10:00 am,8.0,0,Morning,Fall,3801.0,97,PARK,3F11A,Unknown,Unknown,Unknown,BB,Vehicle-Pedestrian,21081,2,1,57525,1
28522,1677,180044700.0,2018-01-17 16:45:00,2018 January 17,16:45:00,2018,January,Wednesday,2:01 pm to 6:00 pm,16.0,0,Afternoon,Winter,3801.0,,Ingleside,901,23152(a),23152(a-g),Driving under influence of alcohol and/or drugs,AA,Vehicle(s) Only Involved,21082,2,2,57659,3
28523,22123,160569411.0,2016-07-14 16:12:00,2016 July 14,16:12:00,2016,July,Thursday,2:01 pm to 6:00 pm,16.0,0,Afternoon,Summer,3801.0,1042,CO E,3E12D,21453(a),"21453(a,c)",Red signal - driver or bicyclist responsibilities,AA,Vehicle(s) Only Involved,4601,2,1,57659,3
28524,48143,190662659.0,2019-09-05 17:43:00,2019 September 05,17:43:00,2019,September,Thursday,2:01 pm to 6:00 pm,17.0,0,Evening,Fall,3801.0,4312,Southern,,21453(d),21453(d),Red signal - pedestrian responsibilities,BB,Vehicle-Pedestrian,23622,2,1,57622,1
28525,47604,190451662.0,2019-06-22 15:37:00,2019 June 22,15:37:00,2019,June,Saturday,2:01 pm to 6:00 pm,15.0,1,Afternoon,Summer,3801.0,2228,Central,3A11D,22107,22107,Unsafe turn or lane change prohibited,AA,Vehicle(s) Only Involved,21084,2,2,57660,1
28526,17446,3306795.0,2007-07-17 07:06:00,2007 July 17,07:06:00,2007,July,Tuesday,6:01 am to 10:00 am,7.0,0,Morning,Summer,3801.0,1764,MISIO,3D11A,22107,22107,Unsafe turn or lane change prohibited,CC,Vehicle-Bicycle,4253,2,1,57025,1
28527,21109,3553175.0,2007-11-18 17:18:00,2007 November 18,17:18:00,2007,November,Sunday,2:01 pm to 6:00 pm,17.0,1,Evening,Fall,3801.0,001889,NORTH,3E11D,Unknown,Unknown,Unknown,CC,Vehicle-Bicycle,21085,1,15,53918,2
28528,41427,180800869.0,2018-10-22 08:12:00,2018 October 22,08:12:00,2018,October,Monday,6:01 am to 10:00 am,8.0,0,Morning,Fall,3801.0,4333,Taraval,2,21950(a),"21950(a,c)",Driver or bicyclist to yield right-of-way at crosswalks,BB,Vehicle-Pedestrian,21086,3,1,57454,4
28529,56335,210463517.0,2021-07-22 11:45:00,2021 July 22,11:45:00,2021,July,Thursday,10:01 am to 2:00 pm,11.0,0,Morning,Summer,3801.0,82,Mission,3D11C,21703,21703,Following too closely prohibited,AA,Vehicle(s) Only Involved,21087,2,2,57658,1
28530,14642,140479943.0,2014-06-09 14:24:00,2014 June 09,14:24:00,2014,June,Monday,2:01 pm to 6:00 pm,14.0,0,Afternoon,Summer,3801.0,38,SOUTHERN,5,21804(a),"21804(a,b)",Entering highway from alley or driveway,AA,Vehicle(s) Only Involved,21088,2,2,57585,8
28531,49793,190812688.0,2019-10-27 16:50:00,2019 October 27,16:50:00,2019,October,Sunday,2:01 pm to 6:00 pm,16.0,1,Afternoon,Fall,3801.0,556,Southern,Treasure Island,22350,22350,Unsafe speed for prevailing conditions,AA,Vehicle(s) Only Involved,21089,2,2,57659,2
28532,9164,3435580.0,2007-10-10 10:55:00,2007 October 10,10:55:00,2007,October,Wednesday,10:01 am to 2:00 pm,10.0,0,Morning,Fall,3801.0,000274,BAYVI,3C63,21802(a),"21802(a,b)",Violation of right-of-way - entering through highway,AA,Vehicle(s) Only Involved,5594,3,16,57631,1
28533,38998,2310254.0,2005-09-25 22:00:00,2005 September 25,22:00:00,2005,September,Sunday,6:01 pm to 10:00 pm,22.0,1,Night,Fall,3801.0,001324,TARAV,16I,21954(a),21954(a),Pedestrians must yield right-of-way outside of crosswalks,BB,Vehicle-Pedestrian,21090,2,42,57622,2
28534,43924,150983871.0,2015-11-11 14:53:00,2015 November 11,14:53:00,2015,November,Wednesday,2:01 pm to 6:00 pm,14.0,0,Afternoon,Fall,3801.0,1154,RICHMOND,3G5C,21456(b),"21456(a,b)",Pedestrian violation of walk or wait signals,BB,Vehicle-Pedestrian,37235,1,1,57622,1
28535,20327,2232294.0,2005-08-18 18:42:00,2005 August 18,18:42:00,2005,August,Thursday,6:01 pm to 10:00 pm,18.0,0,Evening,Summer,3801.0,246,NORTH,4B7E,22106,22106,Unsafe starting or backing on highway,AA,Vehicle(s) Only Involved,21091,2,15,57659,1
28536,48412,190719909.0,2019-09-25 19:27:00,2019 September 25,19:27:00,2019,September,Wednesday,6:01 pm to 10:00 pm,19.0,0,Evening,Fall,3801.0,1062,Taraval,3I13d,22107,22107,Unsafe turn or lane change prohibited,CC,Vehicle-Bicycle,21092,2,3,57614,1
28537,49785,190791361.0,2019-10-20 15:05:00,2019 October 20,15:05:00,2019,October,Sunday,2:01 pm to 6:00 pm,15.0,1,Afternoon,Fall,3801.0,1398,Traffic,4B4I,23152(f),23152(a-g),Driving under influence of alcohol and/or drugs,AA,Vehicle(s) Only Involved,39834,2,1,57659,1
28538,49928,190823685.0,2019-10-30 22:05:00,2019 October 30,22:05:00,2019,October,Wednesday,10:01 pm to 2:00 am,22.0,0,Night,Fall,3801.0,2365,Northern,,22350,22350,Unsafe speed for prevailing conditions,AA,Vehicle(s) Only Involved,21093,2,3,57658,1
28539,28374,3268212.0,2007-07-11 18:56:00,2007 July 11,18:56:00,2007,July,Wednesday,6:01 pm to 10:00 pm,18.0,0,Evening,Summer,3801.0,1384,3A,4B5E,21453(a),"21453(a,c)",Red signal - driver or bicyclist responsibilities,AA,Vehicle(s) Only Involved,36512,2,1,57659,1
28540,11063,2253576.0,2005-09-05 15:31:00,2005 September 05,15:31:00,2005,September,Monday,2:01 pm to 6:00 pm,15.0,0,Afternoon,Fall,3801.0,002122,SFSUP,4B6D,21955,21955,Crossing between controlled intersections (Jaywalking),BB,Vehicle-Pedestrian,21094,2,2,57622,4
28541,40003,130059834.0,2013-01-22 08:37:00,2013 January 22,08:37:00,2013,January,Tuesday,6:01 am to 10:00 am,8.0,0,Morning,Winter,3801.0,618,TARAVAL,3113A,21950(a),"21950(a,c)",Driver or bicyclist to yield right-of-way at crosswalks,BB,Vehicle-Pedestrian,21095,2,1,57649,2
28542,26254,3250947.0,2007-06-14 06:35:00,2007 June 14,06:35:00,2007,June,Thursday,6:01 am to 10:00 am,6.0,0,Morning,Summer,3801.0,1723,A,,21703,21703,Following too closely prohibited,AA,Vehicle(s) Only Involved,8988,2,1,57658,2
28543,36145,3250954.0,2007-06-24 16:48:00,2007 June 24,16:48:00,2007,June,Sunday,2:01 pm to 6:00 pm,16.0,1,Afternoon,Summer,3801.0,04009,TARAV,3I16D,21802(a),"21802(a,b)",Violation of right-of-way - entering through highway,AA,Vehicle(s) Only Involved,10911,2,1,57659,3
28544,43071,130755474.0,2013-09-09 14:40:00,2013 September 09,14:40:00,2013,September,Monday,2:01 pm to 6:00 pm,14.0,0,Afternoon,Fall,3801.0,191,RICHMOND,4BIG,22350,22350,Unsafe speed for prevailing conditions,CC,Vehicle-Bicycle,21096,2,1,57621,1
28545,4178,3559384.0,2007-12-10 06:40:00,2007 December 10,06:40:00,2007,December,Monday,6:01 am to 10:00 am,6.0,0,Morning,Winter,3801.0,000373,H4,3H62,21703,21703,Following too closely prohibited,AA,Vehicle(s) Only Involved,21097,2,1,57557,1
28546,35789,130069532.0,2013-01-25 10:15:00,2013 January 25,10:15:00,2013,January,Friday,10:01 am to 2:00 pm,10.0,0,Morning,Winter,3801.0,515,A,3A,21703,21703,Following too closely prohibited,AA,Vehicle(s) Only Involved,21098,2,1,57658,1
28547,22930,3267131.0,2007-07-11 11:14:00,2007 July 11,11:14:00,2007,July,Wednesday,10:01 am to 2:00 pm,11.0,0,Morning,Summer,3801.0,001870,SOUTH,3B62,22517,22517,Opening door on traffic side when unsafe,CC,Vehicle-Bicycle,21099,2,2,57390,2
28548,49425,190778745.0,2019-10-16 06:38:00,2019 October 16,06:38:00,2019,October,Wednesday,6:01 am to 10:00 am,6.0,0,Morning,Fall,3801.0,4027,Ingleside,3H16A,21950(a),"21950(a,c)",Driver or bicyclist to yield right-of-way at crosswalks,BB,Vehicle-Pedestrian,21100,2,33,57649,1
28549,35056,2106293.0,2005-06-14 11:30:00,2005 June 14,11:30:00,2005,June,Tuesday,10:01 am to 2:00 pm,11.0,0,Morning,Summer,3801.0,43,,3E63,22350,22350,Unsafe speed for prevailing conditions,AA,Vehicle(s) Only Involved,21101,2,2,57603,5
28550,20539,3164192.0,2007-04-17 19:08:00,2007 April 17,19:08:00,2007,April,Tuesday,6:01 pm to 10:00 pm,19.0,0,Evening,Spring,3801.0,307,SOUTH,4B8E,21801(a),"21801(a,b)",Violation of right-of-way - left turn,AA,Vehicle(s) Only Involved,33344,2,1,57659,1
28551,42980,170201540.0,2017-03-11 14:45:00,2017 March 11,14:45:00,2017,March,Saturday,2:01 pm to 6:00 pm,14.0,1,Afternoon,Spring,3801.0,2105,RICHMOND,3G12C,21950(a),"21950(a,c)",Driver or bicyclist to yield right-of-way at crosswalks,BB,Vehicle-Pedestrian,41112,2,1,57649,4
28552,35995,160974042.0,2016-11-30 08:46:00,2016 November 30,08:46:00,2016,November,Wednesday,6:01 am to 10:00 am,8.0,0,Morning,Fall,3801.0,1679,CENTRAL,3A14B,21801(a),"21801(a,b)",Violation of right-of-way - left turn,CC,Vehicle-Bicycle,21102,4,16,55448,2
28553,13998,150796107.0,2015-09-10 21:30:00,2015 September 10,21:30:00,2015,September,Thursday,6:01 pm to 10:00 pm,21.0,0,Night,Fall,3801.0,71,SOUTHERN,4 CAR,22107,22107,Unsafe turn or lane change prohibited,CC,Vehicle-Bicycle,40123,2,12,57614,1
28554,182,1501750608.0,2015-02-27 07:08:00,2015 February 27,07:08:00,2015,February,Friday,6:01 am to 10:00 am,7.0,0,Morning,Winter,3801.0,4119,BAYVIEW,4K5C,22107,22107,Unsafe turn or lane change prohibited,AA,Vehicle(s) Only Involved,21103,2,2,57576,1
28555,56157,210565210.0,2021-09-02 15:40:00,2021 September 02,15:40:00,2021,September,Thursday,2:01 pm to 6:00 pm,15.0,0,Afternoon,Fall,3801.0,1784,Tenderloin,3J13D,22106,22106,Unsafe starting or backing on highway,BB,Vehicle-Pedestrian,21104,2,1,57649,1
28556,19865,170066504.0,2017-01-24 16:23:00,2017 January 24,16:23:00,2017,January,Tuesday,2:01 pm to 6:00 pm,16.0,0,Afternoon,Winter,3801.0,1626,PARK,3F61,22107,22107,Unsafe turn or lane change prohibited,AA,Vehicle(s) Only Involved,21105,2,47,57660,1
28557,36331,2099958.0,2005-06-26 02:45:00,2005 June 26,02:45:00,2005,June,Sunday,2:01 am to 6:00 am,2.0,1,Night,Summer,3801.0,815,INGLE,3H13E,Unknown,Unknown,Unknown,AA,Vehicle(s) Only Involved,15399,7,13,57659,18
28558,47953,190624182.0,2019-08-23 13:24:00,2019 August 23,13:24:00,2019,August,Friday,10:01 am to 2:00 pm,13.0,0,Afternoon,Summer,3801.0,217,Central,3A5B,22350,22350,Unsafe speed for prevailing conditions,FF,Bicycle Only,21106,2,24,57556,1
28559,38265,2787160.0,2006-07-06 12:20:00,2006 July 06,12:20:00,2006,July,Thursday,10:01 am to 2:00 pm,12.0,0,Afternoon,Summer,3801.0,1629,,3162,22350,22350,Unsafe speed for prevailing conditions,AA,Vehicle(s) Only Involved,20086,2,1,57569,2
28560,36035,140826560.0,2014-10-01 06:56:00,2014 October 01,06:56:00,2014,October,Wednesday,6:01 am to 10:00 am,6.0,0,Morning,Fall,3801.0,4282,NORTHERN,3E61,21802(b),"21802(a,b)",Violation of right-of-way - entering through highway,CC,Vehicle-Bicycle,20544,2,33,57581,1
28561,8323,140784667.0,2014-09-17 17:36:00,2014 September 17,17:36:00,2014,September,Wednesday,2:01 pm to 6:00 pm,17.0,0,Evening,Fall,3801.0,554,BAYVIEW,4K3E,22350,22350,Unsafe speed for prevailing conditions,AA,Vehicle(s) Only Involved,21107,2,2,57583,2
28562,22730,160007972.0,2016-01-04 03:45:00,2016 January 04,03:45:00,2016,January,Monday,2:01 am to 6:00 am,3.0,0,Night,Winter,3801.0,4276,NORTHERN,3D13E,22350,22350,Unsafe speed for prevailing conditions,AA,Vehicle(s) Only Involved,21108,4,7,57496,1
28563,19946,3253448.0,2007-06-13 11:28:00,2007 June 13,11:28:00,2007,June,Wednesday,10:01 am to 2:00 pm,11.0,0,Morning,Summer,3801.0,1149,COF,4B1D,21801(a),"21801(a,b)",Violation of right-of-way - left turn,CC,Vehicle-Bicycle,17447,2,1,57078,2
28564,6889,3439415.0,2007-10-30 16:00:00,2007 October 30,16:00:00,2007,October,Tuesday,2:01 pm to 6:00 pm,16.0,0,Afternoon,Fall,3801.0,1813,,3H1,22350,22350,Unsafe speed for prevailing conditions,AA,Vehicle(s) Only Involved,21109,2,1,57658,1