collision_id,unique_id,case_id_pkey,collision_datetime,collision_date,collision_time,accident_year,month,day_of_week,time_cat,hour_of_day,is_weekend,time_of_day,season,juris,officer_id,reporting_district,beat_number,vz_pcf_code,vz_pcf_group,vz_pcf_description,dph_col_grp,dph_col_grp_description,location_id,weather_id,road_id,party_id,severity_id
28849,30885,170854826.0,2017-10-19 09:09:00,2017 October 19,09:09:00,2017,October,Thursday,6:01 am to 10:00 am,9.0,0,Morning,Fall,3801.0,377,NORTHERN,3E15A,21950(a),"21950(a,c)",Driver or bicyclist to yield right-of-way at crosswalks,BB,Vehicle-Pedestrian,8592,2,1,56779,1
28850,40262,3496603.0,2007-11-22 17:58:00,2007 November 22,17:58:00,2007,November,Thursday,2:01 pm to 6:00 pm,17.0,0,Evening,Fall,3801.0,1584,TARAV,4B7C,21950(c),"21950(a,c)",Driver or bicyclist to yield right-of-way at crosswalks,BB,Vehicle-Pedestrian,21299,2,12,57522,1
28851,29260,180389249.0,2018-05-25 10:58:00,2018 May 25,10:58:00,2018,May,Friday,10:01 am to 2:00 pm,10.0,0,Morning,Spring,3801.0,4301,Northern,3E43E,22106,22106,Unsafe starting or backing on highway,BB,Vehicle-Pedestrian,21300,2,40,56772,1
28852,30889,3416990.0,2007-09-25 20:21:00,2007 September 25,20:21:00,2007,September,Tuesday,6:01 pm to 10:00 pm,20.0,0,Evening,Fall,3801.0,1926,PARK,4B8B,21950(a),"21950(a,c)",Driver or bicyclist to yield right-of-way at crosswalks,BB,Vehicle-Pedestrian,21301,2,12,57649,1
28853,29887,170773511.0,2017-09-22 04:15:00,2017 September 22,04:15:00,2017,September,Friday,2:01 am to 6:00 am,4.0,0,Night,Fall,3801.0,2091,NORTHERN,3E13E,21453(a),"21453(a,c)",Red signal - driver or bicyclist responsibilities,AA,Vehicle(s) Only Involved,14836,2,3,57659,3
28854,17284,150423388.0,2015-05-15 13:45:00,2015 May 15,13:45:00,2015,May,Friday,10:01 am to 2:00 pm,13.0,0,Afternoon,Spring,3801.0,1614,MISSION,902,21703,21703,Following too closely prohibited,AA,Vehicle(s) Only Involved,5517,2,1,57658,1
28855,11844,4199489.0,2009-04-01 14:50:00,2009 April 01,14:50:00,2009,April,Wednesday,2:01 pm to 6:00 pm,14.0,0,Afternoon,Spring,3801.0,2450,MISSI,0D4,Unknown,Unknown,Unknown,AA,Vehicle(s) Only Involved,21302,2,2,57658,4
28856,43209,1995034.0,2005-02-10 19:05:00,2005 February 10,19:05:00,2005,February,Thursday,6:01 pm to 10:00 pm,19.0,0,Evening,Winter,3801.0,000874,,4B7C,21954(a),21954(a),Pedestrians must yield right-of-way outside of crosswalks,BB,Vehicle-Pedestrian,21303,2,12,56779,1
28857,42563,140174886.0,2014-02-28 15:30:00,2014 February 28,15:30:00,2014,February,Friday,2:01 pm to 6:00 pm,15.0,0,Afternoon,Winter,3801.0,1420,RICHMOND,4K3A,22350,22350,Unsafe speed for prevailing conditions,AA,Vehicle(s) Only Involved,21304,2,2,57607,1
28858,25122,130294466.0,2013-04-10 21:57:00,2013 April 10,21:57:00,2013,April,Wednesday,6:01 pm to 10:00 pm,21.0,0,Night,Spring,3801.0,4272,TENDERLOIN,3J12E,21955,21955,Crossing between controlled intersections (Jaywalking),BB,Vehicle-Pedestrian,21305,2,3,57622,1
28859,12710,3360118.0,2007-08-19 01:28:00,2007 August 19,01:28:00,2007,August,Sunday,10:01 pm to 2:00 am,1.0,1,Night,Summer,3801.0,000443,NORTH,3E11E,21954(a),21954(a),Pedestrians must yield right-of-way outside of crosswalks,BB,Vehicle-Pedestrian,21306,2,12,56446,6
28860,49480,190831133.0,2019-11-03 08:38:00,2019 November 03,08:38:00,2019,November,Sunday,6:01 am to 10:00 am,8.0,1,Morning,Fall,3801.0,2472,Southern,3B43,21657,21657,Going against one-way traffic patterns,AA,Vehicle(s) Only Involved,2628,2,1,57603,14
28861,47428,190399197.0,2019-06-03 17:25:00,2019 June 03,17:25:00,2019,June,Monday,2:01 pm to 6:00 pm,17.0,0,Evening,Summer,3801.0,4314,Richmond,G2,21453(a),"21453(a,c)",Red signal - driver or bicyclist responsibilities,AA,Vehicle(s) Only Involved,21307,1,1,57659,3
28862,47924,190640586.0,2019-08-29 09:00:00,2019 August 29,09:00:00,2019,August,Thursday,6:01 am to 10:00 am,9.0,0,Morning,Summer,3801.0,1325,Tenderloin,3J11A,Unknown,Unknown,Unknown,FF,Bicycle Only,21308,2,40,53854,2
28863,35984,140504807.0,2014-06-18 08:31:00,2014 June 18,08:31:00,2014,June,Wednesday,6:01 am to 10:00 am,8.0,0,Morning,Summer,3801.0,2476,3E,3E29,21802(a),"21802(a,b)",Violation of right-of-way - entering through highway,CC,Vehicle-Bicycle,21309,2,1,57581,1
28864,35897,140781306.0,2014-09-16 15:49:00,2014 September 16,15:49:00,2014,September,Tuesday,2:01 pm to 6:00 pm,15.0,0,Afternoon,Fall,3801.0,769,CENTRAL,3A60,21453(a),"21453(a,c)",Red signal - driver or bicyclist responsibilities,AA,Vehicle(s) Only Involved,18492,2,1,57553,2
28865,54644,210045416.0,2021-01-20 17:15:00,2021 January 20,17:15:00,2021,January,Wednesday,2:01 pm to 6:00 pm,17.0,0,Evening,Winter,3801.0,1574,Southern,,21650.1,21650.1,Bicycle to travel in same direction as vehicles,CC,Vehicle-Bicycle,40209,2,2,56247,1
28866,12982,1996052.0,2005-03-20 13:16:00,2005 March 20,13:16:00,2005,March,Sunday,10:01 am to 2:00 pm,13.0,1,Afternoon,Spring,3801.0,577,PARK,03F,22350,22350,Unsafe speed for prevailing conditions,EE,Bicycle-Parked Car,21311,2,2,51996,1
28867,46585,190085380.0,2019-02-03 16:20:00,2019 February 03,16:20:00,2019,February,Sunday,2:01 pm to 6:00 pm,16.0,1,Afternoon,Winter,3801.0,1052,Richmond,3g3c,21801(a),"21801(a,b)",Violation of right-of-way - left turn,AA,Vehicle(s) Only Involved,21312,2,1,57603,1
28868,8292,3493713.0,2007-11-27 15:13:00,2007 November 27,15:13:00,2007,November,Tuesday,2:01 pm to 6:00 pm,15.0,0,Afternoon,Fall,3801.0,241,C,4B6C,21802(a),"21802(a,b)",Violation of right-of-way - entering through highway,AA,Vehicle(s) Only Involved,21313,2,1,57659,3
28869,47492,190425087.0,2019-06-13 10:00:00,2019 June 13,10:00:00,2019,June,Thursday,6:01 am to 10:00 am,10.0,0,Morning,Summer,3801.0,1950,Richmond,,21703,21703,Following too closely prohibited,AA,Vehicle(s) Only Involved,21314,2,2,57658,2
28870,21586,2106213.0,2005-06-20 09:35:00,2005 June 20,09:35:00,2005,June,Monday,6:01 am to 10:00 am,9.0,0,Morning,Summer,3801.0,43,,3E63,22350,22350,Unsafe speed for prevailing conditions,BB,Vehicle-Pedestrian,16185,2,1,57649,1
28871,23502,130358670.0,2013-05-02 09:58:00,2013 May 02,09:58:00,2013,May,Thursday,6:01 am to 10:00 am,9.0,0,Morning,Spring,3801.0,1794,SOUTHERN,3B60,22107,22107,Unsafe turn or lane change prohibited,CC,Vehicle-Bicycle,21315,2,2,57581,2
28872,48385,190703413.0,2019-09-20 08:01:00,2019 September 20,08:01:00,2019,September,Friday,6:01 am to 10:00 am,8.0,0,Morning,Fall,3801.0,#2039,Taraval,3I13A,21801(a),"21801(a,b)",Violation of right-of-way - left turn,AA,Vehicle(s) Only Involved,21316,2,2,57659,2
28873,4578,3603442.0,2008-01-29 16:09:00,2008 January 29,16:09:00,2008,January,Tuesday,2:01 pm to 6:00 pm,16.0,0,Afternoon,Winter,3801.0,2082,INGLE,4B8H,21950(a),"21950(a,c)",Driver or bicyclist to yield right-of-way at crosswalks,BB,Vehicle-Pedestrian,21317,4,104,57649,2
28874,9623,2848301.0,2006-10-19 11:53:00,2006 October 19,11:53:00,2006,October,Thursday,10:01 am to 2:00 pm,11.0,0,Morning,Fall,3801.0,917,BAYVI,1CAR,22102,22102,Illegal U-turn in business district,AA,Vehicle(s) Only Involved,21318,2,2,57659,2
28875,49064,190746582.0,2019-10-04 17:43:00,2019 October 04,17:43:00,2019,October,Friday,2:01 pm to 6:00 pm,17.0,0,Evening,Fall,3801.0,2064,Mission,3D13D,21802(a),"21802(a,b)",Violation of right-of-way - entering through highway,AA,Vehicle(s) Only Involved,23986,2,2,57659,1
28876,27116,140853701.0,2014-10-09 16:19:00,2014 October 09,16:19:00,2014,October,Thursday,2:01 pm to 6:00 pm,16.0,0,Afternoon,Fall,3801.0,4341,SOUTHERN,3B11D,7.2.13(b),7.2.13(b),Riding a non-motorized user-propelled vehicle in the roadway,BB,Vehicle-Pedestrian,21320,2,1,57622,1
28877,15053,130854913.0,2013-10-09 17:15:00,2013 October 09,17:15:00,2013,October,Wednesday,2:01 pm to 6:00 pm,17.0,0,Evening,Fall,3801.0,2273,,,22350,22350,Unsafe speed for prevailing conditions,AA,Vehicle(s) Only Involved,6910,2,1,57654,1
28878,40478,160089243.0,2016-01-31 02:09:00,2016 January 31,02:09:00,2016,January,Sunday,2:01 am to 6:00 am,2.0,1,Night,Winter,3801.0,1561,TARAVAL,3111E,22450(a),22450(a),Failure to stop at STOP sign,CC,Vehicle-Bicycle,21321,2,12,57621,2
28879,15616,150607247.0,2015-07-12 15:14:00,2015 July 12,15:14:00,2015,July,Sunday,2:01 pm to 6:00 pm,15.0,1,Afternoon,Summer,3801.0,1994,SOUTHERN,4B4B,22350,22350,Unsafe speed for prevailing conditions,AA,Vehicle(s) Only Involved,21322,2,1,57660,14
28880,48397,190711698.0,2019-09-23 08:25:00,2019 September 23,08:25:00,2019,September,Monday,6:01 am to 10:00 am,8.0,0,Morning,Fall,3801.0,2139,Northern,901,22350,22350,Unsafe speed for prevailing conditions,AA,Vehicle(s) Only Involved,21323,2,1,57660,4
28881,41328,160585508.0,2016-07-20 14:14:00,2016 July 20,14:14:00,2016,July,Wednesday,2:01 pm to 6:00 pm,14.0,0,Afternoon,Summer,3801.0,4286,RICHMOND,G1,Unknown,Unknown,Unknown,CC,Vehicle-Bicycle,21324,2,2,57614,2
28882,48148,190674563.0,2019-09-10 16:09:00,2019 September 10,16:09:00,2019,September,Tuesday,2:01 pm to 6:00 pm,16.0,0,Afternoon,Fall,3801.0,1429,Ingleside,3H13A,21755(a),21755(a),Unsafe passing on right shoulder,AA,Vehicle(s) Only Involved,21325,2,2,57137,1
28883,35793,130608215.0,2013-07-24 08:40:00,2013 July 24,08:40:00,2013,July,Wednesday,6:01 am to 10:00 am,8.0,0,Morning,Summer,3801.0,23448,07/14/2013,0840,21752(d),"21752(a,b,d)","Operating left of center - limited view or within 100 feet of bridge, viaduct, tunnel or within 100 feet or when traversing intersection - prohibited",FF,Bicycle Only,9592,2,1,51309,2
28884,2949,2628815.0,2006-03-02 14:15:00,2006 March 02,14:15:00,2006,March,Thursday,2:01 pm to 6:00 pm,14.0,0,Afternoon,Spring,3801.0,000274,BAYVI,3C63,21954(a),21954(a),Pedestrians must yield right-of-way outside of crosswalks,BB,Vehicle-Pedestrian,21326,2,1,41074,2
28885,29412,140407966.0,2014-05-15 17:49:00,2014 May 15,17:49:00,2014,May,Thursday,2:01 pm to 6:00 pm,17.0,0,Evening,Spring,3801.0,685,NORTHERN,3E13D,21453(a),"21453(a,c)",Red signal - driver or bicyclist responsibilities,AA,Vehicle(s) Only Involved,9853,2,1,57659,1
28886,27339,3367220.0,2007-08-27 21:20:00,2007 August 27,21:20:00,2007,August,Monday,6:01 pm to 10:00 pm,21.0,0,Night,Summer,3801.0,832,COA,9A8,21658(a),"21658(a,b)",Lane straddling or failure to use specified lanes,AA,Vehicle(s) Only Involved,21327,2,57,57237,1
28887,44426,140663306.0,2014-08-09 12:01:00,2014 August 09,12:01:00,2014,August,Saturday,10:01 am to 2:00 pm,12.0,1,Afternoon,Summer,3801.0,1608,RICHMOND,3G15A,22450(a),22450(a),Failure to stop at STOP sign,CC,Vehicle-Bicycle,27304,2,2,57621,1
28888,42565,3433615.0,2007-10-09 08:48:00,2007 October 09,08:48:00,2007,October,Tuesday,6:01 am to 10:00 am,8.0,0,Morning,Fall,3801.0,334,,3G2A,21658(a),"21658(a,b)",Lane straddling or failure to use specified lanes,AA,Vehicle(s) Only Involved,21329,1,2,57659,4
28889,23729,140645138.0,2014-08-03 17:42:00,2014 August 03,17:42:00,2014,August,Sunday,2:01 pm to 6:00 pm,17.0,1,Evening,Summer,3801.0,552,3B61,CO B,Unknown,Unknown,Unknown,CC,Vehicle-Bicycle,21330,2,2,57368,1
28890,26250,170327099.0,2017-04-21 13:50:00,2017 April 21,13:50:00,2017,April,Friday,10:01 am to 2:00 pm,13.0,0,Afternoon,Spring,3801.0,2452,CENTRAL,3A60,21800(d),"21800(d)(1,2)",Violation of right-of-way or controlled intersection with inoperative control signals,AA,Vehicle(s) Only Involved,8988,2,30,57636,8
28891,19497,2105982.0,2005-06-12 22:21:00,2005 June 12,22:21:00,2005,June,Sunday,10:01 pm to 2:00 am,22.0,1,Night,Summer,3801.0,307,PARK,4B8E,22350,22350,Unsafe speed for prevailing conditions,CC,Vehicle-Bicycle,21331,2,12,57621,2
28892,24438,170633391.0,2017-08-04 10:51:00,2017 August 04,10:51:00,2017,August,Friday,10:01 am to 2:00 pm,10.0,0,Morning,Summer,3801.0,,TENDERLOIN,3J14A,21453(a),"21453(a,c)",Red signal - driver or bicyclist responsibilities,CC,Vehicle-Bicycle,7529,2,1,57621,2
28893,40997,160249033.0,2016-03-24 19:20:00,2016 March 24,19:20:00,2016,March,Thursday,6:01 pm to 10:00 pm,19.0,0,Evening,Spring,3801.0,1375,CO I,3I13D,22350,22350,Unsafe speed for prevailing conditions,DD,Bicycle-Pedestrian,21332,2,12,55865,2
28894,24552,1996042.0,2005-01-02 16:40:00,2005 January 02,16:40:00,2005,January,Sunday,2:01 pm to 6:00 pm,16.0,1,Afternoon,Winter,3801.0,,TENDE,3J13D,21954(a),21954(a),Pedestrians must yield right-of-way outside of crosswalks,BB,Vehicle-Pedestrian,36505,4,13,57622,1
28895,56645,210728678.0,2021-11-05 18:23:00,2021 November 05,18:23:00,2021,November,Friday,6:01 pm to 10:00 pm,18.0,0,Evening,Fall,3801.0,#334,Bayview,C5,22350,22350,Unsafe speed for prevailing conditions,BB,Vehicle-Pedestrian,21333,2,33,57649,4
28896,56277,210473851.0,2021-07-26 23:20:00,2021 July 26,23:20:00,2021,July,Monday,10:01 pm to 2:00 am,23.0,0,Night,Summer,3801.0,1451,Northern,3E1E,21453(a),"21453(a,c)",Red signal - driver or bicyclist responsibilities,AA,Vehicle(s) Only Involved,24975,2,3,57659,1
28897,17605,2947926.0,2006-12-16 11:24:00,2006 December 16,11:24:00,2006,December,Saturday,10:01 am to 2:00 pm,11.0,1,Morning,Winter,3801.0,000520,MISSI,4BIB,22350,22350,Unsafe speed for prevailing conditions,AA,Vehicle(s) Only Involved,37531,2,1,57658,8
28898,8697,180465673.0,2018-06-23 13:04:00,2018 June 23,13:04:00,2018,June,Saturday,10:01 am to 2:00 pm,13.0,1,Afternoon,Summer,3801.0,1224,Mission,3,21453(a),"21453(a,c)",Red signal - driver or bicyclist responsibilities,AA,Vehicle(s) Only Involved,36868,2,1,57659,1
28899,56542,210672445.0,2021-10-14 13:27:00,2021 October 14,13:27:00,2021,October,Thursday,10:01 am to 2:00 pm,13.0,0,Afternoon,Fall,3801.0,1118,Southern,3B14A,21703,21703,Following too closely prohibited,AA,Vehicle(s) Only Involved,21336,2,2,57658,8
28900,7485,3469247.0,2007-11-02 12:20:00,2007 November 02,12:20:00,2007,November,Friday,10:01 am to 2:00 pm,12.0,0,Afternoon,Fall,3801.0,000500,,3H13A,21703,21703,Following too closely prohibited,AA,Vehicle(s) Only Involved,21337,2,55,57658,1
28901,49357,190792610.0,2019-10-20 23:45:00,2019 October 20,23:45:00,2019,October,Sunday,10:01 pm to 2:00 am,23.0,1,Night,Fall,3801.0,1045,BAYVIEW,C2,21453(a),"21453(a,c)",Red signal - driver or bicyclist responsibilities,AA,Vehicle(s) Only Involved,23707,2,3,57659,1
28902,6043,3400137.0,2007-10-22 08:05:00,2007 October 22,08:05:00,2007,October,Monday,6:01 am to 10:00 am,8.0,0,Morning,Fall,3801.0,740,BAYVI,4B4I,22101(d),22101(d),Violation of a turn prohibition sign,AA,Vehicle(s) Only Involved,21338,2,1,57659,4
28903,2288,1987339.0,2005-02-03 19:09:00,2005 February 03,19:09:00,2005,February,Thursday,6:01 pm to 10:00 pm,19.0,0,Evening,Winter,3801.0,000874,,4B7C,22106,22106,Unsafe starting or backing on highway,BB,Vehicle-Pedestrian,21339,2,12,57459,1
28904,26917,2629266.0,2006-03-31 06:20:00,2006 March 31,06:20:00,2006,March,Friday,6:01 am to 10:00 am,6.0,0,Morning,Spring,3801.0,001870,CENTR,3B62,21955,21955,Crossing between controlled intersections (Jaywalking),BB,Vehicle-Pedestrian,21340,2,1,57622,1
28905,18314,170108526.0,2017-02-07 21:17:00,2017 February 07,21:17:00,2017,February,Tuesday,6:01 pm to 10:00 pm,21.0,0,Night,Winter,3801.0,200,SOUTHERN,3B14D,22107,22107,Unsafe turn or lane change prohibited,CC,Vehicle-Bicycle,40407,2,3,57581,2
28906,86958,240674552.0,2024-10-26 23:32:00,2024 October 26,23:32:00,2024,October,Saturday,10:01 pm to 2:00 am,23.0,1,Night,Fall,3801.0,318,Ingleside,3H5E,21802(a),"21802(a,b)",Violation of right-of-way - entering through highway,AA,Vehicle(s) Only Involved,832,2,79,57659,2
28907,15592,3342605.0,2007-08-17 22:53:00,2007 August 17,22:53:00,2007,August,Friday,10:01 pm to 2:00 am,22.0,0,Night,Summer,3801.0,001077,,3B62,21658(a),"21658(a,b)",Lane straddling or failure to use specified lanes,AA,Vehicle(s) Only Involved,1454,2,3,57659,8
28908,17766,140975048.0,2014-11-17 16:30:00,2014 November 17,16:30:00,2014,November,Monday,2:01 pm to 6:00 pm,16.0,0,Afternoon,Fall,3801.0,1614,MISSION,3D11D,21954(a),21954(a),Pedestrians must yield right-of-way outside of crosswalks,BB,Vehicle-Pedestrian,21341,2,2,57622,2
28909,48151,190680930.0,2019-09-12 12:02:00,2019 September 12,12:02:00,2019,September,Thursday,10:01 am to 2:00 pm,12.0,0,Afternoon,Fall,3801.0,Lara,Mission,3,22107,22107,Unsafe turn or lane change prohibited,CC,Vehicle-Bicycle,21342,2,1,57616,4
28910,47576,190459036.0,2019-06-25 13:09:00,2019 June 25,13:09:00,2019,June,Tuesday,10:01 am to 2:00 pm,13.0,0,Afternoon,Summer,3801.0,1190,Southern,3B14A,21950(a),"21950(a,c)",Driver or bicyclist to yield right-of-way at crosswalks,BB,Vehicle-Pedestrian,21343,2,1,57649,2
28911,56160,210595875.0,2021-09-14 20:05:00,2021 September 14,20:05:00,2021,September,Tuesday,6:01 pm to 10:00 pm,20.0,0,Evening,Fall,3801.0,4314,Richmond,G3,21751,21751,Passing without sufficient clearance,AA,Vehicle(s) Only Involved,21344,1,12,57658,1
28912,48395,190711240.0,2019-09-23 00:10:00,2019 September 23,00:10:00,2019,September,Monday,10:01 pm to 2:00 am,0.0,0,Night,Fall,3801.0,882,Tenderloin,3J11E,22106,22106,Unsafe starting or backing on highway,BB,Vehicle-Pedestrian,21345,2,12,57649,1
28913,28217,130533797.0,2013-06-29 13:36:00,2013 June 29,13:36:00,2013,June,Saturday,10:01 am to 2:00 pm,13.0,1,Afternoon,Summer,3801.0,217,CENTRAL,3A13A,21801(a),"21801(a,b)",Violation of right-of-way - left turn,AA,Vehicle(s) Only Involved,9834,2,1,57659,1
28914,12699,2629267.0,2006-02-24 19:01:00,2006 February 24,19:01:00,2006,February,Friday,6:01 pm to 10:00 pm,19.0,0,Evening,Winter,3801.0,587,MISSI,01D,21453(d),21453(d),Red signal - pedestrian responsibilities,BB,Vehicle-Pedestrian,38354,2,3,57622,1
28915,2309,140784598.0,2014-09-17 16:55:00,2014 September 17,16:55:00,2014,September,Wednesday,2:01 pm to 6:00 pm,16.0,0,Afternoon,Fall,3801.0,144,INGLESIDE,3H27,21804(a),"21804(a,b)",Entering highway from alley or driveway,FF,Bicycle Only,9355,2,27,50912,2
28916,46235,190280637.0,2019-04-20 08:18:00,2019 April 20,08:18:00,2019,April,Saturday,6:01 am to 10:00 am,8.0,1,Morning,Spring,3801.0,HICKS,Northern,3E12A,21453(a),"21453(a,c)",Red signal - driver or bicyclist responsibilities,CC,Vehicle-Bicycle,11206,2,1,57625,1
28917,39881,180688609.0,2018-09-11 16:20:00,2018 September 11,16:20:00,2018,September,Tuesday,2:01 pm to 6:00 pm,16.0,0,Afternoon,Fall,3801.0,4041,Taraval,3I12D,21950(a),"21950(a,c)",Driver or bicyclist to yield right-of-way at crosswalks,BB,Vehicle-Pedestrian,21347,2,1,57649,2
28918,8097,3603368.0,2008-01-29 02:20:00,2008 January 29,02:20:00,2008,January,Tuesday,2:01 am to 6:00 am,2.0,0,Night,Winter,3801.0,A09481,MISSI,3D60,22350,22350,Unsafe speed for prevailing conditions,AA,Vehicle(s) Only Involved,21348,1,12,57496,8
28919,26346,5131765.0,2011-03-17 16:30:00,2011 March 17,16:30:00,2011,March,Thursday,2:01 pm to 6:00 pm,16.0,0,Afternoon,Spring,3801.0,70,A,002,21453(a),"21453(a,c)",Red signal - driver or bicyclist responsibilities,AA,Vehicle(s) Only Involved,17862,2,1,57659,1
28920,16795,170340411.0,2017-04-25 23:05:00,2017 April 25,23:05:00,2017,April,Tuesday,10:01 pm to 2:00 am,23.0,0,Night,Spring,3801.0,425,SOUTHERN,3J1E,7.2.12,7.2.12,"Local ordinance, bicycles prohibited from sidewalk",CC,Vehicle-Bicycle,21349,2,12,57616,1
28921,28809,3253467.0,2007-06-29 22:00:00,2007 June 29,22:00:00,2007,June,Friday,6:01 pm to 10:00 pm,22.0,0,Night,Summer,3801.0,45,NORTH,3E1LE,Unknown,Unknown,Unknown,BB,Vehicle-Pedestrian,21350,2,3,57525,1
28922,47000,190281776.0,2019-04-20 15:59:00,2019 April 20,15:59:00,2019,April,Saturday,2:01 pm to 6:00 pm,15.0,1,Afternoon,Spring,3801.0,4003,Taraval,3I16D,22106,22106,Unsafe starting or backing on highway,AA,Vehicle(s) Only Involved,21351,2,1,57658,1
28923,54348,200745808.0,2020-12-10 16:55:00,2020 December 10,16:55:00,2020,December,Thursday,2:01 pm to 6:00 pm,16.0,0,Afternoon,Winter,3801.0,2740,Mission,D1,22106,22106,Unsafe starting or backing on highway,AA,Vehicle(s) Only Involved,21352,2,12,57584,1
28924,54767,210148634.0,2021-03-07 17:00:00,2021 March 07,17:00:00,2021,March,Sunday,2:01 pm to 6:00 pm,17.0,1,Evening,Spring,3801.0,4314,Richmond,G5,21802(a),"21802(a,b)",Violation of right-of-way - entering through highway,AA,Vehicle(s) Only Involved,21353,1,1,57659,2
28925,49341,190767635.0,2019-10-11 21:40:00,2019 October 11,21:40:00,2019,October,Friday,6:01 pm to 10:00 pm,21.0,0,Night,Fall,3801.0,875,Central,3A15E,21950(a),"21950(a,c)",Driver or bicyclist to yield right-of-way at crosswalks,BB,Vehicle-Pedestrian,21354,2,3,57649,2
28926,54425,200771988.0,2020-12-23 02:16:00,2020 December 23,02:16:00,2020,December,Wednesday,2:01 am to 6:00 am,2.0,0,Night,Winter,3801.0,679,Mission,D4,22107,22107,Unsafe turn or lane change prohibited,AA,Vehicle(s) Only Involved,24349,2,3,57607,4
28927,48068,190696335.0,2019-09-17 21:41:00,2019 September 17,21:41:00,2019,September,Tuesday,6:01 pm to 10:00 pm,21.0,0,Night,Fall,3801.0,2288,Ingleside,3H63,21802(a),"21802(a,b)",Violation of right-of-way - entering through highway,AA,Vehicle(s) Only Involved,1027,2,3,57659,5
28928,56686,210642523.0,2021-10-03 07:44:00,2021 October 03,07:44:00,2021,October,Sunday,6:01 am to 10:00 am,7.0,1,Morning,Fall,3801.0,262,Traffic,4B2G,22106,22106,Unsafe starting or backing on highway,BB,Vehicle-Pedestrian,21356,2,2,57649,2
28929,20456,3253456.0,2007-06-26 10:35:00,2007 June 26,10:35:00,2007,June,Tuesday,10:01 am to 2:00 pm,10.0,0,Morning,Summer,3801.0,1073,NORTH,3E60,21453(a),"21453(a,c)",Red signal - driver or bicyclist responsibilities,AA,Vehicle(s) Only Involved,19773,2,1,57659,1
28930,55564,210310269.0,2021-05-20 13:46:00,2021 May 20,13:46:00,2021,May,Thursday,10:01 am to 2:00 pm,13.0,0,Afternoon,Spring,3801.0,1347,Northern,3,22350,22350,Unsafe speed for prevailing conditions,AA,Vehicle(s) Only Involved,21357,2,44,57654,2
28931,40940,170807217.0,2017-10-03 16:00:00,2017 October 03,16:00:00,2017,October,Tuesday,2:01 pm to 6:00 pm,16.0,0,Afternoon,Fall,3801.0,,TARAVAL,3I16B,21801(a),"21801(a,b)",Violation of right-of-way - left turn,AA,Vehicle(s) Only Involved,38463,2,1,57659,1
28932,45138,2730340.0,2006-07-11 17:13:00,2006 July 11,17:13:00,2006,July,Tuesday,2:01 pm to 6:00 pm,17.0,0,Evening,Summer,3801.0,2082,RICHM,4B8H,Unknown,Unknown,Unknown,BB,Vehicle-Pedestrian,21358,2,2,57566,1
28933,56307,210482824.0,2021-07-30 13:40:00,2021 July 30,13:40:00,2021,July,Friday,10:01 am to 2:00 pm,13.0,0,Afternoon,Summer,3801.0,1306,Central,3A44C,22106,22106,Unsafe starting or backing on highway,BB,Vehicle-Pedestrian,21359,2,43,57649,2
28934,50539,190774549.0,2019-10-14 15:25:00,2019 October 14,15:25:00,2019,October,Monday,2:01 pm to 6:00 pm,15.0,0,Afternoon,Fall,3801.0,34,Traffic,4B4A,22106,22106,Unsafe starting or backing on highway,AA,Vehicle(s) Only Involved,21360,2,2,57128,22
28935,357,160909481.0,2016-11-08 07:43:00,2016 November 08,07:43:00,2016,November,Tuesday,6:01 am to 10:00 am,7.0,0,Morning,Fall,3801.0,2723,INGLESIDE,3H,21658(a),"21658(a,b)",Lane straddling or failure to use specified lanes,AA,Vehicle(s) Only Involved,21361,2,1,57660,2
28936,33558,1995282.0,2005-01-14 19:47:00,2005 January 14,19:47:00,2005,January,Friday,6:01 pm to 10:00 pm,19.0,0,Evening,Winter,3801.0,000520,,4B5B,22107,22107,Unsafe turn or lane change prohibited,AA,Vehicle(s) Only Involved,21362,2,12,57659,1
28937,50297,190799315.0,2019-10-23 08:07:00,2019 October 23,08:07:00,2019,October,Wednesday,6:01 am to 10:00 am,8.0,0,Morning,Fall,3801.0,86,Taraval,3I6A,21453(a),"21453(a,c)",Red signal - driver or bicyclist responsibilities,BB,Vehicle-Pedestrian,21363,2,1,57649,2
28938,5600,2252624.0,2005-09-14 15:50:00,2005 September 14,15:50:00,2005,September,Wednesday,2:01 pm to 6:00 pm,15.0,0,Afternoon,Fall,3801.0,189,BAYVI,4B7H,22350,22350,Unsafe speed for prevailing conditions,AA,Vehicle(s) Only Involved,24802,2,1,57658,1
28939,39797,3342349.0,2007-08-28 17:50:00,2007 August 28,17:50:00,2007,August,Tuesday,2:01 pm to 6:00 pm,17.0,0,Evening,Summer,3801.0,1881,TARAV,3I64,22450(a),22450(a),Failure to stop at STOP sign,CC,Vehicle-Bicycle,21364,2,1,57621,1
28940,54602,210170609.0,2021-03-17 19:40:00,2021 March 17,19:40:00,2021,March,Wednesday,6:01 pm to 10:00 pm,19.0,0,Evening,Spring,3801.0,2163,Northern,3E16D,23152(b),23152(a-g),Driving under influence of alcohol and/or drugs,AA,Vehicle(s) Only Involved,1246,2,3,57659,1
28941,19640,4197178.0,2009-03-19 17:42:00,2009 March 19,17:42:00,2009,March,Thursday,2:01 pm to 6:00 pm,17.0,0,Evening,Spring,3801.0,001028,PARK,3F62,22350,22350,Unsafe speed for prevailing conditions,AA,Vehicle(s) Only Involved,21365,2,1,57607,1