collision_id,unique_id,case_id_pkey,collision_datetime,collision_date,collision_time,accident_year,month,day_of_week,time_cat,hour_of_day,is_weekend,time_of_day,season,juris,officer_id,reporting_district,beat_number,vz_pcf_code,vz_pcf_group,vz_pcf_description,dph_col_grp,dph_col_grp_description,location_id,weather_id,road_id,party_id,severity_id
29226,41584,1992438.0,2005-01-28 20:58:00,2005 January 28,20:58:00,2005,January,Friday,6:01 pm to 10:00 pm,20.0,0,Evening,Winter,3801.0,000829,,4B7B,21802(a),"21802(a,b)",Violation of right-of-way - entering through highway,AA,Vehicle(s) Only Involved,12244,4,13,57659,2
29227,47413,190394153.0,2019-06-01 18:00:00,2019 June 01,18:00:00,2019,June,Saturday,2:01 pm to 6:00 pm,18.0,1,Evening,Summer,3801.0,1937,Park,3F2D,21802(a),"21802(a,b)",Violation of right-of-way - entering through highway,AA,Vehicle(s) Only Involved,21544,2,1,57659,3
29228,49970,190788982.0,2019-10-19 16:18:00,2019 October 19,16:18:00,2019,October,Saturday,2:01 pm to 6:00 pm,16.0,1,Afternoon,Fall,3801.0,1062,Taraval,3I13D,22450(a),22450(a),Failure to stop at STOP sign,AA,Vehicle(s) Only Involved,21545,2,2,57660,1
29229,56696,210656900.0,2021-10-08 16:00:00,2021 October 08,16:00:00,2021,October,Friday,2:01 pm to 6:00 pm,16.0,0,Afternoon,Fall,3801.0,2452,Central,3A13D,22101(d),22101(d),Violating special traffic control markers,CC,Vehicle-Bicycle,21546,2,20,57581,4
29230,54406,200765260.0,2020-12-20 01:27:00,2020 December 20,01:27:00,2020,December,Sunday,10:01 pm to 2:00 am,1.0,1,Night,Winter,3801.0,a24548,Bayview,3C12E,22350,22350,Unsafe speed for prevailing conditions,AA,Vehicle(s) Only Involved,21547,2,12,57603,3
29231,30131,3441461.0,2007-11-11 00:34:00,2007 November 11,00:34:00,2007,November,Sunday,10:01 pm to 2:00 am,0.0,1,Night,Fall,3801.0,000962,,,21451(a),"21451(a,b)",Green signal - driver or bicyclist responsibilities,BB,Vehicle-Pedestrian,26546,4,13,57649,2
29232,28571,2848257.0,2006-10-09 14:32:00,2006 October 09,14:32:00,2006,October,Monday,2:01 pm to 6:00 pm,14.0,0,Afternoon,Fall,3801.0,639,CENTR,3A1C,22350,22350,Unsafe speed for prevailing conditions,CC,Vehicle-Bicycle,21548,2,2,57621,4
29233,1937,3581483.0,2008-01-01 16:00:00,2008 January 01,16:00:00,2008,January,Tuesday,2:01 pm to 6:00 pm,16.0,0,Afternoon,Winter,3801.0,1629,TARAV,3I6,22350,22350,Unsafe speed for prevailing conditions,AA,Vehicle(s) Only Involved,21549,2,2,57654,13
29234,10945,2638373.0,2006-03-21 18:27:00,2006 March 21,18:27:00,2006,March,Tuesday,6:01 pm to 10:00 pm,18.0,0,Evening,Spring,3801.0,002122,D,4B6D,21801(a),"21801(a,b)",Violation of right-of-way - left turn,AA,Vehicle(s) Only Involved,21550,2,3,57659,2
29235,47366,190366259.0,2019-05-22 14:46:00,2019 May 22,14:46:00,2019,May,Wednesday,2:01 pm to 6:00 pm,14.0,0,Afternoon,Spring,3801.0,1557,Southern,3B13A,21657,21657,Going against one-way traffic patterns,AA,Vehicle(s) Only Involved,10766,2,16,57467,2
29236,7968,3463101.0,2007-11-07 07:54:00,2007 November 07,07:54:00,2007,November,Wednesday,6:01 am to 10:00 am,7.0,0,Morning,Fall,3801.0,2226,MISSI,3S61K,21804(a),"21804(a,b)",Entering highway from alley or driveway,AA,Vehicle(s) Only Involved,21551,2,1,57659,1
29237,1034,2183923.0,2005-08-02 15:22:00,2005 August 02,15:22:00,2005,August,Tuesday,2:01 pm to 6:00 pm,15.0,0,Afternoon,Summer,3801.0,373,INGLE,0H5,21802(b),"21802(a,b)",Violation of right-of-way - entering through highway,AA,Vehicle(s) Only Involved,36356,2,2,57659,8
29238,47378,190372626.0,2019-05-24 18:42:00,2019 May 24,18:42:00,2019,May,Friday,6:01 pm to 10:00 pm,18.0,0,Evening,Spring,3801.0,1377,Ingleside,3H11C,22350,22350,Unsafe speed for prevailing conditions,AA,Vehicle(s) Only Involved,21553,2,2,57607,1
29239,47462,190413775.0,2019-06-09 02:02:00,2019 June 09,02:02:00,2019,June,Sunday,2:01 am to 6:00 am,2.0,1,Night,Summer,3801.0,2172,Northern,,21703,21703,Following too closely prohibited,AA,Vehicle(s) Only Involved,11377,2,3,57658,1
29240,41389,180625184.0,2018-08-20 09:20:00,2018 August 20,09:20:00,2018,August,Monday,6:01 am to 10:00 am,9.0,0,Morning,Summer,3801.0,310,Taraval,3I13A,22450(a),22450(a),Failure to stop at STOP sign,AA,Vehicle(s) Only Involved,21554,1,1,57659,8
29241,20359,140364219.0,2014-05-02 15:20:00,2014 May 02,15:20:00,2014,May,Friday,2:01 pm to 6:00 pm,15.0,0,Afternoon,Spring,3801.0,1353,CO E,3E76,Unknown,Unknown,Unknown,AA,Vehicle(s) Only Involved,21555,2,1,57406,1
29242,49316,190830157.0,2019-11-02 20:03:00,2019 November 02,20:03:00,2019,November,Saturday,6:01 pm to 10:00 pm,20.0,1,Evening,Fall,3801.0,4187,Mission,3D13D,24002(a),24002(a),Unlawful to operate unsafe vehicle or bicycle - safety hazard,AA,Vehicle(s) Only Involved,21556,2,12,57658,1
29243,11131,3342431.0,2007-08-24 18:09:00,2007 August 24,18:09:00,2007,August,Friday,6:01 pm to 10:00 pm,18.0,0,Evening,Summer,3801.0,1384,3D,4B5E,21806(a),"21806(a,b)",Failure to yield to emergency vehicle,AA,Vehicle(s) Only Involved,5645,2,1,57659,1
29244,57131,210508527.0,2021-08-10 15:08:00,2021 August 10,15:08:00,2021,August,Tuesday,2:01 pm to 6:00 pm,15.0,0,Afternoon,Summer,3801.0,537,Park,3F11C,22107,22107,Unsafe turn or lane change prohibited,BB,Vehicle-Pedestrian,21557,3,2,57649,2
29245,48354,190684368.0,2019-09-13 15:00:00,2019 September 13,15:00:00,2019,September,Friday,2:01 pm to 6:00 pm,15.0,0,Afternoon,Fall,3801.0,637,Southern,1-Car Sector,22102,22102,Illegal U-turn in business district,AA,Vehicle(s) Only Involved,21558,2,1,57659,3
29246,47139,190431868.0,2019-06-15 21:39:00,2019 June 15,21:39:00,2019,June,Saturday,6:01 pm to 10:00 pm,21.0,1,Night,Summer,3801.0,1514,Mission,,22350,22350,Unsafe speed for prevailing conditions,AA,Vehicle(s) Only Involved,21559,2,3,57658,4
29247,22043,130049675.0,2013-01-18 13:38:00,2013 January 18,13:38:00,2013,January,Friday,10:01 am to 2:00 pm,13.0,0,Afternoon,Winter,3801.0,2260,NORTHERN,3E2C,Unknown,Unknown,Unknown,AA,Vehicle(s) Only Involved,3508,2,19,57585,1
29248,52027,190764045.0,2019-10-10 15:55:00,2019 October 10,15:55:00,2019,October,Thursday,2:01 pm to 6:00 pm,15.0,0,Afternoon,Fall,3801.0,2342,Northern,3E6D,21954(a),21954(a),Pedestrians must yield right-of-way outside of crosswalks,BB,Vehicle-Pedestrian,21560,2,1,57399,1
29249,5564,3433893.0,2007-11-02 13:01:00,2007 November 02,13:01:00,2007,November,Friday,10:01 am to 2:00 pm,13.0,0,Afternoon,Fall,3801.0,00274,,3C63,21802(a),"21802(a,b)",Violation of right-of-way - entering through highway,AA,Vehicle(s) Only Involved,38554,2,23,57659,3
29250,51171,190413907.0,2019-06-09 03:31:00,2019 June 09,03:31:00,2019,June,Sunday,2:01 am to 6:00 am,3.0,1,Night,Summer,3801.0,246,Taraval,Taraval 5,22350,22350,Unsafe speed for prevailing conditions,AA,Vehicle(s) Only Involved,21561,2,291,57576,1
29251,24151,150486364.0,2015-06-03 21:00:00,2015 June 03,21:00:00,2015,June,Wednesday,6:01 pm to 10:00 pm,21.0,0,Night,Summer,3801.0,4294,SOUTHERN,904,22107,22107,Unsafe turn or lane change prohibited,CC,Vehicle-Bicycle,27166,2,3,57614,2
29252,47539,190335630.0,2019-05-10 17:14:00,2019 May 10,17:14:00,2019,May,Friday,2:01 pm to 6:00 pm,17.0,0,Evening,Spring,3801.0,1994,Traffic,4B3G,22350,22350,Unsafe speed for prevailing conditions,AA,Vehicle(s) Only Involved,21562,2,1,57659,4
29253,794,140621508.0,2014-07-26 16:42:00,2014 July 26,16:42:00,2014,July,Saturday,2:01 pm to 6:00 pm,16.0,1,Afternoon,Summer,3801.0,1723,BAYVIEW,3C12D,Unknown,Unknown,Unknown,AA,Vehicle(s) Only Involved,29762,2,1,57659,13
29254,24038,151066418.0,2015-12-09 17:48:00,2015 December 09,17:48:00,2015,December,Wednesday,2:01 pm to 6:00 pm,17.0,0,Evening,Winter,3801.0,1524,,3J13D,22517,22517,Opening door on traffic side when unsafe,AA,Vehicle(s) Only Involved,21563,1,46,57137,1
29255,43633,131083761.0,2013-12-26 12:58:00,2013 December 26,12:58:00,2013,December,Thursday,10:01 am to 2:00 pm,12.0,0,Afternoon,Winter,3801.0,1054,G,4,22350,22350,Unsafe speed for prevailing conditions,AA,Vehicle(s) Only Involved,21564,2,1,57584,1
29256,11507,2099975.0,2005-06-22 21:40:00,2005 June 22,21:40:00,2005,June,Wednesday,6:01 pm to 10:00 pm,21.0,0,Night,Summer,3801.0,1149,COD,4B7D,21453(b),21453(b),Red signal - driver or bicyclist responsibilities with right turn,AA,Vehicle(s) Only Involved,34135,2,3,57237,1
29257,42891,170710698.0,2017-08-31 14:55:00,2017 August 31,14:55:00,2017,August,Thursday,2:01 pm to 6:00 pm,14.0,0,Afternoon,Summer,3801.0,,CO G,3G12C,23152(a),23152(a-g),Driving under influence of alcohol and/or drugs,AA,Vehicle(s) Only Involved,10316,2,1,57658,17
29258,13512,2415149.0,2005-11-14 18:21:00,2005 November 14,18:21:00,2005,November,Monday,6:01 pm to 10:00 pm,18.0,0,Evening,Fall,3801.0,001617,SOUTH,4B6A,22107,22107,Unsafe turn or lane change prohibited,AA,Vehicle(s) Only Involved,21565,2,12,57659,4
29259,30370,150931303.0,2015-10-24 22:55:00,2015 October 24,22:55:00,2015,October,Saturday,10:01 pm to 2:00 am,22.0,1,Night,Fall,3801.0,2146,NORTHERN,3E13E,22107,22107,Unsafe turn or lane change prohibited,CC,Vehicle-Bicycle,26084,2,3,57614,1
29260,29337,3572854.0,2007-11-17 08:30:00,2007 November 17,08:30:00,2007,November,Saturday,6:01 am to 10:00 am,8.0,1,Morning,Fall,3801.0,000779,,3E62,21453(a),"21453(a,c)",Red signal - driver or bicyclist responsibilities,AA,Vehicle(s) Only Involved,11040,1,1,57659,3
29261,49353,190752272.0,2019-10-06 17:53:00,2019 October 06,17:53:00,2019,October,Sunday,2:01 pm to 6:00 pm,17.0,1,Evening,Fall,3801.0,1291,Tenderloin,3J12D,22350,22350,Unsafe speed for prevailing conditions,AA,Vehicle(s) Only Involved,21566,2,1,57584,1
29262,47096,190382089.0,2019-05-28 12:51:00,2019 May 28,12:51:00,2019,May,Tuesday,10:01 am to 2:00 pm,12.0,0,Afternoon,Spring,3801.0,1355,Taraval,3I16B,22350,22350,Unsafe speed for prevailing conditions,AA,Vehicle(s) Only Involved,21567,2,2,56911,2
29263,21233,2015873.0,2005-01-21 17:31:00,2005 January 21,17:31:00,2005,January,Friday,2:01 pm to 6:00 pm,17.0,0,Evening,Winter,3801.0,000829,,4B7B,21456(b),"21456(a,b)",Pedestrian violation of walk or wait signals,BB,Vehicle-Pedestrian,18821,2,3,57622,1
29264,49241,190774533.0,2019-10-14 15:08:00,2019 October 14,15:08:00,2019,October,Monday,2:01 pm to 6:00 pm,15.0,0,Afternoon,Fall,3801.0,2239,Ingleside,3H11C,21801(a),"21801(a,b)",Violation of right-of-way - left turn,AA,Vehicle(s) Only Involved,11192,2,1,57659,8
29265,33169,2657257.0,2006-05-28 03:30:00,2006 May 28,03:30:00,2006,May,Sunday,2:01 am to 6:00 am,3.0,1,Night,Spring,3801.0,1234,CENTR,3A13E,23152(a),23152(a-g),Driving under influence of alcohol and/or drugs,AA,Vehicle(s) Only Involved,21568,2,3,57607,2
29266,22601,3342593.0,2007-08-21 20:55:00,2007 August 21,20:55:00,2007,August,Tuesday,6:01 pm to 10:00 pm,20.0,0,Evening,Summer,3801.0,1608,,3G12E,21954(a),21954(a),Pedestrians must yield right-of-way outside of crosswalks,BB,Vehicle-Pedestrian,21569,2,12,57622,2
29267,54596,210161426.0,2021-03-13 17:03:00,2021 March 13,17:03:00,2021,March,Saturday,2:01 pm to 6:00 pm,17.0,1,Evening,Spring,3801.0,1173,Richmond,901,21954(a),21954(a),Pedestrians must yield right-of-way outside of crosswalks,FF,Bicycle Only,27384,2,2,56662,4
29268,19255,150358359.0,2015-04-24 19:54:00,2015 April 24,19:54:00,2015,April,Friday,6:01 pm to 10:00 pm,19.0,0,Evening,Spring,3801.0,720,PARK,3E11D,22106,22106,Unsafe starting or backing on highway,AA,Vehicle(s) Only Involved,21571,1,3,57659,1
29269,47065,190350042.0,2019-05-14 08:12:00,2019 May 14,08:12:00,2019,May,Tuesday,6:01 am to 10:00 am,8.0,0,Morning,Spring,3801.0,2266,Ingleside,3H11A,21658(a),"21658(a,b)",Lane straddling or failure to use specified lanes,CC,Vehicle-Bicycle,21572,1,2,57614,2
29270,13393,3538909.0,2007-12-21 17:22:00,2007 December 21,17:22:00,2007,December,Friday,2:01 pm to 6:00 pm,17.0,0,Evening,Winter,3801.0,000391,,3D15D,21801(a),"21801(a,b)",Violation of right-of-way - left turn,CC,Vehicle-Bicycle,7387,2,3,57581,1
29271,55330,210408535.0,2021-06-29 18:11:00,2021 June 29,18:11:00,2021,June,Tuesday,6:01 pm to 10:00 pm,18.0,0,Evening,Summer,3801.0,2157,Southern,3,22101(d),22101(d),Violating special traffic control markers,BB,Vehicle-Pedestrian,21573,2,1,57649,1
29272,48323,190663732.0,2019-09-06 07:00:00,2019 September 06,07:00:00,2019,September,Friday,6:01 am to 10:00 am,7.0,0,Morning,Fall,3801.0,306,Bayview,3C11A,21801(a),"21801(a,b)",Violation of right-of-way - left turn,AA,Vehicle(s) Only Involved,21574,1,2,57603,1
29273,45312,160546635.0,2016-07-07 13:32:00,2016 July 07,13:32:00,2016,July,Thursday,10:01 am to 2:00 pm,13.0,0,Afternoon,Summer,3801.0,1766,RICHMOND,4B103,Unknown,Unknown,Unknown,AA,Vehicle(s) Only Involved,21575,8,1,57654,6
29274,513,160377913.0,2016-05-08 16:12:00,2016 May 08,16:12:00,2016,May,Sunday,2:01 pm to 6:00 pm,16.0,1,Afternoon,Spring,3801.0,1518,BAYVIEW,5,22107,22107,Unsafe turn or lane change prohibited,AA,Vehicle(s) Only Involved,24051,2,1,57658,2
29275,2926,3550718.0,2007-12-27 05:46:00,2007 December 27,05:46:00,2007,December,Thursday,2:01 am to 6:00 am,5.0,0,Morning,Winter,3801.0,1734,BAYVI,0C4,21950(a),"21950(a,c)",Driver or bicyclist to yield right-of-way at crosswalks,BB,Vehicle-Pedestrian,21576,2,3,57525,1
29276,19349,3431277.0,2007-10-12 18:04:00,2007 October 12,18:04:00,2007,October,Friday,6:01 pm to 10:00 pm,18.0,0,Evening,Fall,3801.0,1584,PARK,4B7L,21954(a),21954(a),Pedestrians must yield right-of-way outside of crosswalks,BB,Vehicle-Pedestrian,21577,2,2,57622,1
29277,54429,200773774.0,2020-12-23 18:50:00,2020 December 23,18:50:00,2020,December,Wednesday,6:01 pm to 10:00 pm,18.0,0,Evening,Winter,3801.0,1173,Richmond,901,21950(a),"21950(a,c)",Driver or bicyclist to yield right-of-way at crosswalks,BB,Vehicle-Pedestrian,21578,2,3,57622,1
29278,39868,3179483.0,2007-04-13 11:12:00,2007 April 13,11:12:00,2007,April,Friday,10:01 am to 2:00 pm,11.0,0,Morning,Spring,3801.0,2018,TARAV,003,22350,22350,Unsafe speed for prevailing conditions,AA,Vehicle(s) Only Involved,18482,2,1,57557,2
29279,48002,190657995.0,2019-09-04 07:19:00,2019 September 04,07:19:00,2019,September,Wednesday,6:01 am to 10:00 am,7.0,0,Morning,Fall,3801.0,652,Park,NORTHERN,22100(a),"22100(a,b)",Turn at intersection from wrong position,CC,Vehicle-Bicycle,4589,2,1,57581,1
29280,47608,190452789.0,2019-06-22 23:58:00,2019 June 22,23:58:00,2019,June,Saturday,10:01 pm to 2:00 am,23.0,1,Night,Summer,3801.0,2288,Ingleside,3H11E,22107,22107,Unsafe turn or lane change prohibited,AA,Vehicle(s) Only Involved,21579,2,3,57658,3
29281,55318,210399116.0,2021-06-25 21:59:00,2021 June 25,21:59:00,2021,June,Friday,6:01 pm to 10:00 pm,21.0,0,Night,Summer,3801.0,2391,Southern,3B12E,Unknown,Unknown,Unknown,EE,Bicycle-Parked Car,21580,2,12,55115,2
29282,57156,210609056.0,2021-09-20 09:16:00,2021 September 20,09:16:00,2021,September,Monday,6:01 am to 10:00 am,9.0,0,Morning,Fall,3801.0,552,Southern,3B5,21954(a),21954(a),Pedestrians must yield right-of-way outside of crosswalks,BB,Vehicle-Pedestrian,21581,2,2,55446,8
29283,41982,150145021.0,2015-02-17 21:00:00,2015 February 17,21:00:00,2015,February,Tuesday,6:01 pm to 10:00 pm,21.0,0,Night,Winter,3801.0,1045,PARK,2,21955,21955,Crossing between controlled intersections (Jaywalking),BB,Vehicle-Pedestrian,21582,2,12,57622,2
29284,48086,190721631.0,2019-09-26 13:09:00,2019 September 26,13:09:00,2019,September,Thursday,10:01 am to 2:00 pm,13.0,0,Afternoon,Fall,3801.0,1347,Ingleside,5,21453(a),"21453(a,c)",Red signal - driver or bicyclist responsibilities,AA,Vehicle(s) Only Involved,30625,2,1,57659,8
29285,41241,130362091.0,2013-05-03 13:25:00,2013 May 03,13:25:00,2013,May,Friday,10:01 am to 2:00 pm,13.0,0,Afternoon,Spring,3801.0,1054,RICHMOND,4,21801(a),"21801(a,b)",Violation of right-of-way - left turn,AA,Vehicle(s) Only Involved,31861,2,1,57237,2
29286,11682,3439423.0,2007-10-26 10:08:00,2007 October 26,10:08:00,2007,October,Friday,10:01 am to 2:00 pm,10.0,0,Morning,Fall,3801.0,1337,,3F62,21703,21703,Following too closely prohibited,AA,Vehicle(s) Only Involved,21584,2,2,57658,8
29287,20884,150274551.0,2015-03-28 18:04:00,2015 March 28,18:04:00,2015,March,Saturday,6:01 pm to 10:00 pm,18.0,1,Evening,Spring,3801.0,720,NORTHERN,3E12D,22517,22517,Opening door on traffic side when unsafe,CC,Vehicle-Bicycle,21585,2,2,48086,1
29288,55956,210623335.0,2021-09-25 13:20:00,2021 September 25,13:20:00,2021,September,Saturday,10:01 am to 2:00 pm,13.0,1,Afternoon,Fall,3801.0,2147,Northern,6 Car,22350,22350,Unsafe speed for prevailing conditions,AA,Vehicle(s) Only Involved,21586,1,1,47497,2
29289,34391,160663609.0,2016-08-17 07:27:00,2016 August 17,07:27:00,2016,August,Wednesday,6:01 am to 10:00 am,7.0,0,Morning,Summer,3801.0,2451,CENTRAL,3A13A,22107,22107,Unsafe turn or lane change prohibited,CC,Vehicle-Bicycle,21587,1,1,57614,1
29290,32466,2100014.0,2005-06-30 15:25:00,2005 June 30,15:25:00,2005,June,Thursday,2:01 pm to 6:00 pm,15.0,0,Afternoon,Summer,3801.0,990,A,3A1C,21750,21750,Overtaking and passing unsafely,AA,Vehicle(s) Only Involved,21588,2,1,57660,8
29291,57,180230454.0,2018-03-28 11:47:00,2018 March 28,11:47:00,2018,March,Wednesday,10:01 am to 2:00 pm,11.0,0,Morning,Spring,3801.0,,Bayview,3C67,22107,22107,Unsafe turn or lane change prohibited,AA,Vehicle(s) Only Involved,21589,2,2,57607,1
29292,38518,3348650.0,2007-08-22 16:26:00,2007 August 22,16:26:00,2007,August,Wednesday,2:01 pm to 6:00 pm,16.0,0,Afternoon,Summer,3801.0,651,4B5A,00I,21802(a),"21802(a,b)",Violation of right-of-way - entering through highway,AA,Vehicle(s) Only Involved,22591,2,1,57660,2
29293,55510,210270500.0,2021-05-03 12:56:00,2021 May 03,12:56:00,2021,May,Monday,10:01 am to 2:00 pm,12.0,0,Afternoon,Spring,3801.0,392,Mission,3D14A,22106,22106,Unsafe starting or backing on highway,AA,Vehicle(s) Only Involved,21590,2,2,57658,1
29294,47449,190408936.0,2019-06-07 08:53:00,2019 June 07,08:53:00,2019,June,Friday,6:01 am to 10:00 am,8.0,0,Morning,Summer,3801.0,1533,Bayview,3C45,22450(a),22450(a),Failure to stop at STOP sign,BB,Vehicle-Pedestrian,21591,2,1,57649,1
29295,10072,3348037.0,2007-08-16 17:40:00,2007 August 16,17:40:00,2007,August,Thursday,2:01 pm to 6:00 pm,17.0,0,Evening,Summer,3801.0,2145,,4B107,21802(a),"21802(a,b)",Violation of right-of-way - entering through highway,AA,Vehicle(s) Only Involved,6658,2,1,57659,1
29296,42638,140816442.0,2014-09-27 17:42:00,2014 September 27,17:42:00,2014,September,Saturday,2:01 pm to 6:00 pm,17.0,1,Evening,Fall,3801.0,985,RICHMOND,3G60,21951,21951,Overtaking vehicles or bicycles stopped for pedestrians,BB,Vehicle-Pedestrian,21592,2,2,57649,1
29297,33837,140709546.0,2014-08-23 20:20:00,2014 August 23,20:20:00,2014,August,Saturday,6:01 pm to 10:00 pm,20.0,1,Evening,Summer,3801.0,1660,CENTRAL,3A14E,21453(b),21453(b),Red signal - driver or bicyclist responsibilities with right turn,CC,Vehicle-Bicycle,13480,2,33,57581,4
29298,26914,1993499.0,2005-01-10 18:28:00,2005 January 10,18:28:00,2005,January,Monday,6:01 pm to 10:00 pm,18.0,0,Evening,Winter,3801.0,1934,,,21950(a),"21950(a,c)",Driver or bicyclist to yield right-of-way at crosswalks,BB,Vehicle-Pedestrian,21593,4,13,57525,2
29299,47566,190454791.0,2019-06-23 21:42:00,2019 June 23,21:42:00,2019,June,Sunday,6:01 pm to 10:00 pm,21.0,1,Night,Summer,3801.0,276,Northern,3E15E,21950(a),"21950(a,c)",Driver or bicyclist to yield right-of-way at crosswalks,BB,Vehicle-Pedestrian,21594,2,53,57649,2
29300,36150,5388541.0,2011-10-30 01:29:00,2011 October 30,01:29:00,2011,October,Sunday,10:01 pm to 2:00 am,1.0,1,Night,Fall,3801.0,1900,,3116E,22350,22350,Unsafe speed for prevailing conditions,AA,Vehicle(s) Only Involved,10911,2,12,57658,13
29301,45235,3550690.0,2007-12-15 09:09:00,2007 December 15,09:09:00,2007,December,Saturday,6:01 am to 10:00 am,9.0,1,Morning,Winter,3801.0,000334,RICHM,3G2A,22101(d),22101(d),Violation of a turn prohibition sign,AA,Vehicle(s) Only Involved,17522,2,1,57659,1
29302,47978,190690600.0,2019-09-16 01:53:00,2019 September 16,01:53:00,2019,September,Monday,10:01 pm to 2:00 am,1.0,0,Night,Fall,3801.0,1104,Mission,3D13E,22350,22350,Unsafe speed for prevailing conditions,CC,Vehicle-Bicycle,21595,4,7,57633,3
29303,16255,3434163.0,2007-11-01 02:26:00,2007 November 01,02:26:00,2007,November,Thursday,2:01 am to 6:00 am,2.0,0,Night,Fall,3801.0,420,COB,3B12E,23152(a),23152(a-g),Driving under influence of alcohol and/or drugs,AA,Vehicle(s) Only Involved,21596,2,3,57658,8
29304,48729,190759206.0,2019-10-09 06:15:00,2019 October 09,06:15:00,2019,October,Wednesday,6:01 am to 10:00 am,6.0,0,Morning,Fall,3801.0,196,Central,3A11A,21950(a),"21950(a,c)",Driver or bicyclist to yield right-of-way at crosswalks,BB,Vehicle-Pedestrian,21597,2,3,57454,2
29305,15790,3258098.0,2007-07-06 13:15:00,2007 July 06,13:15:00,2007,July,Friday,10:01 am to 2:00 pm,13.0,0,Afternoon,Summer,3801.0,001870,,3B62,21657,21657,Going against one-way traffic patterns,DD,Bicycle-Pedestrian,6101,2,1,57070,1
29306,30940,3253441.0,2007-07-02 02:17:00,2007 July 02,02:17:00,2007,July,Monday,2:01 am to 6:00 am,2.0,0,Night,Summer,3801.0,1176,COF,3F14E,22350,22350,Unsafe speed for prevailing conditions,AA,Vehicle(s) Only Involved,32346,2,3,57569,4
29307,15082,3011335.0,2007-01-13 20:44:00,2007 January 13,20:44:00,2007,January,Saturday,6:01 pm to 10:00 pm,20.0,1,Evening,Winter,3801.0,1149,COB,4B7D,21657,21657,Going against one-way traffic patterns,AA,Vehicle(s) Only Involved,21598,2,3,57603,8
29308,25222,140527489.0,2014-06-25 17:33:00,2014 June 25,17:33:00,2014,June,Wednesday,2:01 pm to 6:00 pm,17.0,0,Evening,Summer,3801.0,2317,SOUTHERN,,21703,21703,Following too closely prohibited,AA,Vehicle(s) Only Involved,35733,8,44,57658,1
29309,43406,170363855.0,2017-05-03 17:23:00,2017 May 03,17:23:00,2017,May,Wednesday,2:01 pm to 6:00 pm,17.0,0,Evening,Spring,3801.0,,G,3,22350,22350,Unsafe speed for prevailing conditions,CC,Vehicle-Bicycle,21599,2,1,57621,4
29310,6023,3365354.0,2007-09-09 17:35:00,2007 September 09,17:35:00,2007,September,Sunday,2:01 pm to 6:00 pm,17.0,1,Evening,Fall,3801.0,1598,BAYVI,,22350,22350,Unsafe speed for prevailing conditions,AA,Vehicle(s) Only Involved,6453,2,23,56833,1
29311,47441,190406667.0,2019-06-06 08:50:00,2019 June 06,08:50:00,2019,June,Thursday,6:01 am to 10:00 am,8.0,0,Morning,Summer,3801.0,1016,Northern,3E1A,22106,22106,Unsafe starting or backing on highway,CC,Vehicle-Bicycle,21600,2,20,57390,1
29312,44845,2106266.0,2005-06-08 08:47:00,2005 June 08,08:47:00,2005,June,Wednesday,6:01 am to 10:00 am,8.0,0,Morning,Summer,3801.0,1480,G,4B2E,21954(a),21954(a),Pedestrians must yield right-of-way outside of crosswalks,BB,Vehicle-Pedestrian,21601,4,4,57622,1
29313,50542,190770848.0,2019-10-13 03:54:00,2019 October 13,03:54:00,2019,October,Sunday,2:01 am to 6:00 am,3.0,1,Night,Fall,3801.0,4347,Taraval,3I11E,22107,22107,Unsafe turn or lane change prohibited,AA,Vehicle(s) Only Involved,21602,2,12,57660,8
29314,16110,170450418.0,2017-06-02 04:06:00,2017 June 02,04:06:00,2017,June,Friday,2:01 am to 6:00 am,4.0,0,Night,Summer,3801.0,2427,SOUTHERN,3B14E,21453(d),21453(d),Red signal - pedestrian responsibilities,BB,Vehicle-Pedestrian,10641,2,3,57622,1
29315,35976,160195191.0,2016-03-07 02:22:00,2016 March 07,02:22:00,2016,March,Monday,2:01 am to 6:00 am,2.0,0,Night,Spring,3801.0,1696,NORTHERN,3E15E,22350,22350,Unsafe speed for prevailing conditions,AA,Vehicle(s) Only Involved,21603,4,13,57659,1
29316,54634,210024404.0,2021-01-11 23:07:00,2021 January 11,23:07:00,2021,January,Monday,10:01 pm to 2:00 am,23.0,0,Night,Winter,3801.0,2124,Tenderloin,3J13E,21950(a),"21950(a,c)",Driver or bicyclist to yield right-of-way at crosswalks,BB,Vehicle-Pedestrian,19684,2,3,57649,1
29317,18483,2059924.0,2005-05-26 18:51:00,2005 May 26,18:51:00,2005,May,Thursday,6:01 pm to 10:00 pm,18.0,0,Evening,Spring,3801.0,674,SOUTH,3B61,21804(a),"21804(a,b)",Entering highway from alley or driveway,AA,Vehicle(s) Only Involved,21604,2,2,57659,8
29318,47987,190708805.0,2019-09-22 01:55:00,2019 September 22,01:55:00,2019,September,Sunday,10:01 pm to 2:00 am,1.0,1,Night,Fall,3801.0,1017,Mission,3D13E,21453(a),"21453(a,c)",Red signal - driver or bicyclist responsibilities,AA,Vehicle(s) Only Involved,21797,2,3,57659,14
29319,55755,210492099.0,2021-08-03 15:31:00,2021 August 03,15:31:00,2021,August,Tuesday,2:01 pm to 6:00 pm,15.0,0,Afternoon,Summer,3801.0,2088,Ingleside,3H12C,22450(a),22450(a),Failure to stop at STOP sign,AA,Vehicle(s) Only Involved,21606,2,1,57659,8