collision_id,unique_id,case_id_pkey,collision_datetime,collision_date,collision_time,accident_year,month,day_of_week,time_cat,hour_of_day,is_weekend,time_of_day,season,juris,officer_id,reporting_district,beat_number,vz_pcf_code,vz_pcf_group,vz_pcf_description,dph_col_grp,dph_col_grp_description,location_id,weather_id,road_id,party_id,severity_id
29509,47594,190448409.0,2019-06-21 09:45:00,2019 June 21,09:45:00,2019,June,Friday,6:01 am to 10:00 am,9.0,0,Morning,Summer,3801.0,2316,Southern,B2,22107,22107,Unsafe turn or lane change prohibited,CC,Vehicle-Bicycle,15479,2,1,57319,2
29510,48737,190775848.0,2019-10-15 07:01:00,2019 October 15,07:01:00,2019,October,Tuesday,6:01 am to 10:00 am,7.0,0,Morning,Fall,3801.0,405,Ingleside,3H60,21950(a),"21950(a,c)",Driver or bicyclist to yield right-of-way at crosswalks,BB,Vehicle-Pedestrian,21736,2,1,57649,2
29511,12740,2379013.0,2005-11-04 16:31:00,2005 November 04,16:31:00,2005,November,Friday,2:01 pm to 6:00 pm,16.0,0,Afternoon,Fall,3801.0,170,,,21955,21955,Crossing between controlled intersections (Jaywalking),BB,Vehicle-Pedestrian,21737,2,2,57622,4
29512,48543,190512985.0,2019-07-15 16:30:00,2019 July 15,16:30:00,2019,July,Monday,2:01 pm to 6:00 pm,16.0,0,Afternoon,Summer,3801.0,Pusung #890,Bayview,Bayview 3,22350,22350,Unsafe speed for prevailing conditions,AA,Vehicle(s) Only Involved,22876,2,1,57658,1
29513,25508,2008203.0,2005-04-04 07:19:00,2005 April 04,07:19:00,2005,April,Monday,6:01 am to 10:00 am,7.0,0,Morning,Spring,3801.0,2044,,4B2B,21453(a),"21453(a,c)",Red signal - driver or bicyclist responsibilities,AA,Vehicle(s) Only Involved,24150,2,1,57585,2
29514,20795,2079291.0,2005-06-06 07:45:00,2005 June 06,07:45:00,2005,June,Monday,6:01 am to 10:00 am,7.0,0,Morning,Summer,3801.0,43,NORTH,3E63,21453(a),"21453(a,c)",Red signal - driver or bicyclist responsibilities,AA,Vehicle(s) Only Involved,21739,11,1,57659,2
29515,48288,190630747.0,2019-08-25 20:23:00,2019 August 25,20:23:00,2019,August,Sunday,6:01 pm to 10:00 pm,20.0,1,Evening,Summer,3801.0,4314,Northern,E2,21453(a),"21453(a,c)",Red signal - driver or bicyclist responsibilities,AA,Vehicle(s) Only Involved,21740,1,3,57659,1
29516,49816,190843332.0,2019-11-07 12:51:00,2019 November 07,12:51:00,2019,November,Thursday,10:01 am to 2:00 pm,12.0,0,Afternoon,Fall,3801.0,244,Northern,3E46C,21453(a),"21453(a,c)",Red signal - driver or bicyclist responsibilities,CC,Vehicle-Bicycle,21056,2,1,56247,2
29517,26673,3441509.0,2007-11-15 17:04:00,2007 November 15,17:04:00,2007,November,Thursday,2:01 pm to 6:00 pm,17.0,0,Evening,Fall,3801.0,001850,,,21456(a),"21456(a,c)",Pedestrian violation of walk or wait signals,CC,Vehicle-Bicycle,21741,2,3,49203,2
29518,41206,2036475.0,2005-02-07 13:25:00,2005 February 07,13:25:00,2005,February,Monday,10:01 am to 2:00 pm,13.0,0,Afternoon,Winter,3801.0,1819,TARAV,4B4H,22350,22350,Unsafe speed for prevailing conditions,AA,Vehicle(s) Only Involved,21742,2,1,57658,1
29519,47439,190403550.0,2019-06-05 09:30:00,2019 June 05,09:30:00,2019,June,Wednesday,6:01 am to 10:00 am,9.0,0,Morning,Summer,3801.0,2023,Park,1,22350,22350,Unsafe speed for prevailing conditions,DD,Bicycle-Pedestrian,21743,2,2,57070,1
29520,14258,3433459.0,2007-11-02 08:13:00,2007 November 02,08:13:00,2007,November,Friday,6:01 am to 10:00 am,8.0,0,Morning,Fall,3801.0,001751,,4B1B,21658(a),"21658(a,b)",Lane straddling or failure to use specified lanes,AA,Vehicle(s) Only Involved,21744,2,1,57659,1
29521,4274,3123228.0,2007-03-23 01:58:00,2007 March 23,01:58:00,2007,March,Friday,10:01 pm to 2:00 am,1.0,0,Night,Spring,3801.0,1196,3H,3H2E,21658(a),"21658(a,b)",Lane straddling or failure to use specified lanes,AA,Vehicle(s) Only Involved,21745,2,12,57584,13
29522,16926,150117967.0,2015-02-07 18:35:00,2015 February 07,18:35:00,2015,February,Saturday,6:01 pm to 10:00 pm,18.0,1,Evening,Winter,3801.0,868,SOUTHERN,4KG8,Unknown,Unknown,Unknown,AA,Vehicle(s) Only Involved,5040,2,3,57659,1
29523,49935,190844170.0,2019-11-07 18:00:00,2019 November 07,18:00:00,2019,November,Thursday,2:01 pm to 6:00 pm,18.0,0,Evening,Fall,3801.0,1888,Richmond,3G,22450(a),22450(a),Failure to stop at STOP sign,AA,Vehicle(s) Only Involved,19104,2,3,57659,1
29524,10664,2637967.0,2006-04-17 20:54:00,2006 April 17,20:54:00,2006,April,Monday,6:01 pm to 10:00 pm,20.0,0,Evening,Spring,3801.0,572,MISSI,,22517,22517,Opening door on traffic side when unsafe,EE,Bicycle-Parked Car,21746,2,57,35681,1
29525,17790,130558206.0,2013-07-07 17:05:00,2013 July 07,17:05:00,2013,July,Sunday,2:01 pm to 6:00 pm,17.0,1,Evening,Summer,3801.0,4333,SOUTHERN,,21650,21650,Failure to keep to right side of road,CC,Vehicle-Bicycle,4598,8,1,57621,1
29526,44154,130344845.0,2013-04-27 15:19:00,2013 April 27,15:19:00,2013,April,Saturday,2:01 pm to 6:00 pm,15.0,1,Afternoon,Spring,3801.0,1036,RICHMOND,3G11D,21751,21751,Passing without sufficient clearance,CC,Vehicle-Bicycle,21747,2,1,57614,2
29527,49944,190876662.0,2019-11-19 17:25:00,2019 November 19,17:25:00,2019,November,Tuesday,2:01 pm to 6:00 pm,17.0,0,Evening,Fall,3801.0,2195,Central,1,22107,22107,Unsafe turn or lane change prohibited,AA,Vehicle(s) Only Involved,21748,2,12,57128,1
29528,19494,170331727.0,2017-04-22 21:54:00,2017 April 22,21:54:00,2017,April,Saturday,6:01 pm to 10:00 pm,21.0,1,Night,Spring,3801.0,2353,NORTHERN,1,22350,22350,Unsafe speed for prevailing conditions,CC,Vehicle-Bicycle,21749,2,12,57614,2
29529,795,150516911.0,2015-06-13 17:30:00,2015 June 13,17:30:00,2015,June,Saturday,2:01 pm to 6:00 pm,17.0,1,Evening,Summer,3801.0,2438,BAYVIEW,4,22450(a),22450(a),Failure to stop at STOP sign,AA,Vehicle(s) Only Involved,29762,2,1,57659,1
29530,22942,160719252.0,2016-09-04 23:45:00,2016 September 04,23:45:00,2016,September,Sunday,10:01 pm to 2:00 am,23.0,1,Night,Fall,3801.0,2343,SOUTHERN,3B62,22350,22350,Unsafe speed for prevailing conditions,AA,Vehicle(s) Only Involved,33420,2,3,57607,8
29531,47452,190409495.0,2019-06-07 11:50:00,2019 June 07,11:50:00,2019,June,Friday,10:01 am to 2:00 pm,11.0,0,Morning,Summer,3801.0,1878,Central,3A13C,21453(a),"21453(a,c)",Red signal - driver or bicyclist responsibilities,AA,Vehicle(s) Only Involved,21750,2,1,57659,1
29532,19024,3336115.0,2007-08-20 06:45:00,2007 August 20,06:45:00,2007,August,Monday,6:01 am to 10:00 am,6.0,0,Morning,Summer,3801.0,1073,PARK,3F60,22106,22106,Unsafe starting or backing on highway,CC,Vehicle-Bicycle,21751,2,2,57639,1
29533,40804,170618127.0,2017-07-30 01:15:00,2017 July 30,01:15:00,2017,July,Sunday,10:01 pm to 2:00 am,1.0,1,Night,Summer,3801.0,2030,TARAVAL,3I11E,22350,22350,Unsafe speed for prevailing conditions,FF,Bicycle Only,4568,9,293,57253,4
29534,30041,3441431.0,2007-11-14 02:05:00,2007 November 14,02:05:00,2007,November,Wednesday,2:01 am to 6:00 am,2.0,0,Night,Fall,3801.0,000302,NORTH,3E13E,21801(a),"21801(a,b)",Violation of right-of-way - left turn,AA,Vehicle(s) Only Involved,2695,2,3,57603,2
29535,9502,3463050.0,2007-11-18 15:48:00,2007 November 18,15:48:00,2007,November,Sunday,2:01 pm to 6:00 pm,15.0,1,Afternoon,Fall,3801.0,1584,BAYVI,4B7L,23153(a),23153(a-g),Driving under influence causing injury,AA,Vehicle(s) Only Involved,21752,2,2,57658,11
29536,86323,240510003.0,2024-08-14 20:54:00,2024 August 14,20:54:00,2024,August,Wednesday,6:01 pm to 10:00 pm,20.0,0,Evening,Summer,3801.0,2214,Southern,3B15D,Unknown,Unknown,Unknown,BB,Vehicle-Pedestrian,40965,2,3,57525,1
29537,36757,2892817.0,2006-11-02 17:50:00,2006 November 02,17:50:00,2006,November,Thursday,2:01 pm to 6:00 pm,17.0,0,Evening,Fall,3801.0,1881,TARAV,313D,21950(a),"21950(a,c)",Driver or bicyclist to yield right-of-way at crosswalks,BB,Vehicle-Pedestrian,21754,4,13,57649,1
29538,57094,210656262.0,2021-10-08 11:02:00,2021 October 08,11:02:00,2021,October,Friday,10:01 am to 2:00 pm,11.0,0,Morning,Fall,3801.0,2202,Ingleside,3H13A,21950(a),"21950(a,c)",Driver or bicyclist to yield right-of-way at crosswalks,BB,Vehicle-Pedestrian,21755,2,1,57649,1
29539,42262,150884514.0,2015-10-09 14:40:00,2015 October 09,14:40:00,2015,October,Friday,2:01 pm to 6:00 pm,14.0,0,Afternoon,Fall,3801.0,1054,RICHMOND,B,Unknown,Unknown,Unknown,AA,Vehicle(s) Only Involved,40839,2,1,56568,2
29540,20980,160801257.0,2016-10-02 17:10:00,2016 October 02,17:10:00,2016,October,Sunday,2:01 pm to 6:00 pm,17.0,1,Evening,Fall,3801.0,685,NORTHERN,3E60,22107,22107,Unsafe turn or lane change prohibited,BB,Vehicle-Pedestrian,34610,2,1,57649,4
29541,21901,3123930.0,2007-03-29 16:00:00,2007 March 29,16:00:00,2007,March,Thursday,2:01 pm to 6:00 pm,16.0,0,Afternoon,Spring,3801.0,000779,NORTH,3E62,21950(a),"21950(a,c)",Driver or bicyclist to yield right-of-way at crosswalks,BB,Vehicle-Pedestrian,9060,2,1,57649,2
29542,11331,3548626.0,2008-01-16 20:25:00,2008 January 16,20:25:00,2008,January,Wednesday,6:01 pm to 10:00 pm,20.0,0,Evening,Winter,3801.0,2240,MISSI,3D1,22517,22517,Opening door on traffic side when unsafe,CC,Vehicle-Bicycle,21756,2,3,57374,1
29543,27606,2310267.0,2005-09-24 21:10:00,2005 September 24,21:10:00,2005,September,Saturday,6:01 pm to 10:00 pm,21.0,1,Night,Fall,3801.0,782,A,A28,21453(a),"21453(a,c)",Red signal - driver or bicyclist responsibilities,AA,Vehicle(s) Only Involved,4536,2,3,57659,8
29544,47361,190363192.0,2019-05-21 12:06:00,2019 May 21,12:06:00,2019,May,Tuesday,10:01 am to 2:00 pm,12.0,0,Afternoon,Spring,3801.0,1385,Ingleside,3H15C,21950(a),"21950(a,c)",Driver or bicyclist to yield right-of-way at crosswalks,BB,Vehicle-Pedestrian,21757,7,16,57454,1
29545,14939,3306834.0,2007-07-19 11:46:00,2007 July 19,11:46:00,2007,July,Thursday,10:01 am to 2:00 pm,11.0,0,Morning,Summer,3801.0,000520,SOUTH,4B1B,22517,22517,Opening door on traffic side when unsafe,EE,Bicycle-Parked Car,21758,2,2,57227,1
29546,14840,3365313.0,2007-09-09 13:01:00,2007 September 09,13:01:00,2007,September,Sunday,10:01 am to 2:00 pm,13.0,1,Afternoon,Fall,3801.0,001870,SOUTH,3B62,21453(a),"21453(a,c)",Red signal - driver or bicyclist responsibilities,CC,Vehicle-Bicycle,21759,2,1,57625,2
29547,47989,190711535.0,2019-09-23 07:58:00,2019 September 23,07:58:00,2019,September,Monday,6:01 am to 10:00 am,7.0,0,Morning,Fall,3801.0,1990,Southern,5 car,21950(a),"21950(a,c)",Driver or bicyclist to yield right-of-way at crosswalks,BB,Vehicle-Pedestrian,21760,1,1,57649,1
29548,55750,210560771.0,2021-09-01 00:53:00,2021 September 01,00:53:00,2021,September,Wednesday,10:01 pm to 2:00 am,0.0,0,Night,Fall,3801.0,390,Central,5,22107,22107,Unsafe turn or lane change prohibited,AA,Vehicle(s) Only Involved,21761,1,3,57660,8
29549,22722,161010966.0,2016-12-13 13:20:00,2016 December 13,13:20:00,2016,December,Tuesday,10:01 am to 2:00 pm,13.0,0,Afternoon,Winter,3801.0,172,NORTHERN,3E12A,21954(a),21954(a),Pedestrians must yield right-of-way outside of crosswalks,BB,Vehicle-Pedestrian,33253,1,16,57622,3
29550,34945,3346729.0,2007-08-13 17:50:00,2007 August 13,17:50:00,2007,August,Monday,2:01 pm to 6:00 pm,17.0,0,Evening,Summer,3801.0,767,NORTH,3E15D,21755(a),21755(a),Unsafe passing on right shoulder,CC,Vehicle-Bicycle,21762,2,2,57621,1
29551,50333,190832971.0,2019-11-03 21:24:00,2019 November 03,21:24:00,2019,November,Sunday,6:01 pm to 10:00 pm,21.0,1,Night,Fall,3801.0,4314,Richmond,G2,Other than driver,Not Stated,Unknown,AA,Vehicle(s) Only Involved,21763,2,215,57653,2
29552,16324,3538785.0,2007-12-18 17:02:00,2007 December 18,17:02:00,2007,December,Tuesday,2:01 pm to 6:00 pm,17.0,0,Evening,Winter,3801.0,246,SOUTH,4B6G,21950(a),"21950(a,c)",Driver or bicyclist to yield right-of-way at crosswalks,BB,Vehicle-Pedestrian,21764,2,3,57649,1
29553,36311,170504504.0,2017-06-21 04:19:00,2017 June 21,04:19:00,2017,June,Wednesday,2:01 am to 6:00 am,4.0,0,Night,Summer,3801.0,,TARAVAL,315E,22350,22350,Unsafe speed for prevailing conditions,AA,Vehicle(s) Only Involved,21765,2,12,57576,2
29554,55358,210259043.0,2021-04-28 02:00:00,2021 April 28,02:00:00,2021,April,Wednesday,10:01 pm to 2:00 am,2.0,0,Night,Spring,3801.0,1451,Northern,3E14E,21956(a),21956(a),Pedestrian on roadway prohibited,BB,Vehicle-Pedestrian,36545,2,21,57622,1
29555,19646,2774959.0,2006-07-29 02:47:00,2006 July 29,02:47:00,2006,July,Saturday,2:01 am to 6:00 am,2.0,1,Night,Summer,3801.0,4085,PARK,3F13E,21801(a),"21801(a,b)",Violation of right-of-way - left turn,AA,Vehicle(s) Only Involved,31531,9,3,57237,1
29556,29227,3259150.0,2007-06-20 14:20:00,2007 June 20,14:20:00,2007,June,Wednesday,2:01 pm to 6:00 pm,14.0,0,Afternoon,Summer,3801.0,000779,NORTH,3E62,21453(a),"21453(a,c)",Red signal - driver or bicyclist responsibilities,AA,Vehicle(s) Only Involved,21767,2,1,57659,11
29557,41406,141008793.0,2014-11-29 11:40:00,2014 November 29,11:40:00,2014,November,Saturday,10:01 am to 2:00 pm,11.0,1,Morning,Fall,3801.0,4096,PARK,4K6F,22350,22350,Unsafe speed for prevailing conditions,AA,Vehicle(s) Only Involved,21206,1,1,57658,8
29558,48710,190863891.0,2019-11-14 22:30:00,2019 November 14,22:30:00,2019,November,Thursday,10:01 pm to 2:00 am,22.0,0,Night,Fall,3801.0,1250,Central,3A11E,21950(a),"21950(a,c)",Driver or bicyclist to yield right-of-way at crosswalks,BB,Vehicle-Pedestrian,21768,2,3,57649,1
29559,47069,190353604.0,2019-05-17 14:10:00,2019 May 17,14:10:00,2019,May,Friday,2:01 pm to 6:00 pm,14.0,0,Afternoon,Spring,3801.0,1917,Taraval,3I16A,22350,22350,Unsafe speed for prevailing conditions,AA,Vehicle(s) Only Involved,21769,2,1,57658,14
29560,55758,210501844.0,2021-08-07 18:05:00,2021 August 07,18:05:00,2021,August,Saturday,6:01 pm to 10:00 pm,18.0,1,Evening,Summer,3801.0,4175,Traffic,Souter 2car,Unknown,Unknown,Unknown,CC,Vehicle-Bicycle,21770,2,1,55448,4
29561,19825,130083190.0,2013-01-29 20:43:00,2013 January 29,20:43:00,2013,January,Tuesday,6:01 pm to 10:00 pm,20.0,0,Evening,Winter,3801.0,1666,PARK,3-CAR,22350,22350,Unsafe speed for prevailing conditions,CC,Vehicle-Bicycle,40704,2,3,57621,2
29562,27336,3359299.0,2007-09-07 13:59:00,2007 September 07,13:59:00,2007,September,Friday,10:01 am to 2:00 pm,13.0,0,Afternoon,Fall,3801.0,832,,,21804(a),"21804(a,b)",Entering highway from alley or driveway,AA,Vehicle(s) Only Involved,21771,2,8,57659,1
29563,47090,190376333.0,2019-05-27 07:28:00,2019 May 27,07:28:00,2019,May,Monday,6:01 am to 10:00 am,7.0,0,Morning,Spring,3801.0,1944,Ingleside,3,22350,22350,Unsafe speed for prevailing conditions,AA,Vehicle(s) Only Involved,21772,12,2,57475,1
29564,55312,210392756.0,2021-06-23 13:16:00,2021 June 23,13:16:00,2021,June,Wednesday,10:01 am to 2:00 pm,13.0,0,Afternoon,Summer,3801.0,826,Bayview,3C,21658(a),"21658(a,b)",Lane straddling or failure to use specified lanes,AA,Vehicle(s) Only Involved,21773,2,2,57660,1
29565,42601,180514662.0,2018-07-11 15:22:00,2018 July 11,15:22:00,2018,July,Wednesday,2:01 pm to 6:00 pm,15.0,0,Afternoon,Summer,3801.0,2719,Richmond,2,21703,21703,Following too closely prohibited,AA,Vehicle(s) Only Involved,21774,2,1,57658,8
29566,17045,1997817.0,2005-02-15 09:15:00,2005 February 15,09:15:00,2005,February,Tuesday,6:01 am to 10:00 am,9.0,0,Morning,Winter,3801.0,1736,J,4B4J,21456(b),"21456(a,b)",Pedestrian violation of walk or wait signals,BB,Vehicle-Pedestrian,20272,4,16,57622,1
29567,56348,210481484.0,2021-07-29 23:35:00,2021 July 29,23:35:00,2021,July,Thursday,10:01 pm to 2:00 am,23.0,0,Night,Summer,3801.0,1371,Northern,2,21950(b),21950(b),Pedestrian suddenly entering into vehicle path close enough to create an immediate hazard,BB,Vehicle-Pedestrian,21775,2,12,57280,2
29568,43255,2008177.0,2005-04-08 17:44:00,2005 April 08,17:44:00,2005,April,Friday,2:01 pm to 6:00 pm,17.0,0,Evening,Spring,3801.0,659,G,0G2,22350,22350,Unsafe speed for prevailing conditions,AA,Vehicle(s) Only Involved,21776,12,2,57654,2
29569,48427,190726352.0,2019-09-27 22:51:00,2019 September 27,22:51:00,2019,September,Friday,10:01 pm to 2:00 am,22.0,0,Night,Fall,3801.0,PARRA,Southern,3B11E,22107,22107,Unsafe turn or lane change prohibited,AA,Vehicle(s) Only Involved,25048,2,21,57659,1
29570,55331,210409618.0,2021-06-30 09:50:00,2021 June 30,09:50:00,2021,June,Wednesday,6:01 am to 10:00 am,9.0,0,Morning,Summer,3801.0,1342,Northern,3E4A,21950(a),"21950(a,c)",Driver or bicyclist to yield right-of-way at crosswalks,BB,Vehicle-Pedestrian,21778,2,23,57649,1
29571,54778,210159249.0,2021-03-12 16:22:00,2021 March 12,16:22:00,2021,March,Friday,2:01 pm to 6:00 pm,16.0,0,Afternoon,Spring,3801.0,335,Taraval,3I16D,22517,22517,Opening door on traffic side when unsafe,CC,Vehicle-Bicycle,21779,2,30,57390,2
29572,6280,160769069.0,2016-09-22 10:47:00,2016 September 22,10:47:00,2016,September,Thursday,10:01 am to 2:00 pm,10.0,0,Morning,Fall,3801.0,585,INGLESIDE,3H1A,22106,22106,Unsafe starting or backing on highway,AA,Vehicle(s) Only Involved,21780,2,40,57653,2
29573,11977,160730537.0,2016-09-08 18:26:00,2016 September 08,18:26:00,2016,September,Thursday,6:01 pm to 10:00 pm,18.0,0,Evening,Fall,3801.0,1019,MISSION,3D11D,21209(a),21209(a),Motor vehicle in bicycle lane prohibited,CC,Vehicle-Bicycle,21781,2,2,57390,2
29574,11356,3309821.0,2007-07-29 23:20:00,2007 July 29,23:20:00,2007,July,Sunday,10:01 pm to 2:00 am,23.0,1,Night,Summer,3801.0,1651,CD,3D11E,21650,21650,Failure to keep to right side of road,CC,Vehicle-Bicycle,14005,2,12,57616,1
29575,40114,3550480.0,2007-12-09 15:09:00,2007 December 09,15:09:00,2007,December,Sunday,2:01 pm to 6:00 pm,15.0,1,Afternoon,Winter,3801.0,1279,TSRAV,4B61,22350,22350,Unsafe speed for prevailing conditions,AA,Vehicle(s) Only Involved,21782,2,2,57658,8
29576,4187,2022670.0,2005-05-05 17:10:00,2005 May 05,17:10:00,2005,May,Thursday,2:01 pm to 6:00 pm,17.0,0,Evening,Spring,3801.0,2042,INGLE,3H60,Unknown,Unknown,Unknown,AA,Vehicle(s) Only Involved,21783,2,2,57555,4
29577,8552,150175595.0,2015-02-26 06:48:00,2015 February 26,06:48:00,2015,February,Thursday,6:01 am to 10:00 am,6.0,0,Morning,Winter,3801.0,354,MISSION,6,Unknown,Unknown,Unknown,BB,Vehicle-Pedestrian,21784,2,2,57280,1
29578,57068,210725953.0,2021-11-04 19:30:00,2021 November 04,19:30:00,2021,November,Thursday,6:01 pm to 10:00 pm,19.0,0,Evening,Fall,3801.0,2705,Bayview,3C61,21658(a),"21658(a,b)",Lane straddling or failure to use specified lanes,AA,Vehicle(s) Only Involved,21785,2,12,57660,1
29579,43658,150394353.0,2015-05-06 16:14:00,2015 May 06,16:14:00,2015,May,Wednesday,2:01 pm to 6:00 pm,16.0,0,Afternoon,Spring,3801.0,465,RICHMOND,3G14D,21955,21955,Crossing between controlled intersections (Jaywalking),BB,Vehicle-Pedestrian,21786,2,1,57280,4
29580,33820,140624574.0,2014-07-27 21:33:00,2014 July 27,21:33:00,2014,July,Sunday,6:01 pm to 10:00 pm,21.0,1,Night,Summer,3801.0,4239,SAN FRANCI,901,22450(a),22450(a),Failure to stop at STOP sign,AA,Vehicle(s) Only Involved,22522,2,3,57659,5
29581,56385,210652011.0,2021-10-06 20:20:00,2021 October 06,20:20:00,2021,October,Wednesday,6:01 pm to 10:00 pm,20.0,0,Evening,Fall,3801.0,1740,Central,3A14D,22107,22107,Unsafe turn or lane change prohibited,AA,Vehicle(s) Only Involved,21787,3,12,57659,1
29582,48357,190684960.0,2019-09-13 19:31:00,2019 September 13,19:31:00,2019,September,Friday,6:01 pm to 10:00 pm,19.0,0,Evening,Fall,3801.0,2200,Northern,2,21703,21703,Following too closely prohibited,AA,Vehicle(s) Only Involved,21788,2,33,57658,8
29583,40675,160737016.0,2016-09-11 04:02:00,2016 September 11,04:02:00,2016,September,Sunday,2:01 am to 6:00 am,4.0,1,Night,Fall,3801.0,4347,TARAVAL,3I11E,22350,22350,Unsafe speed for prevailing conditions,AA,Vehicle(s) Only Involved,21789,2,3,57496,2
29584,20730,160331997.0,2016-04-22 12:30:00,2016 April 22,12:30:00,2016,April,Friday,10:01 am to 2:00 pm,12.0,0,Afternoon,Spring,3801.0,1784,PARK,3F13D,21703,21703,Following too closely prohibited,AA,Vehicle(s) Only Involved,5622,4,16,57658,1
29585,39931,3064087.0,2007-03-03 18:58:00,2007 March 03,18:58:00,2007,March,Saturday,6:01 pm to 10:00 pm,18.0,1,Evening,Spring,3801.0,1993,TARAV,3113D,Unknown,Unknown,Unknown,AA,Vehicle(s) Only Involved,18629,2,3,57658,1
29586,28647,3306841.0,2007-07-20 10:20:00,2007 July 20,10:20:00,2007,July,Friday,10:01 am to 2:00 pm,10.0,0,Morning,Summer,3801.0,1055,COA,,21950(a),"21950(a,c)",Driver or bicyclist to yield right-of-way at crosswalks,BB,Vehicle-Pedestrian,21790,3,6,57532,1
29587,1565,3250908.0,2007-06-18 07:55:00,2007 June 18,07:55:00,2007,June,Monday,6:01 am to 10:00 am,7.0,0,Morning,Summer,3801.0,17,INGLE,3H3,22450(a),22450(a),Failure to stop at STOP sign,AA,Vehicle(s) Only Involved,21791,2,1,57659,1
29588,47598,190374462.0,2019-05-25 12:55:00,2019 May 25,12:55:00,2019,May,Saturday,10:01 am to 2:00 pm,12.0,1,Afternoon,Spring,3801.0,132,Traffic,4B3F,22106,22106,Unsafe starting or backing on highway,BB,Vehicle-Pedestrian,19684,2,1,57649,1
29589,29999,2018757.0,2005-07-16 10:54:00,2005 July 16,10:54:00,2005,July,Saturday,10:01 am to 2:00 pm,10.0,1,Morning,Summer,3801.0,000779,,3E62,Unknown,Unknown,Unknown,AA,Vehicle(s) Only Involved,21792,2,2,57654,6
29590,41415,5394670.0,2011-10-16 17:09:00,2011 October 16,17:09:00,2011,October,Sunday,2:01 pm to 6:00 pm,17.0,1,Evening,Fall,3801.0,177,,,22350,22350,Unsafe speed for prevailing conditions,AA,Vehicle(s) Only Involved,21793,2,8,56835,4
29591,23690,180121897.0,2018-02-12 15:30:00,2018 February 12,15:30:00,2018,February,Monday,2:01 pm to 6:00 pm,15.0,0,Afternoon,Winter,3801.0,276,Southern,3D13D,22517,22517,Opening door on traffic side when unsafe,CC,Vehicle-Bicycle,21794,2,1,57390,2
29592,56083,210581943.0,2021-09-09 13:20:00,2021 September 09,13:20:00,2021,September,Thursday,10:01 am to 2:00 pm,13.0,0,Afternoon,Fall,3801.0,2337,Ingleside,3H12C,22450(a),22450(a),Failure to stop at STOP sign,AA,Vehicle(s) Only Involved,21795,2,2,57659,1
29593,21013,171027412.0,2017-12-20 14:19:00,2017 December 20,14:19:00,2017,December,Wednesday,2:01 pm to 6:00 pm,14.0,0,Afternoon,Winter,3801.0,244,NORTHERN,3E11C,22350,22350,Unsafe speed for prevailing conditions,AA,Vehicle(s) Only Involved,21796,2,1,57658,1
29594,47367,190366481.0,2019-05-22 16:14:00,2019 May 22,16:14:00,2019,May,Wednesday,2:01 pm to 6:00 pm,16.0,0,Afternoon,Spring,3801.0,629,Southern,3B44,21650.1,21650.1,Bicycle to travel in same direction as vehicles,CC,Vehicle-Bicycle,108,2,1,57621,2
29595,49351,190845388.0,2019-11-08 09:19:00,2019 November 08,09:19:00,2019,November,Friday,6:01 am to 10:00 am,9.0,0,Morning,Fall,3801.0,2190,Mission,3D11A,21451(a),"21451(a,b)",Green signal - driver or bicyclist responsibilities,CC,Vehicle-Bicycle,21797,2,1,57633,1
29596,27741,130552060.0,2013-07-05 11:40:00,2013 July 05,11:40:00,2013,July,Friday,10:01 am to 2:00 pm,11.0,0,Morning,Summer,3801.0,0041,CENTRAL,,21703,21703,Following too closely prohibited,AA,Vehicle(s) Only Involved,21798,8,2,57658,1
29597,50674,190797115.0,2019-10-22 12:34:00,2019 October 22,12:34:00,2019,October,Tuesday,10:01 am to 2:00 pm,12.0,0,Afternoon,Fall,3801.0,2441,Southern,3B15C,21453(a),"21453(a,c)",Red signal - driver or bicyclist responsibilities,AA,Vehicle(s) Only Involved,25968,2,1,57659,1
29598,547,2232333.0,2005-08-26 18:15:00,2005 August 26,18:15:00,2005,August,Friday,6:01 pm to 10:00 pm,18.0,0,Evening,Summer,3801.0,001481,COF,3F62,22350,22350,Unsafe speed for prevailing conditions,AA,Vehicle(s) Only Involved,21800,2,15,57658,1
29599,44237,160388653.0,2016-05-12 14:15:00,2016 May 12,14:15:00,2016,May,Thursday,2:01 pm to 6:00 pm,14.0,0,Afternoon,Spring,3801.0,4286,RICHMOND,G5,21802(a),"21802(a,b)",Violation of right-of-way - entering through highway,AA,Vehicle(s) Only Involved,16972,2,1,57659,2
29600,47490,190425736.0,2019-06-13 14:13:00,2019 June 13,14:13:00,2019,June,Thursday,2:01 pm to 6:00 pm,14.0,0,Afternoon,Summer,3801.0,2262,Bayview,5 car,21456(b),"21456(a,b)",Pedestrian violation of walk or wait signals,BB,Vehicle-Pedestrian,21801,2,1,57622,1
29601,8077,3268884.0,2007-07-14 00:41:00,2007 July 14,00:41:00,2007,July,Saturday,10:01 pm to 2:00 am,0.0,1,Night,Summer,3801.0,2013,COD,3D13E,Unknown,Unknown,Unknown,BB,Vehicle-Pedestrian,21802,2,12,57525,1
29602,44171,130633206.0,2013-08-01 08:58:00,2013 August 01,08:58:00,2013,August,Thursday,6:01 am to 10:00 am,8.0,0,Morning,Summer,3801.0,191,RICHMOND,4B4G,21950(a),"21950(a,c)",Driver or bicyclist to yield right-of-way at crosswalks,BB,Vehicle-Pedestrian,21803,1,1,57649,1
29603,28007,3309806.0,2007-07-23 16:33:00,2007 July 23,16:33:00,2007,July,Monday,2:01 pm to 6:00 pm,16.0,0,Afternoon,Summer,3801.0,821,,4B8F,21954(a),21954(a),Pedestrians must yield right-of-way outside of crosswalks,BB,Vehicle-Pedestrian,21804,2,2,57622,1