collision_id,unique_id,case_id_pkey,collision_datetime,collision_date,collision_time,accident_year,month,day_of_week,time_cat,hour_of_day,is_weekend,time_of_day,season,juris,officer_id,reporting_district,beat_number,vz_pcf_code,vz_pcf_group,vz_pcf_description,dph_col_grp,dph_col_grp_description,location_id,weather_id,road_id,party_id,severity_id
29699,21711,170779763.0,2017-09-24 08:35:00,2017 September 24,08:35:00,2017,September,Sunday,6:01 am to 10:00 am,8.0,1,Morning,Fall,3801.0,4023,NOTHERN,3E13A,22350,22350,Unsafe speed for prevailing conditions,AA,Vehicle(s) Only Involved,39469,2,1,57659,18
29700,43449,2112192.0,2005-07-06 18:28:00,2005 July 06,18:28:00,2005,July,Wednesday,6:01 pm to 10:00 pm,18.0,0,Evening,Summer,3801.0,659,RICHM,0G3,22350,22350,Unsafe speed for prevailing conditions,AA,Vehicle(s) Only Involved,21872,12,1,57237,14
29701,47562,190453408.0,2019-06-23 10:30:00,2019 June 23,10:30:00,2019,June,Sunday,10:01 am to 2:00 pm,10.0,1,Morning,Summer,3801.0,1605,Northern,,Other than driver,Not Stated,Unknown,FF,Bicycle Only,21873,2,1,57524,1
29702,86505,240565951.0,2024-09-08 17:20:00,2024 September 08,17:20:00,2024,September,Sunday,2:01 pm to 6:00 pm,17.0,1,Evening,Fall,3801.0,2441,Ingleside,3H13D,22107,22107,Unsafe turn or lane change prohibited,AA,Vehicle(s) Only Involved,21874,2,2,57660,1
29703,29416,2081839.0,2005-06-07 07:30:00,2005 June 07,07:30:00,2005,June,Tuesday,6:01 am to 10:00 am,7.0,0,Morning,Summer,3801.0,43,,3E63,21801(a),"21801(a,b)",Violation of right-of-way - left turn,CC,Vehicle-Bicycle,9853,21,1,57390,2
29704,54931,210100769.0,2021-02-13 20:41:00,2021 February 13,20:41:00,2021,February,Saturday,6:01 pm to 10:00 pm,20.0,1,Evening,Winter,3801.0,2239,Ingleside,3H11D,21801(a),"21801(a,b)",Violation of right-of-way - left turn,AA,Vehicle(s) Only Involved,2967,2,3,57659,1
29705,50352,190860477.0,2019-11-13 17:55:00,2019 November 13,17:55:00,2019,November,Wednesday,2:01 pm to 6:00 pm,17.0,0,Evening,Fall,3801.0,4118,Ingleside,3H16D,22107,22107,Unsafe turn or lane change prohibited,AA,Vehicle(s) Only Involved,21875,2,3,57584,2
29706,41335,180888611.0,2018-11-24 11:15:00,2018 November 24,11:15:00,2018,November,Saturday,10:01 am to 2:00 pm,11.0,1,Morning,Fall,3801.0,1052,Ingleside,3G3C,22350,22350,Unsafe speed for prevailing conditions,AA,Vehicle(s) Only Involved,21876,2,1,57658,11
29707,57014,210862884.0,2021-12-30 12:33:00,2021 December 30,12:33:00,2021,December,Thursday,10:01 am to 2:00 pm,12.0,0,Afternoon,Winter,3801.0,504,Northern,3E41C,22107,22107,Unsafe turn or lane change prohibited,CC,Vehicle-Bicycle,4534,2,1,57581,1
29708,38381,2237370.0,2005-09-01 20:31:00,2005 September 01,20:31:00,2005,September,Thursday,6:01 pm to 10:00 pm,20.0,0,Evening,Fall,3801.0,4009,TARAV,3I16D,"21802(a,b)","21802(a,b)",Violation of right-of-way - entering through highway,AA,Vehicle(s) Only Involved,5695,2,3,57659,1
29709,9222,150729807.0,2015-08-21 07:36:00,2015 August 21,07:36:00,2015,August,Friday,6:01 am to 10:00 am,7.0,0,Morning,Summer,3801.0,1994,BAYVIEW,4B4B,21802(a),"21802(a,b)",Violation of right-of-way - entering through highway,AA,Vehicle(s) Only Involved,21877,2,2,57659,8
29710,24591,2187360.0,2005-08-13 20:45:00,2005 August 13,20:45:00,2005,August,Saturday,6:01 pm to 10:00 pm,20.0,1,Evening,Summer,3801.0,1384,3J,4B7G,Unknown,Unknown,Unknown,CC,Vehicle-Bicycle,11866,2,1,57468,2
29711,57115,210064068.0,2021-01-29 09:20:00,2021 January 29,09:20:00,2021,January,Friday,6:01 am to 10:00 am,9.0,0,Morning,Winter,3801.0,2019,Bayview,2,21703,21703,Following too closely prohibited,AA,Vehicle(s) Only Involved,21878,2,1,57237,1
29712,47355,190358632.0,2019-05-19 17:58:00,2019 May 19,17:58:00,2019,May,Sunday,2:01 pm to 6:00 pm,17.0,1,Evening,Spring,3801.0,643,Taraval,3I13D,22106,22106,Unsafe starting or backing on highway,AA,Vehicle(s) Only Involved,21879,1,16,57237,3
29713,47118,190404752.0,2019-06-05 15:51:00,2019 June 05,15:51:00,2019,June,Wednesday,2:01 pm to 6:00 pm,15.0,0,Afternoon,Summer,3801.0,2161,Mission,3D16C,21703,21703,Following too closely prohibited,AA,Vehicle(s) Only Involved,21880,2,8,57658,1
29714,1661,1997714.0,2005-02-14 22:34:00,2005 February 14,22:34:00,2005,February,Monday,10:01 pm to 2:00 am,22.0,0,Night,Winter,3801.0,188,,,Unknown,Unknown,Unknown,AA,Vehicle(s) Only Involved,21881,4,7,57603,1
29715,50612,190825465.0,2019-10-31 22:24:00,2019 October 31,22:24:00,2019,October,Thursday,10:01 pm to 2:00 am,22.0,0,Night,Fall,3801.0,4043,Central,4,22350,22350,Unsafe speed for prevailing conditions,AA,Vehicle(s) Only Involved,23380,2,3,57654,1
29716,54323,200736835.0,2020-12-07 03:55:00,2020 December 07,03:55:00,2020,December,Monday,2:01 am to 6:00 am,3.0,0,Night,Winter,3801.0,2210,Taraval,I2,22350,22350,Unsafe speed for prevailing conditions,AA,Vehicle(s) Only Involved,21882,2,79,57607,4
29717,41775,140174795.0,2014-02-28 14:40:00,2014 February 28,14:40:00,2014,February,Friday,2:01 pm to 6:00 pm,14.0,0,Afternoon,Winter,3801.0,251,RICHMOND,3G61,Unknown,Unknown,Unknown,AA,Vehicle(s) Only Involved,21883,4,4,57631,1
29718,15815,1997772.0,2005-03-17 11:39:00,2005 March 17,11:39:00,2005,March,Thursday,10:01 am to 2:00 pm,11.0,0,Morning,Spring,3801.0,1870,,3B62,21955,21955,Crossing between controlled intersections (Jaywalking),BB,Vehicle-Pedestrian,21884,2,2,57622,1
29719,3455,3268184.0,2007-07-12 08:12:00,2007 July 12,08:12:00,2007,July,Thursday,6:01 am to 10:00 am,8.0,0,Morning,Summer,3801.0,000274,BV,3C63,22350,22350,Unsafe speed for prevailing conditions,AA,Vehicle(s) Only Involved,21885,2,1,57658,1
29720,15003,141018338.0,2014-12-02 19:18:00,2014 December 02,19:18:00,2014,December,Tuesday,6:01 pm to 10:00 pm,19.0,0,Evening,Winter,3801.0,4341,SOUTHERN,3B12D,21453(a),"21453(a,c)",Red signal - driver or bicyclist responsibilities,CC,Vehicle-Bicycle,7242,4,13,57621,1
29721,11611,2425455.0,2005-12-30 16:12:00,2005 December 30,16:12:00,2005,December,Friday,2:01 pm to 6:00 pm,16.0,0,Afternoon,Winter,3801.0,1975,MISSI,0D1,22350,22350,Unsafe speed for prevailing conditions,AA,Vehicle(s) Only Involved,21886,20,4,57569,1
29722,50579,190857822.0,2019-11-12 19:46:00,2019 November 12,19:46:00,2019,November,Tuesday,6:01 pm to 10:00 pm,19.0,0,Evening,Fall,3801.0,887,Southern,B3,21703,21703,Following too closely prohibited,AA,Vehicle(s) Only Involved,21887,2,3,57658,1
29723,35360,3348005.0,2007-08-17 12:20:00,2007 August 17,12:20:00,2007,August,Friday,10:01 am to 2:00 pm,12.0,0,Afternoon,Summer,3801.0,000714,,4B3E,21801(a),"21801(a,b)",Violation of right-of-way - left turn,AA,Vehicle(s) Only Involved,31036,2,1,57659,3
29724,44124,140145241.0,2014-02-18 17:14:00,2014 February 18,17:14:00,2014,February,Tuesday,2:01 pm to 6:00 pm,17.0,0,Evening,Winter,3801.0,868,RICHMOND,4B5G,22350,22350,Unsafe speed for prevailing conditions,AA,Vehicle(s) Only Involved,21888,8,2,57607,6
29725,15690,3497469.0,2007-11-24 20:31:00,2007 November 24,20:31:00,2007,November,Saturday,6:01 pm to 10:00 pm,20.0,1,Evening,Fall,3801.0,1253,SOUTH,3B112,21453(a),"21453(a,c)",Red signal - driver or bicyclist responsibilities,AA,Vehicle(s) Only Involved,7993,2,3,57659,1
29726,56184,210434637.0,2021-07-10 12:00:00,2021 July 10,12:00:00,2021,July,Saturday,10:01 am to 2:00 pm,12.0,1,Afternoon,Summer,3801.0,859,Tenderloin,3J,22107,22107,Unsafe turn or lane change prohibited,FF,Bicycle Only,21889,2,1,55213,2
29727,22453,170704873.0,2017-08-29 16:05:00,2017 August 29,16:05:00,2017,August,Tuesday,2:01 pm to 6:00 pm,16.0,0,Afternoon,Summer,3801.0,905,PARK,3F11C,21703,21703,Following too closely prohibited,AA,Vehicle(s) Only Involved,22082,2,1,57658,1
29728,35602,3819049.0,2008-06-26 15:50:00,2008 June 26,15:50:00,2008,June,Thursday,2:01 pm to 6:00 pm,15.0,0,Afternoon,Summer,3801.0,767,E,3E15D,21755(a),21755(a),Unsafe passing on right shoulder,AA,Vehicle(s) Only Involved,21890,2,2,57660,2
29729,8690,2008298.0,2005-03-22 10:45:00,2005 March 22,10:45:00,2005,March,Tuesday,10:01 am to 2:00 pm,10.0,0,Morning,Spring,3801.0,000920,,4B2A,22350,22350,Unsafe speed for prevailing conditions,AA,Vehicle(s) Only Involved,21891,4,4,57654,1
29730,21192,3381731.0,2007-09-12 21:44:00,2007 September 12,21:44:00,2007,September,Wednesday,6:01 pm to 10:00 pm,21.0,0,Night,Fall,3801.0,000302,NORTH,3E11E,21801(a),"21801(a,b)",Violation of right-of-way - left turn,CC,Vehicle-Bicycle,12697,2,3,57581,1
29731,64,150526794.0,2015-06-16 19:10:00,2015 June 16,19:10:00,2015,June,Tuesday,6:01 pm to 10:00 pm,19.0,0,Evening,Summer,3801.0,1114,BAYVIEW,3C62,Unknown,Unknown,Unknown,AA,Vehicle(s) Only Involved,21892,2,2,57607,1
29732,48190,190706633.0,2019-09-21 08:35:00,2019 September 21,08:35:00,2019,September,Saturday,6:01 am to 10:00 am,8.0,1,Morning,Fall,3801.0,126,Richmond,3G12A,21801(a),"21801(a,b)",Violation of right-of-way - left turn,CC,Vehicle-Bicycle,21893,2,1,57374,2
29733,43882,130852945.0,2013-10-09 05:30:00,2013 October 09,05:30:00,2013,October,Wednesday,2:01 am to 6:00 am,5.0,0,Morning,Fall,3801.0,2375,RICHMOND,3G11E,22350,22350,Unsafe speed for prevailing conditions,AA,Vehicle(s) Only Involved,21894,2,12,57607,8
29734,21820,160899503.0,2016-11-04 16:58:00,2016 November 04,16:58:00,2016,November,Friday,2:01 pm to 6:00 pm,16.0,0,Afternoon,Fall,3801.0,2744,NORTHERN,3E12D,22350,22350,Unsafe speed for prevailing conditions,CC,Vehicle-Bicycle,14407,2,33,57616,4
29735,23133,160541613.0,2016-07-04 18:10:00,2016 July 04,18:10:00,2016,July,Monday,6:01 pm to 10:00 pm,18.0,0,Evening,Summer,3801.0,373,SOUTHERN,B1,Unknown,Unknown,Unknown,AA,Vehicle(s) Only Involved,4279,14,1,57658,1
29736,46634,190105308.0,2019-02-11 16:40:00,2019 February 11,16:40:00,2019,February,Monday,2:01 pm to 6:00 pm,16.0,0,Afternoon,Winter,3801.0,1108,Southern,1 Car,22101(d),22101(d),Violation of a turn prohibition sign,AA,Vehicle(s) Only Involved,12280,1,1,57659,1
29737,23116,3433842.0,2007-11-12 18:25:00,2007 November 12,18:25:00,2007,November,Monday,6:01 pm to 10:00 pm,18.0,0,Evening,Fall,3801.0,1926,SOUTH,4B8B,22350,22350,Unsafe speed for prevailing conditions,AA,Vehicle(s) Only Involved,21895,2,3,57658,1
29738,35898,141097627.0,2014-12-30 15:20:00,2014 December 30,15:20:00,2014,December,Tuesday,2:01 pm to 6:00 pm,15.0,0,Afternoon,Winter,3801.0,782,CENTRAL,3A11C,Unknown,Unknown,Unknown,AA,Vehicle(s) Only Involved,18492,3,14,28578,2
29739,41701,170011446.0,2017-01-05 07:15:00,2017 January 05,07:15:00,2017,January,Thursday,6:01 am to 10:00 am,7.0,0,Morning,Winter,3801.0,1081,TARAVAL,3112A,22107,22107,Unsafe turn or lane change prohibited,CC,Vehicle-Bicycle,21896,2,15,57614,4
29740,18407,160415488.0,2016-05-21 14:53:00,2016 May 21,14:53:00,2016,May,Saturday,2:01 pm to 6:00 pm,14.0,1,Afternoon,Spring,3801.0,2258,SOUTHERN,3B12D,22107,22107,Unsafe turn or lane change prohibited,CC,Vehicle-Bicycle,21093,2,1,57614,2
29741,55498,210251447.0,2021-04-24 14:30:00,2021 April 24,14:30:00,2021,April,Saturday,2:01 pm to 6:00 pm,14.0,1,Afternoon,Spring,3801.0,2172,Northern,3E2,22517,22517,Opening door on traffic side when unsafe,AA,Vehicle(s) Only Involved,21897,2,2,57660,1
29742,4019,1997783.0,2005-03-05 06:00:00,2005 March 05,06:00:00,2005,March,Saturday,6:01 am to 10:00 am,6.0,1,Morning,Spring,3801.0,001482,,3H61,21950(a),"21950(a,c)",Driver or bicyclist to yield right-of-way at crosswalks,BB,Vehicle-Pedestrian,22079,1,33,57649,4
29743,14927,2183805.0,2005-08-15 18:28:00,2005 August 15,18:28:00,2005,August,Monday,6:01 pm to 10:00 pm,18.0,0,Evening,Summer,3801.0,1850,,3B13D,21453(a),"21453(a,c)",Red signal - driver or bicyclist responsibilities,CC,Vehicle-Bicycle,35987,2,1,57621,1
29744,41374,130192246.0,2013-03-07 08:15:00,2013 March 07,08:15:00,2013,March,Thursday,6:01 am to 10:00 am,8.0,0,Morning,Spring,3801.0,4209,TARAVAL,313A,21950(a),"21950(a,c)",Driver or bicyclist to yield right-of-way at crosswalks,BB,Vehicle-Pedestrian,38248,2,1,57649,1
29745,41676,3381715.0,2007-09-18 17:44:00,2007 September 18,17:44:00,2007,September,Tuesday,2:01 pm to 6:00 pm,17.0,0,Evening,Fall,3801.0,1848,TARAV,3I3D,22450(a),22450(a),Failure to stop at STOP sign,CC,Vehicle-Bicycle,29370,2,1,57621,1
29746,56174,210430691.0,2021-07-08 18:20:00,2021 July 08,18:20:00,2021,July,Thursday,6:01 pm to 10:00 pm,18.0,0,Evening,Summer,3801.0,1830,Northern,3E13D,21453(a),"21453(a,c)",Red signal - driver or bicyclist responsibilities,AA,Vehicle(s) Only Involved,27502,2,1,57659,14
29747,56761,210705466.0,2021-10-27 19:00:00,2021 October 27,19:00:00,2021,October,Wednesday,6:01 pm to 10:00 pm,19.0,0,Evening,Fall,3801.0,1207,Mission,3D11D,21703,21703,Following too closely prohibited,AA,Vehicle(s) Only Involved,21899,2,3,57658,1
29748,40581,180541881.0,2018-07-21 08:10:00,2018 July 21,08:10:00,2018,July,Saturday,6:01 am to 10:00 am,8.0,1,Morning,Summer,3801.0,2023,Park,1,22350,22350,Unsafe speed for prevailing conditions,AA,Vehicle(s) Only Involved,21900,1,2,54660,1
29749,31667,3550438.0,2007-12-31 20:55:00,2007 December 31,20:55:00,2007,December,Monday,6:01 pm to 10:00 pm,20.0,0,Evening,Winter,3801.0,1699,RICHM,3G11D,21453(d),21453(d),Red signal - pedestrian responsibilities,BB,Vehicle-Pedestrian,21901,2,3,57622,1
29750,46405,190008053.0,2019-01-03 22:24:00,2019 January 03,22:24:00,2019,January,Thursday,10:01 pm to 2:00 am,22.0,0,Night,Winter,3801.0,2268,Ingleside,3H14D,23152(a),23152(a-g),Driving under influence of alcohol and/or drugs,AA,Vehicle(s) Only Involved,21902,2,29,57603,14
29751,31808,3348143.0,2007-08-16 16:57:00,2007 August 16,16:57:00,2007,August,Thursday,2:01 pm to 6:00 pm,16.0,0,Afternoon,Summer,3801.0,651,4B5A,00E,21950(b),21950(b),Pedestrian suddenly entering into vehicle path close enough to create an immediate hazard,BB,Vehicle-Pedestrian,21903,2,1,55961,1
29752,20512,1997814.0,2005-02-14 20:23:00,2005 February 14,20:23:00,2005,February,Monday,6:01 pm to 10:00 pm,20.0,0,Evening,Winter,3801.0,002122,B,4B8D,Unknown,Unknown,Unknown,BB,Vehicle-Pedestrian,21904,4,13,57566,2
29753,8787,2635696.0,2006-04-14 07:25:00,2006 April 14,07:25:00,2006,April,Friday,6:01 am to 10:00 am,7.0,0,Morning,Spring,3801.0,01173,MISSI,4B3H,23152(a),23152(a-g),Driving under influence of alcohol and/or drugs,AA,Vehicle(s) Only Involved,21905,2,1,57658,1
29754,48064,190690901.0,2019-09-16 08:43:00,2019 September 16,08:43:00,2019,September,Monday,6:01 am to 10:00 am,8.0,0,Morning,Fall,3801.0,2447,Tenderloin,,21950(a),"21950(a,c)",Driver or bicyclist to yield right-of-way at crosswalks,BB,Vehicle-Pedestrian,23201,1,16,57522,1
29755,47105,190386122.0,2019-05-29 17:50:00,2019 May 29,17:50:00,2019,May,Wednesday,2:01 pm to 6:00 pm,17.0,0,Evening,Spring,3801.0,1378,Southern,3B14D,22517,22517,Opening door on traffic side when unsafe,AA,Vehicle(s) Only Involved,21907,2,1,57237,2
29756,561,151042399.0,2015-12-01 15:50:00,2015 December 01,15:50:00,2015,December,Tuesday,2:01 pm to 6:00 pm,15.0,0,Afternoon,Winter,3801.0,1911,BAYVIEW,BAYVIEW,22350,22350,Unsafe speed for prevailing conditions,BB,Vehicle-Pedestrian,21908,2,2,57649,2
29757,3162,3496182.0,2007-12-02 21:39:00,2007 December 02,21:39:00,2007,December,Sunday,6:01 pm to 10:00 pm,21.0,1,Night,Winter,3801.0,1212,C,3C11E,Unknown,Unknown,Unknown,AA,Vehicle(s) Only Involved,24414,2,7,57660,1
29758,34241,131058388.0,2013-12-17 08:00:00,2013 December 17,08:00:00,2013,December,Tuesday,6:01 am to 10:00 am,8.0,0,Morning,Winter,3801.0,1486,TRAFFIC,4K1C,21658(a),"21658(a,b)",Lane straddling or failure to use specified lanes,AA,Vehicle(s) Only Involved,21909,2,2,57660,2
29759,47956,190661673.0,2019-09-05 12:18:00,2019 September 05,12:18:00,2019,September,Thursday,10:01 am to 2:00 pm,12.0,0,Afternoon,Fall,3801.0,1557,Southern,3B13A,22350,22350,Unsafe speed for prevailing conditions,AA,Vehicle(s) Only Involved,21910,2,2,57576,1
29760,9674,5453522.0,2011-12-29 12:00:00,2011 December 29,12:00:00,2011,December,Thursday,10:01 am to 2:00 pm,12.0,0,Afternoon,Winter,3801.0,1698,B,3B15C,21802(a),"21802(a,b)",Violation of right-of-way - entering through highway,AA,Vehicle(s) Only Involved,3835,2,2,57659,1
29761,18309,150330056.0,2015-04-15 20:30:00,2015 April 15,20:30:00,2015,April,Wednesday,6:01 pm to 10:00 pm,20.0,0,Evening,Spring,3801.0,2126,SOUTHERN,109,23153(a),23153(a-g),Driving under influence causing injury,AA,Vehicle(s) Only Involved,40407,2,3,57603,8
29762,27043,140716397.0,2014-08-25 21:47:00,2014 August 25,21:47:00,2014,August,Monday,6:01 pm to 10:00 pm,21.0,0,Night,Summer,3801.0,4285,,SOUTHERN,21202(a),21202(a),Bicyclist at less than normal speed must keep to the right,CC,Vehicle-Bicycle,21911,8,3,57655,4
29763,27449,3309790.0,2007-07-31 10:16:00,2007 July 31,10:16:00,2007,July,Tuesday,10:01 am to 2:00 pm,10.0,0,Morning,Summer,3801.0,001278,,3B61,21950(a),"21950(a,c)",Driver or bicyclist to yield right-of-way at crosswalks,DD,Bicycle-Pedestrian,16486,1,1,57463,2
29764,43630,170010733.0,2017-01-04 21:35:00,2017 January 04,21:35:00,2017,January,Wednesday,6:01 pm to 10:00 pm,21.0,0,Night,Winter,3801.0,340,RICHMOND,3G13E,21802(a),"21802(a,b)",Violation of right-of-way - entering through highway,AA,Vehicle(s) Only Involved,21912,4,13,57659,11
29765,55594,210331845.0,2021-05-29 12:54:00,2021 May 29,12:54:00,2021,May,Saturday,10:01 am to 2:00 pm,12.0,1,Afternoon,Spring,3801.0,2039,Taraval,5,22107,22107,Unsafe turn or lane change prohibited,AA,Vehicle(s) Only Involved,21913,2,1,57660,2
29766,18058,151005325.0,2015-11-18 17:30:00,2015 November 18,17:30:00,2015,November,Wednesday,2:01 pm to 6:00 pm,17.0,0,Evening,Fall,3801.0,1475,COF PARK,3F4D,22450(a),22450(a),Failure to stop at STOP sign,CC,Vehicle-Bicycle,10086,2,3,57621,1
29767,15134,140257501.0,2014-03-27 15:49:00,2014 March 27,15:49:00,2014,March,Thursday,2:01 pm to 6:00 pm,15.0,0,Afternoon,Spring,3801.0,1265,SOUTHERN,3B13C,22350,22350,Unsafe speed for prevailing conditions,AA,Vehicle(s) Only Involved,25314,2,1,57658,1
29768,46315,190471983.0,2019-06-30 08:45:00,2019 June 30,08:45:00,2019,June,Sunday,6:01 am to 10:00 am,8.0,1,Morning,Summer,3801.0,196,Central,3A13A,21955,21955,Crossing between controlled intersections (Jaywalking),BB,Vehicle-Pedestrian,21914,1,1,57622,1
29769,47443,190407085.0,2019-06-06 13:30:00,2019 June 06,13:30:00,2019,June,Thursday,10:01 am to 2:00 pm,13.0,0,Afternoon,Summer,3801.0,1129,Taraval,2,21950(b),21950(b),Pedestrian suddenly entering into vehicle path close enough to create an immediate hazard,BB,Vehicle-Pedestrian,21915,2,1,57622,2
29770,55119,210239528.0,2021-04-19 06:30:00,2021 April 19,06:30:00,2021,April,Monday,6:01 am to 10:00 am,6.0,0,Morning,Spring,3801.0,1849,Tenderloin,3J13A,Unknown,Unknown,Unknown,AA,Vehicle(s) Only Involved,4474,2,33,57585,1
29771,11103,3815642.0,2008-07-06 16:05:00,2008 July 06,16:05:00,2008,July,Sunday,2:01 pm to 6:00 pm,16.0,1,Afternoon,Summer,3801.0,1151,MISSI,3D13D,22517,22517,Opening door on traffic side when unsafe,CC,Vehicle-Bicycle,27726,2,2,57614,1
29772,20207,3124080.0,2007-03-17 23:25:00,2007 March 17,23:25:00,2007,March,Saturday,10:01 pm to 2:00 am,23.0,1,Night,Spring,3801.0,004221,B4,3801,22350,22350,Unsafe speed for prevailing conditions,AA,Vehicle(s) Only Involved,21917,2,3,57658,1
29773,21654,160473179.0,2016-06-10 16:55:00,2016 June 10,16:55:00,2016,June,Friday,2:01 pm to 6:00 pm,16.0,0,Afternoon,Summer,3801.0,4019,NORTHERN,3E3D,22350,22350,Unsafe speed for prevailing conditions,CC,Vehicle-Bicycle,4217,2,1,51525,1
29774,14075,150975163.0,2015-11-08 16:32:00,2015 November 08,16:32:00,2015,November,Sunday,2:01 pm to 6:00 pm,16.0,1,Afternoon,Fall,3801.0,546,SOUTHERN,4B7H,22100(b),"22100(a,b)",Turn at intersection from wrong position,AA,Vehicle(s) Only Involved,12053,1,1,57659,8
29775,10946,3371113.0,2007-09-12 21:45:00,2007 September 12,21:45:00,2007,September,Wednesday,6:01 pm to 10:00 pm,21.0,0,Night,Fall,3801.0,316,D,3D6E,21950(a),"21950(a,c)",Driver or bicyclist to yield right-of-way at crosswalks,BB,Vehicle-Pedestrian,21550,1,3,57649,1
29776,13257,160615779.0,2016-07-29 16:30:00,2016 July 29,16:30:00,2016,July,Friday,2:01 pm to 6:00 pm,16.0,0,Afternoon,Summer,3801.0,2241,MISSION,901,Unknown,Unknown,Unknown,CC,Vehicle-Bicycle,11069,6,2,55601,1
29777,18957,170305675.0,2017-04-12 10:09:00,2017 April 12,10:09:00,2017,April,Wednesday,10:01 am to 2:00 pm,10.0,0,Morning,Spring,3801.0,548,NORTHERN,3E12C,22350,22350,Unsafe speed for prevailing conditions,AA,Vehicle(s) Only Involved,21918,2,44,57658,1
29778,18492,3381691.0,2007-09-16 15:22:00,2007 September 16,15:22:00,2007,September,Sunday,2:01 pm to 6:00 pm,15.0,1,Afternoon,Fall,3801.0,002122,E,4B6D,21658(a),"21658(a,b)",Lane straddling or failure to use specified lanes,AA,Vehicle(s) Only Involved,21919,2,1,57660,1
29779,11294,3342567.0,2007-08-23 08:37:00,2007 August 23,08:37:00,2007,August,Thursday,6:01 am to 10:00 am,8.0,0,Morning,Summer,3801.0,2226,MISSI,3D61K,21801(a),"21801(a,b)",Violation of right-of-way - left turn,AA,Vehicle(s) Only Involved,3783,2,1,57659,8
29780,17349,3045952.0,2007-02-18 19:35:00,2007 February 18,19:35:00,2007,February,Sunday,6:01 pm to 10:00 pm,19.0,1,Evening,Winter,3801.0,973,MISSI,005,21950(a),"21950(a,c)",Driver or bicyclist to yield right-of-way at crosswalks,BB,Vehicle-Pedestrian,8469,2,3,57649,4
29781,86232,240491259.0,2024-08-06 15:24:00,2024 August 06,15:24:00,2024,August,Tuesday,2:01 pm to 6:00 pm,15.0,0,Afternoon,Summer,3801.0,2398,Northern,3E,22107,22107,Unsafe turn or lane change prohibited,CC,Vehicle-Bicycle,21920,2,1,57581,1
29782,1856,3258114.0,2007-07-05 14:03:00,2007 July 05,14:03:00,2007,July,Thursday,2:01 pm to 6:00 pm,14.0,0,Afternoon,Summer,3801.0,736,4,3H104,21658(a),"21658(a,b)",Lane straddling or failure to use specified lanes,AA,Vehicle(s) Only Involved,21921,2,2,57654,1
29783,44172,3433912.0,2007-11-06 18:18:00,2007 November 06,18:18:00,2007,November,Tuesday,6:01 pm to 10:00 pm,18.0,0,Evening,Fall,3801.0,002122,G,4B6D,21801(a),"21801(a,b)",Violation of right-of-way - left turn,AA,Vehicle(s) Only Involved,21803,2,3,57659,2
29784,16918,180899141.0,2018-11-28 14:58:00,2018 November 28,14:58:00,2018,November,Wednesday,2:01 pm to 6:00 pm,14.0,0,Afternoon,Fall,3801.0,A22028,Southern,3B4C,21950(a),"21950(a,c)",Driver or bicyclist to yield right-of-way at crosswalks,CC,Vehicle-Bicycle,16926,1,16,57633,2
29785,47335,190350622.0,2019-05-16 12:00:00,2019 May 16,12:00:00,2019,May,Thursday,10:01 am to 2:00 pm,12.0,0,Afternoon,Spring,3801.0,C. CUNNIE,Northern,3E13A,21950(a),"21950(a,c)",Driver or bicyclist to yield right-of-way at crosswalks,BB,Vehicle-Pedestrian,21922,4,119,57454,1
29786,43557,140889762.0,2014-10-21 07:37:00,2014 October 21,07:37:00,2014,October,Tuesday,6:01 am to 10:00 am,7.0,0,Morning,Fall,3801.0,1882,RICHMOND,3G60,21950(a),"21950(a,c)",Driver or bicyclist to yield right-of-way at crosswalks,BB,Vehicle-Pedestrian,32171,2,1,57649,1
29787,31505,3426430.0,2007-10-22 07:10:00,2007 October 22,07:10:00,2007,October,Monday,6:01 am to 10:00 am,7.0,0,Morning,Fall,3801.0,1597,RICHM,3G62,21453(a),"21453(a,c)",Red signal - driver or bicyclist responsibilities,AA,Vehicle(s) Only Involved,18575,2,1,57659,1
29788,47169,190467835.0,2019-06-27 18:05:00,2019 June 27,18:05:00,2019,June,Thursday,6:01 pm to 10:00 pm,18.0,0,Evening,Summer,3801.0,A23073,Bayview,3C12D,21658(a),"21658(a,b)",Lane straddling or failure to use specified lanes,AA,Vehicle(s) Only Involved,21923,2,1,57660,1
29789,55837,210560163.0,2021-08-31 18:32:00,2021 August 31,18:32:00,2021,August,Tuesday,6:01 pm to 10:00 pm,18.0,0,Evening,Summer,3801.0,4023,Mission,D4,21663,21663,Operating vehicle or bicycle on sidewalk prohibited,BB,Vehicle-Pedestrian,21924,2,2,57649,1
29790,35771,2416066.0,2005-12-12 19:15:00,2005 December 12,19:15:00,2005,December,Monday,6:01 pm to 10:00 pm,19.0,0,Evening,Winter,3801.0,197,CENTR,3A2FD,21801(a),"21801(a,b)",Violation of right-of-way - left turn,AA,Vehicle(s) Only Involved,15315,2,3,57659,2
29791,28257,1986308.0,2005-03-08 10:44:00,2005 March 08,10:44:00,2005,March,Tuesday,10:01 am to 2:00 pm,10.0,0,Morning,Spring,3801.0,1529,COJ,6J625,21801(a),"21801(a,b)",Violation of right-of-way - left turn,AA,Vehicle(s) Only Involved,19865,2,1,57659,8
29792,54764,210146995.0,2021-03-06 18:55:00,2021 March 06,18:55:00,2021,March,Saturday,6:01 pm to 10:00 pm,18.0,1,Evening,Spring,3801.0,2080,Central,,21658(a),"21658(a,b)",Lane straddling or failure to use specified lanes,AA,Vehicle(s) Only Involved,22369,2,3,57569,8