collision_id,unique_id,case_id_pkey,collision_datetime,collision_date,collision_time,accident_year,month,day_of_week,time_cat,hour_of_day,is_weekend,time_of_day,season,juris,officer_id,reporting_district,beat_number,vz_pcf_code,vz_pcf_group,vz_pcf_description,dph_col_grp,dph_col_grp_description,location_id,weather_id,road_id,party_id,severity_id
31584,4511,160627172.0,2016-08-03 23:14:00,2016 August 03,23:14:00,2016,August,Wednesday,10:01 pm to 2:00 am,23.0,0,Night,Summer,3801.0,2089,INGLESIDE,3H14E,Unknown,Unknown,Unknown,AA,Vehicle(s) Only Involved,23090,2,3,57584,3
31585,44670,170928352.0,2017-11-14 14:37:00,2017 November 14,14:37:00,2017,November,Tuesday,2:01 pm to 6:00 pm,14.0,0,Afternoon,Fall,3801.0,132,RICHMOND,4B3F,21954(a),21954(a),Pedestrians must yield right-of-way outside of crosswalks,BB,Vehicle-Pedestrian,23091,2,2,57622,1
31586,56203,210454447.0,2021-07-18 16:31:00,2021 July 18,16:31:00,2021,July,Sunday,2:01 pm to 6:00 pm,16.0,1,Afternoon,Summer,3801.0,1148,Mission,3D14D,22106,22106,Unsafe starting or backing on highway,BB,Vehicle-Pedestrian,23092,2,2,57649,2
31587,8350,170899797.0,2017-11-03 23:06:00,2017 November 03,23:06:00,2017,November,Friday,10:01 pm to 2:00 am,23.0,0,Night,Fall,3801.0,1006,BAYVIEW,3C11D,23153,"23153(a,b)",Under influence of alcohol while causing injury,AA,Vehicle(s) Only Involved,23093,2,12,57607,4
31588,3691,2307451.0,2005-09-24 10:59:00,2005 September 24,10:59:00,2005,September,Saturday,10:01 am to 2:00 pm,10.0,1,Morning,Fall,3801.0,000251,,,22350,22350,Unsafe speed for prevailing conditions,AA,Vehicle(s) Only Involved,23094,2,2,57659,8
31589,752,3325824.0,2007-08-14 12:12:00,2007 August 14,12:12:00,2007,August,Tuesday,10:01 am to 2:00 pm,12.0,0,Afternoon,Summer,3801.0,618,BAYVI,3GHC,21802(a),"21802(a,b)",Violation of right-of-way - entering through highway,AA,Vehicle(s) Only Involved,12003,2,1,57659,1
31590,50525,190843906.0,2019-11-07 15:07:00,2019 November 07,15:07:00,2019,November,Thursday,2:01 pm to 6:00 pm,15.0,0,Afternoon,Fall,3801.0,2315,Ingleside,3H16D,21453(a),"21453(a,c)",Red signal - driver or bicyclist responsibilities,BB,Vehicle-Pedestrian,26740,2,1,57649,2
31591,25113,5464017.0,2012-01-05 13:04:00,2012 January 05,13:04:00,2012,January,Thursday,10:01 am to 2:00 pm,13.0,0,Afternoon,Winter,3801.0,003007,,4C6,22106,22106,Unsafe starting or backing on highway,BB,Vehicle-Pedestrian,3202,2,1,57649,1
31592,17117,3441482.0,2007-11-17 06:08:00,2007 November 17,06:08:00,2007,November,Saturday,6:01 am to 10:00 am,6.0,1,Morning,Fall,3801.0,001241,,,21453(a),"21453(a,c)",Red signal - driver or bicyclist responsibilities,BB,Vehicle-Pedestrian,20777,2,33,57622,4
31593,42598,2848199.0,2006-09-30 02:00:00,2006 September 30,02:00:00,2006,September,Saturday,10:01 pm to 2:00 am,2.0,1,Night,Fall,3801.0,4174,RICHM,3G13E,22350,22350,Unsafe speed for prevailing conditions,AA,Vehicle(s) Only Involved,23096,2,12,57569,4
31594,16978,2625402.0,2006-02-17 20:45:00,2006 February 17,20:45:00,2006,February,Friday,6:01 pm to 10:00 pm,20.0,0,Evening,Winter,3801.0,511,SOUTH,3B13D,21954(a),21954(a),Pedestrians must yield right-of-way outside of crosswalks,BB,Vehicle-Pedestrian,23097,1,7,57622,1
31595,42460,2063082.0,2005-05-21 17:22:00,2005 May 21,17:22:00,2005,May,Saturday,2:01 pm to 6:00 pm,17.0,1,Evening,Spring,3801.0,659,,0G4,22105,22105,Illegal U-turn on highway without unobstructed view,AA,Vehicle(s) Only Involved,23098,5,2,57659,3
31596,54471,200790057.0,2020-12-31 13:42:00,2020 December 31,13:42:00,2020,December,Thursday,10:01 am to 2:00 pm,13.0,0,Afternoon,Winter,3801.0,#2450,Ingleside,3H15C,Unknown,Unknown,Unknown,AA,Vehicle(s) Only Involved,23099,2,2,57555,1
31597,23173,3038660.0,2007-02-08 21:48:00,2007 February 08,21:48:00,2007,February,Thursday,6:01 pm to 10:00 pm,21.0,0,Night,Winter,3801.0,001077,SOUTH,3B62,21950(a),"21950(a,c)",Driver or bicyclist to yield right-of-way at crosswalks,BB,Vehicle-Pedestrian,38805,2,13,57649,1
31598,13915,170712882.0,2017-09-01 10:33:00,2017 September 01,10:33:00,2017,September,Friday,10:01 am to 2:00 pm,10.0,0,Morning,Fall,3801.0,614,SOUTHERN,B4,21658(a),"21658(a,b)",Lane straddling or failure to use specified lanes,AA,Vehicle(s) Only Involved,23100,2,24,57237,1
31599,55083,210250518.0,2021-04-24 00:20:00,2021 April 24,00:20:00,2021,April,Saturday,10:01 pm to 2:00 am,0.0,1,Night,Spring,3801.0,4022,Richmond,3G13E,21456(c),"21456(a,c)",Pedestrian violation of walk or wait signals,BB,Vehicle-Pedestrian,23101,6,13,57622,9
31600,54503,210019483.0,2021-01-09 16:36:00,2021 January 09,16:36:00,2021,January,Saturday,2:01 pm to 6:00 pm,16.0,1,Afternoon,Winter,3801.0,4314,Richmond,G2,21235(g),21235(a-j),Illegal operation of motorized scooter,AA,Vehicle(s) Only Involved,23102,1,2,57490,1
31601,40530,1995345.0,2005-03-12 21:43:00,2005 March 12,21:43:00,2005,March,Saturday,6:01 pm to 10:00 pm,21.0,1,Night,Spring,3801.0,246,PARK,4B7E,22350,22350,Unsafe speed for prevailing conditions,AA,Vehicle(s) Only Involved,23103,2,12,57607,3
31602,47068,190353159.0,2019-05-17 11:24:00,2019 May 17,11:24:00,2019,May,Friday,10:01 am to 2:00 pm,11.0,0,Morning,Spring,3801.0,2279,Bayview,,22107,22107,Unsafe turn or lane change prohibited,AA,Vehicle(s) Only Involved,23104,2,2,57660,1
31603,1948,5377770.0,2011-10-24 08:33:00,2011 October 24,08:33:00,2011,October,Monday,6:01 am to 10:00 am,8.0,0,Morning,Fall,3801.0,244,INGLE,3H13A,21801(a),"21801(a,b)",Violation of right-of-way - left turn,CC,Vehicle-Bicycle,23105,2,2,57621,1
31604,27124,3342609.0,2007-08-18 15:00:00,2007 August 18,15:00:00,2007,August,Saturday,2:01 pm to 6:00 pm,15.0,1,Afternoon,Summer,3801.0,1428,CENTR,,21453(a),"21453(a,c)",Red signal - driver or bicyclist responsibilities,FF,Bicycle Only,28475,2,1,57448,1
31605,25107,3123931.0,2007-03-23 18:20:00,2007 March 23,18:20:00,2007,March,Friday,6:01 pm to 10:00 pm,18.0,0,Evening,Spring,3801.0,1743,,3J11D,21950(a),"21950(a,c)",Driver or bicyclist to yield right-of-way at crosswalks,BB,Vehicle-Pedestrian,3202,2,1,57649,2
31606,47035,190314913.0,2019-05-03 10:42:00,2019 May 03,10:42:00,2019,May,Friday,10:01 am to 2:00 pm,10.0,0,Morning,Spring,3801.0,1512,Tenderloin,5,22106,22106,Unsafe starting or backing on highway,AA,Vehicle(s) Only Involved,23107,2,2,55413,8
31607,47211,190433717.0,2019-06-16 16:48:00,2019 June 16,16:48:00,2019,June,Sunday,2:01 pm to 6:00 pm,16.0,1,Afternoon,Summer,3801.0,209,Northern,,Not Stated,Not Stated,Unknown,AA,Vehicle(s) Only Involved,23108,2,1,57546,1
31608,43042,140884518.0,2014-10-19 13:20:00,2014 October 19,13:20:00,2014,October,Sunday,10:01 am to 2:00 pm,13.0,1,Afternoon,Fall,3801.0,1882,RICHMOND,3G60,21800(a),21800(a-c),Violation of right-of-way or uncontrolled intersection,AA,Vehicle(s) Only Involved,9864,1,23,57659,8
31609,37808,3309973.0,2007-07-06 08:59:00,2007 July 06,08:59:00,2007,July,Friday,6:01 am to 10:00 am,8.0,0,Morning,Summer,3801.0,18484,,3I61,22350,22350,Unsafe speed for prevailing conditions,AA,Vehicle(s) Only Involved,31276,2,1,57658,8
31610,3376,3365301.0,2007-09-09 22:30:00,2007 September 09,22:30:00,2007,September,Sunday,10:01 pm to 2:00 am,22.0,1,Night,Fall,3801.0,4196,BAYVI,0C2,22450(a),22450(a),Failure to stop at STOP sign,AA,Vehicle(s) Only Involved,36372,2,12,57659,1
31611,48726,190802338.0,2019-10-24 07:55:00,2019 October 24,07:55:00,2019,October,Thursday,6:01 am to 10:00 am,7.0,0,Morning,Fall,3801.0,405,Ingleside,3H60,21955,21955,Crossing between controlled intersections (Jaywalking),BB,Vehicle-Pedestrian,23109,2,1,57622,2
31612,40357,170292486.0,2017-04-10 08:20:00,2017 April 10,08:20:00,2017,April,Monday,6:01 am to 10:00 am,8.0,0,Morning,Spring,3801.0,1540,PARK,3F4A,22107,22107,Unsafe turn or lane change prohibited,CC,Vehicle-Bicycle,23110,2,1,57614,1
31613,57056,210739261.0,2021-11-10 08:51:00,2021 November 10,08:51:00,2021,November,Wednesday,6:01 am to 10:00 am,8.0,0,Morning,Fall,3801.0,993,Southern,3CAR,Unknown,Unknown,Unknown,AA,Vehicle(s) Only Involved,23111,2,2,57585,3
31614,2143,3342451.0,2007-08-26 02:25:00,2007 August 26,02:25:00,2007,August,Sunday,2:01 am to 6:00 am,2.0,1,Night,Summer,3801.0,1196,INGLE,3H5E,22350,22350,Unsafe speed for prevailing conditions,AA,Vehicle(s) Only Involved,23112,2,12,57658,8
31615,42021,170784477.0,2017-09-25 20:45:00,2017 September 25,20:45:00,2017,September,Monday,6:01 pm to 10:00 pm,20.0,0,Evening,Fall,3801.0,2708,PARK,3F13C,21801(a),"21801(a,b)",Violation of right-of-way - left turn,AA,Vehicle(s) Only Involved,16526,2,13,57659,11
31616,44305,180977662.0,2018-12-28 17:24:00,2018 December 28,17:24:00,2018,December,Friday,2:01 pm to 6:00 pm,17.0,0,Evening,Winter,3801.0,4314,Richmond,G5,21954(a),21954(a),Pedestrians must yield right-of-way outside of crosswalks,BB,Vehicle-Pedestrian,23113,2,250,57622,1
31617,47170,190468231.0,2019-06-28 18:10:00,2019 June 28,18:10:00,2019,June,Friday,6:01 pm to 10:00 pm,18.0,0,Evening,Summer,3801.0,1666,Park,4-car,22350,22350,Unsafe speed for prevailing conditions,CC,Vehicle-Bicycle,12822,2,1,57561,1
31618,8613,3253659.0,2007-06-26 20:35:00,2007 June 26,20:35:00,2007,June,Tuesday,6:01 pm to 10:00 pm,20.0,0,Evening,Summer,3801.0,973,,,22350,22350,Unsafe speed for prevailing conditions,AA,Vehicle(s) Only Involved,23114,2,15,57619,2
31619,8925,3258111.0,2007-07-03 16:08:00,2007 July 03,16:08:00,2007,July,Tuesday,2:01 pm to 6:00 pm,16.0,0,Afternoon,Summer,3801.0,2013,COD,3D13D,22450(a),22450(a),Failure to stop at STOP sign,CC,Vehicle-Bicycle,23115,2,1,56954,1
31620,55913,210600509.0,2021-09-16 15:46:00,2021 September 16,15:46:00,2021,September,Thursday,2:01 pm to 6:00 pm,15.0,0,Afternoon,Fall,3801.0,1244,Taraval,3801,21955,21955,Crossing between controlled intersections (Jaywalking),BB,Vehicle-Pedestrian,23116,2,1,57622,1
31621,4150,170147659.0,2017-02-21 05:18:00,2017 February 21,05:18:00,2017,February,Tuesday,2:01 am to 6:00 am,5.0,0,Morning,Winter,3801.0,1998,INGLESIDE,3H13E,21950(a),"21950(a,c)",Driver or bicyclist to yield right-of-way at crosswalks,BB,Vehicle-Pedestrian,23117,4,13,57649,1
31622,32907,1994528.0,2005-01-24 20:31:00,2005 January 24,20:31:00,2005,January,Monday,6:01 pm to 10:00 pm,20.0,0,Evening,Winter,3801.0,144,COE,4B8B,21801(a),"21801(a,b)",Violation of right-of-way - left turn,CC,Vehicle-Bicycle,23118,2,3,57581,2
31623,54424,200771671.0,2020-12-22 20:14:00,2020 December 22,20:14:00,2020,December,Tuesday,6:01 pm to 10:00 pm,20.0,0,Evening,Winter,3801.0,1512,Bayview,C2,22350,22350,Unsafe speed for prevailing conditions,AA,Vehicle(s) Only Involved,23119,2,12,57607,1
31624,19225,3309787.0,2007-07-23 08:52:00,2007 July 23,08:52:00,2007,July,Monday,6:01 am to 10:00 am,8.0,0,Morning,Summer,3801.0,97,PARK,3F13A,22517,22517,Opening door on traffic side when unsafe,CC,Vehicle-Bicycle,23120,2,2,57390,1
31625,21590,3306870.0,2007-07-12 06:40:00,2007 July 12,06:40:00,2007,July,Thursday,6:01 am to 10:00 am,6.0,0,Morning,Summer,3801.0,000779,NORTH,3E62,Unknown,Unknown,Unknown,AA,Vehicle(s) Only Involved,16185,1,33,57585,12
31626,54509,210016978.0,2021-01-08 14:30:00,2021 January 08,14:30:00,2021,January,Friday,2:01 pm to 6:00 pm,14.0,0,Afternoon,Winter,3801.0,4214,Southern,4K1F,21955,21955,Crossing between controlled intersections (Jaywalking),BB,Vehicle-Pedestrian,23121,2,1,57622,4
31627,12545,161023129.0,2016-12-17 09:53:00,2016 December 17,09:53:00,2016,December,Saturday,6:01 am to 10:00 am,9.0,1,Morning,Winter,3801.0,2413,PARK,901,Unknown,Unknown,Unknown,AA,Vehicle(s) Only Involved,37128,2,1,57658,1
31628,39839,170149649.0,2017-02-21 18:31:00,2017 February 21,18:31:00,2017,February,Tuesday,6:01 pm to 10:00 pm,18.0,0,Evening,Winter,3801.0,776,TARAVAL,3I2D,21950(a),"21950(a,c)",Driver or bicyclist to yield right-of-way at crosswalks,BB,Vehicle-Pedestrian,6470,4,13,56772,1
31629,56308,210483286.0,2021-07-30 16:15:00,2021 July 30,16:15:00,2021,July,Friday,2:01 pm to 6:00 pm,16.0,0,Afternoon,Summer,3801.0,309,Taraval,,22450(a),22450(a),Failure to stop at STOP sign,BB,Vehicle-Pedestrian,23123,1,1,57649,10
31630,36009,130386784.0,2013-05-11 11:30:00,2013 May 11,11:30:00,2013,May,Saturday,10:01 am to 2:00 pm,11.0,1,Morning,Spring,3801.0,1428,CENTRAL,3A60,22106,22106,Unsafe starting or backing on highway,BB,Vehicle-Pedestrian,23124,2,2,57649,1
31631,22953,141097097.0,2014-12-30 12:30:00,2014 December 30,12:30:00,2014,December,Tuesday,10:01 am to 2:00 pm,12.0,0,Afternoon,Winter,3801.0,351,SOUTHERN,3B14A,Unknown,Unknown,Unknown,AA,Vehicle(s) Only Involved,23125,2,1,57557,1
31632,12378,1996054.0,2005-03-26 02:15:00,2005 March 26,02:15:00,2005,March,Saturday,2:01 am to 6:00 am,2.0,1,Night,Spring,3801.0,4099,MISSI,3DBE,23153(a),23153(a-g),Driving under influence causing injury,AA,Vehicle(s) Only Involved,23126,5,12,57274,17
31633,28661,140986528.0,2014-11-21 15:04:00,2014 November 21,15:04:00,2014,November,Friday,2:01 pm to 6:00 pm,15.0,0,Afternoon,Fall,3801.0,1038,CENTRAL,3A44B,Unknown,Unknown,Unknown,AA,Vehicle(s) Only Involved,16557,2,1,57406,1
31634,44183,170146805.0,2017-02-20 18:14:00,2017 February 20,18:14:00,2017,February,Monday,6:01 pm to 10:00 pm,18.0,0,Evening,Winter,3801.0,2017,RICHMOND,3G15D,23153(a),23153(a-g),Driving under influence causing injury,AA,Vehicle(s) Only Involved,16027,2,91,57658,1
31635,22551,3342566.0,2007-08-22 22:30:00,2007 August 22,22:30:00,2007,August,Wednesday,10:01 pm to 2:00 am,22.0,0,Night,Summer,3801.0,A09289,RICHM,3G13E,21954(a),21954(a),Pedestrians must yield right-of-way outside of crosswalks,BB,Vehicle-Pedestrian,20996,2,65,57622,1
31636,48509,190522423.0,2019-07-19 01:14:00,2019 July 19,01:14:00,2019,July,Friday,10:01 pm to 2:00 am,1.0,0,Night,Summer,3801.0,1024,Central,3A14E,21801(a),"21801(a,b)",Violation of right-of-way - left turn,BB,Vehicle-Pedestrian,24676,2,3,57649,2
31637,10573,160352385.0,2016-04-30 00:09:00,2016 April 30,00:09:00,2016,April,Saturday,10:01 pm to 2:00 am,0.0,1,Night,Spring,3801.0,1480,MISSION,3D13E,23153(a),23153(a-g),Driving under influence causing injury,AA,Vehicle(s) Only Involved,23128,2,3,57658,1
31638,55784,210534209.0,2021-08-20 21:00:00,2021 August 20,21:00:00,2021,August,Friday,6:01 pm to 10:00 pm,21.0,0,Night,Summer,3801.0,255,Ingleside,3H00,22101(d),22101(d),Violating special traffic control markers,AA,Vehicle(s) Only Involved,23556,2,3,57658,8
31639,18817,3067063.0,2007-02-19 21:40:00,2007 February 19,21:40:00,2007,February,Monday,6:01 pm to 10:00 pm,21.0,0,Night,Winter,3801.0,307,NORTH,4B8E,21456(b),"21456(a,b)",Pedestrian violation of walk or wait signals,BB,Vehicle-Pedestrian,23130,2,3,57622,6
31640,24016,131077968.0,2013-12-23 17:47:00,2013 December 23,17:47:00,2013,December,Monday,2:01 pm to 6:00 pm,17.0,0,Evening,Winter,3801.0,646,CO B,CO B,Unknown,Unknown,Unknown,AA,Vehicle(s) Only Involved,23131,2,12,57659,2
31641,24666,3433853.0,2007-11-05 19:54:00,2007 November 05,19:54:00,2007,November,Monday,6:01 pm to 10:00 pm,19.0,0,Evening,Fall,3801.0,000401,SOUTH,3B61,22350,22350,Unsafe speed for prevailing conditions,AA,Vehicle(s) Only Involved,23132,2,12,57607,2
31642,31149,170889237.0,2017-10-31 09:00:00,2017 October 31,09:00:00,2017,October,Tuesday,6:01 am to 10:00 am,9.0,0,Morning,Fall,3801.0,2245,RICHMOND,3G12A,22107,22107,Unsafe turn or lane change prohibited,CC,Vehicle-Bicycle,23133,2,2,57581,2
31643,46243,190281760.0,2019-04-20 16:15:00,2019 April 20,16:15:00,2019,April,Saturday,2:01 pm to 6:00 pm,16.0,1,Afternoon,Spring,3801.0,1462,Richmond,3G13C,22450(a),22450(a),Failure to stop at STOP sign,AA,Vehicle(s) Only Involved,23134,2,1,57659,2
31644,31498,2008140.0,2005-04-15 20:46:00,2005 April 15,20:46:00,2005,April,Friday,6:01 pm to 10:00 pm,20.0,0,Evening,Spring,3801.0,659,RICHM,0G1,21453(a),"21453(a,c)",Red signal - driver or bicyclist responsibilities,AA,Vehicle(s) Only Involved,18575,2,3,57659,8
31645,48159,190699630.0,2019-09-18 19:45:00,2019 September 18,19:45:00,2019,September,Wednesday,6:01 pm to 10:00 pm,19.0,0,Evening,Fall,3801.0,2716,Park,3F12D,22500(g),"22500(a-h,j,k)","Prohibition on stopping, parking, or leaving standing",AA,Vehicle(s) Only Involved,23135,2,12,30369,1
31646,49030,190752012.0,2019-10-06 15:39:00,2019 October 06,15:39:00,2019,October,Sunday,2:01 pm to 6:00 pm,15.0,1,Afternoon,Fall,3801.0,1435,Traffic,4B4I,22350,22350,Unsafe speed for prevailing conditions,AA,Vehicle(s) Only Involved,23136,2,2,57603,33
31647,23475,170286912.0,2017-04-08 00:24:00,2017 April 08,00:24:00,2017,April,Saturday,10:01 pm to 2:00 am,0.0,1,Night,Spring,3801.0,2732,SOUTHERN,901,23153(a),23153(a-g),Driving under influence causing injury,AA,Vehicle(s) Only Involved,12893,1,13,57659,23
31648,42210,1997785.0,2005-03-15 08:04:00,2005 March 15,08:04:00,2005,March,Tuesday,6:01 am to 10:00 am,8.0,0,Morning,Spring,3801.0,1352,G,3G3A,21950(a),"21950(a,c)",Driver or bicyclist to yield right-of-way at crosswalks,BB,Vehicle-Pedestrian,23137,3,1,57649,1
31649,54417,200769171.0,2020-12-21 18:14:00,2020 December 21,18:14:00,2020,December,Monday,6:01 pm to 10:00 pm,18.0,0,Evening,Winter,3801.0,4035,Bayview,3C11D,22350,22350,Unsafe speed for prevailing conditions,AA,Vehicle(s) Only Involved,798,2,3,57659,1
31650,43127,150111298.0,2015-02-05 13:36:00,2015 February 05,13:36:00,2015,February,Thursday,10:01 am to 2:00 pm,13.0,0,Afternoon,Winter,3801.0,1003,RICHMOND,CO G,21803(b),"21803(a,b)",Violation of Yield sign,AA,Vehicle(s) Only Involved,19532,2,1,57659,2
31651,50334,190834773.0,2019-11-04 15:44:00,2019 November 04,15:44:00,2019,November,Monday,2:01 pm to 6:00 pm,15.0,0,Afternoon,Fall,3801.0,2100,Taraval,3I15D,22106,22106,Unsafe starting or backing on highway,AA,Vehicle(s) Only Involved,23138,2,2,57658,8
31652,44935,150198008.0,2015-03-04 21:35:00,2015 March 04,21:35:00,2015,March,Wednesday,6:01 pm to 10:00 pm,21.0,0,Night,Spring,3801.0,2163,RICHMOND,3G13E,22350,22350,Unsafe speed for prevailing conditions,AA,Vehicle(s) Only Involved,23139,2,3,57658,1
31653,43848,130291666.0,2013-04-09 21:15:00,2013 April 09,21:15:00,2013,April,Tuesday,6:01 pm to 10:00 pm,21.0,0,Night,Spring,3801.0,2375,CO G,3G3E,21453(a),"21453(a,c)",Red signal - driver or bicyclist responsibilities,AA,Vehicle(s) Only Involved,19157,2,3,57659,1
31654,48722,190756688.0,2019-10-08 09:51:00,2019 October 08,09:51:00,2019,October,Tuesday,6:01 am to 10:00 am,9.0,0,Morning,Fall,3801.0,1557,Southern,3B13A,21950(a),"21950(a,c)",Driver or bicyclist to yield right-of-way at crosswalks,BB,Vehicle-Pedestrian,20453,2,1,57454,4
31655,13631,130561497.0,2013-07-08 17:52:00,2013 July 08,17:52:00,2013,July,Monday,2:01 pm to 6:00 pm,17.0,0,Evening,Summer,3801.0,4260,MISSION,,21453(a),"21453(a,c)",Red signal - driver or bicyclist responsibilities,CC,Vehicle-Bicycle,22595,8,1,57625,1
31656,14561,3258149.0,2007-07-03 06:23:00,2007 July 03,06:23:00,2007,July,Tuesday,6:01 am to 10:00 am,6.0,0,Morning,Summer,3801.0,001278,,3B61,22100(a),"22100(a,b)",Turn at intersection from wrong position,AA,Vehicle(s) Only Involved,7683,1,1,57660,1
31657,48142,190660584.0,2019-09-04 21:21:00,2019 September 04,21:21:00,2019,September,Wednesday,6:01 pm to 10:00 pm,21.0,0,Night,Fall,3801.0,2386,Ingleside,3H2E,21703,21703,Following too closely prohibited,AA,Vehicle(s) Only Involved,23140,2,3,57658,1
31658,14753,3038668.0,2007-02-05 14:15:00,2007 February 05,14:15:00,2007,February,Monday,2:01 pm to 6:00 pm,14.0,0,Afternoon,Winter,3801.0,307,SOUTH,4B8E,21954(a),21954(a),Pedestrians must yield right-of-way outside of crosswalks,BB,Vehicle-Pedestrian,23141,2,2,57622,1
31659,47501,190430600.0,2019-06-15 11:10:00,2019 June 15,11:10:00,2019,June,Saturday,10:01 am to 2:00 pm,11.0,1,Morning,Summer,3801.0,1633,Tenderloin,3J12A,21954(a),21954(a),Pedestrians must yield right-of-way outside of crosswalks,BB,Vehicle-Pedestrian,23142,2,1,56779,1
31660,24292,141097887.0,2014-12-30 16:22:00,2014 December 30,16:22:00,2014,December,Tuesday,2:01 pm to 6:00 pm,16.0,0,Afternoon,Winter,3801.0,184,SOUTHERN,3B54C,Unknown,Unknown,Unknown,CC,Vehicle-Bicycle,36394,2,33,57468,1
31661,13836,1988674.0,2005-01-15 12:15:00,2005 January 15,12:15:00,2005,January,Saturday,10:01 am to 2:00 pm,12.0,1,Afternoon,Winter,3801.0,1241,SOUTH,3B2A,21801(a),"21801(a,b)",Violation of right-of-way - left turn,AA,Vehicle(s) Only Involved,1887,2,1,57659,1
31662,56725,210675784.0,2021-10-15 17:43:00,2021 October 15,17:43:00,2021,October,Friday,2:01 pm to 6:00 pm,17.0,0,Evening,Fall,3801.0,1631,Southern,3B,22107,22107,Unsafe turn or lane change prohibited,CC,Vehicle-Bicycle,23143,2,2,57581,2
31663,16122,3342365.0,2007-08-29 02:10:00,2007 August 29,02:10:00,2007,August,Wednesday,2:01 am to 6:00 am,2.0,0,Night,Summer,3801.0,000232,SOUTH,3B15E,21453(a),"21453(a,c)",Red signal - driver or bicyclist responsibilities,CC,Vehicle-Bicycle,10641,2,3,57621,1
31664,54590,210130932.0,2021-02-27 12:33:00,2021 February 27,12:33:00,2021,February,Saturday,10:01 am to 2:00 pm,12.0,1,Afternoon,Winter,3801.0,504,Northern,3E41C,21750,21750,Overtaking and passing unsafely,CC,Vehicle-Bicycle,23144,2,1,57614,3
31665,50210,190684891.0,2019-09-13 18:49:00,2019 September 13,18:49:00,2019,September,Friday,6:01 pm to 10:00 pm,18.0,0,Evening,Fall,3801.0,1861,Taraval,3I11D,21703,21703,Following too closely prohibited,AA,Vehicle(s) Only Involved,23145,2,8,57658,1
31666,47085,190370880.0,2019-05-24 07:59:00,2019 May 24,07:59:00,2019,May,Friday,6:01 am to 10:00 am,7.0,0,Morning,Spring,3801.0,2279,Bayview,C5,22107,22107,Unsafe turn or lane change prohibited,AA,Vehicle(s) Only Involved,23146,2,2,57660,1
31667,52001,190827126.0,2019-10-30 05:15:00,2019 October 30,05:15:00,2019,October,Wednesday,2:01 am to 6:00 am,5.0,0,Morning,Fall,3801.0,131,Park,3f00,Unknown,Unknown,Unknown,BB,Vehicle-Pedestrian,23147,2,21,57525,2
31668,15747,3496639.0,2007-11-30 18:22:00,2007 November 30,18:22:00,2007,November,Friday,6:01 pm to 10:00 pm,18.0,0,Evening,Fall,3801.0,351,SOUTH,3B14D,21955,21955,Crossing between controlled intersections (Jaywalking),BB,Vehicle-Pedestrian,23148,2,3,57622,1
31669,46434,190025007.0,2019-01-10 19:15:00,2019 January 10,19:15:00,2019,January,Thursday,6:01 pm to 10:00 pm,19.0,0,Evening,Winter,3801.0,4119,Northern,4 Car,21950(a),"21950(a,c)",Driver or bicyclist to yield right-of-way at crosswalks,BB,Vehicle-Pedestrian,23149,2,12,57454,1
31670,48145,190667740.0,2019-09-07 13:35:00,2019 September 07,13:35:00,2019,September,Saturday,10:01 am to 2:00 pm,13.0,1,Afternoon,Fall,3801.0,4335,Northern,901,22350,22350,Unsafe speed for prevailing conditions,AA,Vehicle(s) Only Involved,23150,2,2,57658,8
31671,47412,190393359.0,2019-06-01 12:45:00,2019 June 01,12:45:00,2019,June,Saturday,10:01 am to 2:00 pm,12.0,1,Afternoon,Summer,3801.0,964,Northern,3E12A,22450(a),22450(a),Failure to stop at STOP sign,AA,Vehicle(s) Only Involved,23151,2,1,57659,8
31672,46356,190449786.0,2019-06-21 18:43:00,2019 June 21,18:43:00,2019,June,Friday,6:01 pm to 10:00 pm,18.0,0,Evening,Summer,3801.0,1702,Taraval,3I13D,21804(a),"21804(a,b)",Entering highway from alley or driveway,AA,Vehicle(s) Only Involved,18544,2,8,57659,8
31673,21898,1988520.0,2005-03-11 20:15:00,2005 March 11,20:15:00,2005,March,Friday,6:01 pm to 10:00 pm,20.0,0,Evening,Spring,3801.0,246,NORTH,4B7E,21451(a),"21451(a,b)",Green signal - driver or bicyclist responsibilities,AA,Vehicle(s) Only Involved,9060,2,3,57659,8
31674,47738,190197383.0,2019-03-19 16:45:00,2019 March 19,16:45:00,2019,March,Tuesday,2:01 pm to 6:00 pm,16.0,0,Afternoon,Spring,3801.0,2132,Mission,3D60,21955,21955,Crossing between controlled intersections (Jaywalking),BB,Vehicle-Pedestrian,23152,2,1,57622,2
31675,85048,240175334.0,2024-03-19 07:40:00,2024 March 19,07:40:00,2024,March,Tuesday,6:01 am to 10:00 am,7.0,0,Morning,Spring,3801.0,47,Taraval,3I13A,21954(a),21954(a),Pedestrians must yield right-of-way outside of crosswalks,BB,Vehicle-Pedestrian,23153,2,2,57590,2
31676,49404,190864930.0,2019-11-14 19:00:00,2019 November 14,19:00:00,2019,November,Thursday,6:01 pm to 10:00 pm,19.0,0,Evening,Fall,3801.0,1823,Northern,3E00,21750,21750,Overtaking and passing unsafely,AA,Vehicle(s) Only Involved,22325,45,33,54942,4
31677,22623,170489978.0,2017-06-16 07:53:00,2017 June 16,07:53:00,2017,June,Friday,6:01 am to 10:00 am,7.0,0,Morning,Summer,3801.0,1469,NORTHERN,,21703,21703,Following too closely prohibited,CC,Vehicle-Bicycle,23154,2,23,57639,1
31678,46885,190202813.0,2019-03-21 17:45:00,2019 March 21,17:45:00,2019,March,Thursday,2:01 pm to 6:00 pm,17.0,0,Evening,Spring,3801.0,836,Bayview,3C12D,22450(a),22450(a),Failure to stop at STOP sign,AA,Vehicle(s) Only Involved,23020,2,23,57659,8