collision_id,unique_id,case_id_pkey,collision_datetime,collision_date,collision_time,accident_year,month,day_of_week,time_cat,hour_of_day,is_weekend,time_of_day,season,juris,officer_id,reporting_district,beat_number,vz_pcf_code,vz_pcf_group,vz_pcf_description,dph_col_grp,dph_col_grp_description,location_id,weather_id,road_id,party_id,severity_id
32053,8192,2637963.0,2006-04-16 23:41:00,2006 April 16,23:41:00,2006,April,Sunday,10:01 pm to 2:00 am,23.0,1,Night,Spring,3801.0,1921,PARK,0F2,21453(a),"21453(a,c)",Red signal - driver or bicyclist responsibilities,AA,Vehicle(s) Only Involved,28894,1,3,57659,3
32054,49848,190909592.0,2019-12-03 06:20:00,2019 December 03,06:20:00,2019,December,Tuesday,6:01 am to 10:00 am,6.0,0,Morning,Winter,3801.0,405,Ingleside,3H60,21801(a),"21801(a,b)",Violation of right-of-way - left turn,AA,Vehicle(s) Only Involved,2766,2,13,57603,1
32055,28315,3709523.0,2008-02-25 15:50:00,2008 February 25,15:50:00,2008,February,Monday,2:01 pm to 6:00 pm,15.0,0,Afternoon,Winter,3801.0,639,CENTR,3A2C,22106,22106,Unsafe starting or backing on highway,AA,Vehicle(s) Only Involved,23414,2,2,57584,1
32056,53545,200550594.0,2020-09-13 07:13:00,2020 September 13,07:13:00,2020,September,Sunday,6:01 am to 10:00 am,7.0,1,Morning,Fall,3801.0,2368,Northern,E6,22350,22350,Unsafe speed for prevailing conditions,AA,Vehicle(s) Only Involved,23415,41,1,57584,1
32057,53478,200535972.0,2020-09-05 20:44:00,2020 September 05,20:44:00,2020,September,Saturday,6:01 pm to 10:00 pm,20.0,1,Evening,Fall,3801.0,A21570,Central,3A13D,21801(a),"21801(a,b)",Violation of right-of-way - left turn,CC,Vehicle-Bicycle,594,2,12,57581,1
32058,20991,3748439.0,2008-05-06 23:37:00,2008 May 06,23:37:00,2008,May,Tuesday,10:01 pm to 2:00 am,23.0,0,Night,Spring,3801.0,202,NORTH,3E11E,21453(a),"21453(a,c)",Red signal - driver or bicyclist responsibilities,AA,Vehicle(s) Only Involved,34610,2,3,57659,1
32059,24775,3717086.0,2008-02-08 16:35:00,2008 February 08,16:35:00,2008,February,Friday,2:01 pm to 6:00 pm,16.0,0,Afternoon,Winter,3801.0,340,TENDE,3J12D,21955,21955,Crossing between controlled intersections (Jaywalking),BB,Vehicle-Pedestrian,23416,2,2,57280,1
32060,37377,150983188.0,2015-11-11 11:31:00,2015 November 11,11:31:00,2015,November,Wednesday,10:01 am to 2:00 pm,11.0,0,Morning,Fall,3801.0,120,COJ,4B61,22350,22350,Unsafe speed for prevailing conditions,AA,Vehicle(s) Only Involved,26005,2,1,57603,16
32061,30541,2237382.0,2005-08-23 00:05:00,2005 August 23,00:05:00,2005,August,Tuesday,10:01 pm to 2:00 am,0.0,0,Night,Summer,3801.0,000957,,3E61,21801(a),"21801(a,b)",Violation of right-of-way - left turn,AA,Vehicle(s) Only Involved,29690,2,3,57659,1
32062,57871,220216801.0,2022-04-03 10:26:00,2022 April 03,10:26:00,2022,April,Sunday,10:01 am to 2:00 pm,10.0,1,Morning,Spring,3801.0,168,Richmond,3 CAR,21801(a),"21801(a,b)",Violation of right-of-way - left turn,CC,Vehicle-Bicycle,23417,2,1,57581,1
32063,42848,5414578.0,2011-10-20 09:30:00,2011 October 20,09:30:00,2011,October,Thursday,6:01 am to 10:00 am,9.0,0,Morning,Fall,3801.0,4288,,,22350,22350,Unsafe speed for prevailing conditions,AA,Vehicle(s) Only Involved,23418,2,1,57658,1
32064,18781,2172061.0,2005-08-08 00:22:00,2005 August 08,00:22:00,2005,August,Monday,10:01 pm to 2:00 am,0.0,0,Night,Summer,3801.0,A07797,,COB,21453(a),"21453(a,c)",Red signal - driver or bicyclist responsibilities,CC,Vehicle-Bicycle,22252,2,3,57390,1
32065,57414,220088882.0,2022-02-08 20:47:00,2022 February 08,20:47:00,2022,February,Tuesday,6:01 pm to 10:00 pm,20.0,0,Evening,Winter,3801.0,Price #1414,Mission,3D11E,21801(a),"21801(a,b)",Violation of right-of-way - left turn,AA,Vehicle(s) Only Involved,23839,2,3,57659,8
32066,16485,3729004.0,2008-03-15 12:37:00,2008 March 15,12:37:00,2008,March,Saturday,10:01 am to 2:00 pm,12.0,1,Afternoon,Spring,3801.0,1149,COB,4B2B,21801(a),"21801(a,b)",Violation of right-of-way - left turn,AA,Vehicle(s) Only Involved,7543,1,1,57659,13
32067,44673,160733008.0,2016-09-09 15:35:00,2016 September 09,15:35:00,2016,September,Friday,2:01 pm to 6:00 pm,15.0,0,Afternoon,Fall,3801.0,4372,RICHMOND,3 CAR,21751,21751,Passing without sufficient clearance,AA,Vehicle(s) Only Involved,23419,2,1,57660,1
32068,28078,1993494.0,2005-03-26 01:15:00,2005 March 26,01:15:00,2005,March,Saturday,10:01 pm to 2:00 am,1.0,1,Night,Spring,3801.0,4036,CENTR,3A60,21453(a),"21453(a,c)",Red signal - driver or bicyclist responsibilities,AA,Vehicle(s) Only Involved,31778,2,3,57659,1
32069,13,3727072.0,2008-03-12 13:20:00,2008 March 12,13:20:00,2008,March,Wednesday,10:01 am to 2:00 pm,13.0,0,Afternoon,Spring,3801.0,649,INGLE,4B2H,21800(a),21800(a-c),Violation of right-of-way or uncontrolled intersection,AA,Vehicle(s) Only Involved,9001,2,30,57660,11
32070,53921,200617928.0,2020-10-13 17:46:00,2020 October 13,17:46:00,2020,October,Tuesday,2:01 pm to 6:00 pm,17.0,0,Evening,Fall,3801.0,2161,Taraval,3I15D,21703,21703,Following too closely prohibited,AA,Vehicle(s) Only Involved,23420,2,1,57658,1
32071,58040,220345381.0,2022-05-26 17:49:00,2022 May 26,17:49:00,2022,May,Thursday,2:01 pm to 6:00 pm,17.0,0,Evening,Spring,3801.0,524,Ingleside,3H116D,22350,22350,Unsafe speed for prevailing conditions,AA,Vehicle(s) Only Involved,23421,2,15,57659,4
32072,83607,230543973.0,2023-08-03 00:30:00,2023 August 03,00:30:00,2023,August,Thursday,10:01 pm to 2:00 am,0.0,0,Night,Summer,3801.0,2457,Southern,3B11E,22350,22350,Unsafe speed for prevailing conditions,EE,Bicycle-Parked Car,609,2,12,55949,1
32073,54959,210187585.0,2021-03-25 23:25:00,2021 March 25,23:25:00,2021,March,Thursday,10:01 pm to 2:00 am,23.0,0,Night,Spring,3801.0,2210,Taraval,I4,23153(a),23153(a-g),Driving under influence causing injury,AA,Vehicle(s) Only Involved,23422,2,3,57658,1
32074,56793,210723349.0,2021-11-03 19:38:00,2021 November 03,19:38:00,2021,November,Wednesday,6:01 pm to 10:00 pm,19.0,0,Evening,Fall,3801.0,4023,Mission,D6,23152(a),23152(a-g),Driving under influence of alcohol and/or drugs,AA,Vehicle(s) Only Involved,23423,2,12,43060,1
32075,53390,200486977.0,2020-08-13 23:08:00,2020 August 13,23:08:00,2020,August,Thursday,10:01 pm to 2:00 am,23.0,0,Night,Summer,3801.0,1286,Southern,,22350,22350,Unsafe speed for prevailing conditions,AA,Vehicle(s) Only Involved,23424,2,3,57607,8
32076,56442,210671588.0,2021-10-14 06:14:00,2021 October 14,06:14:00,2021,October,Thursday,6:01 am to 10:00 am,6.0,0,Morning,Fall,3801.0,244,Northern,3E13A,21453(d),21453(d),Red signal - pedestrian responsibilities,BB,Vehicle-Pedestrian,23425,2,3,56815,4
32077,35596,3449787.0,2007-09-17 22:01:00,2007 September 17,22:01:00,2007,September,Monday,10:01 pm to 2:00 am,22.0,0,Night,Fall,3801.0,2046,NORTH,5CAR,23152(a),23152(a-g),Driving under influence of alcohol and/or drugs,AA,Vehicle(s) Only Involved,23426,2,3,57607,2
32078,25611,2775896.0,2006-08-11 23:00:00,2006 August 11,23:00:00,2006,August,Friday,10:01 pm to 2:00 am,23.0,0,Night,Summer,3801.0,1262,SOUTH,3B11E,22350,22350,Unsafe speed for prevailing conditions,AA,Vehicle(s) Only Involved,19252,2,3,57660,1
32079,77976,200125250.0,2020-02-19 08:00:00,2020 February 19,08:00:00,2020,February,Wednesday,6:01 am to 10:00 am,8.0,0,Morning,Winter,3801.0,142,Bayview,3C60,21801(a),"21801(a,b)",Violation of right-of-way - left turn,AA,Vehicle(s) Only Involved,23427,2,23,57631,8
32080,18433,3727346.0,2008-03-09 23:52:00,2008 March 09,23:52:00,2008,March,Sunday,10:01 pm to 2:00 am,23.0,1,Night,Spring,3801.0,001580,,,21453(a),"21453(a,c)",Red signal - driver or bicyclist responsibilities,CC,Vehicle-Bicycle,21093,2,3,57621,4
32081,32366,2566161.0,2006-01-14 00:10:00,2006 January 14,00:10:00,2006,January,Saturday,10:01 pm to 2:00 am,0.0,1,Night,Winter,3801.0,000578,NORTH,3E11E,21453(a),"21453(a,c)",Red signal - driver or bicyclist responsibilities,AA,Vehicle(s) Only Involved,21408,4,13,57659,4
32082,44919,150776927.0,2015-09-08 14:35:00,2015 September 08,14:35:00,2015,September,Tuesday,2:01 pm to 6:00 pm,14.0,0,Afternoon,Fall,3801.0,917,RICHMOND,4B3F,21950(a),"21950(a,c)",Driver or bicyclist to yield right-of-way at crosswalks,BB,Vehicle-Pedestrian,23428,2,1,57649,2
32083,45062,160585633.0,2016-07-20 14:59:00,2016 July 20,14:59:00,2016,July,Wednesday,2:01 pm to 6:00 pm,14.0,0,Afternoon,Summer,3801.0,2260,RICHMOND,901,21802(a),"21802(a,b)",Violation of right-of-way - entering through highway,AA,Vehicle(s) Only Involved,6233,2,2,57659,1
32084,12664,180349005.0,2018-05-10 16:24:00,2018 May 10,16:24:00,2018,May,Thursday,2:01 pm to 6:00 pm,16.0,0,Afternoon,Spring,3801.0,2132,Mission,3D65C,22100(b),"22100(a,b)",Turn at intersection from wrong position,AA,Vehicle(s) Only Involved,13572,2,1,57660,1
32085,42227,3770234.0,2008-06-03 14:31:00,2008 June 03,14:31:00,2008,June,Tuesday,2:01 pm to 6:00 pm,14.0,0,Afternoon,Summer,3801.0,1597,RICHM,3G62,21453(a),"21453(a,c)",Red signal - driver or bicyclist responsibilities,AA,Vehicle(s) Only Involved,7077,2,1,57585,8
32086,57006,210852578.0,2021-12-25 23:57:00,2021 December 25,23:57:00,2021,December,Saturday,10:01 pm to 2:00 am,23.0,1,Night,Winter,3801.0,2459,Mission,3D11E,22350,22350,Unsafe speed for prevailing conditions,AA,Vehicle(s) Only Involved,23429,4,7,57496,1
32087,45222,180642495.0,2018-08-25 22:55:00,2018 August 25,22:55:00,2018,August,Saturday,10:01 pm to 2:00 am,22.0,1,Night,Summer,3801.0,2736,Richmond,3G13E,23152(a),23152(a-g),Driving under influence of alcohol and/or drugs,AA,Vehicle(s) Only Involved,15556,2,3,57607,1
32088,59284,220613304.0,2022-09-06 18:00:00,2022 September 06,18:00:00,2022,September,Tuesday,2:01 pm to 6:00 pm,18.0,0,Evening,Fall,3801.0,AIELLO,Mission,2,22106,22106,Unsafe starting or backing on highway,AA,Vehicle(s) Only Involved,23430,2,2,57659,1
32089,53309,200449793.0,2020-07-27 17:50:00,2020 July 27,17:50:00,2020,July,Monday,2:01 pm to 6:00 pm,17.0,0,Evening,Summer,3801.0,2447,Tenderloin,3J12D,21453(a),"21453(a,c)",Red signal - driver or bicyclist responsibilities,CC,Vehicle-Bicycle,18769,2,1,57621,1
32090,53488,200493217.0,2020-08-17 14:14:00,2020 August 17,14:14:00,2020,August,Monday,2:01 pm to 6:00 pm,14.0,0,Afternoon,Summer,3801.0,2191,Northern,,22106,22106,Unsafe starting or backing on highway,AA,Vehicle(s) Only Involved,23431,2,1,55035,2
32091,57744,220007252.0,2022-01-04 13:22:00,2022 January 04,13:22:00,2022,January,Tuesday,10:01 am to 2:00 pm,13.0,0,Afternoon,Winter,3801.0,310,Southern,3B12C,21453(c),"21453(a,c)",Red signal - driver or bicyclist responsibilities,AA,Vehicle(s) Only Involved,27673,1,16,57659,1
32092,45445,160775533.0,2016-09-24 09:00:00,2016 September 24,09:00:00,2016,September,Saturday,6:01 am to 10:00 am,9.0,1,Morning,Fall,3801.0,1196,INGLESIDE,H3,22350,22350,Unsafe speed for prevailing conditions,AA,Vehicle(s) Only Involved,40965,2,1,57660,1
32093,56152,210504490.0,2021-08-09 21:29:00,2021 August 09,21:29:00,2021,August,Monday,6:01 pm to 10:00 pm,21.0,0,Night,Summer,3801.0,2390,Central,A1,21950(a),"21950(a,c)",Driver or bicyclist to yield right-of-way at crosswalks,BB,Vehicle-Pedestrian,23433,2,3,57649,1
32094,56695,210658025.0,2021-10-09 00:53:00,2021 October 09,00:53:00,2021,October,Saturday,10:01 pm to 2:00 am,0.0,1,Night,Fall,3801.0,1406,Central,3A13E,21453(a),"21453(a,c)",Red signal - driver or bicyclist responsibilities,AA,Vehicle(s) Only Involved,40206,2,3,57659,1
32095,55477,210236057.0,2021-04-17 12:04:00,2021 April 17,12:04:00,2021,April,Saturday,10:01 am to 2:00 pm,12.0,1,Afternoon,Spring,3801.0,621,Central,3A12C,21650.1,21650.1,Bicycle to travel in same direction as vehicles,CC,Vehicle-Bicycle,23435,2,2,57621,1
32096,17595,171040884.0,2017-12-26 01:53:00,2017 December 26,01:53:00,2017,December,Tuesday,10:01 pm to 2:00 am,1.0,0,Night,Winter,3801.0,1375,MISSION,3D16E,21453(a),"21453(a,c)",Red signal - driver or bicyclist responsibilities,AA,Vehicle(s) Only Involved,37531,2,3,57553,8
32097,41373,130322352.0,2013-04-20 11:25:00,2013 April 20,11:25:00,2013,April,Saturday,10:01 am to 2:00 pm,11.0,1,Morning,Spring,3801.0,561,TARAVAL,312,22350,22350,Unsafe speed for prevailing conditions,AA,Vehicle(s) Only Involved,23436,2,1,57658,1
32098,55243,210284545.0,2021-05-09 12:51:00,2021 May 09,12:51:00,2021,May,Sunday,10:01 am to 2:00 pm,12.0,1,Afternoon,Spring,3801.0,2466,Richmond,Three,21950(a),"21950(a,c)",Driver or bicyclist to yield right-of-way at crosswalks,BB,Vehicle-Pedestrian,1343,2,1,57532,1
32099,33150,3767536.0,2008-05-30 14:52:00,2008 May 30,14:52:00,2008,May,Friday,2:01 pm to 6:00 pm,14.0,0,Afternoon,Spring,3801.0,510,CENTR,3A1K,22101(d),22101(d),Violation of a turn prohibition sign,AA,Vehicle(s) Only Involved,23437,2,2,57660,2
32100,49865,190942843.0,2019-12-15 18:40:00,2019 December 15,18:40:00,2019,December,Sunday,6:01 pm to 10:00 pm,18.0,1,Evening,Winter,3801.0,2175,Mission,3D11D,23153(a),23153(a-g),Driving under influence causing injury,AA,Vehicle(s) Only Involved,3831,2,3,57658,1
32101,836,3362979.0,2007-09-11 00:46:00,2007 September 11,00:46:00,2007,September,Tuesday,10:01 pm to 2:00 am,0.0,0,Night,Fall,3801.0,1222,INGLE,3H13E,22350,22350,Unsafe speed for prevailing conditions,AA,Vehicle(s) Only Involved,23438,2,29,57569,2
32102,18393,130222439.0,2013-03-17 15:45:00,2013 March 17,15:45:00,2013,March,Sunday,2:01 pm to 6:00 pm,15.0,1,Afternoon,Spring,3801.0,1172,SOUTHERN,,22101(d),22101(d),Violation of a turn prohibition sign,CC,Vehicle-Bicycle,21093,2,1,57368,4
32103,86141,240462755.0,2024-07-24 19:21:00,2024 July 24,19:21:00,2024,July,Wednesday,6:01 pm to 10:00 pm,19.0,0,Evening,Summer,3801.0,2487,Bayview,3C11D,22517,22517,Opening door on traffic side when unsafe,AA,Vehicle(s) Only Involved,23439,2,1,57658,2
32104,56028,210569115.0,2021-09-04 07:30:00,2021 September 04,07:30:00,2021,September,Saturday,6:01 am to 10:00 am,7.0,1,Morning,Fall,3801.0,455,Southern,3B,21453(a),"21453(a,c)",Red signal - driver or bicyclist responsibilities,AA,Vehicle(s) Only Involved,20837,2,23,57659,1
32105,2258,2311719.0,2005-09-18 01:21:00,2005 September 18,01:21:00,2005,September,Sunday,10:01 pm to 2:00 am,1.0,1,Night,Fall,3801.0,1659,,,22350,22350,Unsafe speed for prevailing conditions,AA,Vehicle(s) Only Involved,23440,2,3,57583,2
32106,49781,190781691.0,2019-10-17 00:37:00,2019 October 17,00:37:00,2019,October,Thursday,10:01 pm to 2:00 am,0.0,0,Night,Fall,3801.0,2142,Tenderloin,3J13E,22350,22350,Unsafe speed for prevailing conditions,AA,Vehicle(s) Only Involved,23441,2,3,57658,1
32107,31039,170157119.0,2017-02-24 11:09:00,2017 February 24,11:09:00,2017,February,Friday,10:01 am to 2:00 pm,11.0,0,Morning,Winter,3801.0,,NORTHERN,3E12A,21950(a),"21950(a,c)",Driver or bicyclist to yield right-of-way at crosswalks,BB,Vehicle-Pedestrian,10877,2,1,57454,1
32108,20493,1995071.0,2005-04-21 00:01:00,2005 April 21,00:01:00,2005,April,Thursday,10:01 pm to 2:00 am,0.0,0,Night,Spring,3801.0,307,,4B8E,21453(a),"21453(a,c)",Red signal - driver or bicyclist responsibilities,AA,Vehicle(s) Only Involved,8605,2,75,57659,1
32109,49876,190962192.0,2019-12-23 10:33:00,2019 December 23,10:33:00,2019,December,Monday,10:01 am to 2:00 pm,10.0,0,Morning,Winter,3801.0,50,Tenderloin,4,21453(d),21453(d),Red signal - pedestrian responsibilities,DD,Bicycle-Pedestrian,29528,2,1,55284,1
32110,13650,2788094.0,2006-09-11 23:05:00,2006 September 11,23:05:00,2006,September,Monday,10:01 pm to 2:00 am,23.0,0,Night,Fall,3801.0,1415,MISSI,3D13E,21801(a),"21801(a,b)",Violation of right-of-way - left turn,AA,Vehicle(s) Only Involved,22595,2,3,57585,1
32111,57743,220199677.0,2022-03-27 00:02:00,2022 March 27,00:02:00,2022,March,Sunday,10:01 pm to 2:00 am,0.0,1,Night,Spring,3801.0,1472,Park,3,21453(a),"21453(a,c)",Red signal - driver or bicyclist responsibilities,AA,Vehicle(s) Only Involved,14267,2,3,57659,5
32112,53377,200482414.0,2020-08-11 18:41:00,2020 August 11,18:41:00,2020,August,Tuesday,6:01 pm to 10:00 pm,18.0,0,Evening,Summer,3801.0,2229,Northern,,21950(a),"21950(a,c)",Driver or bicyclist to yield right-of-way at crosswalks,BB,Vehicle-Pedestrian,38243,2,1,57013,1
32113,52469,200177671.0,2020-03-10 11:30:00,2020 March 10,11:30:00,2020,March,Tuesday,10:01 am to 2:00 pm,11.0,0,Morning,Spring,3801.0,1875,Southern,3B60,22106,22106,Unsafe starting or backing on highway,BB,Vehicle-Pedestrian,23444,2,1,57649,1
32114,86508,240568836.0,2024-09-10 06:52:00,2024 September 10,06:52:00,2024,September,Tuesday,6:01 am to 10:00 am,6.0,0,Morning,Fall,3801.0,1633,Tenderloin,3J15A,21954(a),21954(a),Pedestrians must yield right-of-way outside of crosswalks,BB,Vehicle-Pedestrian,3655,2,3,57622,4
32115,54061,200654390.0,2020-10-30 08:48:00,2020 October 30,08:48:00,2020,October,Friday,6:01 am to 10:00 am,8.0,0,Morning,Fall,3801.0,2237,Ingleside,3H15A,21801(a),"21801(a,b)",Violation of right-of-way - left turn,AA,Vehicle(s) Only Involved,39439,2,1,57659,8
32116,58750,220659847.0,2022-09-26 18:05:00,2022 September 26,18:05:00,2022,September,Monday,6:01 pm to 10:00 pm,18.0,0,Evening,Fall,3801.0,4041,Taraval,3I13D,21802(a),"21802(a,b)",Violation of right-of-way - entering through highway,AA,Vehicle(s) Only Involved,23446,2,1,57659,4
32117,54202,200693865.0,2020-11-16 18:40:00,2020 November 16,18:40:00,2020,November,Monday,6:01 pm to 10:00 pm,18.0,0,Evening,Fall,3801.0,627,Mission,MISSION,21703,21703,Following too closely prohibited,AA,Vehicle(s) Only Involved,23447,2,12,57658,1
32118,58540,220405355.0,2022-06-20 21:01:00,2022 June 20,21:01:00,2022,June,Monday,6:01 pm to 10:00 pm,21.0,0,Night,Summer,3801.0,1602,Mission,901,22350,22350,Unsafe speed for prevailing conditions,AA,Vehicle(s) Only Involved,23448,2,33,57584,11
32119,42556,3732498.0,2008-03-11 09:05:00,2008 March 11,09:05:00,2008,March,Tuesday,6:01 am to 10:00 am,9.0,0,Morning,Spring,3801.0,1597,RICHM,3G62,Unknown,Unknown,Unknown,AA,Vehicle(s) Only Involved,34119,2,2,57557,1
32120,53885,200608949.0,2020-10-09 12:29:00,2020 October 09,12:29:00,2020,October,Friday,10:01 am to 2:00 pm,12.0,0,Afternoon,Fall,3801.0,2247,Mission,3D,21453(a),"21453(a,c)",Red signal - driver or bicyclist responsibilities,AA,Vehicle(s) Only Involved,23450,2,1,57660,1
32121,58993,220466250.0,2022-07-14 18:43:00,2022 July 14,18:43:00,2022,July,Thursday,6:01 pm to 10:00 pm,18.0,0,Evening,Summer,3801.0,1198,Mission,,21955,21955,Crossing between controlled intersections (Jaywalking),BB,Vehicle-Pedestrian,23451,2,2,56779,1
32122,54010,200641234.0,2020-10-23 19:06:00,2020 October 23,19:06:00,2020,October,Friday,6:01 pm to 10:00 pm,19.0,0,Evening,Fall,3801.0,2750,Southern,3B14D,21954(a),21954(a),Pedestrians must yield right-of-way outside of crosswalks,BB,Vehicle-Pedestrian,19459,2,3,57622,4
32123,41961,3200017.0,2007-04-26 22:45:00,2007 April 26,22:45:00,2007,April,Thursday,10:01 pm to 2:00 am,22.0,0,Night,Spring,3801.0,1015,PARK,1CAR,21954(a),21954(a),Pedestrians must yield right-of-way outside of crosswalks,BB,Vehicle-Pedestrian,35080,2,12,57622,4
32124,12049,3325026.0,2007-08-12 01:56:00,2007 August 12,01:56:00,2007,August,Sunday,10:01 pm to 2:00 am,1.0,1,Night,Summer,3801.0,1105,MISSI,,21955,21955,Crossing between controlled intersections (Jaywalking),BB,Vehicle-Pedestrian,23452,2,12,57622,4
32125,40559,5414581.0,2011-10-19 23:41:00,2011 October 19,23:41:00,2011,October,Wednesday,10:01 pm to 2:00 am,23.0,0,Night,Fall,3801.0,001889,,,23152(a),23152(a-g),Driving under influence of alcohol and/or drugs,AA,Vehicle(s) Only Involved,23453,2,12,57607,4
32126,53838,200595681.0,2020-10-03 12:00:00,2020 October 03,12:00:00,2020,October,Saturday,10:01 am to 2:00 pm,12.0,1,Afternoon,Fall,3801.0,2325,Southern,3B14A,Unknown,Unknown,Unknown,BB,Vehicle-Pedestrian,11931,2,1,57525,2
32127,53562,200560797.0,2020-09-17 15:01:00,2020 September 17,15:01:00,2020,September,Thursday,2:01 pm to 6:00 pm,15.0,0,Afternoon,Fall,3801.0,33,Richmond,3,21453(a),"21453(a,c)",Red signal - driver or bicyclist responsibilities,AA,Vehicle(s) Only Involved,2101,2,1,57659,2
32128,50724,190884897.0,2019-11-22 15:00:00,2019 November 22,15:00:00,2019,November,Friday,2:01 pm to 6:00 pm,15.0,0,Afternoon,Fall,3801.0,831,Taraval,3I15D,21750,21750,Overtaking and passing unsafely,AA,Vehicle(s) Only Involved,23454,2,1,57660,1
32129,37534,130707986.0,2013-08-25 13:50:00,2013 August 25,13:50:00,2013,August,Sunday,10:01 am to 2:00 pm,13.0,1,Afternoon,Summer,3801.0,2482,TARAVAL,3I4B,21950(a),"21950(a,c)",Driver or bicyclist to yield right-of-way at crosswalks,BB,Vehicle-Pedestrian,24451,2,1,57649,1
32130,57845,220222660.0,2022-04-05 13:59:00,2022 April 05,13:59:00,2022,April,Tuesday,10:01 am to 2:00 pm,13.0,0,Afternoon,Spring,3801.0,156,Bayview,3C60,22350,22350,Unsafe speed for prevailing conditions,AA,Vehicle(s) Only Involved,6453,2,153,57658,2
32131,20893,3728709.0,2008-04-26 21:40:00,2008 April 26,21:40:00,2008,April,Saturday,6:01 pm to 10:00 pm,21.0,1,Night,Spring,3801.0,420,E,3E14E,22350,22350,Unsafe speed for prevailing conditions,AA,Vehicle(s) Only Involved,23456,2,3,57658,1
32132,54130,200672621.0,2020-11-07 10:20:00,2020 November 07,10:20:00,2020,November,Saturday,10:01 am to 2:00 pm,10.0,1,Morning,Fall,3801.0,2412,Southern,4,22350,22350,Unsafe speed for prevailing conditions,CC,Vehicle-Bicycle,23457,2,20,57639,2
32133,12514,1995285.0,2005-03-03 23:07:00,2005 March 03,23:07:00,2005,March,Thursday,10:01 pm to 2:00 am,23.0,0,Night,Spring,3801.0,656,3D11E,,23153(a),23153(a-g),Driving under influence causing injury,AA,Vehicle(s) Only Involved,24592,1,13,57603,8
32134,45165,140959199.0,2014-11-12 14:00:00,2014 November 12,14:00:00,2014,November,Wednesday,10:01 am to 2:00 pm,14.0,0,Afternoon,Fall,3801.0,1796,RICHMOND,3G4A,21802(a),"21802(a,b)",Violation of right-of-way - entering through highway,AA,Vehicle(s) Only Involved,26330,2,2,57659,1
32135,49466,190870341.0,2019-11-17 16:11:00,2019 November 17,16:11:00,2019,November,Sunday,2:01 pm to 6:00 pm,16.0,1,Afternoon,Fall,3801.0,2183,Mission,3D13D,21804(a),"21804(a,b)",Entering highway from alley or driveway,AA,Vehicle(s) Only Involved,23459,2,8,57660,2
32136,17668,2188633.0,2005-08-16 22:42:00,2005 August 16,22:42:00,2005,August,Tuesday,10:01 pm to 2:00 am,22.0,0,Night,Summer,3801.0,307,MISSI,4B8E,22350,22350,Unsafe speed for prevailing conditions,AA,Vehicle(s) Only Involved,23460,1,75,57658,1
32137,34078,2633769.0,2006-04-09 01:30:00,2006 April 09,01:30:00,2006,April,Sunday,10:01 pm to 2:00 am,1.0,1,Night,Spring,3801.0,782,,3A14E,22350,22350,Unsafe speed for prevailing conditions,AA,Vehicle(s) Only Involved,23461,2,3,57658,8
32138,55891,210586943.0,2021-09-11 07:15:00,2021 September 11,07:15:00,2021,September,Saturday,6:01 am to 10:00 am,7.0,1,Morning,Fall,3801.0,1418,Taraval,I5,24002(a),24002(a),Unlawful to operate unsafe vehicle or bicycle - safety hazard,AA,Vehicle(s) Only Involved,22989,1,8,56835,21
32139,58450,220275001.0,2022-04-27 15:23:00,2022 April 27,15:23:00,2022,April,Wednesday,2:01 pm to 6:00 pm,15.0,0,Afternoon,Spring,3801.0,1147,Tenderloin,3J13D,21750,21750,Overtaking and passing unsafely,AA,Vehicle(s) Only Involved,23462,2,2,57660,1
32140,59176,220589987.0,2022-08-31 17:10:00,2022 August 31,17:10:00,2022,August,Wednesday,2:01 pm to 6:00 pm,17.0,0,Evening,Summer,3801.0,104,Traffic,4B4F,22107,22107,Unsafe turn or lane change prohibited,AA,Vehicle(s) Only Involved,23463,2,1,57607,4
32141,85918,240392328.0,2024-06-23 23:31:00,2024 June 23,23:31:00,2024,June,Sunday,10:01 pm to 2:00 am,23.0,1,Night,Summer,3801.0,1769,Bayview,,21703,21703,Following too closely prohibited,AA,Vehicle(s) Only Involved,23464,2,12,57658,1
32142,58520,220242470.0,2022-04-13 16:15:00,2022 April 13,16:15:00,2022,April,Wednesday,2:01 pm to 6:00 pm,16.0,0,Afternoon,Spring,3801.0,1784,Tenderloin,3J13D,22106,22106,Unsafe starting or backing on highway,BB,Vehicle-Pedestrian,23465,2,2,57649,1
32143,59056,220528731.0,2022-08-08 13:50:00,2022 August 08,13:50:00,2022,August,Monday,10:01 am to 2:00 pm,13.0,0,Afternoon,Summer,3801.0,1100,Tenderloin,3J4A,22517,22517,Opening door on traffic side when unsafe,CC,Vehicle-Bicycle,23466,2,2,57660,2
32144,53532,200543464.0,2020-09-09 17:01:00,2020 September 09,17:01:00,2020,September,Wednesday,2:01 pm to 6:00 pm,17.0,0,Evening,Fall,3801.0,364,Southern,B1,22107,22107,Unsafe turn or lane change prohibited,AA,Vehicle(s) Only Involved,23467,2,1,57564,4
32145,25842,3342307.0,2007-08-29 22:05:00,2007 August 29,22:05:00,2007,August,Wednesday,10:01 pm to 2:00 am,22.0,0,Night,Summer,3801.0,1342,,3A11E,21950(a),"21950(a,c)",Driver or bicyclist to yield right-of-way at crosswalks,BB,Vehicle-Pedestrian,7839,2,3,57525,2