collision_id,unique_id,case_id_pkey,collision_datetime,collision_date,collision_time,accident_year,month,day_of_week,time_cat,hour_of_day,is_weekend,time_of_day,season,juris,officer_id,reporting_district,beat_number,vz_pcf_code,vz_pcf_group,vz_pcf_description,dph_col_grp,dph_col_grp_description,location_id,weather_id,road_id,party_id,severity_id
32706,57027,210648098.0,2021-10-05 07:15:00,2021 October 05,07:15:00,2021,October,Tuesday,6:01 am to 10:00 am,7.0,0,Morning,Fall,3801.0,4331,Southern,TI,Unknown,Unknown,Unknown,BB,Vehicle-Pedestrian,23861,2,2,57566,2
32707,57265,220011918.0,2022-01-06 12:50:00,2022 January 06,12:50:00,2022,January,Thursday,10:01 am to 2:00 pm,12.0,0,Afternoon,Winter,3801.0,2728,Tenderloin,908,21950(a),"21950(a,c)",Driver or bicyclist to yield right-of-way at crosswalks,CC,Vehicle-Bicycle,35200,2,303,57616,2
32708,24982,160049554.0,2016-01-18 13:32:00,2016 January 18,13:32:00,2016,January,Monday,10:01 am to 2:00 pm,13.0,0,Afternoon,Winter,3801.0,1065,TENDERLOIN,3J3,22106,22106,Unsafe starting or backing on highway,AA,Vehicle(s) Only Involved,23862,1,1,57255,2
32709,44720,130930751.0,2013-11-02 11:35:00,2013 November 02,11:35:00,2013,November,Saturday,10:01 am to 2:00 pm,11.0,1,Morning,Fall,3801.0,1689,G,363A,21750,21750,Overtaking and passing unsafely,AA,Vehicle(s) Only Involved,23863,2,2,57660,1
32710,50380,190888786.0,2019-11-24 02:18:00,2019 November 24,02:18:00,2019,November,Sunday,2:01 am to 6:00 am,2.0,1,Night,Fall,3801.0,1102,Mission,D1,21453(a),"21453(a,c)",Red signal - driver or bicyclist responsibilities,AA,Vehicle(s) Only Involved,22135,2,3,57490,2
32711,55132,210245315.0,2021-04-21 17:00:00,2021 April 21,17:00:00,2021,April,Wednesday,2:01 pm to 6:00 pm,17.0,0,Evening,Spring,3801.0,1666,Park,4-Car,21804(a),"21804(a,b)",Entering highway from alley or driveway,AA,Vehicle(s) Only Involved,23864,2,1,57659,1
32712,53206,200418782.0,2020-07-13 13:13:00,2020 July 13,13:13:00,2020,July,Monday,10:01 am to 2:00 pm,13.0,0,Afternoon,Summer,3801.0,386,Mission,3D14C,22350,22350,Unsafe speed for prevailing conditions,CC,Vehicle-Bicycle,23865,2,2,57621,4
32713,53546,200550726.0,2020-09-13 09:30:00,2020 September 13,09:30:00,2020,September,Sunday,6:01 am to 10:00 am,9.0,1,Morning,Fall,3801.0,2046,Northern,3E14A,22101(d),22101(d),Violating special traffic control markers,AA,Vehicle(s) Only Involved,26440,1,55,57659,8
32714,30036,2457489.0,2006-01-14 01:30:00,2006 January 14,01:30:00,2006,January,Saturday,10:01 pm to 2:00 am,1.0,1,Night,Winter,3801.0,264,NORTH,311E,21950(a),"21950(a,c)",Driver or bicyclist to yield right-of-way at crosswalks,BB,Vehicle-Pedestrian,2695,4,304,57649,1
32715,57467,220103123.0,2022-02-14 18:10:00,2022 February 14,18:10:00,2022,February,Monday,6:01 pm to 10:00 pm,18.0,0,Evening,Winter,3801.0,426,Northern,3E13D,21453(a),"21453(a,c)",Red signal - driver or bicyclist responsibilities,AA,Vehicle(s) Only Involved,10448,2,3,57659,1
32716,86598,240592299.0,2024-09-20 15:32:00,2024 September 20,15:32:00,2024,September,Friday,2:01 pm to 6:00 pm,15.0,0,Afternoon,Fall,3801.0,1144,Richmond,3G3D,22107,22107,Unsafe turn or lane change prohibited,AA,Vehicle(s) Only Involved,23866,2,2,57607,2
32717,54267,200716376.0,2020-11-27 12:54:00,2020 November 27,12:54:00,2020,November,Friday,10:01 am to 2:00 pm,12.0,0,Afternoon,Fall,3801.0,1129,Taraval,5,21801(a),"21801(a,b)",Violation of right-of-way - left turn,CC,Vehicle-Bicycle,21067,2,2,57581,2
32718,59198,220619788.0,2022-09-11 15:00:00,2022 September 11,15:00:00,2022,September,Sunday,2:01 pm to 6:00 pm,15.0,1,Afternoon,Fall,3801.0,2401,Mission,3D15A,22517,22517,Opening door on traffic side when unsafe,CC,Vehicle-Bicycle,23867,2,1,54723,2
32719,8256,2384256.0,2005-10-03 22:20:00,2005 October 03,22:20:00,2005,October,Monday,10:01 pm to 2:00 am,22.0,0,Night,Fall,3801.0,4084,MISSI,0D2,Unknown,Unknown,Unknown,AA,Vehicle(s) Only Involved,23868,2,3,57659,2
32720,84907,240125884.0,2024-02-26 09:17:00,2024 February 26,09:17:00,2024,February,Monday,6:01 am to 10:00 am,9.0,0,Morning,Winter,3801.0,2229,Tenderloin,3J1A,21703,21703,Following too closely prohibited,AA,Vehicle(s) Only Involved,23869,2,1,57658,1
32721,12014,3727706.0,2008-04-12 18:50:00,2008 April 12,18:50:00,2008,April,Saturday,6:01 pm to 10:00 pm,18.0,1,Evening,Spring,3801.0,1658,MISSI,3D14D,21655(b),21655(b),Failure to use designated lanes,CC,Vehicle-Bicycle,691,2,1,57390,2
32722,53410,200496380.0,2020-08-18 08:59:00,2020 August 18,08:59:00,2020,August,Tuesday,6:01 am to 10:00 am,8.0,0,Morning,Summer,3801.0,392,Mission,3D13A,22350,22350,Unsafe speed for prevailing conditions,AA,Vehicle(s) Only Involved,23870,2,2,57658,1
32723,86162,240466666.0,2024-07-26 14:35:00,2024 July 26,14:35:00,2024,July,Friday,2:01 pm to 6:00 pm,14.0,0,Afternoon,Summer,3801.0,1148,Mission,3D15D,21703,21703,Following too closely prohibited,AA,Vehicle(s) Only Involved,23871,2,1,57658,1
32724,54054,200652205.0,2020-10-30 21:53:00,2020 October 30,21:53:00,2020,October,Friday,6:01 pm to 10:00 pm,21.0,0,Night,Fall,3801.0,1442,Ingleside,3H00,22350,22350,Unsafe speed for prevailing conditions,CC,Vehicle-Bicycle,23872,2,3,57639,2
32725,37056,3439301.0,2007-10-10 00:16:00,2007 October 10,00:16:00,2007,October,Wednesday,10:01 pm to 2:00 am,0.0,0,Night,Fall,3801.0,1881,,3I16D,22350,22350,Unsafe speed for prevailing conditions,BB,Vehicle-Pedestrian,23873,4,13,57649,1
32726,58287,220410815.0,2022-06-23 07:15:00,2022 June 23,07:15:00,2022,June,Thursday,6:01 am to 10:00 am,7.0,0,Morning,Summer,3801.0,432,Mission,3D11A,22107,22107,Unsafe turn or lane change prohibited,CC,Vehicle-Bicycle,23874,2,2,57614,2
32727,1050,3731929.0,2008-04-01 08:24:00,2008 April 01,08:24:00,2008,April,Tuesday,6:01 am to 10:00 am,8.0,0,Morning,Spring,3801.0,0373,H5,3H62,21950(a),"21950(a,c)",Driver or bicyclist to yield right-of-way at crosswalks,BB,Vehicle-Pedestrian,23875,2,1,57649,1
32728,25853,161009856.0,2016-12-13 02:30:00,2016 December 13,02:30:00,2016,December,Tuesday,2:01 am to 6:00 am,2.0,0,Night,Winter,3801.0,2172,CO A,2,21453(d),21453(d),Red signal - pedestrian responsibilities,BB,Vehicle-Pedestrian,23876,2,3,57622,2
32729,53878,200606410.0,2020-10-08 11:34:00,2020 October 08,11:34:00,2020,October,Thursday,10:01 am to 2:00 pm,11.0,0,Morning,Fall,3801.0,1052,Richmond,3G14C,22350,22350,Unsafe speed for prevailing conditions,AA,Vehicle(s) Only Involved,23877,2,2,57569,1
32730,83274,230872095.0,2023-12-13 07:00:00,2023 December 13,07:00:00,2023,December,Wednesday,6:01 am to 10:00 am,7.0,0,Morning,Winter,3801.0,4132,Mission,6-CAR,21703,21703,Following too closely prohibited,AA,Vehicle(s) Only Involved,34780,2,33,57658,2
32731,22621,140161394.0,2014-02-24 08:45:00,2014 February 24,08:45:00,2014,February,Monday,6:01 am to 10:00 am,8.0,0,Morning,Winter,3801.0,2002,PARK,3F13A,22450(a),22450(a),Failure to stop at STOP sign,CC,Vehicle-Bicycle,23879,2,1,57616,4
32732,58055,220361393.0,2022-06-02 13:39:00,2022 June 02,13:39:00,2022,June,Thursday,10:01 am to 2:00 pm,13.0,0,Afternoon,Summer,3801.0,1438,Ingleside,2 CAR,21453(a),"21453(a,c)",Red signal - driver or bicyclist responsibilities,AA,Vehicle(s) Only Involved,1016,2,1,57659,8
32733,55569,210317237.0,2021-05-23 14:45:00,2021 May 23,14:45:00,2021,May,Sunday,2:01 pm to 6:00 pm,14.0,1,Afternoon,Spring,3801.0,1830,Northern,3E12D,22350,22350,Unsafe speed for prevailing conditions,BB,Vehicle-Pedestrian,19607,2,2,57649,1
32734,43507,5410312.0,2011-10-07 14:09:00,2011 October 07,14:09:00,2011,October,Friday,2:01 pm to 6:00 pm,14.0,0,Afternoon,Fall,3801.0,1664,,3G44C,21801(a),"21801(a,b)",Violation of right-of-way - left turn,AA,Vehicle(s) Only Involved,20327,2,1,57659,3
32735,58278,220328406.0,2022-05-19 17:50:00,2022 May 19,17:50:00,2022,May,Thursday,2:01 pm to 6:00 pm,17.0,0,Evening,Spring,3801.0,1950,Richmond,3G5,21800(a),21800(a-c),Violation of right-of-way or uncontrolled intersection,AA,Vehicle(s) Only Involved,23880,2,1,57659,1
32736,55849,210566779.0,2021-09-03 10:06:00,2021 September 03,10:06:00,2021,September,Friday,10:01 am to 2:00 pm,10.0,0,Morning,Fall,3801.0,2498,Southern,3B15C,21461(a),21461(a),Driver or bicyclist failure to obey signs or signals,AA,Vehicle(s) Only Involved,19119,1,1,57660,14
32737,53526,200541800.0,2020-09-08 18:52:00,2020 September 08,18:52:00,2020,September,Tuesday,6:01 pm to 10:00 pm,18.0,0,Evening,Fall,3801.0,2200,Northern,2,21453(a),"21453(a,c)",Red signal - driver or bicyclist responsibilities,AA,Vehicle(s) Only Involved,24761,2,1,57659,2
32738,10364,2636678.0,2006-02-08 00:08:00,2006 February 08,00:08:00,2006,February,Wednesday,10:01 pm to 2:00 am,0.0,0,Night,Winter,3801.0,000973,MISSI,003,21703,21703,Following too closely prohibited,AA,Vehicle(s) Only Involved,23881,2,3,57658,1
32739,19362,3703633.0,2008-02-02 14:00:00,2008 February 02,14:00:00,2008,February,Saturday,10:01 am to 2:00 pm,14.0,1,Afternoon,Winter,3801.0,740,PARKS,4B4I,21950(a),"21950(a,c)",Driver or bicyclist to yield right-of-way at crosswalks,BB,Vehicle-Pedestrian,4915,7,56,57649,2
32740,85066,240050617.0,2024-01-23 17:30:00,2024 January 23,17:30:00,2024,January,Tuesday,2:01 pm to 6:00 pm,17.0,0,Evening,Winter,3801.0,4047,Mission,3D16D,21950(a),"21950(a,c)",Driver or bicyclist to yield right-of-way at crosswalks,BB,Vehicle-Pedestrian,37398,2,1,57649,1
32741,4605,170705069.0,2017-08-29 17:36:00,2017 August 29,17:36:00,2017,August,Tuesday,2:01 pm to 6:00 pm,17.0,0,Evening,Summer,3801.0,,INGLESIDE,3H91,21954(a),21954(a),Pedestrians must yield right-of-way outside of crosswalks,BB,Vehicle-Pedestrian,23883,2,2,57622,4
32742,45284,130387077.0,2013-05-11 12:34:00,2013 May 11,12:34:00,2013,May,Saturday,10:01 am to 2:00 pm,12.0,1,Afternoon,Spring,3801.0,379,RICHMOND,G4,21801(a),"21801(a,b)",Violation of right-of-way - left turn,AA,Vehicle(s) Only Involved,23884,2,1,57659,4
32743,78099,200109072.0,2020-02-12 20:45:00,2020 February 12,20:45:00,2020,February,Wednesday,6:01 pm to 10:00 pm,20.0,0,Evening,Winter,3801.0,2183,Mission,3D11E,21950(a),"21950(a,c)",Driver or bicyclist to yield right-of-way at crosswalks,BB,Vehicle-Pedestrian,23885,5,12,57649,1
32744,57193,210214984.0,2021-04-07 10:34:00,2021 April 07,10:34:00,2021,April,Wednesday,10:01 am to 2:00 pm,10.0,0,Morning,Spring,3801.0,834,Mission,3D11A,22350,22350,Unsafe speed for prevailing conditions,AA,Vehicle(s) Only Involved,23886,2,8,57584,1
32745,56909,210821711.0,2021-12-12 17:36:00,2021 December 12,17:36:00,2021,December,Sunday,2:01 pm to 6:00 pm,17.0,1,Evening,Winter,3801.0,2215,Northern,3E14D,21950(a),"21950(a,c)",Driver or bicyclist to yield right-of-way at crosswalks,BB,Vehicle-Pedestrian,24867,4,13,57649,1
32746,57073,210813809.0,2021-12-09 08:30:00,2021 December 09,08:30:00,2021,December,Thursday,6:01 am to 10:00 am,8.0,0,Morning,Winter,3801.0,1359,Ingleside,H1,22350,22350,Unsafe speed for prevailing conditions,CC,Vehicle-Bicycle,23887,2,2,57614,2
32747,56710,210666971.0,2021-10-12 16:20:00,2021 October 12,16:20:00,2021,October,Tuesday,2:01 pm to 6:00 pm,16.0,0,Afternoon,Fall,3801.0,397,Bayview,3C2,22450(a),22450(a),Failure to stop at STOP sign,CC,Vehicle-Bicycle,24651,2,176,57581,1
32748,39579,3749057.0,2008-05-21 08:33:00,2008 May 21,08:33:00,2008,May,Wednesday,6:01 am to 10:00 am,8.0,0,Morning,Spring,3801.0,1484,TARAV,3I61,21801(a),"21801(a,b)",Violation of right-of-way - left turn,AA,Vehicle(s) Only Involved,23889,2,2,57659,13
32749,18400,140356777.0,2014-04-30 08:32:00,2014 April 30,08:32:00,2014,April,Wednesday,6:01 am to 10:00 am,8.0,0,Morning,Spring,3801.0,351,SOUTHERN,3B60,22101(d),22101(d),Violation of a turn prohibition sign,CC,Vehicle-Bicycle,21093,2,2,57581,2
32750,56644,210661062.0,2021-10-10 14:14:00,2021 October 10,14:14:00,2021,October,Sunday,2:01 pm to 6:00 pm,14.0,1,Afternoon,Fall,3801.0,1936,Traffic,4B1D,22350,22350,Unsafe speed for prevailing conditions,AA,Vehicle(s) Only Involved,23890,2,1,57659,3
32751,55320,210400644.0,2021-06-26 14:50:00,2021 June 26,14:50:00,2021,June,Saturday,2:01 pm to 6:00 pm,14.0,1,Afternoon,Summer,3801.0,209,Northern,3E,22350,22350,Unsafe speed for prevailing conditions,AA,Vehicle(s) Only Involved,23891,2,1,57658,1
32752,53966,200628414.0,2020-10-18 18:40:00,2020 October 18,18:40:00,2020,October,Sunday,6:01 pm to 10:00 pm,18.0,1,Evening,Fall,3801.0,229,Mission,D4,22350,22350,Unsafe speed for prevailing conditions,AA,Vehicle(s) Only Involved,40521,2,3,57658,8
32753,86112,240429852.0,2024-07-10 13:04:00,2024 July 10,13:04:00,2024,July,Wednesday,10:01 am to 2:00 pm,13.0,0,Afternoon,Summer,3801.0,1989,Taraval,3I4A,22102,22102,Illegal U-turn in business district,AA,Vehicle(s) Only Involved,23892,2,1,57659,2
32754,55523,210279392.0,2021-05-07 11:15:00,2021 May 07,11:15:00,2021,May,Friday,10:01 am to 2:00 pm,11.0,0,Morning,Spring,3801.0,1394,Taraval,Taraval 5,22350,22350,Unsafe speed for prevailing conditions,AA,Vehicle(s) Only Involved,23893,2,2,57658,4
32755,8955,2395853.0,2005-11-16 01:30:00,2005 November 16,01:30:00,2005,November,Wednesday,10:01 pm to 2:00 am,1.0,0,Night,Fall,3801.0,228,MISSI,0D3,22106,22106,Unsafe starting or backing on highway,AA,Vehicle(s) Only Involved,23894,2,3,57658,1
32756,57316,220043488.0,2022-01-20 13:30:00,2022 January 20,13:30:00,2022,January,Thursday,10:01 am to 2:00 pm,13.0,0,Afternoon,Winter,3801.0,1345,Mission,,21453(a),"21453(a,c)",Red signal - driver or bicyclist responsibilities,AA,Vehicle(s) Only Involved,24562,2,1,57659,1
32757,52946,200318881.0,2020-05-26 11:00:00,2020 May 26,11:00:00,2020,May,Tuesday,10:01 am to 2:00 pm,11.0,0,Morning,Spring,3801.0,764,Mission,3D44C,22107,22107,Unsafe turn or lane change prohibited,AA,Vehicle(s) Only Involved,2560,2,1,57654,1
32758,44866,170518931.0,2017-06-25 21:55:00,2017 June 25,21:55:00,2017,June,Sunday,6:01 pm to 10:00 pm,21.0,1,Night,Summer,3801.0,231,RICHMOND,3G12E,22107,22107,Unsafe turn or lane change prohibited,AA,Vehicle(s) Only Involved,23895,3,3,57659,3
32759,57261,220023098.0,2022-01-11 15:28:00,2022 January 11,15:28:00,2022,January,Tuesday,2:01 pm to 6:00 pm,15.0,0,Afternoon,Winter,3801.0,2479,Northern,3E14D,21950(a),"21950(a,c)",Driver or bicyclist to yield right-of-way at crosswalks,BB,Vehicle-Pedestrian,23896,2,1,57649,2
32760,25884,160721627.0,2016-09-05 16:49:00,2016 September 05,16:49:00,2016,September,Monday,2:01 pm to 6:00 pm,16.0,0,Afternoon,Fall,3801.0,1752,CENTRAL,A2,21955,21955,Crossing between controlled intersections (Jaywalking),BB,Vehicle-Pedestrian,8806,2,2,55961,17
32761,54090,200660632.0,2020-11-02 08:45:00,2020 November 02,08:45:00,2020,November,Monday,6:01 am to 10:00 am,8.0,0,Morning,Fall,3801.0,1489,Southern,,21235(g),21235(a-j),Illegal operation of motorized scooter,BB,Vehicle-Pedestrian,24062,2,44,57280,1
32762,5366,140310074.0,2014-04-14 14:40:00,2014 April 14,14:40:00,2014,April,Monday,2:01 pm to 6:00 pm,14.0,0,Afternoon,Spring,3801.0,2036,BAYVIEW,3C2,21755(a),21755(a),Unsafe passing on right shoulder,AA,Vehicle(s) Only Involved,17425,2,2,57660,1
32763,163,3371046.0,2007-09-11 22:45:00,2007 September 11,22:45:00,2007,September,Tuesday,10:01 pm to 2:00 am,22.0,0,Night,Fall,3801.0,821,BAYVI,4B8F,21954(a),21954(a),Pedestrians must yield right-of-way outside of crosswalks,BB,Vehicle-Pedestrian,29993,2,12,57622,1
32764,59189,220609648.0,2022-09-07 19:58:00,2022 September 07,19:58:00,2022,September,Wednesday,6:01 pm to 10:00 pm,19.0,0,Evening,Fall,3801.0,654,Park,3F13D,21955,21955,Crossing between controlled intersections (Jaywalking),BB,Vehicle-Pedestrian,23899,2,12,57123,34
32765,53801,200522010.0,2020-08-30 14:30:00,2020 August 30,14:30:00,2020,August,Sunday,2:01 pm to 6:00 pm,14.0,1,Afternoon,Summer,3801.0,764,Mission,3D42C,21801(a),"21801(a,b)",Violation of right-of-way - left turn,AA,Vehicle(s) Only Involved,18547,2,1,57659,4
32766,55223,210325832.0,2021-05-26 21:19:00,2021 May 26,21:19:00,2021,May,Wednesday,6:01 pm to 10:00 pm,21.0,0,Night,Spring,3801.0,#2035,Mission,3D91,21954(a),21954(a),Pedestrians must yield right-of-way outside of crosswalks,BB,Vehicle-Pedestrian,23900,2,12,57622,1
32767,86780,240629234.0,2024-10-06 17:46:00,2024 October 06,17:46:00,2024,October,Sunday,2:01 pm to 6:00 pm,17.0,1,Evening,Fall,3801.0,#334,Richmond,G2,21801(a),"21801(a,b)",Violation of right-of-way - left turn,AA,Vehicle(s) Only Involved,29218,2,1,57659,1
32768,40571,2106356.0,2005-06-04 23:54:00,2005 June 04,23:54:00,2005,June,Saturday,10:01 pm to 2:00 am,23.0,1,Night,Summer,3801.0,1149,3F,4B7D,21801(a),"21801(a,b)",Violation of right-of-way - left turn,AA,Vehicle(s) Only Involved,26707,2,12,57659,3
32769,29421,3717070.0,2008-02-26 14:23:00,2008 February 26,14:23:00,2008,February,Tuesday,2:01 pm to 6:00 pm,14.0,0,Afternoon,Winter,3801,202,NORTH,3E3,21453(a),"21453(a,c)",Red signal - driver or bicyclist responsibilities,AA,Vehicle(s) Only Involved,9853,2,1,57659,2
32770,36043,3767960.0,2008-06-13 01:15:00,2008 June 13,01:15:00,2008,June,Friday,10:01 pm to 2:00 am,1.0,0,Night,Summer,3801,202,NOTHE,3E52,23152(a),23152(a-g),Driving under influence of alcohol and/or drugs,AA,Vehicle(s) Only Involved,16376,2,3,57607,2
32771,54951,210183486.0,2021-03-24 08:06:00,2021 March 24,08:06:00,2021,March,Wednesday,6:01 am to 10:00 am,8.0,0,Morning,Spring,3801,1250,Southern,3B12A,22101(d),22101(d),Violating special traffic control markers,CC,Vehicle-Bicycle,20503,2,24,57633,1
32772,44892,3751839.0,2008-05-06 17:32:00,2008 May 06,17:32:00,2008,May,Tuesday,2:01 pm to 6:00 pm,17.0,0,Evening,Spring,3801,1799,COG,3G60,21453(a),"21453(a,c)",Red signal - driver or bicyclist responsibilities,AA,Vehicle(s) Only Involved,28150,2,1,57659,1
32773,49847,190903130.0,2019-11-30 12:11:00,2019 November 30,12:11:00,2019,November,Saturday,10:01 am to 2:00 pm,12.0,1,Afternoon,Fall,3801,1226,Southern,,21950(a),"21950(a,c)",Driver or bicyclist to yield right-of-way at crosswalks,BB,Vehicle-Pedestrian,23902,7,16,57649,1
32774,49950,190895907.0,2019-11-26 18:51:00,2019 November 26,18:51:00,2019,November,Tuesday,6:01 pm to 10:00 pm,18.0,0,Evening,Fall,3801,203,Mission,,21658(a),"21658(a,b)",Lane straddling or failure to use specified lanes,AA,Vehicle(s) Only Involved,23172,4,13,57607,8
32775,58012,220282379.0,2022-04-30 14:34:00,2022 April 30,14:34:00,2022,April,Saturday,2:01 pm to 6:00 pm,14.0,1,Afternoon,Spring,3801,327,Mission,3D12C,21750,21750,Overtaking and passing unsafely,AA,Vehicle(s) Only Involved,23903,2,2,57660,2
32776,58266,220219689.0,2022-04-04 13:12:00,2022 April 04,13:12:00,2022,April,Monday,10:01 am to 2:00 pm,13.0,0,Afternoon,Spring,3801,1172,Southern,4 Car,21703,21703,Following too closely prohibited,AA,Vehicle(s) Only Involved,23904,2,1,57658,1
32777,58477,220352756.0,2022-05-30 00:35:00,2022 May 30,00:35:00,2022,May,Monday,10:01 pm to 2:00 am,0.0,0,Night,Spring,3801,2741,Mission,901,22350,22350,Unsafe speed for prevailing conditions,AA,Vehicle(s) Only Involved,35324,2,62,57659,8
32778,27071,2705431.0,2006-06-25 23:59:00,2006 June 25,23:59:00,2006,June,Sunday,10:01 pm to 2:00 am,23.0,1,Night,Summer,3801,1262,B,3B11E,Unknown,Unknown,Unknown,CC,Vehicle-Bicycle,23905,2,3,57621,2
32779,56594,210821125.0,2021-12-12 11:34:00,2021 December 12,11:34:00,2021,December,Sunday,10:01 am to 2:00 pm,11.0,1,Morning,Winter,3801,892,Southern,B1,21658(a),"21658(a,b)",Lane straddling or failure to use specified lanes,AA,Vehicle(s) Only Involved,23906,4,130,57654,8
32780,53263,200432259.0,2020-07-19 19:15:00,2020 July 19,19:15:00,2020,July,Sunday,6:01 pm to 10:00 pm,19.0,1,Evening,Summer,3801,1166,Taraval,3I11D,23152(a),23152(a-g),Driving under influence of alcohol and/or drugs,AA,Vehicle(s) Only Involved,2611,1,1,57569,1
32781,56654,210850403.0,2021-12-24 16:15:00,2021 December 24,16:15:00,2021,December,Friday,2:01 pm to 6:00 pm,16.0,0,Afternoon,Winter,3801,1669,Tenderloin,3J14D,21950(a),"21950(a,c)",Driver or bicyclist to yield right-of-way at crosswalks,BB,Vehicle-Pedestrian,23907,1,16,57649,2
32782,48011,190589978.0,2019-08-11 23:34:00,2019 August 11,23:34:00,2019,August,Sunday,10:01 pm to 2:00 am,23.0,1,Night,Summer,3801,2144,Mission,3D15E,22106,22106,Unsafe starting or backing on highway,CC,Vehicle-Bicycle,23908,2,12,57614,2
32783,56734,210682983.0,2021-10-18 16:13:00,2021 October 18,16:13:00,2021,October,Monday,2:01 pm to 6:00 pm,16.0,0,Afternoon,Fall,3801,365,Richmond,3G14D,22350,22350,Unsafe speed for prevailing conditions,AA,Vehicle(s) Only Involved,23909,2,1,57658,1
32784,52372,200146143.0,2020-02-27 00:13:00,2020 February 27,00:13:00,2020,February,Thursday,10:01 pm to 2:00 am,0.0,0,Night,Winter,3801,426,Northern,3E12E,22350,22350,Unsafe speed for prevailing conditions,AA,Vehicle(s) Only Involved,23910,2,12,57576,1
32785,17930,3766109.0,2008-06-09 11:25:00,2008 June 09,11:25:00,2008,June,Monday,10:01 am to 2:00 pm,11.0,0,Morning,Summer,3801,2226,MISSI,3D61K,22106,22106,Unsafe starting or backing on highway,BB,Vehicle-Pedestrian,23911,2,1,57649,1
32786,8384,3748431.0,2008-05-05 12:20:00,2008 May 05,12:20:00,2008,May,Monday,10:01 am to 2:00 pm,12.0,0,Afternoon,Spring,3801,000274,BAYCI,3C63,22350,22350,Unsafe speed for prevailing conditions,AA,Vehicle(s) Only Involved,23912,2,1,57584,1
32787,4256,180677282.0,2018-09-07 14:26:00,2018 September 07,14:26:00,2018,September,Friday,2:01 pm to 6:00 pm,14.0,0,Afternoon,Fall,3801,1330,Ingleside,SH13C,22350,22350,Unsafe speed for prevailing conditions,AA,Vehicle(s) Only Involved,3111,2,2,57583,1
32788,53249,200424820.0,2020-07-15 19:30:00,2020 July 15,19:30:00,2020,July,Wednesday,6:01 pm to 10:00 pm,19.0,0,Evening,Summer,3801,1404,Northern,H6,22106,22106,Unsafe starting or backing on highway,AA,Vehicle(s) Only Involved,23913,2,12,57658,1
32789,25730,170734983.0,2017-09-08 19:00:00,2017 September 08,19:00:00,2017,September,Friday,6:01 pm to 10:00 pm,19.0,0,Evening,Fall,3801,4125,TENDERLOIN,3J12D,21955,21955,Crossing between controlled intersections (Jaywalking),BB,Vehicle-Pedestrian,23914,2,2,57622,1
32790,38919,3124013.0,2007-03-10 22:30:00,2007 March 10,22:30:00,2007,March,Saturday,10:01 pm to 2:00 am,22.0,1,Night,Spring,3801,001324,TARAV,3I61,22107,22107,Unsafe turn or lane change prohibited,AA,Vehicle(s) Only Involved,23915,2,12,57584,1
32791,87016,240690019.0,2024-11-03 12:30:00,2024 November 03,12:30:00,2024,November,Sunday,10:01 am to 2:00 pm,12.0,1,Afternoon,Fall,3801,826,Ingleside,,22107,22107,Unsafe turn or lane change prohibited,BB,Vehicle-Pedestrian,24555,2,1,57649,4
32792,723,140045920.0,2014-01-16 15:05:00,2014 January 16,15:05:00,2014,January,Thursday,2:01 pm to 6:00 pm,15.0,0,Afternoon,Winter,3801,211,BAYVIEW,,21954(a),21954(a),Pedestrians must yield right-of-way outside of crosswalks,BB,Vehicle-Pedestrian,23916,2,2,57649,1
32793,20261,140345651.0,2014-04-26 09:15:00,2014 April 26,09:15:00,2014,April,Saturday,6:01 am to 10:00 am,9.0,1,Morning,Spring,3801,2127,NORTHERN,4K1E,22350,22350,Unsafe speed for prevailing conditions,AA,Vehicle(s) Only Involved,23917,2,1,57660,1
32794,53654,200543549.0,2020-09-09 17:05:00,2020 September 09,17:05:00,2020,September,Wednesday,2:01 pm to 6:00 pm,17.0,0,Evening,Fall,3801,1666,Park,2-Car,21804(a),"21804(a,b)",Entering highway from alley or driveway,AA,Vehicle(s) Only Involved,23918,2,33,57659,14
32795,52435,200174962.0,2020-03-09 12:20:00,2020 March 09,12:20:00,2020,March,Monday,10:01 am to 2:00 pm,12.0,0,Afternoon,Spring,3801,282,Taraval,3I41,21755(a),21755(a),Unsafe passing on right shoulder,CC,Vehicle-Bicycle,23919,2,2,57655,2
32796,58411,220294330.0,2022-05-05 14:30:00,2022 May 05,14:30:00,2022,May,Thursday,2:01 pm to 6:00 pm,14.0,0,Afternoon,Spring,3801,4274,Richmond,3G15C,21703,21703,Following too closely prohibited,AA,Vehicle(s) Only Involved,23920,2,1,57658,8
32797,57783,220189678.0,2022-03-23 05:48:00,2022 March 23,05:48:00,2022,March,Wednesday,2:01 am to 6:00 am,5.0,0,Morning,Spring,3801,2102,Richmond,3G14E,22350,22350,Unsafe speed for prevailing conditions,AA,Vehicle(s) Only Involved,16839,9,46,57658,14
32798,53289,200445923.0,2020-07-25 21:32:00,2020 July 25,21:32:00,2020,July,Saturday,6:01 pm to 10:00 pm,21.0,1,Night,Summer,3801,740,Mission,D1,21456(b),"21456(a,b)",Pedestrian violation of walk or wait signals,BB,Vehicle-Pedestrian,22135,2,3,57590,1
32799,52424,200169941.0,2020-03-07 07:48:00,2020 March 07,07:48:00,2020,March,Saturday,6:01 am to 10:00 am,7.0,1,Morning,Spring,3801,4270,Northern,3E14A,21801(a),"21801(a,b)",Violation of right-of-way - left turn,BB,Vehicle-Pedestrian,7089,4,16,56916,2