collision_id,unique_id,case_id_pkey,collision_datetime,collision_date,collision_time,accident_year,month,day_of_week,time_cat,hour_of_day,is_weekend,time_of_day,season,juris,officer_id,reporting_district,beat_number,vz_pcf_code,vz_pcf_group,vz_pcf_description,dph_col_grp,dph_col_grp_description,location_id,weather_id,road_id,party_id,severity_id
33836,50383,190895537.0,2019-11-26 16:50:00,2019 November 26,16:50:00,2019,November,Tuesday,2:01 pm to 6:00 pm,16.0,0,Afternoon,Fall,3801,2136,Northern,3E16C,21658(a),"21658(a,b)",Lane straddling or failure to use specified lanes,AA,Vehicle(s) Only Involved,24625,4,13,57553,2
33837,49399,190949140.0,2019-12-18 09:15:00,2019 December 18,09:15:00,2019,December,Wednesday,6:01 am to 10:00 am,9.0,0,Morning,Winter,3801,2046,Northern,3E4A,21950(a),"21950(a,c)",Driver or bicyclist to yield right-of-way at crosswalks,BB,Vehicle-Pedestrian,24626,7,154,57649,1
33838,48480,190494333.0,2019-07-08 17:05:00,2019 July 08,17:05:00,2019,July,Monday,2:01 pm to 6:00 pm,17.0,0,Evening,Summer,3801,A23073,Bayview,3C15D,22350,22350,Unsafe speed for prevailing conditions,AA,Vehicle(s) Only Involved,24627,2,2,57660,1
33839,50714,190130634.0,2019-02-21 08:44:00,2019 February 21,08:44:00,2019,February,Thursday,6:01 am to 10:00 am,8.0,0,Morning,Winter,3801,1066,Mission,D11,21750,21750,Overtaking and passing unsafely,AA,Vehicle(s) Only Involved,40568,2,2,57660,1
33840,53902,200612677.0,2020-10-11 10:06:00,2020 October 11,10:06:00,2020,October,Sunday,10:01 am to 2:00 pm,10.0,1,Morning,Fall,3801,1628,Richmond,3G43,21802(a),"21802(a,b)",Violation of right-of-way - entering through highway,AA,Vehicle(s) Only Involved,24629,2,1,57659,2
33841,58481,220295413.0,2022-05-05 23:04:00,2022 May 05,23:04:00,2022,May,Thursday,10:01 pm to 2:00 am,23.0,0,Night,Spring,3801,1574,Ingleside,3H15E,21954(a),21954(a),Pedestrians must yield right-of-way outside of crosswalks,BB,Vehicle-Pedestrian,9942,2,3,57622,8
33842,57680,220191231.0,2022-03-23 14:45:00,2022 March 23,14:45:00,2022,March,Wednesday,2:01 pm to 6:00 pm,14.0,0,Afternoon,Spring,3801,426,Northern,3E13D,21950(a),"21950(a,c)",Driver or bicyclist to yield right-of-way at crosswalks,BB,Vehicle-Pedestrian,24630,2,1,57649,2
33843,50420,190934925.0,2019-12-12 12:35:00,2019 December 12,12:35:00,2019,December,Thursday,10:01 am to 2:00 pm,12.0,0,Afternoon,Winter,3801,#4356,Ingleside,3H45C,21750,21750,Overtaking and passing unsafely,AA,Vehicle(s) Only Involved,19367,1,4,57660,1
33844,54187,200690093.0,2020-11-15 11:50:00,2020 November 15,11:50:00,2020,November,Sunday,10:01 am to 2:00 pm,11.0,1,Morning,Fall,3801,A21165,Northern,3E16C,21755(a),21755(a),Unsafe passing on right shoulder,CC,Vehicle-Bicycle,19140,2,1,57614,2
33845,50484,190925883.0,2019-12-09 07:41:00,2019 December 09,07:41:00,2019,December,Monday,6:01 am to 10:00 am,7.0,0,Morning,Winter,3801,2224,Southern,3B12A,22101(d),22101(d),Violating special traffic control markers,AA,Vehicle(s) Only Involved,5692,2,8,57660,2
33846,52025,190982645.0,2019-12-31 21:59:00,2019 December 31,21:59:00,2019,December,Tuesday,6:01 pm to 10:00 pm,21.0,0,Night,Winter,3801,4314,Richmond,G4,22450(a),22450(a),Failure to stop at STOP sign,AA,Vehicle(s) Only Involved,24631,2,3,57659,14
33847,58074,220370708.0,2022-06-06 14:47:00,2022 June 06,14:47:00,2022,June,Monday,2:01 pm to 6:00 pm,14.0,0,Afternoon,Summer,3801,2088,Ingleside,,22350,22350,Unsafe speed for prevailing conditions,AA,Vehicle(s) Only Involved,24632,2,1,57490,2
33848,53962,200627604.0,2020-10-17 22:13:00,2020 October 17,22:13:00,2020,October,Saturday,10:01 pm to 2:00 am,22.0,1,Night,Fall,3801,276,Northern,3E12E,21950(a),"21950(a,c)",Driver or bicyclist to yield right-of-way at crosswalks,BB,Vehicle-Pedestrian,19590,2,3,57649,2
33849,50568,190963134.0,2019-12-23 17:35:00,2019 December 23,17:35:00,2019,December,Monday,2:01 pm to 6:00 pm,17.0,0,Evening,Winter,3801,A22028,Central,3A11D,22350,22350,Unsafe speed for prevailing conditions,AA,Vehicle(s) Only Involved,24633,2,2,57508,4
33850,56711,210656079.0,2021-10-08 10:10:00,2021 October 08,10:10:00,2021,October,Friday,10:01 am to 2:00 pm,10.0,0,Morning,Fall,3801,1155,Southern,3B90A,21955,21955,Crossing between controlled intersections (Jaywalking),BB,Vehicle-Pedestrian,24634,2,2,57622,1
33851,9441,3603505.0,2008-01-30 07:45:00,2008 January 30,07:45:00,2008,January,Wednesday,6:01 am to 10:00 am,7.0,0,Morning,Winter,3801,1141,MISSI,3D18A,21950(a),"21950(a,c)",Driver or bicyclist to yield right-of-way at crosswalks,BB,Vehicle-Pedestrian,24635,2,4,57649,2
33852,54307,200732996.0,2020-12-05 08:50:00,2020 December 05,08:50:00,2020,December,Saturday,6:01 am to 10:00 am,8.0,1,Morning,Winter,3801,2202,Ingleside,3H15A,21650.1,21650.1,Bicycle to travel in same direction as vehicles,CC,Vehicle-Bicycle,24636,2,2,57655,1
33853,40462,3866612.0,2008-08-06 21:17:00,2008 August 06,21:17:00,2008,August,Wednesday,6:01 pm to 10:00 pm,21.0,0,Night,Summer,3801,01324,TARAV,3I1,22100(a),"22100(a,b)",Turn at intersection from wrong position,AA,Vehicle(s) Only Involved,24637,2,2,57583,1
33854,84872,240085711.0,2024-02-08 15:57:00,2024 February 08,15:57:00,2024,February,Thursday,2:01 pm to 6:00 pm,15.0,0,Afternoon,Winter,3801,1660,Southern,3B15D,22350,22350,Unsafe speed for prevailing conditions,AA,Vehicle(s) Only Involved,24638,2,1,57607,1
33855,48437,190730767.0,2019-09-29 14:55:00,2019 September 29,14:55:00,2019,September,Sunday,2:01 pm to 6:00 pm,14.0,1,Afternoon,Fall,3801,2172,Northern,3E3,21453(a),"21453(a,c)",Red signal - driver or bicyclist responsibilities,AA,Vehicle(s) Only Involved,39871,2,44,57659,11
33856,22076,5414665.0,2011-11-10 13:50:00,2011 November 10,13:50:00,2011,November,Thursday,10:01 am to 2:00 pm,13.0,0,Afternoon,Fall,3801,1353,,,21453(a),"21453(a,c)",Red signal - driver or bicyclist responsibilities,AA,Vehicle(s) Only Involved,3508,2,1,57660,8
33857,5036,3748557.0,2008-05-11 02:42:00,2008 May 11,02:42:00,2008,May,Sunday,2:01 am to 6:00 am,2.0,1,Night,Spring,3801,4114,,3T4E,26453,26453,Condition of brakes to be maintained,AA,Vehicle(s) Only Involved,8371,2,12,57653,1
33858,57777,220170398.0,2022-03-14 23:10:00,2022 March 14,23:10:00,2022,March,Monday,10:01 pm to 2:00 am,23.0,0,Night,Spring,3801,2175,Bayview,3C12E,22107,22107,Unsafe turn or lane change prohibited,AA,Vehicle(s) Only Involved,24639,2,12,55753,1
33859,86609,240594693.0,2024-09-21 16:20:00,2024 September 21,16:20:00,2024,September,Saturday,2:01 pm to 6:00 pm,16.0,1,Afternoon,Fall,3801,1096,Central,3A14D,22350,22350,Unsafe speed for prevailing conditions,DD,Bicycle-Pedestrian,24640,1,2,57463,2
33860,32727,2022900.0,2005-04-01 00:13:00,2005 April 01,00:13:00,2005,April,Friday,10:01 pm to 2:00 am,0.0,0,Night,Spring,3801,1149,COA,4B5D,22350,22350,Unsafe speed for prevailing conditions,AA,Vehicle(s) Only Involved,24641,2,3,57658,1
33861,39266,3727689.0,2008-04-12 08:30:00,2008 April 12,08:30:00,2008,April,Saturday,6:01 am to 10:00 am,8.0,1,Morning,Spring,3801,1629,TARAV,3I62,22106,22106,Unsafe starting or backing on highway,AA,Vehicle(s) Only Involved,24642,2,1,57659,14
33862,87021,240676031.0,2024-10-27 19:15:00,2024 October 27,19:15:00,2024,October,Sunday,6:01 pm to 10:00 pm,19.0,1,Evening,Fall,3801,2395,Southern,3B15D,21453(a),"21453(a,c)",Red signal - driver or bicyclist responsibilities,AA,Vehicle(s) Only Involved,9846,2,3,32451,1
33863,49886,190980100.0,2019-12-30 20:37:00,2019 December 30,20:37:00,2019,December,Monday,6:01 pm to 10:00 pm,20.0,0,Evening,Winter,3801,2705,Bayview,3C11D,21956(b),21956(b),Pedestrian on roadway,BB,Vehicle-Pedestrian,24643,3,12,57123,2
33864,82323,230716493.0,2023-10-05 18:14:00,2023 October 05,18:14:00,2023,October,Thursday,6:01 pm to 10:00 pm,18.0,0,Evening,Fall,3801,2472,Southern,5 Car,21802(a),"21802(a,b)",Violation of right-of-way - entering through highway,AA,Vehicle(s) Only Involved,24644,47,1,57585,2
33865,25560,130109893.0,2013-02-07 16:38:00,2013 February 07,16:38:00,2013,February,Thursday,2:01 pm to 6:00 pm,16.0,0,Afternoon,Winter,3801,4249,SOUTHERN,B1,Unknown,Unknown,Unknown,BB,Vehicle-Pedestrian,24645,1,1,57622,2
33866,55152,210269428.0,2021-05-02 21:10:00,2021 May 02,21:10:00,2021,May,Sunday,6:01 pm to 10:00 pm,21.0,1,Night,Spring,3801,582,Central,3A15E,23152(a),23152(a-g),Driving under influence of alcohol and/or drugs,AA,Vehicle(s) Only Involved,24646,2,12,57408,3
33867,57509,220125785.0,2022-02-24 12:46:00,2022 February 24,12:46:00,2022,February,Thursday,10:01 am to 2:00 pm,12.0,0,Afternoon,Winter,3801,#231,Bayview,901,21651(a)(1),21651(a)(1),"Driving over, upon, or across dividing section",CC,Vehicle-Bicycle,24647,2,2,57633,2
33868,56351,210467274.0,2021-07-24 02:11:00,2021 July 24,02:11:00,2021,July,Saturday,2:01 am to 6:00 am,2.0,1,Night,Summer,3801,2400,Northern,4-CAR,21453(a),"21453(a,c)",Red signal - driver or bicyclist responsibilities,AA,Vehicle(s) Only Involved,24018,2,3,57659,2
33869,54882,210040074.0,2021-01-18 13:21:00,2021 January 18,13:21:00,2021,January,Monday,10:01 am to 2:00 pm,13.0,0,Afternoon,Winter,3801,2195,Southern,4,22350,22350,Unsafe speed for prevailing conditions,AA,Vehicle(s) Only Involved,24648,2,1,57584,1
33870,22984,3703621.0,2008-02-09 00:38:00,2008 February 09,00:38:00,2008,February,Saturday,10:01 pm to 2:00 am,0.0,1,Night,Winter,3801,607,SOUTH,3B12E,21950(a),"21950(a,c)",Driver or bicyclist to yield right-of-way at crosswalks,BB,Vehicle-Pedestrian,24649,2,3,57649,1
33871,52463,200141682.0,2020-02-25 12:08:00,2020 February 25,12:08:00,2020,February,Tuesday,10:01 am to 2:00 pm,12.0,0,Afternoon,Winter,3801,4036,Traffic,4B5F,22107,22107,Unsafe turn or lane change prohibited,BB,Vehicle-Pedestrian,24650,2,2,57660,1
33872,56612,210816972.0,2021-12-10 14:01:00,2021 December 10,14:01:00,2021,December,Friday,2:01 pm to 6:00 pm,14.0,0,Afternoon,Winter,3801,4027,Bayview,3C15A,21800(a),21800(a-c),Violation of right-of-way or uncontrolled intersection,AA,Vehicle(s) Only Involved,24651,2,1,57660,1
33873,55060,210241589.0,2021-04-20 03:31:00,2021 April 20,03:31:00,2021,April,Tuesday,2:01 am to 6:00 am,3.0,0,Night,Spring,3801,2479,Northern,3E13E,22107,22107,Unsafe turn or lane change prohibited,AA,Vehicle(s) Only Involved,13623,5,309,57585,1
33874,21263,2625343.0,2006-04-30 00:08:00,2006 April 30,00:08:00,2006,April,Sunday,10:01 pm to 2:00 am,0.0,1,Night,Spring,3801,001630,NORTH,3E12E,21453(a),"21453(a,c)",Red signal - driver or bicyclist responsibilities,AA,Vehicle(s) Only Involved,7194,2,3,57659,1
33875,56933,210697380.0,2021-10-24 15:00:00,2021 October 24,15:00:00,2021,October,Sunday,2:01 pm to 6:00 pm,15.0,1,Afternoon,Fall,3801,668,Northern,,22350,22350,Unsafe speed for prevailing conditions,AA,Vehicle(s) Only Involved,4631,4,4,57654,1
33876,26148,160356428.0,2016-05-01 13:28:00,2016 May 01,13:28:00,2016,May,Sunday,10:01 am to 2:00 pm,13.0,1,Afternoon,Spring,3801,1967,CENTRAL ST,3A2A,Unknown,Unknown,Unknown,AA,Vehicle(s) Only Involved,10329,2,1,57658,1
33877,40789,6059063.0,2012-10-02 17:51:00,2012 October 02,17:51:00,2012,October,Tuesday,2:01 pm to 6:00 pm,17.0,0,Evening,Fall,3801,001975,TARAV,3160,21801(a),"21801(a,b)",Violation of right-of-way - left turn,CC,Vehicle-Bicycle,3945,2,2,57581,2
33878,20157,2706245.0,2006-06-27 01:57:00,2006 June 27,01:57:00,2006,June,Tuesday,10:01 pm to 2:00 am,1.0,0,Night,Summer,3801,2170,CO B,3B14E,Unknown,Unknown,Unknown,AA,Vehicle(s) Only Involved,15965,2,3,57585,1
33879,56664,210860082.0,2021-12-29 10:44:00,2021 December 29,10:44:00,2021,December,Wednesday,10:01 am to 2:00 pm,10.0,0,Morning,Winter,3801,2086,Central,3A13A,21950(a),"21950(a,c)",Driver or bicyclist to yield right-of-way at crosswalks,BB,Vehicle-Pedestrian,24652,7,16,57532,1
33880,14492,161018841.0,2016-12-15 23:18:00,2016 December 15,23:18:00,2016,December,Thursday,10:01 pm to 2:00 am,23.0,0,Night,Winter,3801,867,SOUTHERN,3B63,21950(a),"21950(a,c)",Driver or bicyclist to yield right-of-way at crosswalks,BB,Vehicle-Pedestrian,24653,1,7,57649,4
33881,37353,170542087.0,2017-07-04 03:00:00,2017 July 04,03:00:00,2017,July,Tuesday,2:01 am to 6:00 am,3.0,0,Night,Summer,3801,2228,TARAVAL,3115E,23152(e),23152(a-g),Driving under influence of alcohol and/or drugs,AA,Vehicle(s) Only Involved,24654,2,29,57603,1
33882,35651,3767994.0,2008-06-08 11:40:00,2008 June 08,11:40:00,2008,June,Sunday,10:01 am to 2:00 pm,11.0,1,Morning,Summer,3801,708,COA,4B4A,21453(a),"21453(a,c)",Red signal - driver or bicyclist responsibilities,AA,Vehicle(s) Only Involved,15545,2,1,57659,2
33883,49373,190899868.0,2019-11-28 16:04:00,2019 November 28,16:04:00,2019,November,Thursday,2:01 pm to 6:00 pm,16.0,0,Afternoon,Fall,3801,2262,Bayview,3C2C,22450(a),22450(a),Failure to stop at STOP sign,BB,Vehicle-Pedestrian,24655,2,1,57649,1
33884,36327,180929748.0,2018-12-10 08:20:00,2018 December 10,08:20:00,2018,December,Monday,6:01 am to 10:00 am,8.0,0,Morning,Winter,3801,942,Taraval,3I16A,21800(a),21800(a-c),Violation of right-of-way or uncontrolled intersection,AA,Vehicle(s) Only Involved,24656,4,4,57659,2
33885,18153,3726619.0,2008-04-14 08:30:00,2008 April 14,08:30:00,2008,April,Monday,6:01 am to 10:00 am,8.0,0,Morning,Spring,3801,000043,NORTH,3E61K,21801(a),"21801(a,b)",Violation of right-of-way - left turn,CC,Vehicle-Bicycle,15428,2,1,57655,2
33886,38489,3216696.0,2007-05-05 23:07:00,2007 May 05,23:07:00,2007,May,Saturday,10:01 pm to 2:00 am,23.0,1,Night,Spring,3801,011324,TARAV,3I6I,22107,22107,Unsafe turn or lane change prohibited,AA,Vehicle(s) Only Involved,1590,2,12,57659,2
33887,58420,220312108.0,2022-05-13 07:49:00,2022 May 13,07:49:00,2022,May,Friday,6:01 am to 10:00 am,7.0,0,Morning,Spring,3801,2713,Taraval,4 CAR,21954(a),21954(a),Pedestrians must yield right-of-way outside of crosswalks,BB,Vehicle-Pedestrian,24657,2,2,57622,1
33888,36847,3716502.0,2008-02-09 00:17:00,2008 February 09,00:17:00,2008,February,Saturday,10:01 pm to 2:00 am,0.0,1,Night,Winter,3801,000418,TARAV,3116E,22350,22350,Unsafe speed for prevailing conditions,AA,Vehicle(s) Only Involved,24658,2,12,57654,4
33889,56038,210486848.0,2021-08-01 14:20:00,2021 August 01,14:20:00,2021,August,Sunday,2:01 pm to 6:00 pm,14.0,1,Afternoon,Summer,3801,1693,Bayview,901,Unknown,Unknown,Unknown,FF,Bicycle Only,24659,2,2,34967,3
33890,54272,200717023.0,2020-11-27 17:02:00,2020 November 27,17:02:00,2020,November,Friday,2:01 pm to 6:00 pm,17.0,0,Evening,Fall,3801,1148,Mission,3D15D,21801(a),"21801(a,b)",Violation of right-of-way - left turn,AA,Vehicle(s) Only Involved,24660,2,15,57659,1
33891,86136,240457847.0,2024-07-22 18:54:00,2024 July 22,18:54:00,2024,July,Monday,6:01 pm to 10:00 pm,18.0,0,Evening,Summer,3801,4314,Richmond,G3,23152(a),23152(a-g),Driving under influence of alcohol and/or drugs,AA,Vehicle(s) Only Involved,24661,1,1,57658,2
33892,53558,200556962.0,2020-09-15 22:22:00,2020 September 15,22:22:00,2020,September,Tuesday,10:01 pm to 2:00 am,22.0,0,Night,Fall,3801,1951,Southern,B6,22350,22350,Unsafe speed for prevailing conditions,AA,Vehicle(s) Only Involved,36984,2,3,57607,4
33893,7543,3724675.0,2008-03-29 21:00:00,2008 March 29,21:00:00,2008,March,Saturday,6:01 pm to 10:00 pm,21.0,1,Night,Spring,3801,1146,H,0H2,22107,22107,Unsafe turn or lane change prohibited,CC,Vehicle-Bicycle,19302,2,3,57374,2
33894,57251,220015142.0,2022-01-07 21:07:00,2022 January 07,21:07:00,2022,January,Friday,6:01 pm to 10:00 pm,21.0,0,Night,Winter,3801,2111,Mission,3D14D,21703,21703,Following too closely prohibited,AA,Vehicle(s) Only Involved,20495,2,3,57658,1
33895,87294,240757619.0,2024-12-08 02:14:00,2024 December 08,02:14:00,2024,December,Sunday,2:01 am to 6:00 am,2.0,1,Night,Winter,3801,382,Northern,3E15E,22350,22350,Unsafe speed for prevailing conditions,AA,Vehicle(s) Only Involved,24663,2,3,57569,2
33896,54253,200710685.0,2020-11-24 16:25:00,2020 November 24,16:25:00,2020,November,Tuesday,2:01 pm to 6:00 pm,16.0,0,Afternoon,Fall,3801,Thompson 470,Richmond,3G4D,21750,21750,Overtaking and passing unsafely,CC,Vehicle-Bicycle,24664,2,2,57621,1
33897,52438,200179467.0,2020-03-10 23:18:00,2020 March 10,23:18:00,2020,March,Tuesday,10:01 pm to 2:00 am,23.0,0,Night,Spring,3801,327,Richmond,901,21804(a),"21804(a,b)",Entering highway from alley or driveway,AA,Vehicle(s) Only Involved,22878,2,3,57659,1
33898,26865,3739175.0,2008-03-21 11:37:00,2008 March 21,11:37:00,2008,March,Friday,10:01 am to 2:00 pm,11.0,0,Morning,Spring,3801,001870,,3B62,21954(a),21954(a),Pedestrians must yield right-of-way outside of crosswalks,BB,Vehicle-Pedestrian,24665,2,2,57622,1
33899,57651,220141286.0,2022-03-02 20:34:00,2022 March 02,20:34:00,2022,March,Wednesday,6:01 pm to 10:00 pm,20.0,0,Evening,Spring,3801,2017,Mission,3D14D,21950(a),"21950(a,c)",Driver or bicyclist to yield right-of-way at crosswalks,BB,Vehicle-Pedestrian,40967,2,3,57476,1
33900,17640,3749135.0,2008-05-22 19:59:00,2008 May 22,19:59:00,2008,May,Thursday,6:01 pm to 10:00 pm,19.0,0,Evening,Spring,3801,241,COB,4B7D,22350,22350,Unsafe speed for prevailing conditions,AA,Vehicle(s) Only Involved,24667,2,1,57658,1
33901,57107,210861676.0,2021-12-30 00:11:00,2021 December 30,00:11:00,2021,December,Thursday,10:01 pm to 2:00 am,0.0,0,Night,Winter,3801,1514,Mission,,21453(a),"21453(a,c)",Red signal - driver or bicyclist responsibilities,AA,Vehicle(s) Only Involved,6293,2,3,57659,1
33902,57692,220196974.0,2022-03-25 18:25:00,2022 March 25,18:25:00,2022,March,Friday,6:01 pm to 10:00 pm,18.0,0,Evening,Spring,3801,2107,Northern,3E12D,22107,22107,Unsafe turn or lane change prohibited,CC,Vehicle-Bicycle,19140,2,1,57614,2
33903,86111,240414938.0,2024-07-03 15:15:00,2024 July 03,15:15:00,2024,July,Wednesday,2:01 pm to 6:00 pm,15.0,0,Afternoon,Summer,3801,385,Central,3A60,22107,22107,Unsafe turn or lane change prohibited,AA,Vehicle(s) Only Involved,24668,2,2,57659,1
33904,58184,220425030.0,2022-06-28 16:26:00,2022 June 28,16:26:00,2022,June,Tuesday,2:01 pm to 6:00 pm,16.0,0,Afternoon,Summer,3801,2704,Southern,,22106,22106,Unsafe starting or backing on highway,CC,Vehicle-Bicycle,24669,2,2,57060,2
33905,21007,3703631.0,2008-02-19 19:01:00,2008 February 19,19:01:00,2008,February,Tuesday,6:01 pm to 10:00 pm,19.0,0,Evening,Winter,3801,4051,NORTH,3E11D,21453(d),21453(d),Red signal - pedestrian responsibilities,BB,Vehicle-Pedestrian,24670,4,13,57622,1
33906,10099,3724784.0,2008-03-23 17:00:00,2008 March 23,17:00:00,2008,March,Sunday,2:01 pm to 6:00 pm,17.0,1,Evening,Spring,3801,307,MISSI,4B107,21453(a),"21453(a,c)",Red signal - driver or bicyclist responsibilities,AA,Vehicle(s) Only Involved,7617,2,1,57659,1
33907,6522,150918088.0,2015-10-20 17:32:00,2015 October 20,17:32:00,2015,October,Tuesday,2:01 pm to 6:00 pm,17.0,0,Evening,Fall,3801,4302,BAYVIEW,3C11D,21658(a),"21658(a,b)",Lane straddling or failure to use specified lanes,CC,Vehicle-Bicycle,12494,2,1,57614,4
33908,55698,210495639.0,2021-08-05 00:52:00,2021 August 05,00:52:00,2021,August,Thursday,10:01 pm to 2:00 am,0.0,0,Night,Summer,3801,1371,Northern,6,21453(a),"21453(a,c)",Red signal - driver or bicyclist responsibilities,AA,Vehicle(s) Only Involved,22662,4,13,57659,1
33909,56990,210844014.0,2021-12-21 20:05:00,2021 December 21,20:05:00,2021,December,Tuesday,6:01 pm to 10:00 pm,20.0,0,Evening,Winter,3801,310,Southern,3B15C,21453(a),"21453(a,c)",Red signal - driver or bicyclist responsibilities,AA,Vehicle(s) Only Involved,24671,7,13,57659,8
33910,84911,240025814.0,2024-01-12 11:24:00,2024 January 12,11:24:00,2024,January,Friday,10:01 am to 2:00 pm,11.0,0,Morning,Winter,3801,359,Taraval,3I62,22107,22107,Unsafe turn or lane change prohibited,AA,Vehicle(s) Only Involved,35109,2,1,57659,8
33911,3440,180323297.0,2018-05-01 17:24:00,2018 May 01,17:24:00,2018,May,Tuesday,2:01 pm to 6:00 pm,17.0,0,Evening,Spring,3801,1626,Bayview,3D15D,21950(b),21950(b),Pedestrian suddenly entering into vehicle path close enough to create an immediate hazard,BB,Vehicle-Pedestrian,11116,2,20,57622,1
33912,53115,200371027.0,2020-06-19 14:40:00,2020 June 19,14:40:00,2020,June,Friday,2:01 pm to 6:00 pm,14.0,0,Afternoon,Summer,3801,1226,Southern,,22350,22350,Unsafe speed for prevailing conditions,CC,Vehicle-Bicycle,24672,2,2,57621,1
33913,15204,5410299.0,2011-10-07 17:29:00,2011 October 07,17:29:00,2011,October,Friday,2:01 pm to 6:00 pm,17.0,0,Evening,Fall,3801,1913,B,3B11D,Unknown,Unknown,Unknown,AA,Vehicle(s) Only Involved,29876,2,2,57406,1
33914,54001,200638883.0,2020-10-22 20:23:00,2020 October 22,20:23:00,2020,October,Thursday,6:01 pm to 10:00 pm,20.0,0,Evening,Fall,3801,2431,Richmond,3G2D,21950(a),"21950(a,c)",Driver or bicyclist to yield right-of-way at crosswalks,BB,Vehicle-Pedestrian,25656,2,12,57649,2
33915,57382,220034346.0,2022-01-16 12:58:00,2022 January 16,12:58:00,2022,January,Sunday,10:01 am to 2:00 pm,12.0,1,Afternoon,Winter,3801,993,Southern,4car,21453(a),"21453(a,c)",Red signal - driver or bicyclist responsibilities,AA,Vehicle(s) Only Involved,20837,2,1,57659,5
33916,58565,220179500.0,2022-03-18 15:31:00,2022 March 18,15:31:00,2022,March,Friday,2:01 pm to 6:00 pm,15.0,0,Afternoon,Spring,3801,2580,Southern,901,22107,22107,Unsafe turn or lane change prohibited,AA,Vehicle(s) Only Involved,24674,2,1,57564,1
33917,22570,130703821.0,2013-08-23 22:11:00,2013 August 23,22:11:00,2013,August,Friday,10:01 pm to 2:00 am,22.0,0,Night,Summer,3801,4270,PARK,3F14E,23152(a),23152(a-g),Driving under influence of alcohol and/or drugs,AA,Vehicle(s) Only Involved,24675,2,1,55413,1
33918,56032,210623244.0,2021-09-25 13:00:00,2021 September 25,13:00:00,2021,September,Saturday,10:01 am to 2:00 pm,13.0,1,Afternoon,Fall,3801,719,Central,3A5C,Unknown,Unknown,Unknown,AA,Vehicle(s) Only Involved,24676,2,1,56679,2
33919,85393,240099728.0,2024-02-14 15:20:00,2024 February 14,15:20:00,2024,February,Wednesday,2:01 pm to 6:00 pm,15.0,0,Afternoon,Winter,3801,1544,Central,3a15d,21453(a),"21453(a,c)",Red signal - driver or bicyclist responsibilities,AA,Vehicle(s) Only Involved,24677,4,16,57659,8
33920,53465,200526084.0,2020-09-01 12:50:00,2020 September 01,12:50:00,2020,September,Tuesday,10:01 am to 2:00 pm,12.0,0,Afternoon,Fall,3801,561,Ingleside,3H202,21800(a),21800(a-c),Violation of right-of-way or uncontrolled intersection,AA,Vehicle(s) Only Involved,24678,2,1,57659,1
33921,29400,130003580.0,2013-01-02 09:17:00,2013 January 02,09:17:00,2013,January,Wednesday,6:01 am to 10:00 am,9.0,0,Morning,Winter,3801,1819,NORTHERN,3E68,22350,22350,Unsafe speed for prevailing conditions,AA,Vehicle(s) Only Involved,24679,2,2,54660,2
33922,53480,200537871.0,2020-09-06 20:55:00,2020 September 06,20:55:00,2020,September,Sunday,6:01 pm to 10:00 pm,20.0,1,Evening,Fall,3801,2733,Southern,B4,22101(d),22101(d),Violating special traffic control markers,CC,Vehicle-Bicycle,19801,2,3,57581,1
33923,23140,5394780.0,2011-10-17 16:58:00,2011 October 17,16:58:00,2011,October,Monday,2:01 pm to 6:00 pm,16.0,0,Afternoon,Fall,3801,002480,1130,COB,21801(a),"21801(a,b)",Violation of right-of-way - left turn,AA,Vehicle(s) Only Involved,24680,2,2,57659,1
33924,820,3309779.0,2007-07-25 22:34:00,2007 July 25,22:34:00,2007,July,Wednesday,10:01 pm to 2:00 am,22.0,0,Night,Summer,3801,1185,,3C12E,22350,22350,Unsafe speed for prevailing conditions,AA,Vehicle(s) Only Involved,24681,2,12,57584,1
33925,29190,130875038.0,2013-10-16 02:15:00,2013 October 16,02:15:00,2013,October,Wednesday,2:01 am to 6:00 am,2.0,0,Night,Fall,3801,2422,NORTHERN,3E13E,21457(a),21457(a),Actions required at flashing red signal,CC,Vehicle-Bicycle,24682,2,3,57621,1
33926,32013,3729008.0,2008-03-19 16:04:00,2008 March 19,16:04:00,2008,March,Wednesday,2:01 pm to 6:00 pm,16.0,0,Afternoon,Spring,3801,821,,4B8F,21806(a),"21806(a,b)",Failure to yield to emergency vehicle,AA,Vehicle(s) Only Involved,23588,1,1,57659,8
33927,58601,220530758.0,2022-08-09 10:38:00,2022 August 09,10:38:00,2022,August,Tuesday,10:01 am to 2:00 pm,10.0,0,Morning,Summer,3801,2089,Tenderloin,CO J/4 CAR,22350,22350,Unsafe speed for prevailing conditions,GG,Pedestrian Only or Pedestrian-Parked Car,24683,2,1,32513,2
33928,12564,3163761.0,2007-04-22 01:15:00,2007 April 22,01:15:00,2007,April,Sunday,10:01 pm to 2:00 am,1.0,1,Night,Spring,3801,002003,MISSI,3D1E,23153(b),23153(a-g),Driving under influence causing injury,AA,Vehicle(s) Only Involved,24684,4,13,57658,1
33929,916,140778143.0,2014-09-15 15:18:00,2014 September 15,15:18:00,2014,September,Monday,2:01 pm to 6:00 pm,15.0,0,Afternoon,Fall,3801,844,INGLESIDE,3H13C,22350,22350,Unsafe speed for prevailing conditions,AA,Vehicle(s) Only Involved,24685,2,2,57654,2