collision_id,unique_id,case_id_pkey,collision_datetime,collision_date,collision_time,accident_year,month,day_of_week,time_cat,hour_of_day,is_weekend,time_of_day,season,juris,officer_id,reporting_district,beat_number,vz_pcf_code,vz_pcf_group,vz_pcf_description,dph_col_grp,dph_col_grp_description,location_id,weather_id,road_id,party_id,severity_id
34779,86644,240604286.0,2024-09-25 16:09:00,2024 September 25,16:09:00,2024,September,Wednesday,2:01 pm to 6:00 pm,16.0,0,Afternoon,Fall,3801,1857,Southern,4,22107,22107,Unsafe turn or lane change prohibited,AA,Vehicle(s) Only Involved,25286,2,30,57636,2
34780,25282,3441453.0,2007-11-11 01:50:00,2007 November 11,01:50:00,2007,November,Sunday,10:01 pm to 2:00 am,1.0,1,Night,Fall,3801,988,,,22350,22350,Unsafe speed for prevailing conditions,BB,Vehicle-Pedestrian,25287,1,7,57649,1
34781,55327,210403353.0,2021-06-27 21:14:00,2021 June 27,21:14:00,2021,June,Sunday,6:01 pm to 10:00 pm,21.0,1,Night,Summer,3801,524,Ingleside,3H11E,23152(a),23152(a-g),Driving under influence of alcohol and/or drugs,AA,Vehicle(s) Only Involved,25288,2,12,57584,1
34782,4526,130729883.0,2013-09-01 17:14:00,2013 September 01,17:14:00,2013,September,Sunday,2:01 pm to 6:00 pm,17.0,1,Evening,Fall,3801,4172,INGLESIDE,,21801(a),"21801(a,b)",Violation of right-of-way - left turn,AA,Vehicle(s) Only Involved,16827,8,2,57603,13
34783,49327,190783512.0,2019-10-17 17:46:00,2019 October 17,17:46:00,2019,October,Thursday,2:01 pm to 6:00 pm,17.0,0,Evening,Fall,3801,1148,Taraval,3I16D,21950(a),"21950(a,c)",Driver or bicyclist to yield right-of-way at crosswalks,BB,Vehicle-Pedestrian,25289,2,1,57649,2
34784,55503,210263599.0,2021-04-29 20:54:00,2021 April 29,20:54:00,2021,April,Thursday,6:01 pm to 10:00 pm,20.0,0,Evening,Spring,3801,2731,Richmond,901,22107,22107,Unsafe turn or lane change prohibited,AA,Vehicle(s) Only Involved,25290,2,3,57603,17
34785,59133,220577073.0,2022-08-26 16:35:00,2022 August 26,16:35:00,2022,August,Friday,2:01 pm to 6:00 pm,16.0,0,Afternoon,Summer,3801,1385,Southern,3B13C,22106,22106,Unsafe starting or backing on highway,AA,Vehicle(s) Only Involved,25291,2,81,57237,1
34786,36811,170924805.0,2017-11-13 09:25:00,2017 November 13,09:25:00,2017,November,Monday,6:01 am to 10:00 am,9.0,0,Morning,Fall,3801,2345,TARAVAL,TARAVAL,22350,22350,Unsafe speed for prevailing conditions,AA,Vehicle(s) Only Involved,8004,1,16,57658,1
34787,22389,3749169.0,2008-05-19 11:14:00,2008 May 19,11:14:00,2008,May,Monday,10:01 am to 2:00 pm,11.0,0,Morning,Spring,3801,708,COF,4B4A,21453(a),"21453(a,c)",Red signal - driver or bicyclist responsibilities,AA,Vehicle(s) Only Involved,7237,1,1,57659,1
34788,9758,180565160.0,2018-07-29 17:14:00,2018 July 29,17:14:00,2018,July,Sunday,2:01 pm to 6:00 pm,17.0,1,Evening,Summer,3801,831,Mission,3D 14C,21804(a),"21804(a,b)",Entering highway from alley or driveway,AA,Vehicle(s) Only Involved,23744,2,33,57659,1
34789,87005,240687226.0,2024-11-01 23:10:00,2024 November 01,23:10:00,2024,November,Friday,10:01 pm to 2:00 am,23.0,0,Night,Fall,3801,2330,Taraval,3I11E,21801(a),"21801(a,b)",Violation of right-of-way - left turn,AA,Vehicle(s) Only Involved,25292,2,13,57660,2
34790,45192,3716546.0,2008-02-23 14:27:00,2008 February 23,14:27:00,2008,February,Saturday,2:01 pm to 6:00 pm,14.0,1,Afternoon,Winter,3801,659,,6G61K,22350,22350,Unsafe speed for prevailing conditions,AA,Vehicle(s) Only Involved,16360,13,16,57659,2
34791,57647,220103872.0,2022-02-15 08:41:00,2022 February 15,08:41:00,2022,February,Tuesday,6:01 am to 10:00 am,8.0,0,Morning,Winter,3801,1172,Southern,2 Car,21950(a),"21950(a,c)",Driver or bicyclist to yield right-of-way at crosswalks,BB,Vehicle-Pedestrian,25293,2,1,57649,1
34792,77921,200122127.0,2020-02-18 07:40:00,2020 February 18,07:40:00,2020,February,Tuesday,6:01 am to 10:00 am,7.0,0,Morning,Winter,3801,2196,Tenderloin,3J52A,21650.1,21650.1,Bicycle to travel in same direction as vehicles,CC,Vehicle-Bicycle,25294,2,1,57561,1
34793,22808,3747571.0,2008-04-25 10:30:00,2008 April 25,10:30:00,2008,April,Friday,10:01 am to 2:00 pm,10.0,0,Morning,Spring,3801,659,RICHM,3G61K,22350,22350,Unsafe speed for prevailing conditions,AA,Vehicle(s) Only Involved,25023,2,1,57237,1
34794,29012,140886025.0,2014-10-19 23:09:00,2014 October 19,23:09:00,2014,October,Sunday,10:01 pm to 2:00 am,23.0,1,Night,Fall,3801,563,NORTHERN,3E12E,21453(a),"21453(a,c)",Red signal - driver or bicyclist responsibilities,CC,Vehicle-Bicycle,39447,2,3,57621,2
34795,56427,210648026.0,2021-10-05 12:20:00,2021 October 05,12:20:00,2021,October,Tuesday,10:01 am to 2:00 pm,12.0,0,Afternoon,Fall,3801,1297,Bayview,3C14A,21703,21703,Following too closely prohibited,AA,Vehicle(s) Only Involved,25295,2,1,57658,1
34796,49925,190818686.0,2019-10-29 16:40:00,2019 October 29,16:40:00,2019,October,Tuesday,2:01 pm to 6:00 pm,16.0,0,Afternoon,Fall,3801,826,Bayview,3C,21950(a),"21950(a,c)",Driver or bicyclist to yield right-of-way at crosswalks,BB,Vehicle-Pedestrian,25296,2,2,57649,1
34797,84814,240053122.0,2024-01-24 18:30:00,2024 January 24,18:30:00,2024,January,Wednesday,6:01 pm to 10:00 pm,18.0,0,Evening,Winter,3801,1251,Bayview,3C12D,21950(a),"21950(a,c)",Driver or bicyclist to yield right-of-way at crosswalks,BB,Vehicle-Pedestrian,25297,2,7,57649,1
34798,53327,200462347.0,2020-08-02 16:00:00,2020 August 02,16:00:00,2020,August,Sunday,2:01 pm to 6:00 pm,16.0,1,Afternoon,Summer,3801,1909,Northern,Northern,22106,22106,Unsafe starting or backing on highway,AA,Vehicle(s) Only Involved,25298,2,1,57658,1
34799,37777,3733875.0,2008-04-06 08:52:00,2008 April 06,08:52:00,2008,April,Sunday,6:01 am to 10:00 am,8.0,1,Morning,Spring,3801,1484,,3I61,23152(a),23152(a-g),Driving under influence of alcohol and/or drugs,AA,Vehicle(s) Only Involved,25299,1,30,56363,2
34800,48785,190893735.0,2019-11-26 06:32:00,2019 November 26,06:32:00,2019,November,Tuesday,6:01 am to 10:00 am,6.0,0,Morning,Fall,3801,1557,Southern,3B13A,21955,21955,Crossing between controlled intersections (Jaywalking),BB,Vehicle-Pedestrian,22154,2,33,57622,1
34801,54738,210124474.0,2021-02-23 14:30:00,2021 February 23,14:30:00,2021,February,Tuesday,2:01 pm to 6:00 pm,14.0,0,Afternoon,Winter,3801,2168,Central,3A00,22450(a),22450(a),Failure to stop at STOP sign,BB,Vehicle-Pedestrian,25300,2,1,57649,1
34802,52791,200227458.0,2020-04-07 19:56:00,2020 April 07,19:56:00,2020,April,Tuesday,6:01 pm to 10:00 pm,19.0,0,Evening,Spring,3801,1601,Southern,B1,22106,22106,Unsafe starting or backing on highway,BB,Vehicle-Pedestrian,25301,2,12,57649,1
34803,25218,130381762.0,2013-05-09 17:24:00,2013 May 09,17:24:00,2013,May,Thursday,2:01 pm to 6:00 pm,17.0,0,Evening,Spring,3801,4353,SOUTHERN,1 CAR,22350,22350,Unsafe speed for prevailing conditions,AA,Vehicle(s) Only Involved,25302,2,2,57660,2
34804,22384,160975307.0,2016-11-30 22:41:00,2016 November 30,22:41:00,2016,November,Wednesday,10:01 pm to 2:00 am,22.0,0,Night,Fall,3801,4341,PARK,3F14E,23153(a),23153(a-g),Driving under influence causing injury,AA,Vehicle(s) Only Involved,7237,2,3,57557,1
34805,54875,210178697.0,2021-03-21 21:30:00,2021 March 21,21:30:00,2021,March,Sunday,6:01 pm to 10:00 pm,21.0,1,Night,Spring,3801,382,Northern,,22350,22350,Unsafe speed for prevailing conditions,CC,Vehicle-Bicycle,25303,2,3,57639,2
34806,52411,200163056.0,2020-03-04 14:02:00,2020 March 04,14:02:00,2020,March,Wednesday,2:01 pm to 6:00 pm,14.0,0,Afternoon,Spring,3801,306,Bayview,3C46,22107,22107,Unsafe turn or lane change prohibited,AA,Vehicle(s) Only Involved,25304,2,2,57660,1
34807,23595,180809112.0,2018-10-25 00:30:00,2018 October 25,00:30:00,2018,October,Thursday,10:01 pm to 2:00 am,0.0,0,Night,Fall,3801,1642,Southern,3B13E,21956(a),21956(a),Pedestrian on roadway prohibited,BB,Vehicle-Pedestrian,25305,2,12,57622,1
34808,59193,220610407.0,2022-09-08 04:05:00,2022 September 08,04:05:00,2022,September,Thursday,2:01 am to 6:00 am,4.0,0,Night,Fall,3801,2412,Southern,B4,21453(a),"21453(a,c)",Red signal - driver or bicyclist responsibilities,AA,Vehicle(s) Only Involved,25306,2,3,57659,17
34809,57957,220298194.0,2022-05-06 23:41:00,2022 May 06,23:41:00,2022,May,Friday,10:01 pm to 2:00 am,23.0,0,Night,Spring,3801,1336,Northern,E1,21657,21657,Going against one-way traffic patterns,AA,Vehicle(s) Only Involved,24082,2,3,57490,1
34810,19139,3730217.0,2008-03-30 20:20:00,2008 March 30,20:20:00,2008,March,Sunday,6:01 pm to 10:00 pm,20.0,1,Evening,Spring,3801,1550,,3E11D,21950(a),"21950(a,c)",Driver or bicyclist to yield right-of-way at crosswalks,BB,Vehicle-Pedestrian,39882,2,3,57649,1
34811,42317,3727076.0,2008-03-24 22:18:00,2008 March 24,22:18:00,2008,March,Monday,10:01 pm to 2:00 am,22.0,0,Night,Spring,3801,246,RICHM,4B6G,22350,22350,Unsafe speed for prevailing conditions,AA,Vehicle(s) Only Involved,25307,2,12,57660,13
34812,50734,190931222.0,2019-12-11 06:51:00,2019 December 11,06:51:00,2019,December,Wednesday,6:01 am to 10:00 am,6.0,0,Morning,Winter,3801,748,Central,A4,21703,21703,Following too closely prohibited,AA,Vehicle(s) Only Involved,25308,4,7,57658,1
34813,26592,3703663.0,2008-02-24 01:35:00,2008 February 24,01:35:00,2008,February,Sunday,10:01 pm to 2:00 am,1.0,1,Night,Winter,3801,004178,SOUTH,3B13E,22350,22350,Unsafe speed for prevailing conditions,AA,Vehicle(s) Only Involved,25309,12,13,57658,1
34814,56367,210413863.0,2021-07-01 21:57:00,2021 July 01,21:57:00,2021,July,Thursday,6:01 pm to 10:00 pm,21.0,0,Night,Summer,3801,2741,Ingleside,3H14E,21658(a),"21658(a,b)",Lane straddling or failure to use specified lanes,AA,Vehicle(s) Only Involved,25310,6,7,57607,2
34815,57650,220122640.0,2022-02-23 09:40:00,2022 February 23,09:40:00,2022,February,Wednesday,6:01 am to 10:00 am,9.0,0,Morning,Winter,3801,1872,Mission,,22450(a),22450(a),Failure to stop at STOP sign,CC,Vehicle-Bicycle,2560,2,2,57621,1
34816,6006,3765406.0,2008-05-26 13:30:00,2008 May 26,13:30:00,2008,May,Monday,10:01 am to 2:00 pm,13.0,0,Afternoon,Spring,3801,1736,C,4B4H,21954(a),21954(a),Pedestrians must yield right-of-way outside of crosswalks,BB,Vehicle-Pedestrian,25311,1,2,57622,1
34817,50559,190934339.0,2019-12-12 09:15:00,2019 December 12,09:15:00,2019,December,Thursday,6:01 am to 10:00 am,9.0,0,Morning,Winter,3801,196,Central,3A12A,22517,22517,Opening door on traffic side when unsafe,AA,Vehicle(s) Only Involved,25312,1,16,54942,2
34818,56593,210820428.0,2021-12-12 01:25:00,2021 December 12,01:25:00,2021,December,Sunday,10:01 pm to 2:00 am,1.0,1,Night,Winter,3801,1871,Ingleside,901,21453(a),"21453(a,c)",Red signal - driver or bicyclist responsibilities,AA,Vehicle(s) Only Involved,28894,4,13,57659,3
34819,56629,210842529.0,2021-12-21 10:05:00,2021 December 21,10:05:00,2021,December,Tuesday,10:01 am to 2:00 pm,10.0,0,Morning,Winter,3801,1061,Southern,3B12A,21657,21657,Going against one-way traffic patterns,CC,Vehicle-Bicycle,25314,2,1,57616,1
34820,56832,210671920.0,2021-10-14 09:20:00,2021 October 14,09:20:00,2021,October,Thursday,6:01 am to 10:00 am,9.0,0,Morning,Fall,3801,2089,Bayview,BAYVIEW/4,22103,22103,Illegal U-turn in residential district,AA,Vehicle(s) Only Involved,25315,2,1,57659,1
34821,52667,200189632.0,2020-03-15 01:32:00,2020 March 15,01:32:00,2020,March,Sunday,10:01 pm to 2:00 am,1.0,1,Night,Spring,3801,2249,Tenderloin,3J13E,21453(d),21453(d),Red signal - pedestrian responsibilities,BB,Vehicle-Pedestrian,23201,2,13,57280,1
34822,82746,230355950.0,2023-05-23 15:30:00,2023 May 23,15:30:00,2023,May,Tuesday,2:01 pm to 6:00 pm,15.0,0,Afternoon,Spring,3801,2379,Ingleside,3H5D,22109,22109,Sudden stopping without signaling,AA,Vehicle(s) Only Involved,25316,2,2,57658,8
34823,4694,3625565.0,2008-01-23 19:15:00,2008 January 23,19:15:00,2008,January,Wednesday,6:01 pm to 10:00 pm,19.0,0,Evening,Winter,3801,193,COH,3H13D,21451(a),"21451(a,b)",Green signal - driver or bicyclist responsibilities,AA,Vehicle(s) Only Involved,38116,4,13,57659,8
34824,53216,200412392.0,2020-07-10 08:20:00,2020 July 10,08:20:00,2020,July,Friday,6:01 am to 10:00 am,8.0,0,Morning,Summer,3801,1689,Central,4 Car,21453(a),"21453(a,c)",Red signal - driver or bicyclist responsibilities,CC,Vehicle-Bicycle,25317,2,1,57621,1
34825,8711,3749133.0,2008-05-23 16:15:00,2008 May 23,16:15:00,2008,May,Friday,2:01 pm to 6:00 pm,16.0,0,Afternoon,Spring,3801,1995,MISSI,3D14D,21801(a),"21801(a,b)",Violation of right-of-way - left turn,AA,Vehicle(s) Only Involved,36616,2,1,57603,3
34826,85939,240403436.0,2024-06-28 19:25:00,2024 June 28,19:25:00,2024,June,Friday,6:01 pm to 10:00 pm,19.0,0,Evening,Summer,3801,1452,Mission,3D15D,22101(d),22101(d),Violating special traffic control markers,CC,Vehicle-Bicycle,11828,2,15,57581,2
34827,33932,3371057.0,2007-09-04 22:23:00,2007 September 04,22:23:00,2007,September,Tuesday,10:01 pm to 2:00 am,22.0,0,Night,Fall,3801,001114,,3A14E,21950(a),"21950(a,c)",Driver or bicyclist to yield right-of-way at crosswalks,BB,Vehicle-Pedestrian,25318,2,3,57649,2
34828,54301,200731170.0,2020-12-04 12:51:00,2020 December 04,12:51:00,2020,December,Friday,10:01 am to 2:00 pm,12.0,0,Afternoon,Winter,3801,1422,Traffic,,21453(a),"21453(a,c)",Red signal - driver or bicyclist responsibilities,CC,Vehicle-Bicycle,11005,2,1,57581,8
34829,55876,210579829.0,2021-09-08 15:33:00,2021 September 08,15:33:00,2021,September,Wednesday,2:01 pm to 6:00 pm,15.0,0,Afternoon,Fall,3801,TIFFER 577,Taraval,I5,22350,22350,Unsafe speed for prevailing conditions,AA,Vehicle(s) Only Involved,25319,2,2,57658,1
34830,85268,240060343.0,2024-01-27 18:43:00,2024 January 27,18:43:00,2024,January,Saturday,6:01 pm to 10:00 pm,18.0,1,Evening,Winter,3801,484,Northern,3E12D,21955(a),21955(a-b),Crossing between controlled intersections (Jaywalking),BB,Vehicle-Pedestrian,25320,2,12,57566,1
34831,52465,200164816.0,2020-03-05 08:20:00,2020 March 05,08:20:00,2020,March,Thursday,6:01 am to 10:00 am,8.0,0,Morning,Spring,3801,2420,Tenderloin,J3,21750,21750,Overtaking and passing unsafely,CC,Vehicle-Bicycle,24903,2,1,57614,1
34832,53768,200367139.0,2020-06-18 14:15:00,2020 June 18,14:15:00,2020,June,Thursday,2:01 pm to 6:00 pm,14.0,0,Afternoon,Summer,3801,1796,Richmond,Richmond 4 Car,21800(a),21800(a-c),Violation of right-of-way or uncontrolled intersection,AA,Vehicle(s) Only Involved,25321,2,2,57659,2
34833,2973,151051657.0,2015-12-04 17:21:00,2015 December 04,17:21:00,2015,December,Friday,2:01 pm to 6:00 pm,17.0,0,Evening,Winter,3801,4259,BAYVIEW,3C15D,21950(a),"21950(a,c)",Driver or bicyclist to yield right-of-way at crosswalks,BB,Vehicle-Pedestrian,10191,2,12,57649,1
34834,53567,200561886.0,2020-09-18 00:22:00,2020 September 18,00:22:00,2020,September,Friday,10:01 pm to 2:00 am,0.0,0,Night,Fall,3801,1371,Northern,6,22450(a),22450(a),Failure to stop at STOP sign,AA,Vehicle(s) Only Involved,25322,2,3,57659,4
34835,56913,210829793.0,2021-12-15 22:27:00,2021 December 15,22:27:00,2021,December,Wednesday,10:01 pm to 2:00 am,22.0,0,Night,Winter,3801,2400,Northern,3-CAR,21451(a),"21451(a,b)",Green signal - driver or bicyclist responsibilities,BB,Vehicle-Pedestrian,25323,4,13,57649,1
34836,10323,6059076.0,2012-10-18 16:11:00,2012 October 18,16:11:00,2012,October,Thursday,2:01 pm to 6:00 pm,16.0,0,Afternoon,Fall,3801,572,,3D13D,22107,22107,Unsafe turn or lane change prohibited,CC,Vehicle-Bicycle,17375,2,1,57368,1
34837,14913,3765366.0,2008-05-30 08:06:00,2008 May 30,08:06:00,2008,May,Friday,6:01 am to 10:00 am,8.0,0,Morning,Spring,3801,001870,,3B62,22350,22350,Unsafe speed for prevailing conditions,AA,Vehicle(s) Only Involved,25324,2,1,57658,1
34838,50274,190780251.0,2019-10-16 15:29:00,2019 October 16,15:29:00,2019,October,Wednesday,2:01 pm to 6:00 pm,15.0,0,Afternoon,Fall,3801,Viola #629,Southern,3B14C,22107,22107,Unsafe turn or lane change prohibited,AA,Vehicle(s) Only Involved,25325,2,1,57660,2
34839,35455,3736596.0,2008-04-17 11:45:00,2008 April 17,11:45:00,2008,April,Thursday,10:01 am to 2:00 pm,11.0,0,Morning,Spring,3801,000779,NORTH,3E62,Unknown,Unknown,Unknown,BB,Vehicle-Pedestrian,25326,2,2,57525,2
34840,56781,210714257.0,2021-10-31 09:53:00,2021 October 31,09:53:00,2021,October,Sunday,6:01 am to 10:00 am,9.0,1,Morning,Fall,3801,2039,Taraval,5,21801(a),"21801(a,b)",Violation of right-of-way - left turn,AA,Vehicle(s) Only Involved,25327,2,1,57659,1
34841,23889,3433889.0,2007-11-09 00:09:00,2007 November 09,00:09:00,2007,November,Friday,10:01 pm to 2:00 am,0.0,0,Night,Fall,3801,001523,SOUTH,3B1,23152(a),23152(a-g),Driving under influence of alcohol and/or drugs,AA,Vehicle(s) Only Involved,25328,2,10,57658,1
34842,52635,200210607.0,2020-03-27 12:59:00,2020 March 27,12:59:00,2020,March,Friday,10:01 am to 2:00 pm,12.0,0,Afternoon,Spring,3801,954,Taraval,3I16B,21453(a),"21453(a,c)",Red signal - driver or bicyclist responsibilities,AA,Vehicle(s) Only Involved,23722,2,1,57585,3
34843,346,3767942.0,2008-06-04 08:30:00,2008 June 04,08:30:00,2008,June,Wednesday,6:01 am to 10:00 am,8.0,0,Morning,Summer,3801,000274,BAYVI,3C63,22350,22350,Unsafe speed for prevailing conditions,AA,Vehicle(s) Only Involved,25329,2,1,57658,1
34844,52449,200164913.0,2020-03-05 09:15:00,2020 March 05,09:15:00,2020,March,Thursday,6:01 am to 10:00 am,9.0,0,Morning,Spring,3801,2441,Mission,3D60,21658(a),"21658(a,b)",Lane straddling or failure to use specified lanes,CC,Vehicle-Bicycle,25467,2,2,57614,1
34845,53433,200509494.0,2020-08-24 12:58:00,2020 August 24,12:58:00,2020,August,Monday,10:01 am to 2:00 pm,12.0,0,Afternoon,Summer,3801,1493,Traffic,4B2E,22450(a),22450(a),Failure to stop at STOP sign,AA,Vehicle(s) Only Involved,25331,2,1,57490,4
34846,84793,240042238.0,2024-01-19 20:06:00,2024 January 19,20:06:00,2024,January,Friday,6:01 pm to 10:00 pm,20.0,0,Evening,Winter,3801,1605,Northern,3E13D,23152(f),23152(a-g),Driving under influence of alcohol and/or drugs,AA,Vehicle(s) Only Involved,25332,4,132,57654,2
34847,53976,200632750.0,2020-10-20 10:50:00,2020 October 20,10:50:00,2020,October,Tuesday,10:01 am to 2:00 pm,10.0,0,Morning,Fall,3801,310,Tenderloin,3J12C,22106,22106,Unsafe starting or backing on highway,AA,Vehicle(s) Only Involved,25333,2,2,57584,1
34848,58168,220400656.0,2022-06-18 20:05:00,2022 June 18,20:05:00,2022,June,Saturday,6:01 pm to 10:00 pm,20.0,1,Evening,Summer,3801,273,Central,3A11D,22107,22107,Unsafe turn or lane change prohibited,AA,Vehicle(s) Only Involved,25334,2,12,57660,1
34849,40696,2395775.0,2005-11-19 01:10:00,2005 November 19,01:10:00,2005,November,Saturday,10:01 pm to 2:00 am,1.0,1,Night,Fall,3801,4153,,3I1E,22350,22350,Unsafe speed for prevailing conditions,AA,Vehicle(s) Only Involved,36045,2,3,57607,1
34850,55415,210396140.0,2021-06-24 17:40:00,2021 June 24,17:40:00,2021,June,Thursday,2:01 pm to 6:00 pm,17.0,0,Evening,Summer,3801,2419,Richmond,908,21453(a),"21453(a,c)",Red signal - driver or bicyclist responsibilities,AA,Vehicle(s) Only Involved,26731,2,1,57659,1
34851,29282,160457797.0,2016-06-05 03:40:00,2016 June 05,03:40:00,2016,June,Sunday,2:01 am to 6:00 am,3.0,1,Night,Summer,3801,93,NORTHERN,3E,21956(a),21956(a),Pedestrian on roadway prohibited,BB,Vehicle-Pedestrian,8279,2,1,56446,1
34852,27740,5410288.0,2011-10-19 15:35:00,2011 October 19,15:35:00,2011,October,Wednesday,2:01 pm to 6:00 pm,15.0,0,Afternoon,Fall,3801,27,,3A2C,22100(a),"22100(a,b)",Turn at intersection from wrong position,AA,Vehicle(s) Only Involved,25336,2,1,57450,3
34853,57381,220067109.0,2022-01-30 19:10:00,2022 January 30,19:10:00,2022,January,Sunday,6:01 pm to 10:00 pm,19.0,1,Evening,Winter,3801,969,Mission,3D13D,21950(a),"21950(a,c)",Driver or bicyclist to yield right-of-way at crosswalks,BB,Vehicle-Pedestrian,5581,2,3,57532,1
34854,33130,2775408.0,2006-07-31 00:12:00,2006 July 31,00:12:00,2006,July,Monday,10:01 pm to 2:00 am,0.0,0,Night,Summer,3801,851,CENTR,3A12E,22350,22350,Unsafe speed for prevailing conditions,AA,Vehicle(s) Only Involved,34062,2,3,57658,8
34855,57221,210690027.0,2021-10-21 11:28:00,2021 October 21,11:28:00,2021,October,Thursday,10:01 am to 2:00 pm,11.0,0,Morning,Fall,3801,2209,Mission,3D13C,21801(a),"21801(a,b)",Violation of right-of-way - left turn,AA,Vehicle(s) Only Involved,27306,1,16,57603,1
34856,19751,3723346.0,2008-03-28 08:35:00,2008 March 28,08:35:00,2008,March,Friday,6:01 am to 10:00 am,8.0,0,Morning,Spring,3801,438,,4B3F,21453(a),"21453(a,c)",Red signal - driver or bicyclist responsibilities,AA,Vehicle(s) Only Involved,17260,2,1,57659,2
34857,58451,220319477.0,2022-05-16 12:53:00,2022 May 16,12:53:00,2022,May,Monday,10:01 am to 2:00 pm,12.0,0,Afternoon,Spring,3801,621,Central,3A13A,Unknown,Unknown,Unknown,AA,Vehicle(s) Only Involved,25337,2,1,57585,2
34858,53199,200399687.0,2020-07-04 10:25:00,2020 July 04,10:25:00,2020,July,Saturday,10:01 am to 2:00 pm,10.0,1,Morning,Summer,3801,,Southern,3B13A,22517,22517,Opening door on traffic side when unsafe,AA,Vehicle(s) Only Involved,25293,2,1,57660,1
34859,58146,220373065.0,2022-06-07 15:07:00,2022 June 07,15:07:00,2022,June,Tuesday,2:01 pm to 6:00 pm,15.0,0,Afternoon,Summer,3801,A21165,Northern,3E44C,21752(d),"21752(a,b,d)","Operating left of center - limited view or within 100 feet of bridge, viaduct, tunnel or within 100 feet or when traversing intersection - prohibited",AA,Vehicle(s) Only Involved,25338,2,1,57659,1
34860,56888,210806268.0,2021-12-06 17:28:00,2021 December 06,17:28:00,2021,December,Monday,2:01 pm to 6:00 pm,17.0,0,Evening,Winter,3801,1307,Mission,3D14D,21663,21663,Operating vehicle or bicycle on sidewalk prohibited,BB,Vehicle-Pedestrian,25339,2,3,57649,1
34861,53841,200595891.0,2020-10-03 14:00:00,2020 October 03,14:00:00,2020,October,Saturday,10:01 am to 2:00 pm,14.0,1,Afternoon,Fall,3801,2224,Northern,,21950(a),"21950(a,c)",Driver or bicyclist to yield right-of-way at crosswalks,BB,Vehicle-Pedestrian,25340,2,1,57649,1
34862,53301,200451522.0,2020-07-28 14:02:00,2020 July 28,14:02:00,2020,July,Tuesday,2:01 pm to 6:00 pm,14.0,0,Afternoon,Summer,3801,878,Central,3A11C,21950(a),"21950(a,c)",Driver or bicyclist to yield right-of-way at crosswalks,BB,Vehicle-Pedestrian,25341,2,1,57649,1
34863,42242,3726584.0,2008-04-03 15:40:00,2008 April 03,15:40:00,2008,April,Thursday,2:01 pm to 6:00 pm,15.0,0,Afternoon,Spring,3801,2096,RICHM,3G114,21802(a),"21802(a,b)",Violation of right-of-way - entering through highway,CC,Vehicle-Bicycle,25342,2,1,57581,2
34864,58559,220109375.0,2022-02-17 11:50:00,2022 February 17,11:50:00,2022,February,Thursday,10:01 am to 2:00 pm,11.0,0,Morning,Winter,3801,2147,Northern,3E14A,21460(a),"21460(a,b)",Improper turns over double lines or solid lines to right prohibited,AA,Vehicle(s) Only Involved,25343,2,2,57659,2
34865,5802,3709546.0,2008-02-07 05:00:00,2008 February 07,05:00:00,2008,February,Thursday,2:01 am to 6:00 am,5.0,0,Morning,Winter,3801,1653,BAYVI,3C12E,22350,22350,Unsafe speed for prevailing conditions,CC,Vehicle-Bicycle,6314,2,3,57581,1
34866,23603,180671325.0,2018-09-05 04:50:00,2018 September 05,04:50:00,2018,September,Wednesday,2:01 am to 6:00 am,4.0,0,Night,Fall,3801,2334,Southern,B1,Unknown,Unknown,Unknown,BB,Vehicle-Pedestrian,25344,6,12,57525,1
34867,38979,130820889.0,2013-09-29 07:45:00,2013 September 29,07:45:00,2013,September,Sunday,6:01 am to 10:00 am,7.0,1,Morning,Fall,3801,810,TARAVAL,3I4A,21950(a),"21950(a,c)",Driver or bicyclist to yield right-of-way at crosswalks,BB,Vehicle-Pedestrian,1848,1,1,57649,1
34868,58649,220539114.0,2022-08-12 09:00:00,2022 August 12,09:00:00,2022,August,Friday,6:01 am to 10:00 am,9.0,0,Morning,Summer,3801,Scott,Ingleside,3H13A,21658(a),"21658(a,b)",Lane straddling or failure to use specified lanes,AA,Vehicle(s) Only Involved,25345,2,2,57406,2
34869,56401,210652259.0,2021-10-06 21:44:00,2021 October 06,21:44:00,2021,October,Wednesday,6:01 pm to 10:00 pm,21.0,0,Night,Fall,3801,1823,Southern,5,21460(a),"21460(a,b)",Improper turns over double lines or solid lines to right prohibited,AA,Vehicle(s) Only Involved,25346,2,57,57659,2
34870,57597,220164959.0,2022-03-12 14:28:00,2022 March 12,14:28:00,2022,March,Saturday,2:01 pm to 6:00 pm,14.0,1,Afternoon,Spring,3801,2268,Ingleside,3H11C,21453(a),"21453(a,c)",Red signal - driver or bicyclist responsibilities,AA,Vehicle(s) Only Involved,25347,2,1,57659,2
34871,47102,190383792.0,2019-05-28 21:58:00,2019 May 28,21:58:00,2019,May,Tuesday,6:01 pm to 10:00 pm,21.0,0,Night,Spring,3801,1576,Taraval,4,22106,22106,Unsafe starting or backing on highway,AA,Vehicle(s) Only Involved,25348,2,12,57237,8