collision_id,unique_id,case_id_pkey,collision_datetime,collision_date,collision_time,accident_year,month,day_of_week,time_cat,hour_of_day,is_weekend,time_of_day,season,juris,officer_id,reporting_district,beat_number,vz_pcf_code,vz_pcf_group,vz_pcf_description,dph_col_grp,dph_col_grp_description,location_id,weather_id,road_id,party_id,severity_id
36002,82345,230763165.0,2023-10-24 23:45:00,2023 October 24,23:45:00,2023,October,Tuesday,10:01 pm to 2:00 am,23.0,0,Night,Fall,3801,400,Southern,3B12E,21453(a),"21453(a,c)",Red signal - driver or bicyclist responsibilities,CC,Vehicle-Bicycle,3465,2,3,57655,4
36003,57349,220054184.0,2022-01-25 08:35:00,2022 January 25,08:35:00,2022,January,Tuesday,6:01 am to 10:00 am,8.0,0,Morning,Winter,3801,1339,Northern,3E11A,22107,22107,Unsafe turn or lane change prohibited,AA,Vehicle(s) Only Involved,3251,2,1,57660,8
36004,43194,2774896.0,2006-07-28 23:00:00,2006 July 28,23:00:00,2006,July,Friday,10:01 pm to 2:00 am,23.0,0,Night,Summer,3801,4174,RICHM,3G3E,21950(a),"21950(a,c)",Driver or bicyclist to yield right-of-way at crosswalks,BB,Vehicle-Pedestrian,33746,9,3,57649,2
36005,56419,210654528.0,2021-10-07 17:18:00,2021 October 07,17:18:00,2021,October,Thursday,2:01 pm to 6:00 pm,17.0,0,Evening,Fall,3801,2132,Park,3F60,22350,22350,Unsafe speed for prevailing conditions,AA,Vehicle(s) Only Involved,26102,2,1,57658,13
36006,56578,210801650.0,2021-12-04 22:23:00,2021 December 04,22:23:00,2021,December,Saturday,10:01 pm to 2:00 am,22.0,1,Night,Winter,3801,2231,Tenderloin,3J15E,22350,22350,Unsafe speed for prevailing conditions,AA,Vehicle(s) Only Involved,26103,2,3,57658,2
36007,12667,180733618.0,2018-09-27 15:27:00,2018 September 27,15:27:00,2018,September,Thursday,2:01 pm to 6:00 pm,15.0,0,Afternoon,Fall,3801,4026,Mission,3D16C,21801(a),"21801(a,b)",Violation of right-of-way - left turn,AA,Vehicle(s) Only Involved,13572,2,1,57659,2
36008,33545,2100010.0,2005-06-24 23:10:00,2005 June 24,23:10:00,2005,June,Friday,10:01 pm to 2:00 am,23.0,0,Night,Summer,3801,197,CENTR,3A11D,Unknown,Unknown,Unknown,AA,Vehicle(s) Only Involved,26104,2,12,57660,2
36009,20087,2706257.0,2006-06-23 23:18:00,2006 June 23,23:18:00,2006,June,Friday,10:01 pm to 2:00 am,23.0,0,Night,Summer,3801,633,PARK,3F13D,22450(a),22450(a),Failure to stop at STOP sign,AA,Vehicle(s) Only Involved,26105,9,3,57659,1
36010,53941,200622676.0,2020-10-15 16:00:00,2020 October 15,16:00:00,2020,October,Thursday,2:01 pm to 6:00 pm,16.0,0,Afternoon,Fall,3801,2058,Mission,PARK 3,Unknown,Unknown,Unknown,BB,Vehicle-Pedestrian,26106,2,2,57525,2
36011,86617,240596229.0,2024-09-22 11:32:00,2024 September 22,11:32:00,2024,September,Sunday,10:01 am to 2:00 pm,11.0,1,Morning,Fall,3801,1605,Northern,3E2A,21703,21703,Following too closely prohibited,AA,Vehicle(s) Only Involved,26107,2,2,57658,8
36012,56350,210470465.0,2021-07-25 15:07:00,2021 July 25,15:07:00,2021,July,Sunday,2:01 pm to 6:00 pm,15.0,1,Afternoon,Summer,3801,4269,Ingleside,3H16C,21802(a),"21802(a,b)",Violation of right-of-way - entering through highway,AA,Vehicle(s) Only Involved,26108,2,1,57659,1
36013,55730,210514734.0,2021-08-13 01:11:00,2021 August 13,01:11:00,2021,August,Friday,10:01 pm to 2:00 am,1.0,0,Night,Summer,3801,1557,Taraval,3I13E,23152(a),23152(a-g),Driving under influence of alcohol and/or drugs,AA,Vehicle(s) Only Involved,26109,2,12,57607,2
36014,49973,190784219.0,2019-10-17 19:15:00,2019 October 17,19:15:00,2019,October,Thursday,6:01 pm to 10:00 pm,19.0,0,Evening,Fall,3801,1505,Northern,,22107,22107,Unsafe turn or lane change prohibited,AA,Vehicle(s) Only Involved,26110,2,3,57660,4
36015,50407,190921029.0,2019-12-07 06:07:00,2019 December 07,06:07:00,2019,December,Saturday,6:01 am to 10:00 am,6.0,1,Morning,Winter,3801,1730,Traffic,4B1H,21456(c),"21456(a,c)",Pedestrian violation of walk or wait signals,BB,Vehicle-Pedestrian,26111,1,46,57622,6
36016,48564,190478246.0,2019-07-02 11:12:00,2019 July 02,11:12:00,2019,July,Tuesday,10:01 am to 2:00 pm,11.0,0,Morning,Summer,3801,76,Traffic,Southern,21801(a),"21801(a,b)",Violation of right-of-way - left turn,AA,Vehicle(s) Only Involved,26112,2,2,57603,17
36017,18317,1992383.0,2005-02-27 00:45:00,2005 February 27,00:45:00,2005,February,Sunday,10:01 pm to 2:00 am,0.0,1,Night,Winter,3801,4178,SOUTH,0B4,21801(a),"21801(a,b)",Violation of right-of-way - left turn,AA,Vehicle(s) Only Involved,40407,4,13,57659,1
36018,37938,130276953.0,2013-04-05 06:40:00,2013 April 05,06:40:00,2013,April,Friday,6:01 am to 10:00 am,6.0,0,Morning,Spring,3801,4262,INGLESIDE,3H101,21955,21955,Crossing between controlled intersections (Jaywalking),BB,Vehicle-Pedestrian,26113,4,13,57622,4
36019,49292,190589257.0,2019-08-11 16:10:00,2019 August 11,16:10:00,2019,August,Sunday,2:01 pm to 6:00 pm,16.0,1,Afternoon,Summer,3801,1861,Taraval,3I11D,21801(a),"21801(a,b)",Violation of right-of-way - left turn,CC,Vehicle-Bicycle,10717,2,2,55448,2
36020,52470,200177950.0,2020-03-10 13:57:00,2020 March 10,13:57:00,2020,March,Tuesday,10:01 am to 2:00 pm,13.0,0,Afternoon,Spring,3801,195,Northern,3E14A,21453(b),21453(b),Red signal - driver or bicyclist responsibilities with right turn,AA,Vehicle(s) Only Involved,26114,2,1,57659,1
36021,57916,220264082.0,2022-04-22 18:17:00,2022 April 22,18:17:00,2022,April,Friday,6:01 pm to 10:00 pm,18.0,0,Evening,Spring,3801,1505,Northern,3CAR,21461(a),21461(a),Driver or bicyclist failure to obey signs or signals,AA,Vehicle(s) Only Involved,26115,2,1,57659,1
36022,49407,190883974.0,2019-11-22 09:12:00,2019 November 22,09:12:00,2019,November,Friday,6:01 am to 10:00 am,9.0,0,Morning,Fall,3801,#2136,Northern,3E13A,Unknown,Unknown,Unknown,AA,Vehicle(s) Only Involved,26116,2,2,57406,8
36023,21722,3730184.0,2008-03-03 00:30:00,2008 March 03,00:30:00,2008,March,Monday,10:01 pm to 2:00 am,0.0,0,Night,Spring,3801,001655,NORTH,3E12E,21453(a),"21453(a,c)",Red signal - driver or bicyclist responsibilities,AA,Vehicle(s) Only Involved,39469,2,3,57659,1
36024,53867,200602496.0,2020-10-06 15:15:00,2020 October 06,15:15:00,2020,October,Tuesday,2:01 pm to 6:00 pm,15.0,0,Afternoon,Fall,3801,1571,Mission,3D41D,21658(a),"21658(a,b)",Lane straddling or failure to use specified lanes,AA,Vehicle(s) Only Involved,15041,2,1,57660,2
36025,54156,200681569.0,2020-11-11 14:17:00,2020 November 11,14:17:00,2020,November,Wednesday,2:01 pm to 6:00 pm,14.0,0,Afternoon,Fall,3801,1825,Southern,3B15C,22107,22107,Unsafe turn or lane change prohibited,BB,Vehicle-Pedestrian,25078,2,47,57649,1
36026,52498,200199506.0,2020-03-20 13:41:00,2020 March 20,13:41:00,2020,March,Friday,10:01 am to 2:00 pm,13.0,0,Afternoon,Spring,3801,306,Bayview,3C46,22107,22107,Unsafe turn or lane change prohibited,AA,Vehicle(s) Only Involved,26117,2,2,57660,1
36027,16268,3179475.0,2007-04-08 01:38:00,2007 April 08,01:38:00,2007,April,Sunday,10:01 pm to 2:00 am,1.0,1,Night,Spring,3801,2029,COB,0B1,22350,22350,Unsafe speed for prevailing conditions,AA,Vehicle(s) Only Involved,11977,2,3,57658,11
36028,36673,160571030.0,2016-07-15 10:00:00,2016 July 15,10:00:00,2016,July,Friday,6:01 am to 10:00 am,10.0,0,Morning,Summer,3801,1917,TARAVAL,3116A,22106,22106,Unsafe starting or backing on highway,BB,Vehicle-Pedestrian,26118,2,2,57649,1
36029,7391,1992296.0,2005-02-06 22:50:00,2005 February 06,22:50:00,2005,February,Sunday,10:01 pm to 2:00 am,22.0,1,Night,Winter,3801,4052,,3H11E,22350,22350,Unsafe speed for prevailing conditions,AA,Vehicle(s) Only Involved,26119,2,3,57658,1
36030,31814,2008059.0,2005-04-23 00:50:00,2005 April 23,00:50:00,2005,April,Saturday,10:01 pm to 2:00 am,0.0,1,Night,Spring,3801,000957,,3E4E,22350,22350,Unsafe speed for prevailing conditions,AA,Vehicle(s) Only Involved,26120,2,12,57658,1
36031,56547,210763840.0,2021-11-19 14:00:00,2021 November 19,14:00:00,2021,November,Friday,10:01 am to 2:00 pm,14.0,0,Afternoon,Fall,3801,2727,Taraval,3I13A,21801(a),"21801(a,b)",Violation of right-of-way - left turn,AA,Vehicle(s) Only Involved,26121,1,16,57659,1
36032,85320,240150734.0,2024-03-08 00:06:00,2024 March 08,00:06:00,2024,March,Friday,10:01 pm to 2:00 am,0.0,0,Night,Spring,3801,1741,Taraval,901,21703,21703,Following too closely prohibited,AA,Vehicle(s) Only Involved,26122,2,3,57658,1
36033,54079,200658029.0,2020-10-31 21:25:00,2020 October 31,21:25:00,2020,October,Saturday,6:01 pm to 10:00 pm,21.0,1,Night,Fall,3801,1451,Northern,3E13E,21453(a),"21453(a,c)",Red signal - driver or bicyclist responsibilities,AA,Vehicle(s) Only Involved,13623,2,3,57659,8
36034,58545,220322408.0,2022-05-17 12:14:00,2022 May 17,12:14:00,2022,May,Tuesday,10:01 am to 2:00 pm,12.0,0,Afternoon,Spring,3801,1119,Southern,Southern,21657,21657,Going against one-way traffic patterns,AA,Vehicle(s) Only Involved,26123,2,1,57603,1
36035,31830,1995106.0,2005-04-19 22:09:00,2005 April 19,22:09:00,2005,April,Tuesday,10:01 pm to 2:00 am,22.0,0,Night,Spring,3801,4091,,,21950(a),"21950(a,c)",Driver or bicyclist to yield right-of-way at crosswalks,BB,Vehicle-Pedestrian,26124,2,3,57649,1
36036,57907,220246842.0,2022-04-15 15:26:00,2022 April 15,15:26:00,2022,April,Friday,2:01 pm to 6:00 pm,15.0,0,Afternoon,Spring,3801,215,Bayview,Sector 5,21955,21955,Crossing between controlled intersections (Jaywalking),BB,Vehicle-Pedestrian,26125,2,1,34500,3
36037,37863,3739025.0,2008-04-02 08:26:00,2008 April 02,08:26:00,2008,April,Wednesday,6:01 am to 10:00 am,8.0,0,Morning,Spring,3801,1484,TARAV,3I61,21703,21703,Following too closely prohibited,AA,Vehicle(s) Only Involved,26126,2,2,57658,1
36038,57362,220063812.0,2022-01-29 01:39:00,2022 January 29,01:39:00,2022,January,Saturday,10:01 pm to 2:00 am,1.0,1,Night,Winter,3801,1574,Northern,3E13E,21657,21657,Going against one-way traffic patterns,AA,Vehicle(s) Only Involved,25858,2,3,57603,1
36039,534,2186441.0,2005-08-16 22:56:00,2005 August 16,22:56:00,2005,August,Tuesday,10:01 pm to 2:00 am,22.0,0,Night,Summer,3801,1500,BAYVI,3C13D,22350,22350,Unsafe speed for prevailing conditions,AA,Vehicle(s) Only Involved,26127,2,12,57659,8
36040,52891,200291889.0,2020-05-13 08:57:00,2020 May 13,08:57:00,2020,May,Wednesday,6:01 am to 10:00 am,8.0,0,Morning,Spring,3801,375,Bayview,3C12A,22350,22350,Unsafe speed for prevailing conditions,AA,Vehicle(s) Only Involved,26128,1,2,57658,1
36041,35511,170399452.0,2017-05-15 19:02:00,2017 May 15,19:02:00,2017,May,Monday,6:01 pm to 10:00 pm,19.0,0,Evening,Spring,3801,754,NOTHERN,3E5D,21950(a),"21950(a,c)",Driver or bicyclist to yield right-of-way at crosswalks,BB,Vehicle-Pedestrian,6886,2,1,57649,1
36042,56248,210455934.0,2021-07-19 11:09:00,2021 July 19,11:09:00,2021,July,Monday,10:01 am to 2:00 pm,11.0,0,Morning,Summer,3801,2375,Richmond,3G12A,21453(a),"21453(a,c)",Red signal - driver or bicyclist responsibilities,AA,Vehicle(s) Only Involved,26731,2,1,57659,1
36043,3632,3724716.0,2008-03-26 12:24:00,2008 March 26,12:24:00,2008,March,Wednesday,10:01 am to 2:00 pm,12.0,0,Afternoon,Spring,3801,305,C,002,21801(a),"21801(a,b)",Violation of right-of-way - left turn,AA,Vehicle(s) Only Involved,31265,2,1,57603,1
36044,85271,240093479.0,2024-02-12 23:06:00,2024 February 12,23:06:00,2024,February,Monday,10:01 pm to 2:00 am,23.0,0,Night,Winter,3801,2241,Northern,E2,21804(a),"21804(a,b)",Entering highway from alley or driveway,CC,Vehicle-Bicycle,26130,2,3,57581,1
36045,3356,130225784.0,2013-03-18 17:30:00,2013 March 18,17:30:00,2013,March,Monday,2:01 pm to 6:00 pm,17.0,0,Evening,Spring,3801,1223,BAYVIEW,3 CAR,Unknown,Unknown,Unknown,AA,Vehicle(s) Only Involved,6621,3,14,57546,8
36046,25964,3604648.0,2008-01-28 03:06:00,2008 January 28,03:06:00,2008,January,Monday,2:01 am to 6:00 am,3.0,0,Night,Winter,3801,1931,3J,003,22350,22350,Unsafe speed for prevailing conditions,BB,Vehicle-Pedestrian,38848,7,13,57532,2
36047,54305,200732316.0,2020-12-04 20:55:00,2020 December 04,20:55:00,2020,December,Friday,6:01 pm to 10:00 pm,20.0,0,Evening,Winter,3801,671,Central,3A11D,Unknown,Unknown,Unknown,AA,Vehicle(s) Only Involved,20607,2,3,57585,1
36048,6938,140072149.0,2014-01-24 22:08:00,2014 January 24,22:08:00,2014,January,Friday,10:01 pm to 2:00 am,22.0,0,Night,Winter,3801,2375,INGLESIDE,SEC 1,23152(a),23152(a-g),Driving under influence of alcohol and/or drugs,AA,Vehicle(s) Only Involved,25809,2,29,57659,1
36049,24514,140905578.0,2014-10-26 03:33:00,2014 October 26,03:33:00,2014,October,Sunday,2:01 am to 6:00 am,3.0,1,Night,Fall,3801,2287,TENDERLOIN,3J60,21950(b),21950(b),Pedestrian suddenly entering into vehicle path close enough to create an immediate hazard,BB,Vehicle-Pedestrian,26131,2,3,57622,1
36050,58975,220449018.0,2022-07-08 08:19:00,2022 July 08,08:19:00,2022,July,Friday,6:01 am to 10:00 am,8.0,0,Morning,Summer,3801,375,Bayview,3C11A,21202(a),21202(a),Bicyclist at less than normal speed must keep to the right,CC,Vehicle-Bicycle,26132,2,2,57561,2
36051,40553,3200057.0,2007-04-21 22:47:00,2007 April 21,22:47:00,2007,April,Saturday,10:01 pm to 2:00 am,22.0,1,Night,Spring,3801,1446,COF,4B7F,21802(a),"21802(a,b)",Violation of right-of-way - entering through highway,AA,Vehicle(s) Only Involved,21280,4,7,57659,14
36052,37563,161008234.0,2016-12-12 14:10:00,2016 December 12,14:10:00,2016,December,Monday,2:01 pm to 6:00 pm,14.0,0,Afternoon,Winter,3801,2415,TARAVAL,3I14A,21703,21703,Following too closely prohibited,AA,Vehicle(s) Only Involved,7649,2,1,57658,1
36053,57594,220145799.0,2022-03-04 16:01:00,2022 March 04,16:01:00,2022,March,Friday,2:01 pm to 6:00 pm,16.0,0,Afternoon,Spring,3801,2150,Richmond,3G2,21950(a),"21950(a,c)",Driver or bicyclist to yield right-of-way at crosswalks,BB,Vehicle-Pedestrian,26133,2,23,57649,2
36054,57857,220228953.0,2022-04-07 21:19:00,2022 April 07,21:19:00,2022,April,Thursday,6:01 pm to 10:00 pm,21.0,0,Night,Spring,3801,2742,Bayview,3C15E,22107,22107,Unsafe turn or lane change prohibited,AA,Vehicle(s) Only Involved,26134,2,12,57603,8
36055,14681,3416518.0,2007-09-17 22:34:00,2007 September 17,22:34:00,2007,September,Monday,10:01 pm to 2:00 am,22.0,0,Night,Fall,3801,627,,3B11E,21453(b),21453(b),Red signal - driver or bicyclist responsibilities with right turn,CC,Vehicle-Bicycle,5250,2,3,57621,2
36056,57343,220026230.0,2022-01-12 08:30:00,2022 January 12,08:30:00,2022,January,Wednesday,6:01 am to 10:00 am,8.0,0,Morning,Winter,3801,1613,Mission,,21950(a),"21950(a,c)",Driver or bicyclist to yield right-of-way at crosswalks,BB,Vehicle-Pedestrian,26135,2,2,57649,1
36057,53056,200367468.0,2020-06-18 16:28:00,2020 June 18,16:28:00,2020,June,Thursday,2:01 pm to 6:00 pm,16.0,0,Afternoon,Summer,3801,2093,Northern,3E15D,21453(a),"21453(a,c)",Red signal - driver or bicyclist responsibilities,CC,Vehicle-Bicycle,26136,2,1,57621,1
36058,57539,220141004.0,2022-03-02 18:27:00,2022 March 02,18:27:00,2022,March,Wednesday,6:01 pm to 10:00 pm,18.0,0,Evening,Spring,3801,54,Northern,3E14D,21954(a),21954(a),Pedestrians must yield right-of-way outside of crosswalks,BB,Vehicle-Pedestrian,26137,2,12,57622,1
36059,58437,220239085.0,2022-04-12 09:34:00,2022 April 12,09:34:00,2022,April,Tuesday,6:01 am to 10:00 am,9.0,0,Morning,Spring,3801,392,Mission,3D14A,22517,22517,Opening door on traffic side when unsafe,AA,Vehicle(s) Only Involved,26138,2,2,57450,2
36060,13736,130151145.0,2013-02-21 11:20:00,2013 February 21,11:20:00,2013,February,Thursday,10:01 am to 2:00 pm,11.0,0,Morning,Winter,3801,3640,SOUTHERN,3B60,21453(a),"21453(a,c)",Red signal - driver or bicyclist responsibilities,AA,Vehicle(s) Only Involved,8959,2,1,57660,4
36061,49377,190911644.0,2019-12-03 19:10:00,2019 December 03,19:10:00,2019,December,Tuesday,6:01 pm to 10:00 pm,19.0,0,Evening,Winter,3801,933,Central,A4,21453(a),"21453(a,c)",Red signal - driver or bicyclist responsibilities,AA,Vehicle(s) Only Involved,23319,2,3,57659,1
36062,57453,220076003.0,2022-02-03 13:07:00,2022 February 03,13:07:00,2022,February,Thursday,10:01 am to 2:00 pm,13.0,0,Afternoon,Winter,3801,86,Taraval,Taraval/3I3,22350,22350,Unsafe speed for prevailing conditions,BB,Vehicle-Pedestrian,26139,2,1,57649,4
36063,4176,170099395.0,2017-02-04 15:22:00,2017 February 04,15:22:00,2017,February,Saturday,2:01 pm to 6:00 pm,15.0,1,Afternoon,Winter,3801,143,INGLESIDE,3H11C,22350,22350,Unsafe speed for prevailing conditions,AA,Vehicle(s) Only Involved,9914,2,1,57658,8
36064,59288,220663036.0,2022-09-27 23:39:00,2022 September 27,23:39:00,2022,September,Tuesday,10:01 pm to 2:00 am,23.0,0,Night,Fall,3801,979,Tenderloin,3J13E,22350,22350,Unsafe speed for prevailing conditions,BB,Vehicle-Pedestrian,1150,2,3,57522,1
36065,38620,140939470.0,2014-11-06 04:25:00,2014 November 06,04:25:00,2014,November,Thursday,2:01 am to 6:00 am,4.0,0,Night,Fall,3801,4131,TARAVAL,901,22350,22350,Unsafe speed for prevailing conditions,AA,Vehicle(s) Only Involved,26140,9,7,57408,2
36066,53382,200484733.0,2020-08-12 20:24:00,2020 August 12,20:24:00,2020,August,Wednesday,6:01 pm to 10:00 pm,20.0,0,Evening,Summer,3801,4084,Traffic,4B4B,22350,22350,Unsafe speed for prevailing conditions,CC,Vehicle-Bicycle,26141,1,3,57581,17
36067,41959,160909215.0,2016-11-08 01:34:00,2016 November 08,01:34:00,2016,November,Tuesday,10:01 pm to 2:00 am,1.0,0,Night,Fall,3801,1718,PARK,3F14E,21651(a),21651(a),Crossing dividing section on freeway prohibited,AA,Vehicle(s) Only Involved,35080,2,3,57576,1
36068,33801,3703678.0,2008-02-10 18:35:00,2008 February 10,18:35:00,2008,February,Sunday,6:01 pm to 10:00 pm,18.0,1,Evening,Winter,3801,1279,A,4B61,21950(a),"21950(a,c)",Driver or bicyclist to yield right-of-way at crosswalks,BB,Vehicle-Pedestrian,26142,2,3,57649,1
36069,54205,200694089.0,2020-11-17 05:40:00,2020 November 17,05:40:00,2020,November,Tuesday,2:01 am to 6:00 am,5.0,0,Morning,Fall,3801,1951,Southern,B4,21651(b),21651(b),Wrong way driving,II,Unknown/Not Stated,26143,2,3,57508,4
36070,53607,200581157.0,2020-09-27 01:13:00,2020 September 27,01:13:00,2020,September,Sunday,10:01 pm to 2:00 am,1.0,1,Night,Fall,3801,1357,Northern,3E13E,21453(a),"21453(a,c)",Red signal - driver or bicyclist responsibilities,AA,Vehicle(s) Only Involved,22486,2,75,57659,1
36071,24767,150176076.0,2015-02-26 10:06:00,2015 February 26,10:06:00,2015,February,Thursday,10:01 am to 2:00 pm,10.0,0,Morning,Winter,3801,4036,SOUTHERN,4KID,Unknown,Unknown,Unknown,CC,Vehicle-Bicycle,26144,2,2,57614,2
36072,18035,3164234.0,2007-04-28 01:18:00,2007 April 28,01:18:00,2007,April,Saturday,10:01 pm to 2:00 am,1.0,1,Night,Spring,3801,1991,3D17D,MISSIO,21800(a),21800(a-c),Violation of right-of-way or uncontrolled intersection,CC,Vehicle-Bicycle,26145,2,82,57581,2
36073,53892,200611306.0,2020-10-10 14:51:00,2020 October 10,14:51:00,2020,October,Saturday,2:01 pm to 6:00 pm,14.0,1,Afternoon,Fall,3801,2740,Mission,D1,21955,21955,Crossing between controlled intersections (Jaywalking),BB,Vehicle-Pedestrian,26146,2,1,57622,2
36074,9070,2081748.0,2005-07-02 00:25:00,2005 July 02,00:25:00,2005,July,Saturday,10:01 pm to 2:00 am,0.0,1,Night,Summer,3801,1149,COD,4B7D,21950(a),"21950(a,c)",Driver or bicyclist to yield right-of-way at crosswalks,BB,Vehicle-Pedestrian,26147,1,3,57454,6
36075,56749,210699881.0,2021-10-25 17:25:00,2021 October 25,17:25:00,2021,October,Monday,2:01 pm to 6:00 pm,17.0,0,Evening,Fall,3801,1226,Tenderloin,3J13D,21453(a),"21453(a,c)",Red signal - driver or bicyclist responsibilities,AA,Vehicle(s) Only Involved,38848,2,1,57406,8
36076,12694,130260718.0,2013-03-30 02:17:00,2013 March 30,02:17:00,2013,March,Saturday,2:01 am to 6:00 am,2.0,1,Night,Spring,3801,4300,MISSION,3D13E,23153(a),23153(a-g),Driving under influence causing injury,AA,Vehicle(s) Only Involved,38354,2,12,57658,1
36077,50391,190904376.0,2019-11-30 21:55:00,2019 November 30,21:55:00,2019,November,Saturday,6:01 pm to 10:00 pm,21.0,1,Night,Fall,3801,2211,Northern,3E14E,22450(a),22450(a),Failure to stop at STOP sign,AA,Vehicle(s) Only Involved,26148,51,13,57603,3
36078,53577,200564153.0,2020-09-19 00:05:00,2020 September 19,00:05:00,2020,September,Saturday,10:01 pm to 2:00 am,0.0,1,Night,Fall,3801,1371,Northern,2,21703,21703,Following too closely prohibited,AA,Vehicle(s) Only Involved,26149,2,3,57658,1
36079,31402,3724711.0,2008-03-10 19:52:00,2008 March 10,19:52:00,2008,March,Monday,6:01 pm to 10:00 pm,19.0,0,Evening,Spring,3801,246,,4B6G,21801(a),"21801(a,b)",Violation of right-of-way - left turn,CC,Vehicle-Bicycle,524,2,3,57390,1
36080,57380,220071821.0,2022-02-01 19:15:00,2022 February 01,19:15:00,2022,February,Tuesday,6:01 pm to 10:00 pm,19.0,0,Evening,Winter,3801,1642,Ingleside,3H15D,22107,22107,Unsafe turn or lane change prohibited,AA,Vehicle(s) Only Involved,22507,2,3,57659,1
36081,31748,3747568.0,2008-04-09 23:56:00,2008 April 09,23:56:00,2008,April,Wednesday,10:01 pm to 2:00 am,23.0,0,Night,Spring,3801,000302,NORTH,3E13E,Unknown,Unknown,Unknown,AA,Vehicle(s) Only Involved,7930,2,3,57585,1
36082,59042,220517314.0,2022-08-04 01:15:00,2022 August 04,01:15:00,2022,August,Thursday,10:01 pm to 2:00 am,1.0,0,Night,Summer,3801,2237,Tenderloin,3J12E,22107,22107,Unsafe turn or lane change prohibited,AA,Vehicle(s) Only Involved,5641,2,3,57659,14
36083,25136,150706576.0,2015-08-13 14:30:00,2015 August 13,14:30:00,2015,August,Thursday,2:01 pm to 6:00 pm,14.0,0,Afternoon,Summer,3801,999,J,3,Unknown,Unknown,Unknown,BB,Vehicle-Pedestrian,26150,3,14,56163,2
36084,59132,220576536.0,2022-08-26 13:41:00,2022 August 26,13:41:00,2022,August,Friday,10:01 am to 2:00 pm,13.0,0,Afternoon,Summer,3801,1394,Mission,Mission 5,22350,22350,Unsafe speed for prevailing conditions,AA,Vehicle(s) Only Involved,26151,2,2,57654,2
36085,44609,171016465.0,2017-12-14 13:15:00,2017 December 14,13:15:00,2017,December,Thursday,10:01 am to 2:00 pm,13.0,0,Afternoon,Winter,3801,4751,RICHMOND,3G00D,Unknown,Unknown,Unknown,CC,Vehicle-Bicycle,26152,3,6,56267,1
36086,32817,3703666.0,2008-02-14 23:38:00,2008 February 14,23:38:00,2008,February,Thursday,10:01 pm to 2:00 am,23.0,0,Night,Winter,3801,1458,NORTH,3E14E,22350,22350,Unsafe speed for prevailing conditions,AA,Vehicle(s) Only Involved,5892,2,3,57658,8
36087,45317,140884756.0,2014-10-19 14:55:00,2014 October 19,14:55:00,2014,October,Sunday,2:01 pm to 6:00 pm,14.0,1,Afternoon,Fall,3801,868,RICHMOND S,4K8G,22450(a),22450(a),Failure to stop at STOP sign,CC,Vehicle-Bicycle,26153,1,24,57616,2
36088,57960,220291972.0,2022-05-04 15:24:00,2022 May 04,15:24:00,2022,May,Wednesday,2:01 pm to 6:00 pm,15.0,0,Afternoon,Spring,3801,1534,Ingleside,3H14D,22350,22350,Unsafe speed for prevailing conditions,CC,Vehicle-Bicycle,28894,2,1,55601,1
36089,36185,5394710.0,2011-10-01 03:00:00,2011 October 01,03:00:00,2011,October,Saturday,2:01 am to 6:00 am,3.0,1,Night,Fall,3801,1631,COI,005,Unknown,Unknown,Unknown,AA,Vehicle(s) Only Involved,26154,2,7,57576,1
36090,56660,210855970.0,2021-12-27 17:00:00,2021 December 27,17:00:00,2021,December,Monday,2:01 pm to 6:00 pm,17.0,0,Evening,Winter,3801,309,Taraval,,22450(a),22450(a),Failure to stop at STOP sign,AA,Vehicle(s) Only Involved,34032,2,1,57490,3
36091,48109,190732735.0,2019-09-30 09:30:00,2019 September 30,09:30:00,2019,September,Monday,6:01 am to 10:00 am,9.0,0,Morning,Fall,3801,76,Traffic,4B5D,21803(a),"21803(a,b)",Violation of Yield sign,AA,Vehicle(s) Only Involved,26156,2,8,57237,1
36092,11209,1997813.0,2005-02-26 01:25:00,2005 February 26,01:25:00,2005,February,Saturday,10:01 pm to 2:00 am,1.0,1,Night,Winter,3801,973,,006,21950(b),21950(b),Pedestrian suddenly entering into vehicle path close enough to create an immediate hazard,BB,Vehicle-Pedestrian,26157,2,12,57622,1
36093,23158,3348095.0,2007-08-14 01:10:00,2007 August 14,01:10:00,2007,August,Tuesday,10:01 pm to 2:00 am,1.0,0,Night,Summer,3801,821,,4B8F,22350,22350,Unsafe speed for prevailing conditions,AA,Vehicle(s) Only Involved,26158,2,12,57658,1
36094,1546,180463809.0,2018-06-22 17:26:00,2018 June 22,17:26:00,2018,June,Friday,2:01 pm to 6:00 pm,17.0,0,Evening,Summer,3801,359,Ingleside,3H15D,22101(d),22101(d),Violation of a turn prohibition sign,AA,Vehicle(s) Only Involved,26159,2,1,57659,1
36095,52257,200066256.0,2020-01-27 08:55:00,2020 January 27,08:55:00,2020,January,Monday,6:01 am to 10:00 am,8.0,0,Morning,Winter,3801,2409,Southern,3B15A,21703,21703,Following too closely prohibited,AA,Vehicle(s) Only Involved,26160,2,1,57658,1
36096,49887,190980859.0,2019-12-31 08:55:00,2019 December 31,08:55:00,2019,December,Tuesday,6:01 am to 10:00 am,8.0,0,Morning,Winter,3801,4307,Northern,3E15A,22350,22350,Unsafe speed for prevailing conditions,AA,Vehicle(s) Only Involved,20050,2,1,57658,1