collision_id,unique_id,case_id_pkey,collision_datetime,collision_date,collision_time,accident_year,month,day_of_week,time_cat,hour_of_day,is_weekend,time_of_day,season,juris,officer_id,reporting_district,beat_number,vz_pcf_code,vz_pcf_group,vz_pcf_description,dph_col_grp,dph_col_grp_description,location_id,weather_id,road_id,party_id,severity_id
36285,50382,190895242.0,2019-11-26 15:17:00,2019 November 26,15:17:00,2019,November,Tuesday,2:01 pm to 6:00 pm,15.0,0,Afternoon,Fall,3801,2441,Southern,B5,21703,21703,Following too closely prohibited,AA,Vehicle(s) Only Involved,24444,4,16,57658,1
36286,41388,2409271.0,2005-12-24 23:54:00,2005 December 24,23:54:00,2005,December,Saturday,10:01 pm to 2:00 am,23.0,1,Night,Winter,3801,1881,TARA,3I13E,Unknown,Unknown,Unknown,AA,Vehicle(s) Only Involved,26284,2,3,57607,2
36287,44602,160429956.0,2016-05-31 08:45:00,2016 May 31,08:45:00,2016,May,Tuesday,6:01 am to 10:00 am,8.0,0,Morning,Spring,3801,2428,RICHMOND,3G1A,21658(a),"21658(a,b)",Lane straddling or failure to use specified lanes,AA,Vehicle(s) Only Involved,26285,2,1,57660,1
36288,17612,3334029.0,2007-06-05 23:11:00,2007 June 05,23:11:00,2007,June,Tuesday,10:01 pm to 2:00 am,23.0,0,Night,Summer,3801,821,,4B8F,Unknown,Unknown,Unknown,AA,Vehicle(s) Only Involved,37531,1,3,57585,1
36289,53005,200344080.0,2020-06-07 12:20:00,2020 June 07,12:20:00,2020,June,Sunday,10:01 am to 2:00 pm,12.0,1,Afternoon,Summer,3801,2256,Ingleside,3H15C,22107,22107,Unsafe turn or lane change prohibited,AA,Vehicle(s) Only Involved,25775,2,2,57660,2
36290,39707,5778667.0,2012-07-11 19:45:00,2012 July 11,19:45:00,2012,July,Wednesday,6:01 pm to 10:00 pm,19.0,0,Evening,Summer,3801,A10229,TARAV,3I60,22107,22107,Unsafe turn or lane change prohibited,AA,Vehicle(s) Only Involved,15325,2,15,57564,1
36291,59246,220653861.0,2022-09-24 10:52:00,2022 September 24,10:52:00,2022,September,Saturday,10:01 am to 2:00 pm,10.0,1,Morning,Fall,3801,1513,Richmond,3G13A,22450(a),22450(a),Failure to stop at STOP sign,AA,Vehicle(s) Only Involved,26286,2,23,57659,1
36292,85365,240193621.0,2024-03-27 00:27:00,2024 March 27,00:27:00,2024,March,Wednesday,10:01 pm to 2:00 am,0.0,0,Night,Spring,3801,2214,Ingleside,3H15E,21801(a),"21801(a,b)",Violation of right-of-way - left turn,AA,Vehicle(s) Only Involved,8389,2,3,57659,1
36293,53855,200599467.0,2020-10-05 11:25:00,2020 October 05,11:25:00,2020,October,Monday,10:01 am to 2:00 pm,11.0,0,Morning,Fall,3801,2127,Traffic,3I2,22350,22350,Unsafe speed for prevailing conditions,BB,Vehicle-Pedestrian,26287,2,2,57649,2
36294,43412,3767973.0,2008-06-09 13:00:00,2008 June 09,13:00:00,2008,June,Monday,10:01 am to 2:00 pm,13.0,0,Afternoon,Summer,3801,1597,RICHM,3G62,21804(a),"21804(a,b)",Entering highway from alley or driveway,AA,Vehicle(s) Only Involved,26288,2,2,57659,3
36295,45207,150597137.0,2015-07-10 08:30:00,2015 July 10,08:30:00,2015,July,Friday,6:01 am to 10:00 am,8.0,0,Morning,Summer,3801,2260,RICHMOND,,22106,22106,Unsafe starting or backing on highway,AA,Vehicle(s) Only Involved,26289,2,2,57658,1
36296,56170,210428806.0,2021-07-08 02:54:00,2021 July 08,02:54:00,2021,July,Thursday,2:01 am to 6:00 am,2.0,0,Night,Summer,3801,VARGAS,Ingleside,3H15E,22107,22107,Unsafe turn or lane change prohibited,AA,Vehicle(s) Only Involved,14319,2,12,57603,23
36297,55465,210222705.0,2021-04-10 23:08:00,2021 April 10,23:08:00,2021,April,Saturday,10:01 pm to 2:00 am,23.0,1,Night,Spring,3801,1371,Northern,5,22350,22350,Unsafe speed for prevailing conditions,AA,Vehicle(s) Only Involved,26290,2,3,57576,1
36298,57693,220198403.0,2022-03-26 12:00:00,2022 March 26,12:00:00,2022,March,Saturday,10:01 am to 2:00 pm,12.0,1,Afternoon,Spring,3801,1342,Northern,3E13A,22107,22107,Unsafe turn or lane change prohibited,AA,Vehicle(s) Only Involved,10448,3,1,57470,1
36299,57645,220106315.0,2022-02-16 08:45:00,2022 February 16,08:45:00,2022,February,Wednesday,6:01 am to 10:00 am,8.0,0,Morning,Winter,3801,555,Mission,3D11A,21801(a),"21801(a,b)",Violation of right-of-way - left turn,AA,Vehicle(s) Only Involved,9607,2,1,57603,1
36300,86478,240555394.0,2024-09-04 08:16:00,2024 September 04,08:16:00,2024,September,Wednesday,6:01 am to 10:00 am,8.0,0,Morning,Fall,3801,1015,Park,3 CAR,22106,22106,Unsafe starting or backing on highway,BB,Vehicle-Pedestrian,26291,2,2,57532,2
36301,10621,3733874.0,2008-04-19 01:30:00,2008 April 19,01:30:00,2008,April,Saturday,10:01 pm to 2:00 am,1.0,1,Night,Spring,3801,1658,,03D,22350,22350,Unsafe speed for prevailing conditions,AA,Vehicle(s) Only Involved,26292,2,3,57653,2
36302,55203,210308509.0,2021-05-19 17:32:00,2021 May 19,17:32:00,2021,May,Wednesday,2:01 pm to 6:00 pm,17.0,0,Evening,Spring,3801,4012,Taraval,3I1D,21750,21750,Overtaking and passing unsafely,CC,Vehicle-Bicycle,26293,2,2,56954,2
36303,58447,220316843.0,2022-05-15 09:15:00,2022 May 15,09:15:00,2022,May,Sunday,6:01 am to 10:00 am,9.0,1,Morning,Spring,3801,179,Northern,3E12A,Unknown,Unknown,Unknown,AA,Vehicle(s) Only Involved,26294,2,1,57585,14
36304,57100,210794152.0,2021-12-01 18:30:00,2021 December 01,18:30:00,2021,December,Wednesday,6:01 pm to 10:00 pm,18.0,0,Evening,Winter,3801,1771,Ingleside,3H12D,22350,22350,Unsafe speed for prevailing conditions,AA,Vehicle(s) Only Involved,26295,2,3,57576,2
36305,87406,240772532.0,2024-12-15 12:27:00,2024 December 15,12:27:00,2024,December,Sunday,10:01 am to 2:00 pm,12.0,1,Afternoon,Winter,3801,2707,Taraval,2 CAR,22107,22107,Unsafe turn or lane change prohibited,AA,Vehicle(s) Only Involved,26296,2,47,57607,1
36306,54578,210124054.0,2021-02-24 12:10:00,2021 February 24,12:10:00,2021,February,Wednesday,10:01 am to 2:00 pm,12.0,0,Afternoon,Winter,3801,1003,Ingleside,1,21658(a),"21658(a,b)",Lane straddling or failure to use specified lanes,AA,Vehicle(s) Only Involved,4304,2,1,57660,2
36307,53334,200465783.0,2020-08-04 11:05:00,2020 August 04,11:05:00,2020,August,Tuesday,10:01 am to 2:00 pm,11.0,0,Morning,Summer,3801,1129,Taraval,6,22350,22350,Unsafe speed for prevailing conditions,AA,Vehicle(s) Only Involved,26297,1,16,57658,1
36308,24796,3748527.0,2008-05-14 15:40:00,2008 May 14,15:40:00,2008,May,Wednesday,2:01 pm to 6:00 pm,15.0,0,Afternoon,Spring,3801,1384,3J,4B5A,21453(a),"21453(a,c)",Red signal - driver or bicyclist responsibilities,AA,Vehicle(s) Only Involved,5290,2,1,57659,2
36309,40913,2226616.0,2005-08-30 22:45:00,2005 August 30,22:45:00,2005,August,Tuesday,10:01 pm to 2:00 am,22.0,0,Night,Summer,3801,1990,TARAV,I15E,Unknown,Unknown,Unknown,BB,Vehicle-Pedestrian,35109,2,3,57525,2
36310,78166,200118716.0,2020-02-16 18:12:00,2020 February 16,18:12:00,2020,February,Sunday,6:01 pm to 10:00 pm,18.0,1,Evening,Winter,3801,172,Richmond,2,21954(a),21954(a),Pedestrians must yield right-of-way outside of crosswalks,BB,Vehicle-Pedestrian,26299,2,12,57622,4
36311,56346,210414786.0,2021-07-02 11:16:00,2021 July 02,11:16:00,2021,July,Friday,10:01 am to 2:00 pm,11.0,0,Morning,Summer,3801,4307,Northern,3E12A,21453(a),"21453(a,c)",Red signal - driver or bicyclist responsibilities,AA,Vehicle(s) Only Involved,20361,2,1,57659,3
36312,54134,200673657.0,2020-11-07 18:31:00,2020 November 07,18:31:00,2020,November,Saturday,6:01 pm to 10:00 pm,18.0,1,Evening,Fall,3801,#334,Bayview,C3,21453(a),"21453(a,c)",Red signal - driver or bicyclist responsibilities,AA,Vehicle(s) Only Involved,26300,2,3,57659,1
36313,17380,6059048.0,2012-10-16 15:22:00,2012 October 16,15:22:00,2012,October,Tuesday,2:01 pm to 6:00 pm,15.0,0,Afternoon,Fall,3801,2175,D,3D66,22107,22107,Unsafe turn or lane change prohibited,CC,Vehicle-Bicycle,26301,2,2,57614,2
36314,57824,220173756.0,2022-03-16 11:25:00,2022 March 16,11:25:00,2022,March,Wednesday,10:01 am to 2:00 pm,11.0,0,Morning,Spring,3801,4375,Traffic,4B1F,22350,22350,Unsafe speed for prevailing conditions,AA,Vehicle(s) Only Involved,26302,2,1,57660,8
36315,86019,240428268.0,2024-07-09 17:53:00,2024 July 09,17:53:00,2024,July,Tuesday,2:01 pm to 6:00 pm,17.0,0,Evening,Summer,3801,2064,Mission,3D16D,22101(d),22101(d),Violating special traffic control markers,AA,Vehicle(s) Only Involved,26303,2,1,57564,2
36316,50418,190934301.0,2019-12-10 16:00:00,2019 December 10,16:00:00,2019,December,Tuesday,2:01 pm to 6:00 pm,16.0,0,Afternoon,Winter,3801,552,Southern,3b,Unknown,Unknown,Unknown,AA,Vehicle(s) Only Involved,26304,3,76,53375,1
36317,58241,220261527.0,2022-04-21 18:05:00,2022 April 21,18:05:00,2022,April,Thursday,6:01 pm to 10:00 pm,18.0,0,Evening,Spring,3801,615,Park,3F12D,22350,22350,Unsafe speed for prevailing conditions,AA,Vehicle(s) Only Involved,23793,2,1,57411,8
36318,45343,5396249.0,2011-10-27 16:00:00,2011 October 27,16:00:00,2011,October,Thursday,2:01 pm to 6:00 pm,16.0,0,Afternoon,Fall,9350,019166,,001,22350,22350,Unsafe speed for prevailing conditions,CC,Vehicle-Bicycle,26305,2,1,45290,2
36319,56972,210811449.0,2021-12-08 13:07:00,2021 December 08,13:07:00,2021,December,Wednesday,10:01 am to 2:00 pm,13.0,0,Afternoon,Winter,3801,1017,Northern,3E15A,22350,22350,Unsafe speed for prevailing conditions,AA,Vehicle(s) Only Involved,26306,1,16,57583,1
36320,56247,210455150.0,2021-07-19 22:10:00,2021 July 19,22:10:00,2021,July,Monday,10:01 pm to 2:00 am,22.0,0,Night,Summer,3801,4178,Traffic,4B3A,21956(a),21956(a),Pedestrian on roadway prohibited,BB,Vehicle-Pedestrian,26307,2,3,57280,2
36321,53219,200414069.0,2020-07-10 22:11:00,2020 July 10,22:11:00,2020,July,Friday,10:01 pm to 2:00 am,22.0,0,Night,Summer,3801,1357,Richmond,3G12E,21801(a),"21801(a,b)",Violation of right-of-way - left turn,CC,Vehicle-Bicycle,23409,2,3,57581,2
36322,40203,3767564.0,2008-05-22 15:56:00,2008 May 22,15:56:00,2008,May,Thursday,2:01 pm to 6:00 pm,15.0,0,Afternoon,Spring,3801,1866,TARAV,4B71,22106,22106,Unsafe starting or backing on highway,BB,Vehicle-Pedestrian,26308,2,2,57649,1
36323,2810,3728673.0,2008-04-20 00:38:00,2008 April 20,00:38:00,2008,April,Sunday,10:01 pm to 2:00 am,0.0,1,Night,Spring,3801,1983,,3C13E,Unknown,Unknown,Unknown,AA,Vehicle(s) Only Involved,7829,2,3,57603,1
36324,41451,141035990.0,2014-12-09 09:38:00,2014 December 09,09:38:00,2014,December,Tuesday,6:01 am to 10:00 am,9.0,0,Morning,Winter,3801,4666,TARAVAL,3I13A,21453(a),"21453(a,c)",Red signal - driver or bicyclist responsibilities,AA,Vehicle(s) Only Involved,29113,2,1,57659,1
36325,53823,200592392.0,2020-10-01 22:18:00,2020 October 01,22:18:00,2020,October,Thursday,10:01 pm to 2:00 am,22.0,0,Night,Fall,3801,4279,Ingleside,5 Car,21800(d)(1),"21800(d)(1,2)",Violation of right-of-way or controlled intersection with inoperative control signals,AA,Vehicle(s) Only Involved,26309,1,203,57659,8
36326,55405,210369313.0,2021-06-14 05:55:00,2021 June 14,05:55:00,2021,June,Monday,2:01 am to 6:00 am,5.0,0,Morning,Summer,3801,2467,Ingleside,3H11A,21954(a),21954(a),Pedestrians must yield right-of-way outside of crosswalks,BB,Vehicle-Pedestrian,26310,1,7,57622,2
36327,82844,230413962.0,2023-06-16 01:41:00,2023 June 16,01:41:00,2023,June,Friday,10:01 pm to 2:00 am,1.0,0,Night,Summer,3801,1207,Tenderloin,J2,21460(a),"21460(a,b)",Improper turns over double lines or solid lines to right prohibited,AA,Vehicle(s) Only Involved,26311,2,32,57603,11
36328,42149,3749131.0,2008-05-23 17:28:00,2008 May 23,17:28:00,2008,May,Friday,2:01 pm to 6:00 pm,17.0,0,Evening,Spring,3801,2175,RICHM,4B5E,22350,22350,Unsafe speed for prevailing conditions,AA,Vehicle(s) Only Involved,26312,1,2,57658,1
36329,25792,3727964.0,2008-03-30 17:14:00,2008 March 30,17:14:00,2008,March,Sunday,2:01 pm to 6:00 pm,17.0,1,Evening,Spring,3801,002089,SOUTH,4B8B,21955,21955,Crossing between controlled intersections (Jaywalking),BB,Vehicle-Pedestrian,26313,2,1,57622,1
36330,55023,210005567.0,2021-01-03 17:30:00,2021 January 03,17:30:00,2021,January,Sunday,2:01 pm to 6:00 pm,17.0,1,Evening,Winter,3801,246,Richmond,5 Car,23152(a),23152(a-g),Driving under influence of alcohol and/or drugs,AA,Vehicle(s) Only Involved,26314,2,3,57658,14
36331,16805,3739171.0,2008-03-04 21:19:00,2008 March 04,21:19:00,2008,March,Tuesday,6:01 pm to 10:00 pm,21.0,0,Night,Spring,3801,133,,3B13E,22517,22517,Opening door on traffic side when unsafe,CC,Vehicle-Bicycle,26315,2,3,57088,1
36332,48462,190497945.0,2019-07-10 01:37:00,2019 July 10,01:37:00,2019,July,Wednesday,10:01 pm to 2:00 am,1.0,0,Night,Summer,3801,1856,Northern,E6,23152(a),23152(a-g),Driving under influence of alcohol and/or drugs,AA,Vehicle(s) Only Involved,26326,2,75,57659,8
36333,53633,200583181.0,2020-09-28 04:30:00,2020 September 28,04:30:00,2020,September,Monday,2:01 am to 6:00 am,4.0,0,Night,Fall,3801,782,Central,A2,Unknown,Unknown,Unknown,BB,Vehicle-Pedestrian,26317,2,3,57649,1
36334,57500,220121448.0,2022-02-22 15:16:00,2022 February 22,15:16:00,2022,February,Tuesday,2:01 pm to 6:00 pm,15.0,0,Afternoon,Winter,3801,709,Bayview,,21453(a),"21453(a,c)",Red signal - driver or bicyclist responsibilities,AA,Vehicle(s) Only Involved,26318,2,44,57659,8
36335,41195,3739021.0,2008-04-01 11:47:00,2008 April 01,11:47:00,2008,April,Tuesday,10:01 am to 2:00 pm,11.0,0,Morning,Spring,3801,649,CO1,4B2H,22101(d),22101(d),Violation of a turn prohibition sign,AA,Vehicle(s) Only Involved,37636,2,1,57659,8
36336,4105,2100044.0,2005-06-29 01:56:00,2005 June 29,01:56:00,2005,June,Wednesday,10:01 pm to 2:00 am,1.0,0,Night,Summer,3801,2074,INGLE,3H13E,22450(a),22450(a),Failure to stop at STOP sign,AA,Vehicle(s) Only Involved,4229,2,3,57660,1
36337,55077,210258095.0,2021-04-27 16:01:00,2021 April 27,16:01:00,2021,April,Tuesday,2:01 pm to 6:00 pm,16.0,0,Afternoon,Spring,3801,441,Tenderloin,4B4C,22350,22350,Unsafe speed for prevailing conditions,BB,Vehicle-Pedestrian,5483,2,1,57649,2
36338,5103,2434279.0,2005-12-26 22:35:00,2005 December 26,22:35:00,2005,December,Monday,10:01 pm to 2:00 am,22.0,0,Night,Winter,3801,2052,INGLE,3H13E,23152(a),23152(a-g),Driving under influence of alcohol and/or drugs,AA,Vehicle(s) Only Involved,26319,1,12,57659,1
36339,57624,220174005.0,2022-03-16 12:56:00,2022 March 16,12:56:00,2022,March,Wednesday,10:01 am to 2:00 pm,12.0,0,Afternoon,Spring,3801,2419,Richmond,G2,22350,22350,Unsafe speed for prevailing conditions,AA,Vehicle(s) Only Involved,26320,2,2,57658,1
36340,57704,220203905.0,2022-03-28 20:23:00,2022 March 28,20:23:00,2022,March,Monday,6:01 pm to 10:00 pm,20.0,0,Evening,Spring,3801,2733,Southern,B4,21453(d),21453(d),Red signal - pedestrian responsibilities,BB,Vehicle-Pedestrian,22064,2,3,57622,2
36341,52032,190927198.0,2019-12-07 13:21:00,2019 December 07,13:21:00,2019,December,Saturday,10:01 am to 2:00 pm,13.0,1,Afternoon,Winter,3801,1628,Mission,3G14C,22350,22350,Unsafe speed for prevailing conditions,AA,Vehicle(s) Only Involved,26321,7,16,57658,1
36342,13109,140361077.0,2014-05-01 15:26:00,2014 May 01,15:26:00,2014,May,Thursday,2:01 pm to 6:00 pm,15.0,0,Afternoon,Spring,3801,4119,BAYVIEW,5 CAR,22107,22107,Unsafe turn or lane change prohibited,AA,Vehicle(s) Only Involved,26322,8,2,57654,1
36343,57407,220083791.0,2022-02-06 19:28:00,2022 February 06,19:28:00,2022,February,Sunday,6:01 pm to 10:00 pm,19.0,1,Evening,Winter,3801,2149,Northern,3E12C,22350,22350,Unsafe speed for prevailing conditions,AA,Vehicle(s) Only Involved,21788,2,3,57659,2
36344,53307,200453813.0,2020-07-29 13:07:00,2020 July 29,13:07:00,2020,July,Wednesday,10:01 am to 2:00 pm,13.0,0,Afternoon,Summer,3801,504,Northern,3E7A,22350,22350,Unsafe speed for prevailing conditions,AA,Vehicle(s) Only Involved,26323,2,1,57660,1
36345,55416,210396316.0,2021-06-24 18:27:00,2021 June 24,18:27:00,2021,June,Thursday,6:01 pm to 10:00 pm,18.0,0,Evening,Summer,3801,2305,Traffic,4B3I,21235(g),21235(a-j),Illegal operation of motorized scooter,AA,Vehicle(s) Only Involved,23848,2,1,57490,1
36346,53551,200553861.0,2020-09-14 17:30:00,2020 September 14,17:30:00,2020,September,Monday,2:01 pm to 6:00 pm,17.0,0,Evening,Fall,3801,Bruneman 1784,Tenderloin,3J13D,22107,22107,Unsafe turn or lane change prohibited,CC,Vehicle-Bicycle,24903,2,1,57633,2
36347,57045,210771536.0,2021-11-22 19:03:00,2021 November 22,19:03:00,2021,November,Monday,6:01 pm to 10:00 pm,19.0,0,Evening,Fall,3801,#2008,Mission,3D15D,21460(a),"21460(a,b)",Improper turns over double lines or solid lines to right prohibited,AA,Vehicle(s) Only Involved,26324,2,12,57603,3
36348,45345,3049631.0,2007-02-13 16:58:00,2007 February 13,16:58:00,2007,February,Tuesday,2:01 pm to 6:00 pm,16.0,0,Afternoon,Winter,3801,740,BAYVI,4B8C,22350,22350,Unsafe speed for prevailing conditions,AA,Vehicle(s) Only Involved,40965,2,1,57658,1
36349,87194,240733631.0,2024-11-25 16:25:00,2024 November 25,16:25:00,2024,November,Monday,2:01 pm to 6:00 pm,16.0,0,Afternoon,Fall,3801,1427,Tenderloin,3J1D,22350,22350,Unsafe speed for prevailing conditions,FF,Bicycle Only,5553,4,59,57556,1
36350,55402,210364670.0,2021-06-11 22:13:00,2021 June 11,22:13:00,2021,June,Friday,10:01 pm to 2:00 am,22.0,0,Night,Summer,3801,2342,Northern,3E16D,21801(a),"21801(a,b)",Violation of right-of-way - left turn,AA,Vehicle(s) Only Involved,26326,2,275,57659,1
36351,50683,190970452.0,2019-12-26 22:30:00,2019 December 26,22:30:00,2019,December,Thursday,10:01 pm to 2:00 am,22.0,0,Night,Winter,3801,2378,Ingleside,H6,22450(a),22450(a),Failure to stop at STOP sign,AA,Vehicle(s) Only Involved,26327,2,12,57660,1
36352,7111,3625500.0,2008-01-23 17:30:00,2008 January 23,17:30:00,2008,January,Wednesday,2:01 pm to 6:00 pm,17.0,0,Evening,Winter,3801,929,COH,3H41,21451(a),"21451(a,b)",Green signal - driver or bicyclist responsibilities,AA,Vehicle(s) Only Involved,31579,1,33,57660,1
36353,4169,3726635.0,2008-04-10 19:23:00,2008 April 10,19:23:00,2008,April,Thursday,6:01 pm to 10:00 pm,19.0,0,Evening,Spring,3801,1549,,4B7H,22450(a),22450(a),Failure to stop at STOP sign,AA,Vehicle(s) Only Involved,21623,2,12,57659,1
36354,47935,190658379.0,2019-09-04 10:20:00,2019 September 04,10:20:00,2019,September,Wednesday,10:01 am to 2:00 pm,10.0,0,Morning,Fall,3801,1276,Mission,3D11A,21755(a),21755(a),Unsafe passing on right shoulder,CC,Vehicle-Bicycle,23839,2,1,57621,1
36355,59122,220565921.0,2022-08-22 16:54:00,2022 August 22,16:54:00,2022,August,Monday,2:01 pm to 6:00 pm,16.0,0,Afternoon,Summer,3801,Li,Bayview,3C2D,21801(a),"21801(a,b)",Violation of right-of-way - left turn,AA,Vehicle(s) Only Involved,26328,2,2,57603,1
36356,35166,3538727.0,2007-12-01 02:00:00,2007 December 01,02:00:00,2007,December,Saturday,10:01 pm to 2:00 am,2.0,1,Night,Winter,3801,1689,,3E5E,22100(b),"22100(a,b)",Turn at intersection from wrong position,AA,Vehicle(s) Only Involved,39903,2,3,57660,3
36357,28395,160319595.0,2016-04-18 23:18:00,2016 April 18,23:18:00,2016,April,Monday,10:01 pm to 2:00 am,23.0,0,Night,Spring,3801,1242,CENTRAL,3A60,21950(a),"21950(a,c)",Driver or bicyclist to yield right-of-way at crosswalks,BB,Vehicle-Pedestrian,12307,2,3,57649,1
36358,58315,220372055.0,2022-06-07 08:45:00,2022 June 07,08:45:00,2022,June,Tuesday,6:01 am to 10:00 am,8.0,0,Morning,Summer,3801,1109,Ingleside,,21802(a),"21802(a,b)",Violation of right-of-way - entering through highway,AA,Vehicle(s) Only Involved,30092,2,1,57659,8
36359,6404,2699880.0,2006-06-19 22:29:00,2006 June 19,22:29:00,2006,June,Monday,10:01 pm to 2:00 am,22.0,0,Night,Summer,3801,2082,MISSI,4B8H,22350,22350,Unsafe speed for prevailing conditions,AA,Vehicle(s) Only Involved,26329,2,3,57583,2
36360,45166,160424633.0,2016-05-24 15:19:00,2016 May 24,15:19:00,2016,May,Tuesday,2:01 pm to 6:00 pm,15.0,0,Afternoon,Spring,3801,1730,RICHMOND,4B8G,21950(a),"21950(a,c)",Driver or bicyclist to yield right-of-way at crosswalks,BB,Vehicle-Pedestrian,26330,1,1,57649,2
36361,49471,190760918.0,2019-10-09 16:15:00,2019 October 09,16:15:00,2019,October,Wednesday,2:01 pm to 6:00 pm,16.0,0,Afternoon,Fall,3801,1389,Mission,3D15D,Unknown,Unknown,Unknown,CC,Vehicle-Bicycle,8231,2,1,57650,1
36362,50247,190739098.0,2019-10-02 09:37:00,2019 October 02,09:37:00,2019,October,Wednesday,6:01 am to 10:00 am,9.0,0,Morning,Fall,3801,1116,Mission,3D16A,21950(a),"21950(a,c)",Driver or bicyclist to yield right-of-way at crosswalks,BB,Vehicle-Pedestrian,26331,2,2,57649,1
36363,56474,210703608.0,2021-10-27 06:58:00,2021 October 27,06:58:00,2021,October,Wednesday,6:01 am to 10:00 am,6.0,0,Morning,Fall,3801,2466,Richmond,Three,21950(a),"21950(a,c)",Driver or bicyclist to yield right-of-way at crosswalks,BB,Vehicle-Pedestrian,38259,2,21,57532,1
36364,57767,220150077.0,2022-03-06 13:47:00,2022 March 06,13:47:00,2022,March,Sunday,10:01 am to 2:00 pm,13.0,1,Afternoon,Spring,3801,1657,Bayview,3801,22107,22107,Unsafe turn or lane change prohibited,CC,Vehicle-Bicycle,26333,2,1,57614,1
36365,3821,3723282.0,2008-03-31 10:40:00,2008 March 31,10:40:00,2008,March,Monday,10:01 am to 2:00 pm,10.0,0,Morning,Spring,3801,000373,H1,3H62,21658(a),"21658(a,b)",Lane straddling or failure to use specified lanes,AA,Vehicle(s) Only Involved,26334,2,1,57658,1
36366,86999,240685468.0,2024-11-01 07:09:00,2024 November 01,07:09:00,2024,November,Friday,6:01 am to 10:00 am,7.0,0,Morning,Fall,3801,826,Ingleside,H5,21950(a),"21950(a,c)",Driver or bicyclist to yield right-of-way at crosswalks,BB,Vehicle-Pedestrian,832,1,33,57649,2
36367,41979,2774837.0,2006-07-16 22:51:00,2006 July 16,22:51:00,2006,July,Sunday,10:01 pm to 2:00 am,22.0,1,Night,Summer,3801,1149,CO F,4B7D,21954(a),21954(a),Pedestrians must yield right-of-way outside of crosswalks,BB,Vehicle-Pedestrian,26335,1,3,57622,16
36368,53695,200421387.0,2020-07-14 14:18:00,2020 July 14,14:18:00,2020,July,Tuesday,2:01 pm to 6:00 pm,14.0,0,Afternoon,Summer,3801,2186,Ingleside,3H13C,22350,22350,Unsafe speed for prevailing conditions,AA,Vehicle(s) Only Involved,26336,2,1,57658,1
36369,17995,150676311.0,2015-08-04 00:25:00,2015 August 04,00:25:00,2015,August,Tuesday,10:01 pm to 2:00 am,0.0,0,Night,Summer,3801,1117,MISSION,CO E,21800(a),21800(a-c),Violation of right-of-way or uncontrolled intersection,CC,Vehicle-Bicycle,17431,2,3,57621,2
36370,24166,3045956.0,2007-02-18 01:30:00,2007 February 18,01:30:00,2007,February,Sunday,10:01 pm to 2:00 am,1.0,1,Night,Winter,3801,004036,CENTR,3A1E,21950(a),"21950(a,c)",Driver or bicyclist to yield right-of-way at crosswalks,BB,Vehicle-Pedestrian,27166,2,12,57649,2
36371,84875,240095453.0,2024-02-12 20:03:00,2024 February 12,20:03:00,2024,February,Monday,6:01 pm to 10:00 pm,20.0,0,Evening,Winter,3801,397,Tenderloin,3J15D,21950(a),"21950(a,c)",Driver or bicyclist to yield right-of-way at crosswalks,AA,Vehicle(s) Only Involved,34635,2,3,57564,2
36372,53498,200539219.0,2020-09-07 16:00:00,2020 September 07,16:00:00,2020,September,Monday,2:01 pm to 6:00 pm,16.0,0,Afternoon,Fall,3801,1355,Taraval,3I11D,22350,22350,Unsafe speed for prevailing conditions,AA,Vehicle(s) Only Involved,26338,2,1,57658,2
36373,40761,3717074.0,2008-02-26 12:40:00,2008 February 26,12:40:00,2008,February,Tuesday,10:01 am to 2:00 pm,12.0,0,Afternoon,Winter,3801,625,I,4B2G,22350,22350,Unsafe speed for prevailing conditions,AA,Vehicle(s) Only Involved,26339,2,1,57659,1
36374,31678,3603475.0,2008-01-26 11:33:00,2008 January 26,11:33:00,2008,January,Saturday,10:01 am to 2:00 pm,11.0,1,Morning,Winter,3801,2005,,3G1,21802(a),"21802(a,b)",Violation of right-of-way - entering through highway,AA,Vehicle(s) Only Involved,11128,1,2,57659,1
36375,84754,240019748.0,2024-01-09 18:26:00,2024 January 09,18:26:00,2024,January,Tuesday,6:01 pm to 10:00 pm,18.0,0,Evening,Winter,3801,1696,Northern,3E13D,21453(a),"21453(a,c)",Red signal - driver or bicyclist responsibilities,CC,Vehicle-Bicycle,14836,2,3,57621,8
36376,56693,210651336.0,2021-10-06 16:48:00,2021 October 06,16:48:00,2021,October,Wednesday,2:01 pm to 6:00 pm,16.0,0,Afternoon,Fall,3801,472,Taraval,3I11D,22450(a),22450(a),Failure to stop at STOP sign,AA,Vehicle(s) Only Involved,26340,2,1,57490,1
36377,4386,3730210.0,2008-03-10 22:00:00,2008 March 10,22:00:00,2008,March,Monday,6:01 pm to 10:00 pm,22.0,0,Night,Spring,3801,806,3H,0H4,21453(a),"21453(a,c)",Red signal - driver or bicyclist responsibilities,AA,Vehicle(s) Only Involved,2509,2,3,57659,1
36378,56580,210799732.0,2021-12-04 01:52:00,2021 December 04,01:52:00,2021,December,Saturday,10:01 pm to 2:00 am,1.0,1,Night,Winter,3801,2186,Northern,3E11E,22107,22107,Unsafe turn or lane change prohibited,AA,Vehicle(s) Only Involved,25237,2,3,57660,1
36379,53967,200628464.0,2020-10-18 11:28:00,2020 October 18,11:28:00,2020,October,Sunday,10:01 am to 2:00 pm,11.0,1,Morning,Fall,3801,310,Tenderloin,3J13C,22106,22106,Unsafe starting or backing on highway,BB,Vehicle-Pedestrian,26341,2,2,57654,1