collision_id,unique_id,case_id_pkey,collision_datetime,collision_date,collision_time,accident_year,month,day_of_week,time_cat,hour_of_day,is_weekend,time_of_day,season,juris,officer_id,reporting_district,beat_number,vz_pcf_code,vz_pcf_group,vz_pcf_description,dph_col_grp,dph_col_grp_description,location_id,weather_id,road_id,party_id,severity_id
36568,53080,200362797.0,2020-06-16 13:45:00,2020 June 16,13:45:00,2020,June,Tuesday,10:01 am to 2:00 pm,13.0,0,Afternoon,Summer,3801,494,Park,2G,22350,22350,Unsafe speed for prevailing conditions,AA,Vehicle(s) Only Involved,26473,2,45,57658,1
36569,57428,220101575.0,2022-02-14 07:26:00,2022 February 14,07:26:00,2022,February,Monday,6:01 am to 10:00 am,7.0,0,Morning,Winter,3801,375,Bayview,3801,21453(a),"21453(a,c)",Red signal - driver or bicyclist responsibilities,AA,Vehicle(s) Only Involved,20528,1,66,57659,1
36570,58225,220428056.0,2022-06-29 19:03:00,2022 June 29,19:03:00,2022,June,Wednesday,6:01 pm to 10:00 pm,19.0,0,Evening,Summer,3801,1926,Northern,3E13D,21703,21703,Following too closely prohibited,AA,Vehicle(s) Only Involved,26474,2,1,57658,1
36571,34031,2160755.0,2005-07-17 00:03:00,2005 July 17,00:03:00,2005,July,Sunday,10:01 pm to 2:00 am,0.0,1,Night,Summer,3801,1239,,4B7A,21950(b),21950(b),Pedestrian suddenly entering into vehicle path close enough to create an immediate hazard,AA,Vehicle(s) Only Involved,26475,2,3,57636,2
36572,49364,190876032.0,2019-11-19 16:56:00,2019 November 19,16:56:00,2019,November,Tuesday,2:01 pm to 6:00 pm,16.0,0,Afternoon,Fall,3801,2323,Bayview,3801,38020,38020,Registration required for off-highway vehicle or riding in violation of season prohibited,AA,Vehicle(s) Only Involved,26476,2,108,57585,1
36573,30615,140036054.0,2014-01-13 04:20:00,2014 January 13,04:20:00,2014,January,Monday,2:01 am to 6:00 am,4.0,0,Night,Winter,3801,4305,NORTHERN,3E14D,22107,22107,Unsafe turn or lane change prohibited,AA,Vehicle(s) Only Involved,26477,2,2,57659,8
36574,83291,230884664.0,2023-12-18 16:46:00,2023 December 18,16:46:00,2023,December,Monday,2:01 pm to 6:00 pm,16.0,0,Afternoon,Winter,3801,#812,Bayview,,22106,22106,Unsafe starting or backing on highway,AA,Vehicle(s) Only Involved,26478,4,4,57660,1
36575,57838,220221509.0,2022-04-05 07:25:00,2022 April 05,07:25:00,2022,April,Tuesday,6:01 am to 10:00 am,7.0,0,Morning,Spring,3801,670,Ingleside,3H15A,22107,22107,Unsafe turn or lane change prohibited,AA,Vehicle(s) Only Involved,26479,2,2,57660,1
36576,3863,3625541.0,2008-01-13 00:48:00,2008 January 13,00:48:00,2008,January,Sunday,10:01 pm to 2:00 am,0.0,1,Night,Winter,3801,491,INGLE,3H11E,21658(a),"21658(a,b)",Lane straddling or failure to use specified lanes,AA,Vehicle(s) Only Involved,26480,2,12,57406,8
36577,54178,200686791.0,2020-11-13 18:00:00,2020 November 13,18:00:00,2020,November,Friday,2:01 pm to 6:00 pm,18.0,0,Evening,Fall,3801,321,Richmond,901,22350,22350,Unsafe speed for prevailing conditions,AA,Vehicle(s) Only Involved,26481,4,7,57569,1
36578,10961,2159299.0,2005-07-13 00:05:00,2005 July 13,00:05:00,2005,July,Wednesday,10:01 pm to 2:00 am,0.0,0,Night,Summer,3801,307,,,22350,22350,Unsafe speed for prevailing conditions,BB,Vehicle-Pedestrian,26482,2,3,57649,4
36579,78256,200017873.0,2020-01-08 04:43:00,2020 January 08,04:43:00,2020,January,Wednesday,2:01 am to 6:00 am,4.0,0,Night,Winter,3801,4039,Central,A4,21956(a),21956(a),Pedestrian on roadway prohibited,DD,Bicycle-Pedestrian,26483,7,13,56208,2
36580,44719,3730226.0,2008-03-07 09:15:00,2008 March 07,09:15:00,2008,March,Friday,6:01 am to 10:00 am,9.0,0,Morning,Spring,3801,659,,3G61K,21950(a),"21950(a,c)",Driver or bicyclist to yield right-of-way at crosswalks,BB,Vehicle-Pedestrian,26484,2,1,57649,1
36581,58024,220323218.0,2022-05-17 18:10:00,2022 May 17,18:10:00,2022,May,Tuesday,6:01 pm to 10:00 pm,18.0,0,Evening,Spring,3801,2733,Southern,B4,21950(a),"21950(a,c)",Driver or bicyclist to yield right-of-way at crosswalks,BB,Vehicle-Pedestrian,23214,2,1,57649,2
36582,26116,140683445.0,2014-08-15 16:30:00,2014 August 15,16:30:00,2014,August,Friday,2:01 pm to 6:00 pm,16.0,0,Afternoon,Summer,3801,1930,TENDERLOIN,,21456(b),"21456(a,b)",Pedestrian violation of walk or wait signals,BB,Vehicle-Pedestrian,26485,8,1,57622,1
36583,53618,200544406.0,2020-09-10 08:17:00,2020 September 10,08:17:00,2020,September,Thursday,6:01 am to 10:00 am,8.0,0,Morning,Fall,3801,1938,Northern,3E13A,21453(a),"21453(a,c)",Red signal - driver or bicyclist responsibilities,AA,Vehicle(s) Only Involved,26387,2,44,57659,1
36584,40269,3613896.0,2008-01-17 18:00:00,2008 January 17,18:00:00,2008,January,Thursday,2:01 pm to 6:00 pm,18.0,0,Evening,Winter,3801,1881,TARAV,3112D,Unknown,Unknown,Unknown,CC,Vehicle-Bicycle,26486,2,3,57621,1
36585,56552,210766151.0,2021-11-20 11:33:00,2021 November 20,11:33:00,2021,November,Saturday,10:01 am to 2:00 pm,11.0,1,Morning,Fall,3801,4006,Taraval,3I46,22450(a),22450(a),Failure to stop at STOP sign,AA,Vehicle(s) Only Involved,26487,2,1,57659,13
36586,77918,200093403.0,2020-02-06 18:30:00,2020 February 06,18:30:00,2020,February,Thursday,6:01 pm to 10:00 pm,18.0,0,Evening,Winter,3801,321,Richmond,901,Unknown,Unknown,Unknown,AA,Vehicle(s) Only Involved,26488,3,6,56793,1
36587,32899,3164195.0,2007-04-17 01:58:00,2007 April 17,01:58:00,2007,April,Tuesday,10:01 pm to 2:00 am,1.0,0,Night,Spring,3801,000957,NORTH,3E7E,23152(a),23152(a-g),Driving under influence of alcohol and/or drugs,AA,Vehicle(s) Only Involved,26489,2,12,57654,2
36588,26180,160569198.0,2016-06-14 15:26:00,2016 June 14,15:26:00,2016,June,Tuesday,2:01 pm to 6:00 pm,15.0,0,Afternoon,Summer,3801,2299,CENTRAL,3A14D,21950(a),"21950(a,c)",Driver or bicyclist to yield right-of-way at crosswalks,BB,Vehicle-Pedestrian,38982,2,1,57649,2
36589,57168,210119936.0,2021-02-22 15:37:00,2021 February 22,15:37:00,2021,February,Monday,2:01 pm to 6:00 pm,15.0,0,Afternoon,Winter,3801,1783,Bayview,3C14D,22350,22350,Unsafe speed for prevailing conditions,AA,Vehicle(s) Only Involved,17388,2,1,57658,8
36590,3676,180129982.0,2018-02-17 23:13:00,2018 February 17,23:13:00,2018,February,Saturday,10:01 pm to 2:00 am,23.0,1,Night,Winter,3801,696,Bayview,3C11E,22350,22350,Unsafe speed for prevailing conditions,AA,Vehicle(s) Only Involved,26490,2,3,57658,14
36591,24012,5109320.0,2011-02-20 10:15:00,2011 February 20,10:15:00,2011,February,Sunday,10:01 am to 2:00 pm,10.0,1,Morning,Winter,3801,1057,3B,3B60,21955,21955,Crossing between controlled intersections (Jaywalking),BB,Vehicle-Pedestrian,26491,2,24,57622,2
36592,57699,220200688.0,2022-03-27 13:50:00,2022 March 27,13:50:00,2022,March,Sunday,10:01 am to 2:00 pm,13.0,1,Afternoon,Spring,3801,2202,Ingleside,3H13A,21802(a),"21802(a,b)",Violation of right-of-way - entering through highway,AA,Vehicle(s) Only Involved,26492,2,1,57659,2
36593,48233,190582449.0,2019-08-09 09:38:00,2019 August 09,09:38:00,2019,August,Friday,6:01 am to 10:00 am,9.0,0,Morning,Summer,3801,1144,Taraval,3I13A,21950(b),21950(b),Pedestrian suddenly entering into vehicle path close enough to create an immediate hazard,BB,Vehicle-Pedestrian,26493,2,2,57622,1
36594,53192,200395754.0,2020-07-02 11:26:00,2020 July 02,11:26:00,2020,July,Thursday,10:01 am to 2:00 pm,11.0,0,Morning,Summer,3801,4102,Southern,B3,21650.1,21650.1,Bicycle to travel in same direction as vehicles,CC,Vehicle-Bicycle,26494,2,1,57621,1
36595,57952,220279081.0,2022-04-29 08:19:00,2022 April 29,08:19:00,2022,April,Friday,6:01 am to 10:00 am,8.0,0,Morning,Spring,3801,2402,Taraval,3I13A,21802(a),"21802(a,b)",Violation of right-of-way - entering through highway,AA,Vehicle(s) Only Involved,26495,2,1,57659,14
36596,28836,2198431.0,2005-08-03 00:05:00,2005 August 03,00:05:00,2005,August,Wednesday,10:01 pm to 2:00 am,0.0,0,Night,Summer,3801,004148,,002,21453(a),"21453(a,c)",Red signal - driver or bicyclist responsibilities,AA,Vehicle(s) Only Involved,27966,2,3,57659,3
36597,54059,200654146.0,2020-10-30 00:17:00,2020 October 30,00:17:00,2020,October,Friday,10:01 pm to 2:00 am,0.0,0,Night,Fall,3801,1111,Bayview,3C15E,22350,22350,Unsafe speed for prevailing conditions,AA,Vehicle(s) Only Involved,26496,2,12,57496,14
36598,86988,240680151.0,2024-10-29 18:16:00,2024 October 29,18:16:00,2024,October,Tuesday,6:01 pm to 10:00 pm,18.0,0,Evening,Fall,3801,1316,Richmond,3G15D,22107,22107,Unsafe turn or lane change prohibited,AA,Vehicle(s) Only Involved,26497,2,33,57660,2
36599,85300,240180264.0,2024-03-21 05:39:00,2024 March 21,05:39:00,2024,March,Thursday,2:01 am to 6:00 am,5.0,0,Morning,Spring,3801,1594,Northern,3E13E,22350,22350,Unsafe speed for prevailing conditions,AA,Vehicle(s) Only Involved,35388,2,3,57658,1
36600,34238,3730165.0,2008-03-08 16:45:00,2008 March 08,16:45:00,2008,March,Saturday,2:01 pm to 6:00 pm,16.0,1,Afternoon,Spring,3801,1727,,3A18D,22450(a),22450(a),Failure to stop at STOP sign,BB,Vehicle-Pedestrian,40666,2,90,57649,8
36601,55374,210301848.0,2021-05-17 06:23:00,2021 May 17,06:23:00,2021,May,Monday,6:01 am to 10:00 am,6.0,0,Morning,Spring,3801,2375,Richmond,3G3A,21801(a),"21801(a,b)",Violation of right-of-way - left turn,AA,Vehicle(s) Only Involved,26499,1,16,57659,2
36602,56751,210680658.0,2021-10-17 16:55:00,2021 October 17,16:55:00,2021,October,Sunday,2:01 pm to 6:00 pm,16.0,1,Afternoon,Fall,3801,A21165,Northern,3E13C,22107,22107,Unsafe turn or lane change prohibited,AA,Vehicle(s) Only Involved,26500,2,2,57235,4
36603,45361,130238828.0,2013-03-22 15:30:00,2013 March 22,15:30:00,2013,March,Friday,2:01 pm to 6:00 pm,15.0,0,Afternoon,Spring,3801,1175,SOUTHERN,3X112,22106,22106,Unsafe starting or backing on highway,AA,Vehicle(s) Only Involved,40965,3,2,57636,1
36604,25566,170924952.0,2017-11-13 08:50:00,2017 November 13,08:50:00,2017,November,Monday,6:01 am to 10:00 am,8.0,0,Morning,Fall,3801,129,CENTRAL,3A15A,21954(a),21954(a),Pedestrians must yield right-of-way outside of crosswalks,BB,Vehicle-Pedestrian,26501,2,2,57622,1
36605,53673,200550481.0,2020-09-12 21:54:00,2020 September 12,21:54:00,2020,September,Saturday,6:01 pm to 10:00 pm,21.0,1,Night,Fall,3801,1788,Mission,Mission,22350,22350,Unsafe speed for prevailing conditions,AA,Vehicle(s) Only Involved,26502,2,3,57658,1
36606,6516,3365350.0,2007-09-08 01:36:00,2007 September 08,01:36:00,2007,September,Saturday,10:01 pm to 2:00 am,1.0,1,Night,Fall,3801,963,BAYVI,3C11E,22350,22350,Unsafe speed for prevailing conditions,AA,Vehicle(s) Only Involved,26503,2,42,57636,1
36607,52489,200190623.0,2020-03-15 15:53:00,2020 March 15,15:53:00,2020,March,Sunday,2:01 pm to 6:00 pm,15.0,1,Afternoon,Spring,3801,427,Bayview,901,23152(a),23152(a-g),Driving under influence of alcohol and/or drugs,AA,Vehicle(s) Only Involved,26504,2,2,56363,2
36608,48696,190911321.0,2019-12-03 16:44:00,2019 December 03,16:44:00,2019,December,Tuesday,2:01 pm to 6:00 pm,16.0,0,Afternoon,Winter,3801,2161,Mission,3d11d,24002(a),24002(a),Unlawful to operate unsafe vehicle or bicycle - safety hazard,BB,Vehicle-Pedestrian,26505,2,56,56666,1
36609,34929,2015874.0,2005-03-03 01:15:00,2005 March 03,01:15:00,2005,March,Thursday,10:01 pm to 2:00 am,1.0,0,Night,Spring,3801,000957,NORTH,3E61,23152(a),23152(a-g),Driving under influence of alcohol and/or drugs,AA,Vehicle(s) Only Involved,26506,2,3,57658,1
36610,50488,190953351.0,2019-12-19 19:15:00,2019 December 19,19:15:00,2019,December,Thursday,6:01 pm to 10:00 pm,19.0,0,Evening,Winter,3801,1702,Taraval,3I16D,21651(b),21651(b),Wrong way driving,AA,Vehicle(s) Only Involved,26507,2,12,57603,1
36611,29128,3064158.0,2007-03-03 01:31:00,2007 March 03,01:31:00,2007,March,Saturday,10:01 pm to 2:00 am,1.0,1,Night,Spring,3801,000443,NORTH,3E12E,23153(a),23153(a-g),Driving under influence causing injury,AA,Vehicle(s) Only Involved,9426,2,3,57659,1
36612,54183,200688634.0,2020-11-14 16:13:00,2020 November 14,16:13:00,2020,November,Saturday,2:01 pm to 6:00 pm,16.0,1,Afternoon,Fall,3801,2408,Mission,3D11D,22350,22350,Unsafe speed for prevailing conditions,FF,Bicycle Only,26508,2,1,57341,4
36613,25290,171017827.0,2017-12-17 02:36:00,2017 December 17,02:36:00,2017,December,Sunday,2:01 am to 6:00 am,2.0,1,Night,Winter,3801,2485,CENTRAL,5 CAR,21804(a),"21804(a,b)",Entering highway from alley or driveway,AA,Vehicle(s) Only Involved,26509,2,12,57659,8
36614,6645,160740940.0,2016-09-13 14:41:00,2016 September 13,14:41:00,2016,September,Tuesday,2:01 pm to 6:00 pm,14.0,0,Afternoon,Fall,3801,4241,MISSION,4,22107,22107,Unsafe turn or lane change prohibited,CC,Vehicle-Bicycle,8872,2,2,57621,2
36615,28486,2699969.0,2006-06-17 02:00:00,2006 June 17,02:00:00,2006,June,Saturday,10:01 pm to 2:00 am,2.0,1,Night,Summer,3801,1009,CENTR,3A12E,21453(a),"21453(a,c)",Red signal - driver or bicyclist responsibilities,AA,Vehicle(s) Only Involved,29467,2,3,57659,1
36616,5761,5425548.0,2011-11-04 16:45:00,2011 November 04,16:45:00,2011,November,Friday,2:01 pm to 6:00 pm,16.0,0,Afternoon,Fall,3801,704,3C16D,3C60,22450(a),22450(a),Failure to stop at STOP sign,AA,Vehicle(s) Only Involved,26510,2,1,57659,8
36617,58782,220469862.0,2022-07-15 01:56:00,2022 July 15,01:56:00,2022,July,Friday,10:01 pm to 2:00 am,1.0,0,Night,Summer,3801,2491,Southern,3B15E,22107,22107,Unsafe turn or lane change prohibited,AA,Vehicle(s) Only Involved,2614,2,12,57406,1
36618,2157,150174412.0,2015-02-25 17:45:00,2015 February 25,17:45:00,2015,February,Wednesday,2:01 pm to 6:00 pm,17.0,0,Evening,Winter,3801,4308,INGLESIDE,3H9,21460(a),"21460(a,b)",Improper turns over double lines or solid lines to right prohibited,AA,Vehicle(s) Only Involved,25635,2,3,57659,1
36619,42326,130330452.0,2013-04-22 23:01:00,2013 April 22,23:01:00,2013,April,Monday,10:01 pm to 2:00 am,23.0,0,Night,Spring,3801,4089,RICHMOND,G3,22350,22350,Unsafe speed for prevailing conditions,AA,Vehicle(s) Only Involved,26511,2,3,57607,2
36620,58865,220585543.0,2022-08-30 07:37:00,2022 August 30,07:37:00,2022,August,Tuesday,6:01 am to 10:00 am,7.0,0,Morning,Summer,3801,2476,Bayview,3C4A,21950(a),"21950(a,c)",Driver or bicyclist to yield right-of-way at crosswalks,BB,Vehicle-Pedestrian,26512,2,2,57649,1
36621,55830,210557740.0,2021-08-30 20:23:00,2021 August 30,20:23:00,2021,August,Monday,6:01 pm to 10:00 pm,20.0,0,Evening,Summer,3801,1520,Bayview,C2,21703,21703,Following too closely prohibited,AA,Vehicle(s) Only Involved,25359,2,12,57658,1
36622,57713,220209646.0,2022-03-31 08:08:00,2022 March 31,08:08:00,2022,March,Thursday,6:01 am to 10:00 am,8.0,0,Morning,Spring,3801,4285,Southern,3B00,22107,22107,Unsafe turn or lane change prohibited,AA,Vehicle(s) Only Involved,26513,1,1,57660,1
36623,54148,200678312.0,2020-11-09 21:10:00,2020 November 09,21:10:00,2020,November,Monday,6:01 pm to 10:00 pm,21.0,0,Night,Fall,3801,544,Tenderloin,3J14E,21453(d),21453(d),Red signal - pedestrian responsibilities,BB,Vehicle-Pedestrian,26514,2,3,57622,2
36624,53190,200393457.0,2020-07-01 10:13:00,2020 July 01,10:13:00,2020,July,Wednesday,10:01 am to 2:00 pm,10.0,0,Morning,Summer,3801,1689,Central,5,21453(a),"21453(a,c)",Red signal - driver or bicyclist responsibilities,AA,Vehicle(s) Only Involved,24676,2,1,57659,1
36625,3239,3726705.0,2008-04-22 14:34:00,2008 April 22,14:34:00,2008,April,Tuesday,2:01 pm to 6:00 pm,14.0,0,Afternoon,Spring,3801,000274,BAYVI,3C63,21452(b),21452(b),Failure of pedestrian to properly respond to signal of yellow light or arrow,AA,Vehicle(s) Only Involved,31743,11,1,57659,1
36626,56901,210820638.0,2021-12-12 05:30:00,2021 December 12,05:30:00,2021,December,Sunday,2:01 am to 6:00 am,5.0,1,Morning,Winter,3801,1823,Southern,4,21950(b),21950(b),Pedestrian suddenly entering into vehicle path close enough to create an immediate hazard,BB,Vehicle-Pedestrian,40867,7,13,57123,2
36627,53972,200631815.0,2020-10-19 21:20:00,2020 October 19,21:20:00,2020,October,Monday,6:01 pm to 10:00 pm,21.0,0,Night,Fall,3801,798,Northern,3E13E,21235(g),21235(a-j),Illegal operation of motorized scooter,AA,Vehicle(s) Only Involved,20412,2,3,57137,1
36628,55792,210539027.0,2021-08-23 08:48:00,2021 August 23,08:48:00,2021,August,Monday,6:01 am to 10:00 am,8.0,0,Morning,Summer,3801,283,Mission,D6,21453(a),"21453(a,c)",Red signal - driver or bicyclist responsibilities,CC,Vehicle-Bicycle,23572,2,1,57621,1
36629,57892,220245060.0,2022-04-14 18:38:00,2022 April 14,18:38:00,2022,April,Thursday,6:01 pm to 10:00 pm,18.0,0,Evening,Spring,3801,2056,Southern,B4,Unknown,Unknown,Unknown,II,Unknown/Not Stated,26516,4,4,38298,4
36630,21349,3726588.0,2008-04-20 12:08:00,2008 April 20,12:08:00,2008,April,Sunday,10:01 am to 2:00 pm,12.0,1,Afternoon,Spring,3801,000874,NORTH,4B3H,21453(a),"21453(a,c)",Red signal - driver or bicyclist responsibilities,AA,Vehicle(s) Only Involved,7191,2,1,57553,1
36631,87478,240792568.0,2024-12-26 23:31:00,2024 December 26,23:31:00,2024,December,Thursday,10:01 pm to 2:00 am,23.0,0,Night,Winter,3801,2237,Taraval,I,22350,22350,Unsafe speed for prevailing conditions,AA,Vehicle(s) Only Involved,26517,4,13,57607,1
36632,25109,3604643.0,2008-01-25 12:41:00,2008 January 25,12:41:00,2008,January,Friday,10:01 am to 2:00 pm,12.0,0,Afternoon,Winter,3801,2179,TTF,3J62,21950(a),"21950(a,c)",Driver or bicyclist to yield right-of-way at crosswalks,BB,Vehicle-Pedestrian,3202,4,16,57649,1
36633,6054,140699583.0,2014-08-20 16:40:00,2014 August 20,16:40:00,2014,August,Wednesday,2:01 pm to 6:00 pm,16.0,0,Afternoon,Summer,3801,4256,BAYVIEW,3C13D,22350,22350,Unsafe speed for prevailing conditions,AA,Vehicle(s) Only Involved,26518,1,2,57658,4
36634,85252,240085084.0,2024-02-08 12:45:00,2024 February 08,12:45:00,2024,February,Thursday,10:01 am to 2:00 pm,12.0,0,Afternoon,Winter,3801,1288,Northern,3E15A,21804(a),"21804(a,b)",Entering highway from alley or driveway,AA,Vehicle(s) Only Involved,26519,2,1,57660,3
36635,10505,2008185.0,2005-03-10 22:14:00,2005 March 10,22:14:00,2005,March,Thursday,10:01 pm to 2:00 am,22.0,0,Night,Spring,3801,1149,3D,4B5D,22350,22350,Unsafe speed for prevailing conditions,AA,Vehicle(s) Only Involved,26520,2,3,57584,1
36636,11185,3749206.0,2008-05-20 18:31:00,2008 May 20,18:31:00,2008,May,Tuesday,6:01 pm to 10:00 pm,18.0,0,Evening,Spring,3801,002122,D,4B6D,21755(a),21755(a),Unsafe passing on right shoulder,AA,Vehicle(s) Only Involved,3244,2,2,57659,4
36637,54984,210194148.0,2021-03-28 20:47:00,2021 March 28,20:47:00,2021,March,Sunday,6:01 pm to 10:00 pm,20.0,1,Evening,Spring,3801,2220,Northern,3E16E,21954(a),21954(a),Pedestrians must yield right-of-way outside of crosswalks,AA,Vehicle(s) Only Involved,25010,2,75,57585,8
36638,60092,220282573.0,2022-04-30 15:09:00,2022 April 30,15:09:00,2022,April,Saturday,2:01 pm to 6:00 pm,15.0,1,Afternoon,Spring,3801,1860,Taraval,3I11D,21703,21703,Following too closely prohibited,AA,Vehicle(s) Only Involved,26521,2,2,57658,8
36639,56177,210432766.0,2021-07-09 15:27:00,2021 July 09,15:27:00,2021,July,Friday,2:01 pm to 6:00 pm,15.0,0,Afternoon,Summer,3801,1574,Northern,3E12D,21453(a),"21453(a,c)",Red signal - driver or bicyclist responsibilities,AA,Vehicle(s) Only Involved,27103,2,1,57659,1
36640,13073,160849611.0,2016-10-18 15:09:00,2016 October 18,15:09:00,2016,October,Tuesday,2:01 pm to 6:00 pm,15.0,0,Afternoon,Fall,3801,2424,SOUTHERN,3B91,22350,22350,Unsafe speed for prevailing conditions,AA,Vehicle(s) Only Involved,9420,2,1,57658,1
36641,49382,190920598.0,2019-12-06 22:19:00,2019 December 06,22:19:00,2019,December,Friday,10:01 pm to 2:00 am,22.0,0,Night,Winter,3801,1355,Taraval,3I16E,22350,22350,Unsafe speed for prevailing conditions,AA,Vehicle(s) Only Involved,26522,4,13,57636,1
36642,52629,200206521.0,2020-03-24 21:10:00,2020 March 24,21:10:00,2020,March,Tuesday,6:01 pm to 10:00 pm,21.0,0,Night,Spring,3801,2398,Richmond,3G,21453(a),"21453(a,c)",Red signal - driver or bicyclist responsibilities,AA,Vehicle(s) Only Involved,2101,2,13,57659,3
36643,48129,190614155.0,2019-08-20 09:32:00,2019 August 20,09:32:00,2019,August,Tuesday,6:01 am to 10:00 am,9.0,0,Morning,Summer,3801,405,Ingleside,3H60,22107,22107,Unsafe turn or lane change prohibited,CC,Vehicle-Bicycle,26523,1,1,57650,1
36644,1893,180965435.0,2018-12-23 17:51:00,2018 December 23,17:51:00,2018,December,Sunday,2:01 pm to 6:00 pm,17.0,1,Evening,Winter,3801,1955,Ingleside,3H15D,21801(a),"21801(a,b)",Violation of right-of-way - left turn,CC,Vehicle-Bicycle,26524,4,13,57581,1
36645,8513,3730197.0,2008-03-09 07:00:00,2008 March 09,07:00:00,2008,March,Sunday,6:01 am to 10:00 am,7.0,1,Morning,Spring,3801,408,,,21950(a),"21950(a,c)",Driver or bicyclist to yield right-of-way at crosswalks,BB,Vehicle-Pedestrian,26525,2,27,57649,2
36646,4844,5778655.0,2012-07-17 17:29:00,2012 July 17,17:29:00,2012,July,Tuesday,2:01 pm to 6:00 pm,17.0,0,Evening,Summer,3801,241,COH,4B3H,22350,22350,Unsafe speed for prevailing conditions,AA,Vehicle(s) Only Involved,26526,2,1,57659,2
36647,29369,170200401.0,2017-03-11 04:50:00,2017 March 11,04:50:00,2017,March,Saturday,2:01 am to 6:00 am,4.0,1,Night,Spring,3801,1364,NORTHERN,901,23103(a),"23103(a,b)",Reckless driving,AA,Vehicle(s) Only Involved,35723,2,3,57026,2
36648,25351,160483601.0,2016-06-14 16:40:00,2016 June 14,16:40:00,2016,June,Tuesday,2:01 pm to 6:00 pm,16.0,0,Afternoon,Summer,3801,835,TENDERLOIN,1,21453(a),"21453(a,c)",Red signal - driver or bicyclist responsibilities,DD,Bicycle-Pedestrian,19237,2,1,35068,1
36649,53293,200443977.0,2020-07-24 19:10:00,2020 July 24,19:10:00,2020,July,Friday,6:01 pm to 10:00 pm,19.0,0,Evening,Summer,3801,1533,Bayview,3C11D,22106,22106,Unsafe starting or backing on highway,AA,Vehicle(s) Only Involved,26528,2,2,57608,1
36650,52399,200159964.0,2020-03-03 12:02:00,2020 March 03,12:02:00,2020,March,Tuesday,10:01 am to 2:00 pm,12.0,0,Afternoon,Spring,3801,4239,Park,3F13A,22107,22107,Unsafe turn or lane change prohibited,CC,Vehicle-Bicycle,26529,2,1,57621,2
36651,57729,220048933.0,2022-01-22 20:58:00,2022 January 22,20:58:00,2022,January,Saturday,6:01 pm to 10:00 pm,20.0,1,Evening,Winter,3801,2733,Southern,B5,22350,22350,Unsafe speed for prevailing conditions,BB,Vehicle-Pedestrian,26530,2,3,57649,2
36652,16480,2788098.0,2006-09-13 22:17:00,2006 September 13,22:17:00,2006,September,Wednesday,10:01 pm to 2:00 am,22.0,0,Night,Fall,3801,2014,COB,3B12E,21200(a),21200(a),Bicycle riding - general rights and responsibilities,CC,Vehicle-Bicycle,7543,2,3,57621,2
36653,59130,220574875.0,2022-08-25 20:20:00,2022 August 25,20:20:00,2022,August,Thursday,6:01 pm to 10:00 pm,20.0,0,Evening,Summer,3801,713,Central,3A14D,21950(a),"21950(a,c)",Driver or bicyclist to yield right-of-way at crosswalks,BB,Vehicle-Pedestrian,40606,2,12,57649,2
36654,5679,140479103.0,2014-06-09 09:34:00,2014 June 09,09:34:00,2014,June,Monday,6:01 am to 10:00 am,9.0,0,Morning,Summer,3801,1939,BAYVIEW,4K6C,22106,22106,Unsafe starting or backing on highway,AA,Vehicle(s) Only Involved,26531,8,2,57658,1
36655,18325,3767969.0,2008-06-04 22:30:00,2008 June 04,22:30:00,2008,June,Wednesday,10:01 pm to 2:00 am,22.0,0,Night,Summer,3801,1866,NORTH,4B71,21801(a),"21801(a,b)",Violation of right-of-way - left turn,CC,Vehicle-Bicycle,40407,2,3,57581,2
36656,5512,3709585.0,2008-02-25 14:15:00,2008 February 25,14:15:00,2008,February,Monday,2:01 pm to 6:00 pm,14.0,0,Afternoon,Winter,3801,002122,C,4B6D,21801(a),"21801(a,b)",Violation of right-of-way - left turn,AA,Vehicle(s) Only Involved,14957,2,1,57603,1
36657,56127,210557267.0,2021-08-30 17:15:00,2021 August 30,17:15:00,2021,August,Monday,2:01 pm to 6:00 pm,17.0,0,Evening,Summer,3801,1389,Bayview,3C12D,21804(a),"21804(a,b)",Entering highway from alley or driveway,AA,Vehicle(s) Only Involved,26532,2,1,57660,1
36658,86606,240595146.0,2024-09-21 20:30:00,2024 September 21,20:30:00,2024,September,Saturday,6:01 pm to 10:00 pm,20.0,1,Evening,Fall,3801,2342,Northern,3E14D,23152(a),23152(a-g),Driving under influence of alcohol and/or drugs,AA,Vehicle(s) Only Involved,26533,2,12,57619,10
36659,8469,5398333.0,2011-10-14 18:54:00,2011 October 14,18:54:00,2011,October,Friday,6:01 pm to 10:00 pm,18.0,0,Evening,Fall,3801,A07406,MISSI,3D14D,21801(a),"21801(a,b)",Violation of right-of-way - left turn,AA,Vehicle(s) Only Involved,2763,2,53,57659,3
36660,44410,150349132.0,2015-04-21 21:06:00,2015 April 21,21:06:00,2015,April,Tuesday,6:01 pm to 10:00 pm,21.0,0,Night,Spring,3801,466,RICHMOND,5,21802(a),"21802(a,b)",Violation of right-of-way - entering through highway,AA,Vehicle(s) Only Involved,8756,1,3,57659,1
36661,56783,210714809.0,2021-10-31 14:40:00,2021 October 31,14:40:00,2021,October,Sunday,2:01 pm to 6:00 pm,14.0,1,Afternoon,Fall,3801,798,Northern,3E91F,22350,22350,Unsafe speed for prevailing conditions,AA,Vehicle(s) Only Involved,26534,2,1,57658,4