collision_id,unique_id,case_id_pkey,collision_datetime,collision_date,collision_time,accident_year,month,day_of_week,time_cat,hour_of_day,is_weekend,time_of_day,season,juris,officer_id,reporting_district,beat_number,vz_pcf_code,vz_pcf_group,vz_pcf_description,dph_col_grp,dph_col_grp_description,location_id,weather_id,road_id,party_id,severity_id
37037,36973,180178070.0,2018-03-08 00:18:00,2018 March 08,00:18:00,2018,March,Thursday,10:01 pm to 2:00 am,0.0,0,Night,Spring,3801,,Taraval,5,22350,22350,Unsafe speed for prevailing conditions,AA,Vehicle(s) Only Involved,26770,4,13,57408,17
37038,18773,160848629.0,2016-10-18 09:22:00,2016 October 18,09:22:00,2016,October,Tuesday,6:01 am to 10:00 am,9.0,0,Morning,Fall,3801,2737,SOUTHERN,3B14A,22350,22350,Unsafe speed for prevailing conditions,FF,Bicycle Only,22252,2,1,57341,1
37039,2103,4457031.0,2009-10-27 17:00:00,2009 October 27,17:00:00,2009,October,Tuesday,2:01 pm to 6:00 pm,17.0,0,Evening,Fall,3801,1780,,3H16D,Unknown,Unknown,Unknown,BB,Vehicle-Pedestrian,9942,2,2,57525,1
37040,45159,130912129.0,2013-10-27 17:52:00,2013 October 27,17:52:00,2013,October,Sunday,2:01 pm to 6:00 pm,17.0,1,Evening,Fall,3801,797,,3G11D,21950(a),"21950(a,c)",Driver or bicyclist to yield right-of-way at crosswalks,BB,Vehicle-Pedestrian,26771,2,1,57649,1
37041,87464,240790534.0,2024-12-25 20:08:00,2024 December 25,20:08:00,2024,December,Wednesday,6:01 pm to 10:00 pm,20.0,0,Evening,Winter,3801,1857,Southern,3B15D,23152(a),23152(a-g),Driving under influence of alcohol and/or drugs,AA,Vehicle(s) Only Involved,26772,2,12,57607,2
37042,84953,240020717.0,2024-01-10 08:51:00,2024 January 10,08:51:00,2024,January,Wednesday,6:01 am to 10:00 am,8.0,0,Morning,Winter,3801,2384,Taraval,3I15A,21801(a),"21801(a,b)",Violation of right-of-way - left turn,AA,Vehicle(s) Only Involved,26773,1,16,57585,21
37043,12189,2629215.0,2006-02-19 00:27:00,2006 February 19,00:27:00,2006,February,Sunday,10:01 pm to 2:00 am,0.0,1,Night,Winter,3801,436,MISSI,3D12E,22350,22350,Unsafe speed for prevailing conditions,BB,Vehicle-Pedestrian,26774,4,13,57649,1
37044,44448,130577278.0,2013-07-13 20:08:00,2013 July 13,20:08:00,2013,July,Saturday,6:01 pm to 10:00 pm,20.0,1,Evening,Summer,3801,1541,RICHMOND,3G4,21703,21703,Following too closely prohibited,AA,Vehicle(s) Only Involved,4862,2,1,57658,11
37045,37842,130522728.0,2013-06-25 20:46:00,2013 June 25,20:46:00,2013,June,Tuesday,6:01 pm to 10:00 pm,20.0,0,Evening,Summer,3801,2294,TARAVAL,3H1D,21453(d),21453(d),Red signal - pedestrian responsibilities,BB,Vehicle-Pedestrian,28076,4,13,57622,4
37046,52322,200145690.0,2020-02-26 20:05:00,2020 February 26,20:05:00,2020,February,Wednesday,6:01 pm to 10:00 pm,20.0,0,Evening,Winter,3801,4040,Central,3A13D,22350,22350,Unsafe speed for prevailing conditions,FF,Bicycle Only,29697,2,48,57556,1
37047,58093,220382082.0,2022-06-11 07:45:00,2022 June 11,07:45:00,2022,June,Saturday,6:01 am to 10:00 am,7.0,1,Morning,Summer,3801,392,Mission,3D14A,21801(a),"21801(a,b)",Violation of right-of-way - left turn,CC,Vehicle-Bicycle,26776,2,1,57581,1
37048,56763,210712289.0,2021-10-30 13:00:00,2021 October 30,13:00:00,2021,October,Saturday,10:01 am to 2:00 pm,13.0,1,Afternoon,Fall,3801,1119,Southern,3B4,21235(g),21235(a-j),Illegal operation of motorized scooter,AA,Vehicle(s) Only Involved,26777,2,1,57490,1
37049,57705,220204254.0,2022-03-28 23:15:00,2022 March 28,23:15:00,2022,March,Monday,10:01 pm to 2:00 am,23.0,0,Night,Spring,3801,1871,Ingleside,901,21650,21650,Failure to keep to right side of road,AA,Vehicle(s) Only Involved,26778,2,29,56911,1
37050,15637,3709555.0,2008-02-08 22:10:00,2008 February 08,22:10:00,2008,February,Friday,10:01 pm to 2:00 am,22.0,0,Night,Winter,3801,001468,SOUTH,3B62,21658(a),"21658(a,b)",Lane straddling or failure to use specified lanes,AA,Vehicle(s) Only Involved,26779,2,3,57660,8
37051,55872,210576596.0,2021-09-07 10:54:00,2021 September 07,10:54:00,2021,September,Tuesday,10:01 am to 2:00 pm,10.0,0,Morning,Fall,3801,1982,Mission,3D13A,21453(a),"21453(a,c)",Red signal - driver or bicyclist responsibilities,AA,Vehicle(s) Only Involved,24010,2,1,57585,1
37052,54020,200644329.0,2020-10-25 15:20:00,2020 October 25,15:20:00,2020,October,Sunday,2:01 pm to 6:00 pm,15.0,1,Afternoon,Fall,3801,2726,Richmond,,21950(a),"21950(a,c)",Driver or bicyclist to yield right-of-way at crosswalks,BB,Vehicle-Pedestrian,26780,2,23,57649,1
37053,87099,240702034.0,2024-11-09 01:30:00,2024 November 09,01:30:00,2024,November,Saturday,10:01 pm to 2:00 am,1.0,1,Night,Fall,3801,2130,Richmond,3G15E,22350,22350,Unsafe speed for prevailing conditions,AA,Vehicle(s) Only Involved,26781,2,3,57607,8
37054,4667,141100769.0,2014-12-31 15:09:00,2014 December 31,15:09:00,2014,December,Wednesday,2:01 pm to 6:00 pm,15.0,0,Afternoon,Winter,3801,1948,INGLESIDE,3H13C,22350,22350,Unsafe speed for prevailing conditions,AA,Vehicle(s) Only Involved,26782,2,2,57659,8
37055,945,180400124.0,2018-05-29 17:24:00,2018 May 29,17:24:00,2018,May,Thursday,2:01 pm to 6:00 pm,17.0,0,Evening,Spring,3801,4124,Ingleside,3H16D,21954(a),21954(a),Pedestrians must yield right-of-way outside of crosswalks,BB,Vehicle-Pedestrian,26783,2,1,56815,1
37056,45014,130416080.0,2013-05-20 18:44:00,2013 May 20,18:44:00,2013,May,Monday,6:01 pm to 10:00 pm,18.0,0,Evening,Spring,3801,1208,RICHMOND,3G13D,21950(a),"21950(a,c)",Driver or bicyclist to yield right-of-way at crosswalks,BB,Vehicle-Pedestrian,26784,2,1,57649,1
37057,27046,2817999.0,2006-09-22 23:50:00,2006 September 22,23:50:00,2006,September,Friday,10:01 pm to 2:00 am,23.0,0,Night,Fall,3801,485,3A,03A,22350,22350,Unsafe speed for prevailing conditions,AA,Vehicle(s) Only Involved,26785,2,3,55413,1
37058,24703,170477092.0,2017-06-11 16:03:00,2017 June 11,16:03:00,2017,June,Sunday,2:01 pm to 6:00 pm,16.0,1,Afternoon,Summer,3801,1706,TENDERLOIN,3J11D,21955,21955,Crossing between controlled intersections (Jaywalking),BB,Vehicle-Pedestrian,33366,2,1,57622,1
37059,58431,220228129.0,2022-04-07 14:45:00,2022 April 07,14:45:00,2022,April,Thursday,2:01 pm to 6:00 pm,14.0,0,Afternoon,Spring,3801,724,Ingleside,3H13C,22102,22102,Illegal U-turn in business district,AA,Vehicle(s) Only Involved,26786,2,2,57659,1
37060,40115,3892880.0,2008-08-20 20:01:00,2008 August 20,20:01:00,2008,August,Wednesday,6:01 pm to 10:00 pm,20.0,0,Evening,Summer,3801,246,TARAV,4B6G,Unknown,Unknown,Unknown,AA,Vehicle(s) Only Involved,26787,2,3,57557,1
37061,53948,200625175.0,2020-10-16 18:47:00,2020 October 16,18:47:00,2020,October,Friday,6:01 pm to 10:00 pm,18.0,0,Evening,Fall,3801,499,Park,3F13D,22350,22350,Unsafe speed for prevailing conditions,CC,Vehicle-Bicycle,5836,2,33,57625,2
37062,56960,210764650.0,2021-11-19 19:39:00,2021 November 19,19:39:00,2021,November,Friday,6:01 pm to 10:00 pm,19.0,0,Evening,Fall,3801,1759,Bayview,3C12D,22350,22350,Unsafe speed for prevailing conditions,AA,Vehicle(s) Only Involved,26788,9,7,57660,1
37063,2820,180123661.0,2018-02-15 15:10:00,2018 February 15,15:10:00,2018,February,Thursday,2:01 pm to 6:00 pm,15.0,0,Afternoon,Winter,3801,2180,Bayview,3C13C,22350,22350,Unsafe speed for prevailing conditions,AA,Vehicle(s) Only Involved,26789,2,2,57658,1
37064,53994,200637976.0,2020-10-22 13:36:00,2020 October 22,13:36:00,2020,October,Thursday,10:01 am to 2:00 pm,13.0,0,Afternoon,Fall,3801,207,Central,3A15C,22350,22350,Unsafe speed for prevailing conditions,AA,Vehicle(s) Only Involved,26790,2,1,57658,1
37065,52459,200181371.0,2020-03-11 17:18:00,2020 March 11,17:18:00,2020,March,Wednesday,2:01 pm to 6:00 pm,17.0,0,Evening,Spring,3801,1438,Ingleside,1 Car,Unknown,Unknown,Unknown,BB,Vehicle-Pedestrian,26791,2,2,57570,1
37066,48559,190519511.0,2019-07-18 23:07:00,2019 July 18,23:07:00,2019,July,Thursday,10:01 pm to 2:00 am,23.0,0,Night,Summer,3801,1823,Southern,3B12E,21950(a),"21950(a,c)",Driver or bicyclist to yield right-of-way at crosswalks,CC,Vehicle-Bicycle,26792,2,12,57581,4
37067,85325,240163759.0,2024-03-13 19:37:00,2024 March 13,19:37:00,2024,March,Wednesday,6:01 pm to 10:00 pm,19.0,0,Evening,Spring,3801,798,Northern,3E12D,21950(a),"21950(a,c)",Driver or bicyclist to yield right-of-way at crosswalks,BB,Vehicle-Pedestrian,26793,2,12,57649,2
37068,26120,5730301.0,2012-05-25 16:30:00,2012 May 25,16:30:00,2012,May,Friday,2:01 pm to 6:00 pm,16.0,0,Afternoon,Spring,3801,966,COJ,3J41C,21955,21955,Crossing between controlled intersections (Jaywalking),BB,Vehicle-Pedestrian,26794,2,2,57622,1
37069,86665,240607224.0,2024-09-26 20:00:00,2024 September 26,20:00:00,2024,September,Thursday,6:01 pm to 10:00 pm,20.0,0,Evening,Fall,3801,986,Taraval,3I13D,21801(a),"21801(a,b)",Violation of right-of-way - left turn,BB,Vehicle-Pedestrian,38237,2,12,57649,1
37070,87575,240790346.0,2024-12-25 15:50:00,2024 December 25,15:50:00,2024,December,Wednesday,2:01 pm to 6:00 pm,15.0,0,Afternoon,Winter,3801,4320,Traffic,4B4E,22350,22350,Unsafe speed for prevailing conditions,AA,Vehicle(s) Only Involved,26796,1,2,57607,6
37071,35485,3719737.0,2008-01-27 01:34:00,2008 January 27,01:34:00,2008,January,Sunday,10:01 pm to 2:00 am,1.0,1,Night,Winter,3801,1131,,,21453(a),"21453(a,c)",Red signal - driver or bicyclist responsibilities,BB,Vehicle-Pedestrian,17698,7,13,57622,2
37072,55944,210614732.0,2021-09-22 11:30:00,2021 September 22,11:30:00,2021,September,Wednesday,10:01 am to 2:00 pm,11.0,0,Morning,Fall,3801,207,Central,3A46,22350,22350,Unsafe speed for prevailing conditions,AA,Vehicle(s) Only Involved,26797,2,1,57658,1
37073,57527,220133277.0,2022-02-27 17:50:00,2022 February 27,17:50:00,2022,February,Sunday,2:01 pm to 6:00 pm,17.0,1,Evening,Winter,3801,1707,Northern,3E13D,22100(a),"22100(a,b)",Turn at intersection from wrong position,AA,Vehicle(s) Only Involved,22120,2,1,57636,2
37074,35501,3732521.0,2008-03-08 15:00:00,2008 March 08,15:00:00,2008,March,Saturday,2:01 pm to 6:00 pm,15.0,1,Afternoon,Spring,3801,000779,NORTH,3E62,22350,22350,Unsafe speed for prevailing conditions,AA,Vehicle(s) Only Involved,26798,2,1,57658,12
37075,48723,190884853.0,2019-11-22 15:00:00,2019 November 22,15:00:00,2019,November,Friday,2:01 pm to 6:00 pm,15.0,0,Afternoon,Fall,3801,670,Ingleside,3H15C,21453(d),21453(d),Red signal - pedestrian responsibilities,BB,Vehicle-Pedestrian,20540,2,1,57622,1
37076,50506,190932850.0,2019-12-11 17:24:00,2019 December 11,17:24:00,2019,December,Wednesday,2:01 pm to 6:00 pm,17.0,0,Evening,Winter,3801,2716,Park,3F13D,21950(a),"21950(a,c)",Driver or bicyclist to yield right-of-way at crosswalks,BB,Vehicle-Pedestrian,23156,56,7,57649,4
37077,7746,180607524.0,2018-08-13 17:16:00,2018 August 13,17:16:00,2018,August,Monday,2:01 pm to 6:00 pm,17.0,0,Evening,Summer,3801,1436,Mission,3D14D,21651(b),21651(b),Wrong way driving,CC,Vehicle-Bicycle,26799,2,1,57633,3
37078,58413,220305197.0,2022-05-10 12:50:00,2022 May 10,12:50:00,2022,May,Tuesday,10:01 am to 2:00 pm,12.0,0,Afternoon,Spring,3801,2494,Mission,3D45C,21760(b),21760(b),Overtaking or passing bicycle unsafely,CC,Vehicle-Bicycle,26800,2,2,57614,2
37079,57049,210821426.0,2021-12-12 11:30:00,2021 December 12,11:30:00,2021,December,Sunday,10:01 am to 2:00 pm,11.0,1,Morning,Winter,3801,1226,Tenderloin,,22107,22107,Unsafe turn or lane change prohibited,BB,Vehicle-Pedestrian,26801,4,4,57649,4
37080,52338,200164383.0,2020-03-04 22:34:00,2020 March 04,22:34:00,2020,March,Wednesday,10:01 pm to 2:00 am,22.0,0,Night,Spring,3801,821,Southern,3B4,22350,22350,Unsafe speed for prevailing conditions,AA,Vehicle(s) Only Involved,26802,2,3,57653,2
37081,18728,140599234.0,2014-07-19 09:10:00,2014 July 19,09:10:00,2014,July,Saturday,6:01 am to 10:00 am,9.0,1,Morning,Summer,3801,1947,NORTHERN,3E11A,22350,22350,Unsafe speed for prevailing conditions,AA,Vehicle(s) Only Involved,26803,2,1,57658,8
37082,56500,210720323.0,2021-11-02 17:48:00,2021 November 02,17:48:00,2021,November,Tuesday,2:01 pm to 6:00 pm,17.0,0,Evening,Fall,3801,1226,Tenderloin,3J12D,21955,21955,Crossing between controlled intersections (Jaywalking),BB,Vehicle-Pedestrian,26804,2,1,57123,8
37083,58048,220343545.0,2022-05-25 23:03:00,2022 May 25,23:03:00,2022,May,Wednesday,10:01 pm to 2:00 am,23.0,0,Night,Spring,3801,2463,Southern,3B11E,21804(a),"21804(a,b)",Entering highway from alley or driveway,AA,Vehicle(s) Only Involved,26805,2,12,57659,2
37084,55345,210216366.0,2021-04-07 22:15:00,2021 April 07,22:15:00,2021,April,Wednesday,10:01 pm to 2:00 am,22.0,0,Night,Spring,3801,4222,Ingleside,3H11E,21651(a),21651(a),Crossing dividing section on freeway prohibited,AA,Vehicle(s) Only Involved,26806,2,12,57603,11
37085,50741,190882932.0,2019-11-21 20:31:00,2019 November 21,20:31:00,2019,November,Thursday,6:01 pm to 10:00 pm,20.0,0,Evening,Fall,3801,283,Mission,3D14D,22350,22350,Unsafe speed for prevailing conditions,AA,Vehicle(s) Only Involved,26807,2,12,57658,1
37086,58319,220242367.0,2022-04-13 15:10:00,2022 April 13,15:10:00,2022,April,Wednesday,2:01 pm to 6:00 pm,15.0,0,Afternoon,Spring,3801,334,Bayview,C2,22350,22350,Unsafe speed for prevailing conditions,AA,Vehicle(s) Only Involved,1689,2,1,57658,1
37087,15256,1995766.0,2005-02-09 00:37:00,2005 February 09,00:37:00,2005,February,Wednesday,10:01 pm to 2:00 am,0.0,0,Night,Winter,3801,343,B,3B150,21453(a),"21453(a,c)",Red signal - driver or bicyclist responsibilities,AA,Vehicle(s) Only Involved,12991,2,3,57659,1
37088,52023,190972577.0,2019-12-27 19:00:00,2019 December 27,19:00:00,2019,December,Friday,6:01 pm to 10:00 pm,19.0,0,Evening,Winter,3801,2078,Mission,3D11D,21453(a),"21453(a,c)",Red signal - driver or bicyclist responsibilities,CC,Vehicle-Bicycle,38876,2,3,57625,2
37089,44660,160675541.0,2016-08-21 10:30:00,2016 August 21,10:30:00,2016,August,Sunday,10:01 am to 2:00 pm,10.0,1,Morning,Summer,3801,1054,RICHMOND,3,21804(a),"21804(a,b)",Entering highway from alley or driveway,AA,Vehicle(s) Only Involved,16387,2,1,57659,1
37090,49863,190939492.0,2019-12-14 09:02:00,2019 December 14,09:02:00,2019,December,Saturday,6:01 am to 10:00 am,9.0,1,Morning,Winter,3801,351,Southern,3B6A,22350,22350,Unsafe speed for prevailing conditions,AA,Vehicle(s) Only Involved,26809,2,16,56835,1
37091,53798,200502802.0,2020-08-21 07:27:00,2020 August 21,07:27:00,2020,August,Friday,6:01 am to 10:00 am,7.0,0,Morning,Summer,3801,1832,Tenderloin,3J13A,21663,21663,Operating vehicle or bicycle on sidewalk prohibited,BB,Vehicle-Pedestrian,26810,2,2,57649,1
37092,26174,140823823.0,2014-09-30 10:48:00,2014 September 30,10:48:00,2014,September,Tuesday,10:01 am to 2:00 pm,10.0,0,Morning,Fall,3801,723,CENTRAL,3A14A,22515,"22515(a,b)",Leaving vehicle unattended without setting the breaks or stopping the motor,AA,Vehicle(s) Only Involved,26811,2,1,51618,1
37093,24416,140027332.0,2014-01-10 11:22:00,2014 January 10,11:22:00,2014,January,Friday,10:01 am to 2:00 pm,11.0,0,Morning,Winter,3801,1887,,4K1C,21950(a),"21950(a,c)",Driver or bicyclist to yield right-of-way at crosswalks,BB,Vehicle-Pedestrian,26812,2,1,57649,2
37094,53507,200484567.0,2020-08-12 19:12:00,2020 August 12,19:12:00,2020,August,Wednesday,6:01 pm to 10:00 pm,19.0,0,Evening,Summer,3801,539,Mission,,21954(a),21954(a),Pedestrians must yield right-of-way outside of crosswalks,BB,Vehicle-Pedestrian,26813,2,2,57123,2
37095,53715,200424030.0,2020-07-15 16:36:00,2020 July 15,16:36:00,2020,July,Wednesday,2:01 pm to 6:00 pm,16.0,0,Afternoon,Summer,3801,a09968,Park,3F13D,22517,22517,Opening door on traffic side when unsafe,CC,Vehicle-Bicycle,26814,2,2,57614,1
37096,15929,3235079.0,2007-06-07 01:26:00,2007 June 07,01:26:00,2007,June,Thursday,10:01 pm to 2:00 am,1.0,0,Night,Summer,3801,173,WB/SO,3B4E,22350,22350,Unsafe speed for prevailing conditions,AA,Vehicle(s) Only Involved,26815,2,3,57658,1
37097,773,3724645.0,2008-03-23 20:36:00,2008 March 23,20:36:00,2008,March,Sunday,6:01 pm to 10:00 pm,20.0,1,Evening,Spring,3801,1584,,4B5F,21657,21657,Going against one-way traffic patterns,AA,Vehicle(s) Only Involved,26816,2,12,57603,1
37098,27219,3037438.0,2007-02-05 23:43:00,2007 February 05,23:43:00,2007,February,Monday,10:01 pm to 2:00 am,23.0,0,Night,Winter,3801,004221,B1,3801,22350,22350,Unsafe speed for prevailing conditions,AA,Vehicle(s) Only Involved,26817,2,3,57583,1
37099,58966,220439376.0,2022-07-04 21:26:00,2022 July 04,21:26:00,2022,July,Monday,6:01 pm to 10:00 pm,21.0,0,Night,Summer,3801,2741,Mission,901,22350,22350,Unsafe speed for prevailing conditions,BB,Vehicle-Pedestrian,26818,2,196,57649,1
37100,54193,200690877.0,2020-11-15 19:45:00,2020 November 15,19:45:00,2020,November,Sunday,6:01 pm to 10:00 pm,19.0,1,Evening,Fall,3801,1602,Northern,3E13D,21950(a),"21950(a,c)",Driver or bicyclist to yield right-of-way at crosswalks,BB,Vehicle-Pedestrian,38402,2,3,57649,1
37101,44747,161006385.0,2016-12-11 21:13:00,2016 December 11,21:13:00,2016,December,Sunday,6:01 pm to 10:00 pm,21.0,1,Night,Winter,3801,256,RICHMOND,4B8I,21650,21650,Failure to keep to right side of road,AA,Vehicle(s) Only Involved,26819,8,12,57496,4
37102,38045,150146035.0,2015-02-17 08:40:00,2015 February 17,08:40:00,2015,February,Tuesday,6:01 am to 10:00 am,8.0,0,Morning,Winter,3801,1900,TARAVAL,3I13A,22350,22350,Unsafe speed for prevailing conditions,AA,Vehicle(s) Only Involved,26820,2,2,57659,2
37103,25675,130761722.0,2013-09-11 11:15:00,2013 September 11,11:15:00,2013,September,Wednesday,10:01 am to 2:00 pm,11.0,0,Morning,Fall,3801,1794,SOUTHERN,3B60,22350,22350,Unsafe speed for prevailing conditions,DD,Bicycle-Pedestrian,26821,1,2,57463,2
37104,86583,240585636.0,2024-09-17 17:09:00,2024 September 17,17:09:00,2024,September,Tuesday,2:01 pm to 6:00 pm,17.0,0,Evening,Fall,3801,#2228,Central,3A3D,21453(a),"21453(a,c)",Red signal - driver or bicyclist responsibilities,AA,Vehicle(s) Only Involved,26822,1,1,57564,1
37105,57062,210688840.0,2021-10-20 18:54:00,2021 October 20,18:54:00,2021,October,Wednesday,6:01 pm to 10:00 pm,18.0,0,Evening,Fall,3801,4041,Taraval,3I13D,22350,22350,Unsafe speed for prevailing conditions,AA,Vehicle(s) Only Involved,26823,4,7,57584,1
37106,86122,240452530.0,2024-07-20 01:31:00,2024 July 20,01:31:00,2024,July,Saturday,10:01 pm to 2:00 am,1.0,1,Night,Summer,3801,1622,Northern,3E11E,22350,22350,Unsafe speed for prevailing conditions,AA,Vehicle(s) Only Involved,26824,2,3,57658,1
37107,29132,3719162.0,2008-01-22 13:18:00,2008 January 22,13:18:00,2008,January,Tuesday,10:01 am to 2:00 pm,13.0,0,Afternoon,Winter,3801,1580,NORTH,4B2F,21453(a),"21453(a,c)",Red signal - driver or bicyclist responsibilities,AA,Vehicle(s) Only Involved,9426,2,16,57585,1
37108,22462,3740065.0,2008-03-26 08:47:00,2008 March 26,08:47:00,2008,March,Wednesday,6:01 am to 10:00 am,8.0,0,Morning,Spring,3801,000514,COK,4B4D,Unknown,Unknown,Unknown,AA,Vehicle(s) Only Involved,26825,2,1,57631,12
37109,57966,220313708.0,2022-05-13 20:20:00,2022 May 13,20:20:00,2022,May,Friday,6:01 pm to 10:00 pm,20.0,0,Evening,Spring,3801,1052,Richmond,3G15D,21801(a),"21801(a,b)",Violation of right-of-way - left turn,AA,Vehicle(s) Only Involved,26826,2,12,57659,8
37110,86592,240587030.0,2024-09-17 10:40:00,2024 September 17,10:40:00,2024,September,Tuesday,10:01 am to 2:00 pm,10.0,0,Morning,Fall,3801,156,Bayview,3C60,21950(a),"21950(a,c)",Driver or bicyclist to yield right-of-way at crosswalks,BB,Vehicle-Pedestrian,26827,2,1,57649,2
37111,54208,200694324.0,2020-11-17 09:15:00,2020 November 17,09:15:00,2020,November,Tuesday,6:01 am to 10:00 am,9.0,0,Morning,Fall,3801,1003,Ingleside,5 car,21453(a),"21453(a,c)",Red signal - driver or bicyclist responsibilities,AA,Vehicle(s) Only Involved,36339,2,23,57659,8
37112,54611,210178772.0,2021-03-22 00:20:00,2021 March 22,00:20:00,2021,March,Monday,10:01 pm to 2:00 am,0.0,0,Night,Spring,3801,1878,Ingleside,H5,22350,22350,Unsafe speed for prevailing conditions,AA,Vehicle(s) Only Involved,25775,2,3,57658,1
37113,57348,220025107.0,2022-01-12 12:00:00,2022 January 12,12:00:00,2022,January,Wednesday,10:01 am to 2:00 pm,12.0,0,Afternoon,Winter,3801,2025,Ingleside,3H16C,21950(a),"21950(a,c)",Driver or bicyclist to yield right-of-way at crosswalks,BB,Vehicle-Pedestrian,3746,2,2,57649,4
37114,58508,220427876.0,2022-06-29 17:40:00,2022 June 29,17:40:00,2022,June,Wednesday,2:01 pm to 6:00 pm,17.0,0,Evening,Summer,3801,17711740,Tenderloin,3J14D,22107,22107,Unsafe turn or lane change prohibited,AA,Vehicle(s) Only Involved,26828,2,1,57235,1
37115,45451,160821089.0,2016-10-08 20:45:00,2016 October 08,20:45:00,2016,October,Saturday,6:01 pm to 10:00 pm,20.0,1,Evening,Fall,3801,002355,SOUTHERN,B6,23152,23152,Under the influence of alcohol or drug,AA,Vehicle(s) Only Involved,40965,8,3,57576,2
37116,55920,210602878.0,2021-09-17 14:32:00,2021 September 17,14:32:00,2021,September,Friday,2:01 pm to 6:00 pm,14.0,0,Afternoon,Fall,3801,2448,Northern,3E91,21950(a),"21950(a,c)",Driver or bicyclist to yield right-of-way at crosswalks,BB,Vehicle-Pedestrian,26830,2,1,57649,2
37117,31837,2063086.0,2005-05-20 01:27:00,2005 May 20,01:27:00,2005,May,Friday,10:01 pm to 2:00 am,1.0,0,Night,Spring,3801,000578,NORTH,3E13E,23153(a),23153(a-g),Driving under influence causing injury,AA,Vehicle(s) Only Involved,15442,2,3,57659,3
37118,81802,230235352.0,2023-04-05 08:04:00,2023 April 05,08:04:00,2023,April,Wednesday,6:01 am to 10:00 am,8.0,0,Morning,Spring,3801,306,Tenderloin,3J15A,21804(a),"21804(a,b)",Entering highway from alley or driveway,BB,Vehicle-Pedestrian,26831,2,23,57454,1
37119,26042,3037406.0,2007-02-05 22:14:00,2007 February 05,22:14:00,2007,February,Monday,10:01 pm to 2:00 am,22.0,0,Night,Winter,3801,1366,COA,3A11E,21453(a),"21453(a,c)",Red signal - driver or bicyclist responsibilities,AA,Vehicle(s) Only Involved,32980,2,3,57660,1
37120,53940,200622303.0,2020-10-15 13:50:00,2020 October 15,13:50:00,2020,October,Thursday,10:01 am to 2:00 pm,13.0,0,Afternoon,Fall,3801,244,Northern,3E15A,21950(a),"21950(a,c)",Driver or bicyclist to yield right-of-way at crosswalks,BB,Vehicle-Pedestrian,26832,2,1,57649,1
37121,34553,3625537.0,2008-01-16 09:35:00,2008 January 16,09:35:00,2008,January,Wednesday,6:01 am to 10:00 am,9.0,0,Morning,Winter,3801,1357,COA,,22350,22350,Unsafe speed for prevailing conditions,AA,Vehicle(s) Only Involved,26833,2,44,55035,2
37122,59065,220532384.0,2022-08-09 18:30:00,2022 August 09,18:30:00,2022,August,Tuesday,6:01 pm to 10:00 pm,18.0,0,Evening,Summer,3801,1100,Tenderloin,3J5D,22350,22350,Unsafe speed for prevailing conditions,FF,Bicycle Only,26834,2,40,57341,2
37123,57607,220086961.0,2022-02-08 06:34:00,2022 February 08,06:34:00,2022,February,Tuesday,6:01 am to 10:00 am,6.0,0,Morning,Winter,3801,892,Southern,B3,21955,21955,Crossing between controlled intersections (Jaywalking),BB,Vehicle-Pedestrian,26835,2,33,57622,4
37124,32705,3497558.0,2007-11-24 23:36:00,2007 November 24,23:36:00,2007,November,Saturday,10:01 pm to 2:00 am,23.0,1,Night,Fall,3801,1151,NORTH,3E60,21801(a),"21801(a,b)",Violation of right-of-way - left turn,AA,Vehicle(s) Only Involved,4716,2,3,57659,2
37125,57318,220044088.0,2022-01-20 17:24:00,2022 January 20,17:24:00,2022,January,Thursday,2:01 pm to 6:00 pm,17.0,0,Evening,Winter,3801,2407,Mission,3D13D,22100(a),"22100(a,b)",Turn at intersection from wrong position,AA,Vehicle(s) Only Involved,26836,3,3,57659,1
37126,53993,200637879.0,2020-10-22 13:12:00,2020 October 22,13:12:00,2020,October,Thursday,10:01 am to 2:00 pm,13.0,0,Afternoon,Fall,3801,2742,Mission,D1,22350,22350,Unsafe speed for prevailing conditions,AA,Vehicle(s) Only Involved,26837,2,1,57607,8
37127,50490,190944532.0,2019-12-16 14:30:00,2019 December 16,14:30:00,2019,December,Monday,2:01 pm to 6:00 pm,14.0,0,Afternoon,Winter,3801,1875,Southern,3B13A,21950(a),"21950(a,c)",Driver or bicyclist to yield right-of-way at crosswalks,BB,Vehicle-Pedestrian,24425,2,1,57649,2
37128,57759,220101848.0,2022-02-14 10:33:00,2022 February 14,10:33:00,2022,February,Monday,10:01 am to 2:00 pm,10.0,0,Morning,Winter,3801,1340,Richmond,3G12A,22350,22350,Unsafe speed for prevailing conditions,DD,Bicycle-Pedestrian,26838,1,2,57070,2
37129,32011,3604667.0,2008-01-26 22:59:00,2008 January 26,22:59:00,2008,January,Saturday,10:01 pm to 2:00 am,22.0,1,Night,Winter,3801,1732,NORTH,3E4E,21950(a),"21950(a,c)",Driver or bicyclist to yield right-of-way at crosswalks,BB,Vehicle-Pedestrian,23588,4,13,57525,1
37130,56181,210433560.0,2021-07-09 20:47:00,2021 July 09,20:47:00,2021,July,Friday,6:01 pm to 10:00 pm,20.0,0,Evening,Summer,3801,2056,Southern,3B12D,Unknown,Unknown,Unknown,AA,Vehicle(s) Only Involved,26839,2,1,57585,8