collision_id,unique_id,case_id_pkey,collision_datetime,collision_date,collision_time,accident_year,month,day_of_week,time_cat,hour_of_day,is_weekend,time_of_day,season,juris,officer_id,reporting_district,beat_number,vz_pcf_code,vz_pcf_group,vz_pcf_description,dph_col_grp,dph_col_grp_description,location_id,weather_id,road_id,party_id,severity_id
37698,50787,190764788.0,2019-10-10 20:25:00,2019 October 10,20:25:00,2019,October,Thursday,6:01 pm to 10:00 pm,20.0,0,Evening,Fall,3801,671,Central,3A13D,22350,22350,Unsafe speed for prevailing conditions,AA,Vehicle(s) Only Involved,27205,2,107,57508,2
37699,58809,220513964.0,2022-08-02 17:53:00,2022 August 02,17:53:00,2022,August,Tuesday,2:01 pm to 6:00 pm,17.0,0,Evening,Summer,3801,569,Park,3F100,21703,21703,Following too closely prohibited,AA,Vehicle(s) Only Involved,27206,2,1,57658,1
37700,14427,2917388.0,2006-11-24 01:22:00,2006 November 24,01:22:00,2006,November,Friday,10:01 pm to 2:00 am,1.0,0,Night,Fall,3801,1458,,3B11E,22107,22107,Unsafe turn or lane change prohibited,AA,Vehicle(s) Only Involved,11517,2,3,56911,1
37701,57950,220267218.0,2022-04-24 08:18:00,2022 April 24,08:18:00,2022,April,Sunday,6:01 am to 10:00 am,8.0,1,Morning,Spring,3801,891,Park,3F4A,22350,22350,Unsafe speed for prevailing conditions,AA,Vehicle(s) Only Involved,27207,2,1,57659,8
37702,39858,3728666.0,2008-04-28 07:50:00,2008 April 28,07:50:00,2008,April,Monday,6:01 am to 10:00 am,7.0,0,Morning,Spring,3801,1629,TARAV,3I62,21802(a),"21802(a,b)",Violation of right-of-way - entering through highway,AA,Vehicle(s) Only Involved,40832,1,1,57659,1
37703,53748,200256205.0,2020-04-12 15:42:00,2020 April 12,15:42:00,2020,April,Sunday,2:01 pm to 6:00 pm,15.0,1,Afternoon,Spring,3801,WATTS,Ingleside,3H13D,22107,22107,Unsafe turn or lane change prohibited,CC,Vehicle-Bicycle,27208,2,2,57468,2
37704,36889,5762805.0,2012-07-08 19:18:00,2012 July 08,19:18:00,2012,July,Sunday,6:01 pm to 10:00 pm,19.0,1,Evening,Summer,3801,2434,TARAV,3I16B,23103(a),"23103(a,b)",Reckless driving,AA,Vehicle(s) Only Involved,27209,2,2,57496,4
37705,59038,220509305.0,2022-07-31 19:44:00,2022 July 31,19:44:00,2022,July,Sunday,6:01 pm to 10:00 pm,19.0,1,Evening,Summer,3801,4178,Northern,4B3A,21453(a),"21453(a,c)",Red signal - driver or bicyclist responsibilities,CC,Vehicle-Bicycle,27210,2,33,57621,4
37706,57782,220054043.0,2022-01-25 06:37:00,2022 January 25,06:37:00,2022,January,Tuesday,6:01 am to 10:00 am,6.0,0,Morning,Winter,3801,101,Ingleside,3H15A,21804(a),"21804(a,b)",Entering highway from alley or driveway,AA,Vehicle(s) Only Involved,20496,2,3,57659,1
37707,31443,3603503.0,2008-01-09 13:22:00,2008 January 09,13:22:00,2008,January,Wednesday,10:01 am to 2:00 pm,13.0,0,Afternoon,Winter,3801,1597,RICHM,3G62,21453(a),"21453(a,c)",Red signal - driver or bicyclist responsibilities,AA,Vehicle(s) Only Involved,17758,2,1,57659,1
37708,55526,210279756.0,2021-05-07 13:03:00,2021 May 07,13:03:00,2021,May,Friday,10:01 am to 2:00 pm,13.0,0,Afternoon,Spring,3801,2357,Northern,3E15A,22107,22107,Unsafe turn or lane change prohibited,AA,Vehicle(s) Only Involved,27211,2,1,57660,1
37709,58343,220289739.0,2022-05-02 18:45:00,2022 May 02,18:45:00,2022,May,Monday,6:01 pm to 10:00 pm,18.0,0,Evening,Spring,3801,1389,Bayview,3C13D,22350,22350,Unsafe speed for prevailing conditions,FF,Bicycle Only,27212,2,261,57556,4
37710,8916,3717058.0,2008-02-26 18:40:00,2008 February 26,18:40:00,2008,February,Tuesday,6:01 pm to 10:00 pm,18.0,0,Evening,Winter,3801,1377,3D,03D,21950(a),"21950(a,c)",Driver or bicyclist to yield right-of-way at crosswalks,BB,Vehicle-Pedestrian,27213,2,3,57649,2
37711,4191,130527966.0,2013-06-27 15:50:00,2013 June 27,15:50:00,2013,June,Thursday,2:01 pm to 6:00 pm,15.0,0,Afternoon,Summer,3801,1459,CO H,3H16C,21956(a),21956(a),Pedestrian on roadway prohibited,BB,Vehicle-Pedestrian,27214,2,2,57566,2
37712,57891,220244943.0,2022-04-14 17:39:00,2022 April 14,17:39:00,2022,April,Thursday,2:01 pm to 6:00 pm,17.0,0,Evening,Spring,3801,2469,Bayview,3C105,21801(a),"21801(a,b)",Violation of right-of-way - left turn,AA,Vehicle(s) Only Involved,27215,4,4,57659,8
37713,28812,2238610.0,2005-06-20 23:10:00,2005 June 20,23:10:00,2005,June,Monday,10:01 pm to 2:00 am,23.0,0,Night,Summer,3801,144,COE,4B8B,21453(a),"21453(a,c)",Red signal - driver or bicyclist responsibilities,BB,Vehicle-Pedestrian,27216,2,3,57649,2
37714,53324,200458716.0,2020-07-31 13:52:00,2020 July 31,13:52:00,2020,July,Friday,10:01 am to 2:00 pm,13.0,0,Afternoon,Summer,3801,271,Ingleside,3H,21658(a),"21658(a,b)",Lane straddling or failure to use specified lanes,AA,Vehicle(s) Only Involved,27217,2,47,57658,1
37715,38109,141061092.0,2014-12-17 22:17:00,2014 December 17,22:17:00,2014,December,Wednesday,10:01 pm to 2:00 am,22.0,0,Night,Winter,3801,1295,TARAVAL,315E,21950(a),"21950(a,c)",Driver or bicyclist to yield right-of-way at crosswalks,BB,Vehicle-Pedestrian,10152,4,13,57649,1
37716,24642,5778650.0,2012-06-19 16:00:00,2012 June 19,16:00:00,2012,June,Tuesday,2:01 pm to 6:00 pm,16.0,0,Afternoon,Summer,3801,824,MUNI,,Unknown,Unknown,Unknown,CC,Vehicle-Bicycle,27218,2,1,57650,1
37717,59120,220564434.0,2022-08-22 08:37:00,2022 August 22,08:37:00,2022,August,Monday,6:01 am to 10:00 am,8.0,0,Morning,Summer,3801,1527,Northern,3E,22107,22107,Unsafe turn or lane change prohibited,CC,Vehicle-Bicycle,27219,2,1,57581,1
37718,29606,140360922.0,2014-05-01 14:59:00,2014 May 01,14:59:00,2014,May,Thursday,2:01 pm to 6:00 pm,14.0,0,Afternoon,Spring,3801,1420,NORTHERN,4K3A,21801(a),"21801(a,b)",Violation of right-of-way - left turn,AA,Vehicle(s) Only Involved,27220,2,1,57636,1
37719,86494,240562521.0,2024-09-06 20:29:00,2024 September 06,20:29:00,2024,September,Friday,6:01 pm to 10:00 pm,20.0,0,Evening,Fall,3801,582,Central,3A11D,21950(a),"21950(a,c)",Driver or bicyclist to yield right-of-way at crosswalks,BB,Vehicle-Pedestrian,27221,2,3,57532,2
37720,31335,2963970.0,2006-12-16 22:48:00,2006 December 16,22:48:00,2006,December,Saturday,10:01 pm to 2:00 am,22.0,1,Night,Winter,3801,1149,COG,4B7D,22100(b),"22100(a,b)",Turn at intersection from wrong position,AA,Vehicle(s) Only Involved,32449,2,3,57660,4
37721,25478,160323386.0,2016-04-20 08:00:00,2016 April 20,08:00:00,2016,April,Wednesday,6:01 am to 10:00 am,8.0,0,Morning,Spring,3801,1172,CO B,CO B,21954(a),21954(a),Pedestrians must yield right-of-way outside of crosswalks,BB,Vehicle-Pedestrian,6320,2,1,57622,1
37722,30451,3748454.0,2008-05-11 06:39:00,2008 May 11,06:39:00,2008,May,Sunday,6:01 am to 10:00 am,6.0,1,Morning,Spring,3801,000714,NORTH,4B3E,21453(a),"21453(a,c)",Red signal - driver or bicyclist responsibilities,AA,Vehicle(s) Only Involved,5624,1,1,57659,17
37723,37004,3621732.0,2008-01-17 05:45:00,2008 January 17,05:45:00,2008,January,Thursday,2:01 am to 6:00 am,5.0,0,Morning,Winter,3801,111,,4B1G,22350,22350,Unsafe speed for prevailing conditions,AA,Vehicle(s) Only Involved,27222,2,3,57658,8
37724,24674,150804142.0,2015-09-13 11:44:00,2015 September 13,11:44:00,2015,September,Sunday,10:01 am to 2:00 pm,11.0,1,Morning,Fall,3801,1316,TENDERLOIN,3J52C,21456(b),"21456(a,b)",Pedestrian violation of walk or wait signals,DD,Bicycle-Pedestrian,27223,2,1,56208,8
37725,37465,151122957.0,2015-12-30 12:51:00,2015 December 30,12:51:00,2015,December,Wednesday,10:01 am to 2:00 pm,12.0,0,Afternoon,Winter,3801,1917,TARAVAL,3116A,21650,21650,Failure to keep to right side of road,CC,Vehicle-Bicycle,27224,2,2,57616,1
37726,27488,2395831.0,2005-11-08 23:35:00,2005 November 08,23:35:00,2005,November,Tuesday,10:01 pm to 2:00 am,23.0,0,Night,Fall,3801,503,,2CAR,Unknown,Unknown,Unknown,FF,Bicycle Only,27225,2,29,56662,1
37727,58025,220334124.0,2022-05-22 05:08:00,2022 May 22,05:08:00,2022,May,Sunday,2:01 am to 6:00 am,5.0,1,Morning,Spring,3801,1144,Richmond,3G12E,23152(a),23152(a-g),Driving under influence of alcohol and/or drugs,AA,Vehicle(s) Only Involved,27226,2,12,57584,1
37728,85306,240192162.0,2024-03-26 13:00:00,2024 March 26,13:00:00,2024,March,Tuesday,10:01 am to 2:00 pm,13.0,0,Afternoon,Spring,3801,2348,Ingleside,3H14A,22107,22107,Unsafe turn or lane change prohibited,AA,Vehicle(s) Only Involved,27227,2,2,57659,1
37729,57649,220113592.0,2022-02-19 03:14:00,2022 February 19,03:14:00,2022,February,Saturday,2:01 am to 6:00 am,3.0,1,Night,Winter,3801,740,Mission,D3,21801(a),"21801(a,b)",Violation of right-of-way - left turn,AA,Vehicle(s) Only Involved,3831,2,3,57603,8
37730,49867,190944350.0,2019-12-16 13:43:00,2019 December 16,13:43:00,2019,December,Monday,10:01 am to 2:00 pm,13.0,0,Afternoon,Winter,3801,625,Tenderloin,3J55C,21235(g),21235(a-j),Illegal operation of motorized scooter,BB,Vehicle-Pedestrian,27228,2,8,57572,4
37731,45341,160721326.0,2016-09-05 18:18:00,2016 September 05,18:18:00,2016,September,Monday,6:01 pm to 10:00 pm,18.0,0,Evening,Fall,3801,696,TARAVAL,3I15B,21456(b),"21456(a,b)",Pedestrian violation of walk or wait signals,BB,Vehicle-Pedestrian,27229,2,1,57622,1
37732,5887,151059510.0,2015-12-07 15:18:00,2015 December 07,15:18:00,2015,December,Monday,2:01 pm to 6:00 pm,15.0,0,Afternoon,Winter,3801,4264,BAYVIEW,3C15D,22106,22106,Unsafe starting or backing on highway,AA,Vehicle(s) Only Involved,32519,2,33,57659,8
37733,29537,170013016.0,2017-01-05 17:04:00,2017 January 05,17:04:00,2017,January,Thursday,2:01 pm to 6:00 pm,17.0,0,Evening,Winter,3801,477,NORTHERN S,3E15C,21954(a),21954(a),Pedestrians must yield right-of-way outside of crosswalks,BB,Vehicle-Pedestrian,27230,1,15,57590,2
37734,6151,4395875.0,2009-09-08 11:22:00,2009 September 08,11:22:00,2009,September,Tuesday,10:01 am to 2:00 pm,11.0,0,Morning,Fall,3801,1751,C,4B1B,Unknown,Unknown,Unknown,AA,Vehicle(s) Only Involved,27231,2,2,56568,1
37735,24968,3717065.0,2008-02-02 21:53:00,2008 February 02,21:53:00,2008,February,Saturday,6:01 pm to 10:00 pm,21.0,1,Night,Winter,3801,2256,J,,21453(a),"21453(a,c)",Red signal - driver or bicyclist responsibilities,BB,Vehicle-Pedestrian,2441,4,7,56916,1
37736,56569,210794265.0,2021-12-01 20:45:00,2021 December 01,20:45:00,2021,December,Wednesday,6:01 pm to 10:00 pm,20.0,0,Evening,Winter,3801,1512,Bayview,C5,21950(a),"21950(a,c)",Driver or bicyclist to yield right-of-way at crosswalks,BB,Vehicle-Pedestrian,27232,2,3,57649,2
37737,57884,220237744.0,2022-04-11 16:26:00,2022 April 11,16:26:00,2022,April,Monday,2:01 pm to 6:00 pm,16.0,0,Afternoon,Spring,3801,2733,Southern,B1,21950(a),"21950(a,c)",Driver or bicyclist to yield right-of-way at crosswalks,BB,Vehicle-Pedestrian,27233,2,1,57649,2
37738,56171,210428947.0,2021-07-08 06:30:00,2021 July 08,06:30:00,2021,July,Thursday,6:01 am to 10:00 am,6.0,0,Morning,Summer,3801,574,Mission,3D11A,22107,22107,Unsafe turn or lane change prohibited,AA,Vehicle(s) Only Involved,27234,1,1,57659,1
37739,53171,200328799.0,2020-05-31 06:59:00,2020 May 31,06:59:00,2020,May,Sunday,6:01 am to 10:00 am,6.0,1,Morning,Spring,3801,86,Taraval,3I1,22350,22350,Unsafe speed for prevailing conditions,AA,Vehicle(s) Only Involved,27235,1,2,57654,1
37740,57584,220166698.0,2022-03-13 12:39:00,2022 March 13,12:39:00,2022,March,Sunday,10:01 am to 2:00 pm,12.0,1,Afternoon,Spring,3801,724,Ingleside,3H13C,21453(a),"21453(a,c)",Red signal - driver or bicyclist responsibilities,BB,Vehicle-Pedestrian,4908,2,1,57649,4
37741,35864,5410295.0,2011-10-08 17:14:00,2011 October 08,17:14:00,2011,October,Saturday,2:01 pm to 6:00 pm,17.0,1,Evening,Fall,3801,1515,A,3A66,21703,21703,Following too closely prohibited,AA,Vehicle(s) Only Involved,27236,2,1,57660,1
37742,56625,210835546.0,2021-12-18 03:07:00,2021 December 18,03:07:00,2021,December,Saturday,2:01 am to 6:00 am,3.0,1,Night,Winter,3801,1454,Northern,3E15E,21801(a),"21801(a,b)",Violation of right-of-way - left turn,AA,Vehicle(s) Only Involved,23766,2,3,57659,8
37743,35867,5414582.0,2011-10-20 09:00:00,2011 October 20,09:00:00,2011,October,Thursday,6:01 am to 10:00 am,9.0,0,Morning,Fall,3801,192,,,22350,22350,Unsafe speed for prevailing conditions,AA,Vehicle(s) Only Involved,27237,1,1,57658,1
37744,84788,240028921.0,2024-01-13 18:29:00,2024 January 13,18:29:00,2024,January,Saturday,6:01 pm to 10:00 pm,18.0,1,Evening,Winter,3801,2231,Southern,3B12D,21950(a),"21950(a,c)",Driver or bicyclist to yield right-of-way at crosswalks,BB,Vehicle-Pedestrian,27238,4,13,57454,1
37745,84936,240134829.0,2024-02-29 16:02:00,2024 February 29,16:02:00,2024,February,Thursday,2:01 pm to 6:00 pm,16.0,0,Afternoon,Winter,3801,1823,Ingleside,3,21804(a),"21804(a,b)",Entering highway from alley or driveway,AA,Vehicle(s) Only Involved,4691,4,16,57659,1
37746,53784,200463298.0,2020-08-03 07:47:00,2020 August 03,07:47:00,2020,August,Monday,6:01 am to 10:00 am,7.0,0,Morning,Summer,3801,,Richmond,3G52A,21801(a),"21801(a,b)",Violation of right-of-way - left turn,AA,Vehicle(s) Only Involved,27239,2,1,57585,14
37747,32942,2566293.0,2006-01-27 23:10:00,2006 January 27,23:10:00,2006,January,Friday,10:01 pm to 2:00 am,23.0,0,Night,Winter,3801,1627,RICHM,3G11E,21453(a),"21453(a,c)",Red signal - driver or bicyclist responsibilities,BB,Vehicle-Pedestrian,27240,2,3,57622,4
37748,86440,240540583.0,2024-08-28 15:52:00,2024 August 28,15:52:00,2024,August,Wednesday,2:01 pm to 6:00 pm,15.0,0,Afternoon,Summer,3801,4026,Bayview,3C13D,22515(b),"22515(a, b)",Unattended vehicle requirements,AA,Vehicle(s) Only Involved,27241,2,1,57658,8
37749,49857,190934226.0,2019-12-12 08:31:00,2019 December 12,08:31:00,2019,December,Thursday,6:01 am to 10:00 am,8.0,0,Morning,Winter,3801,198,Bayview,3C,21950(a),"21950(a,c)",Driver or bicyclist to yield right-of-way at crosswalks,BB,Vehicle-Pedestrian,27242,1,16,57649,1
37750,87139,240715918.0,2024-11-16 01:03:00,2024 November 16,01:03:00,2024,November,Saturday,10:01 pm to 2:00 am,1.0,1,Night,Fall,3801,4039,Central,3A3,Unknown,Unknown,Unknown,AA,Vehicle(s) Only Involved,27243,2,12,56568,4
37751,39505,3703627.0,2008-02-19 19:30:00,2008 February 19,19:30:00,2008,February,Tuesday,6:01 pm to 10:00 pm,19.0,0,Evening,Winter,3801,4137,TARAV,3I1,21950(a),"21950(a,c)",Driver or bicyclist to yield right-of-way at crosswalks,BB,Vehicle-Pedestrian,27244,4,13,57649,1
37752,10738,5410259.0,2011-10-29 13:00:00,2011 October 29,13:00:00,2011,October,Saturday,10:01 am to 2:00 pm,13.0,1,Afternoon,Fall,3801,2013,MISSI,3D13A,21801(a),"21801(a,b)",Violation of right-of-way - left turn,AA,Vehicle(s) Only Involved,22413,2,1,57659,1
37753,37357,3612348.0,2007-12-29 19:01:00,2007 December 29,19:01:00,2007,December,Saturday,6:01 pm to 10:00 pm,19.0,1,Evening,Winter,3801,1584,,4B107,21954(a),21954(a),Pedestrians must yield right-of-way outside of crosswalks,BB,Vehicle-Pedestrian,27245,4,7,57622,4
37754,85261,240049187.0,2024-01-23 06:58:00,2024 January 23,06:58:00,2024,January,Tuesday,6:01 am to 10:00 am,6.0,0,Morning,Winter,3801,937,Bayview,3C2A,22350,22350,Unsafe speed for prevailing conditions,AA,Vehicle(s) Only Involved,27246,2,33,57658,2
37755,56938,210712552.0,2021-10-30 14:38:00,2021 October 30,14:38:00,2021,October,Saturday,2:01 pm to 6:00 pm,14.0,1,Afternoon,Fall,3801,1832,Tenderloin,,22350,22350,Unsafe speed for prevailing conditions,BB,Vehicle-Pedestrian,27247,2,37,57649,8
37756,57934,220285157.0,2022-05-01 22:16:00,2022 May 01,22:16:00,2022,May,Sunday,10:01 pm to 2:00 am,22.0,1,Night,Spring,3801,1160,Southern,B4,21650.1,21650.1,Bicycle to travel in same direction as vehicles,CC,Vehicle-Bicycle,27248,2,3,57621,2
37757,53451,200517196.0,2020-08-28 06:30:00,2020 August 28,06:30:00,2020,August,Friday,6:01 am to 10:00 am,6.0,0,Morning,Summer,3801,A23982,Mission,3D13A,21801(a),"21801(a,b)",Violation of right-of-way - left turn,AA,Vehicle(s) Only Involved,20495,1,33,57659,1
37758,30092,2571349.0,2006-01-25 00:01:00,2006 January 25,00:01:00,2006,January,Wednesday,10:01 pm to 2:00 am,0.0,0,Night,Winter,3801,00957,NORTH,3E4E,21453(a),"21453(a,c)",Red signal - driver or bicyclist responsibilities,AA,Vehicle(s) Only Involved,28988,2,3,57659,1
37759,85462,240123236.0,2024-02-25 01:09:00,2024 February 25,01:09:00,2024,February,Sunday,10:01 pm to 2:00 am,1.0,1,Night,Winter,3801,2035,Mission,3D15E,21453(a),"21453(a,c)",Red signal - driver or bicyclist responsibilities,AA,Vehicle(s) Only Involved,34780,2,3,57659,1
37760,84916,240082240.0,2024-02-07 06:08:00,2024 February 07,06:08:00,2024,February,Wednesday,6:01 am to 10:00 am,6.0,0,Morning,Winter,3801,899,Northern,3E16A,22450(a),22450(a),Failure to stop at STOP sign,BB,Vehicle-Pedestrian,27249,2,3,57649,8
37761,59213,220529030.0,2022-08-08 15:52:00,2022 August 08,15:52:00,2022,August,Monday,2:01 pm to 6:00 pm,15.0,0,Afternoon,Summer,3801,1427,Tenderloin,3j11d,21950(b),21950(b),Pedestrian suddenly entering into vehicle path close enough to create an immediate hazard,BB,Vehicle-Pedestrian,27250,2,2,56779,1
37762,43180,3767232.0,2008-05-17 16:48:00,2008 May 17,16:48:00,2008,May,Saturday,2:01 pm to 6:00 pm,16.0,1,Afternoon,Spring,3801,659,RICHM,3G61K,21955,21955,Crossing between controlled intersections (Jaywalking),BB,Vehicle-Pedestrian,27251,2,55,56779,2
37763,57016,210863387.0,2021-12-30 14:20:00,2021 December 30,14:20:00,2021,December,Thursday,2:01 pm to 6:00 pm,14.0,0,Afternoon,Winter,3801,2431,Richmond,3G13D,22350,22350,Unsafe speed for prevailing conditions,AA,Vehicle(s) Only Involved,5167,2,1,57603,1
37764,54268,200716473.0,2020-11-27 13:30:00,2020 November 27,13:30:00,2020,November,Friday,10:01 am to 2:00 pm,13.0,0,Afternoon,Fall,3801,1418,Taraval,I15,21802(a),"21802(a,b)",Violation of right-of-way - entering through highway,AA,Vehicle(s) Only Involved,27252,2,1,57659,1
37765,5025,2484858.0,2006-01-31 22:52:00,2006 January 31,22:52:00,2006,January,Tuesday,10:01 pm to 2:00 am,22.0,0,Night,Winter,3801,4034,INGLE,3H11E,22350,22350,Unsafe speed for prevailing conditions,BB,Vehicle-Pedestrian,27253,2,3,57649,2
37766,50675,190913286.0,2019-12-04 12:28:00,2019 December 04,12:28:00,2019,December,Wednesday,10:01 am to 2:00 pm,12.0,0,Afternoon,Winter,3801,2086,Central,3A3A,21801(b),"21801(a,b)",Violation of right-of-way - left turn,AA,Vehicle(s) Only Involved,27254,1,2,57659,1
37767,48987,190978503.0,2019-12-30 12:30:00,2019 December 30,12:30:00,2019,December,Monday,10:01 am to 2:00 pm,12.0,0,Afternoon,Winter,3801,196,Central,3A14A,21453(a),"21453(a,c)",Red signal - driver or bicyclist responsibilities,AA,Vehicle(s) Only Involved,27255,2,1,57585,1
37768,84914,240074253.0,2024-02-02 19:30:00,2024 February 02,19:30:00,2024,February,Friday,6:01 pm to 10:00 pm,19.0,0,Evening,Winter,3801,1374,Taraval,3I16D,21453(a),"21453(a,c)",Red signal - driver or bicyclist responsibilities,AA,Vehicle(s) Only Involved,40347,2,3,57659,2
37769,31912,2037028.0,2005-02-28 22:58:00,2005 February 28,22:58:00,2005,February,Monday,10:01 pm to 2:00 am,22.0,0,Night,Winter,3801,307,NORTH,4B6E,21650.1,21650.1,Bicycle to travel in same direction as vehicles,CC,Vehicle-Bicycle,27257,2,3,57621,2
37770,57661,220156241.0,2022-03-08 23:46:00,2022 March 08,23:46:00,2022,March,Tuesday,10:01 pm to 2:00 am,23.0,0,Night,Spring,3801,2741,Mission,901,21801(a),"21801(a,b)",Violation of right-of-way - left turn,AA,Vehicle(s) Only Involved,2712,2,3,57603,2
37771,56417,210637819.0,2021-10-01 09:09:00,2021 October 01,09:09:00,2021,October,Friday,6:01 am to 10:00 am,9.0,0,Morning,Fall,3801,4313,Richmond,,21954(a),21954(a),Pedestrians must yield right-of-way outside of crosswalks,BB,Vehicle-Pedestrian,27258,2,2,57622,4
37772,50411,190924129.0,2019-12-12 08:00:00,2019 December 12,08:00:00,2019,December,Thursday,6:01 am to 10:00 am,8.0,0,Morning,Winter,3801,1887,Traffic,4B1B,21801(a),"21801(a,b)",Violation of right-of-way - left turn,AA,Vehicle(s) Only Involved,27259,1,16,57603,8
37773,87039,240659203.0,2024-10-20 00:02:00,2024 October 20,00:02:00,2024,October,Sunday,10:01 pm to 2:00 am,0.0,1,Night,Fall,3801,715,Mission,3D14E,22350,22350,Unsafe speed for prevailing conditions,CC,Vehicle-Bicycle,31051,2,3,57390,4
37774,47154,190458367.0,2019-06-25 08:43:00,2019 June 25,08:43:00,2019,June,Tuesday,6:01 am to 10:00 am,8.0,0,Morning,Summer,3801,2455,Central,3,22517,22517,Opening door on traffic side when unsafe,CC,Vehicle-Bicycle,27260,2,2,57368,2
37775,58053,220352659.0,2022-05-29 22:54:00,2022 May 29,22:54:00,2022,May,Sunday,10:01 pm to 2:00 am,22.0,1,Night,Spring,3801,4027,Mission,3D6E,21800(d)(1),"21800(d)(1,2)",Violation of right-of-way or controlled intersection with inoperative control signals,AA,Vehicle(s) Only Involved,5112,2,260,57659,1
37776,45413,150553850.0,2015-06-25 15:56:00,2015 June 25,15:56:00,2015,June,Thursday,2:01 pm to 6:00 pm,15.0,0,Afternoon,Summer,3801,1316,BAYVIW,3C15D,22350,22350,Unsafe speed for prevailing conditions,AA,Vehicle(s) Only Involved,40965,2,1,57584,3
37777,37455,3497721.0,2007-12-03 22:28:00,2007 December 03,22:28:00,2007,December,Monday,10:01 pm to 2:00 am,22.0,0,Night,Winter,3801,1140,,TARAVA,23152(a),23152(a-g),Driving under influence of alcohol and/or drugs,AA,Vehicle(s) Only Involved,7873,2,12,57584,1
37778,57535,220138829.0,2022-03-02 01:23:00,2022 March 02,01:23:00,2022,March,Wednesday,10:01 pm to 2:00 am,1.0,0,Night,Spring,3801,1823,Southern,1,21954(a),21954(a),Pedestrians must yield right-of-way outside of crosswalks,BB,Vehicle-Pedestrian,21123,2,12,57622,2
37779,48279,190621978.0,2019-08-22 17:57:00,2019 August 22,17:57:00,2019,August,Thursday,2:01 pm to 6:00 pm,17.0,0,Evening,Summer,3801,Mar #1429,Ingleside,3H11D,22106,22106,Unsafe starting or backing on highway,AA,Vehicle(s) Only Involved,27261,2,2,57660,2
37780,15673,3724678.0,2008-03-14 00:56:00,2008 March 14,00:56:00,2008,March,Friday,10:01 pm to 2:00 am,0.0,0,Night,Spring,3801,1507,,3B60,23152(a),23152(a-g),Driving under influence of alcohol and/or drugs,AA,Vehicle(s) Only Involved,27262,2,3,57584,2
37781,50594,190772311.0,2019-10-13 18:24:00,2019 October 13,18:24:00,2019,October,Sunday,6:01 pm to 10:00 pm,18.0,1,Evening,Fall,3801,112,Central,4,21703,21703,Following too closely prohibited,AA,Vehicle(s) Only Involved,27263,2,2,57658,1
37782,86747,240608385.0,2024-09-27 12:54:00,2024 September 27,12:54:00,2024,September,Friday,10:01 am to 2:00 pm,12.0,0,Afternoon,Fall,3801,719,Central,3A13A,21235(g),21235(a-j),Illegal operation of motorized scooter,DD,Bicycle-Pedestrian,27264,2,2,55190,2
37783,53584,200570194.0,2020-09-21 21:19:00,2020 September 21,21:19:00,2020,September,Monday,6:01 pm to 10:00 pm,21.0,0,Night,Fall,3801,2397,Northern,3E12E,21453(a),"21453(a,c)",Red signal - driver or bicyclist responsibilities,AA,Vehicle(s) Only Involved,5460,2,3,57659,1
37784,54293,200726751.0,2020-12-02 14:00:00,2020 December 02,14:00:00,2020,December,Wednesday,10:01 am to 2:00 pm,14.0,0,Afternoon,Winter,3801,552,Southern,3B5,21453(d),21453(d),Red signal - pedestrian responsibilities,BB,Vehicle-Pedestrian,20445,2,1,57590,4
37785,25830,140576549.0,2014-07-11 16:58:00,2014 July 11,16:58:00,2014,July,Friday,2:01 pm to 6:00 pm,16.0,0,Afternoon,Summer,3801,4091,,,22350,22350,Unsafe speed for prevailing conditions,AA,Vehicle(s) Only Involved,27265,2,1,57557,1
37786,54658,210066763.0,2021-01-30 11:50:00,2021 January 30,11:50:00,2021,January,Saturday,10:01 am to 2:00 pm,11.0,1,Morning,Winter,3801,2486,Bayview,3C11A,22107,22107,Unsafe turn or lane change prohibited,AA,Vehicle(s) Only Involved,27266,2,1,57659,8
37787,50632,190953389.0,2019-12-19 19:37:00,2019 December 19,19:37:00,2019,December,Thursday,6:01 pm to 10:00 pm,19.0,0,Evening,Winter,3801,1133,Richmond,3D,21800(a),21800(a-c),Violation of right-of-way or uncontrolled intersection,AA,Vehicle(s) Only Involved,19104,2,3,57659,1
37788,4914,3767423.0,2008-05-23 20:30:00,2008 May 23,20:30:00,2008,May,Friday,6:01 pm to 10:00 pm,20.0,0,Evening,Spring,3801,1549,INGLE,4B7H,22350,22350,Unsafe speed for prevailing conditions,FF,Bicycle Only,9349,2,32,57341,2
37789,45454,160839543.0,2016-10-15 00:09:00,2016 October 15,00:09:00,2016,October,Saturday,10:01 pm to 2:00 am,0.0,1,Night,Fall,3801,4286,RICHMOND,G4,Unknown,Unknown,Unknown,AA,Vehicle(s) Only Involved,40965,3,6,55166,2
37790,57432,220096493.0,2022-02-11 19:00:00,2022 February 11,19:00:00,2022,February,Friday,6:01 pm to 10:00 pm,19.0,0,Evening,Winter,3801,215,Bayview,3C61,21804(a),"21804(a,b)",Entering highway from alley or driveway,BB,Vehicle-Pedestrian,27268,2,12,57476,2
37791,57442,220086466.0,2022-02-07 12:00:00,2022 February 07,12:00:00,2022,February,Monday,10:01 am to 2:00 pm,12.0,0,Afternoon,Winter,3801,893,Ingleside,3H13D,21950(a),"21950(a,c)",Driver or bicyclist to yield right-of-way at crosswalks,BB,Vehicle-Pedestrian,27269,2,1,57649,2