collision_id,unique_id,case_id_pkey,collision_datetime,collision_date,collision_time,accident_year,month,day_of_week,time_cat,hour_of_day,is_weekend,time_of_day,season,juris,officer_id,reporting_district,beat_number,vz_pcf_code,vz_pcf_group,vz_pcf_description,dph_col_grp,dph_col_grp_description,location_id,weather_id,road_id,party_id,severity_id
37792,53983,200635754.0,2020-10-21 14:53:00,2020 October 21,14:53:00,2020,October,Wednesday,2:01 pm to 6:00 pm,14.0,0,Afternoon,Fall,3801,649,Ingleside,3H14D,22350,22350,Unsafe speed for prevailing conditions,AA,Vehicle(s) Only Involved,27270,2,1,57607,1
37793,12277,3306815.0,2007-07-19 22:20:00,2007 July 19,22:20:00,2007,July,Thursday,10:01 pm to 2:00 am,22.0,0,Night,Summer,3801,1140,MISSI,3D15E,21453(a),"21453(a,c)",Red signal - driver or bicyclist responsibilities,AA,Vehicle(s) Only Involved,27203,2,3,57659,1
37794,59155,220595326.0,2022-09-02 15:30:00,2022 September 02,15:30:00,2022,September,Friday,2:01 pm to 6:00 pm,15.0,0,Afternoon,Fall,3801,1771,Tenderloin,3J12D,22107,22107,Unsafe turn or lane change prohibited,AA,Vehicle(s) Only Involved,27271,2,80,57235,1
37795,55835,210559536.0,2021-08-31 16:00:00,2021 August 31,16:00:00,2021,August,Tuesday,2:01 pm to 6:00 pm,16.0,0,Afternoon,Summer,3801,262,Traffic,4B4G,21950(a),"21950(a,c)",Driver or bicyclist to yield right-of-way at crosswalks,BB,Vehicle-Pedestrian,27272,2,2,57649,2
37796,43309,3731945.0,2008-04-11 14:31:00,2008 April 11,14:31:00,2008,April,Friday,2:01 pm to 6:00 pm,14.0,0,Afternoon,Spring,3801,659,RICHM,3G61K,21950(a),"21950(a,c)",Driver or bicyclist to yield right-of-way at crosswalks,BB,Vehicle-Pedestrian,20967,2,1,57649,2
37797,29281,160139064.0,2016-02-16 14:24:00,2016 February 16,14:24:00,2016,February,Tuesday,2:01 pm to 6:00 pm,14.0,0,Afternoon,Winter,3801,798,NORTHERN,3,21801(a),"21801(a,b)",Violation of right-of-way - left turn,AA,Vehicle(s) Only Involved,8279,2,1,57659,14
37798,52468,200166890.0,2020-03-05 23:03:00,2020 March 05,23:03:00,2020,March,Thursday,10:01 pm to 2:00 am,23.0,0,Night,Spring,3801,1148,Mission,3D90,21950(a),"21950(a,c)",Driver or bicyclist to yield right-of-way at crosswalks,BB,Vehicle-Pedestrian,27273,2,3,57649,9
37799,55657,210394354.0,2021-06-23 23:51:00,2021 June 23,23:51:00,2021,June,Wednesday,10:01 pm to 2:00 am,23.0,0,Night,Summer,3801,1982,Central,3A12E,22350,22350,Unsafe speed for prevailing conditions,AA,Vehicle(s) Only Involved,27274,2,3,57584,1
37800,5055,180047447.0,2018-01-18 16:53:00,2018 January 18,16:53:00,2018,January,Thursday,2:01 pm to 6:00 pm,16.0,0,Afternoon,Winter,3801,1188,Ingleside,3H13D,21950(a),"21950(a,c)",Driver or bicyclist to yield right-of-way at crosswalks,BB,Vehicle-Pedestrian,27275,4,4,57649,1
37801,85999,240421892.0,2024-07-06 17:20:00,2024 July 06,17:20:00,2024,July,Saturday,2:01 pm to 6:00 pm,17.0,1,Evening,Summer,3801,469,Mission,3D12D,22107,22107,Unsafe turn or lane change prohibited,AA,Vehicle(s) Only Involved,4067,2,2,57564,2
37802,3149,140177783.0,2014-03-01 16:18:00,2014 March 01,16:18:00,2014,March,Saturday,2:01 pm to 6:00 pm,16.0,1,Afternoon,Spring,3801,1462,BAYVIEW,3C11D,23153(a),23153(a-g),Driving under influence causing injury,AA,Vehicle(s) Only Involved,25121,2,1,57658,17
37803,59196,220612419.0,2022-09-08 18:16:00,2022 September 08,18:16:00,2022,September,Thursday,6:01 pm to 10:00 pm,18.0,0,Evening,Fall,3801,2342,Northern,3E4D,21801(a),"21801(a,b)",Violation of right-of-way - left turn,AA,Vehicle(s) Only Involved,1445,2,2,57490,2
37804,8811,2658923.0,2006-05-07 01:50:00,2006 May 07,01:50:00,2006,May,Sunday,10:01 pm to 2:00 am,1.0,1,Night,Spring,3801,000973,MISSI,003,21453(d),21453(d),Red signal - pedestrian responsibilities,BB,Vehicle-Pedestrian,27276,2,3,57622,2
37805,55141,210241874.0,2021-04-20 09:45:00,2021 April 20,09:45:00,2021,April,Tuesday,6:01 am to 10:00 am,9.0,0,Morning,Spring,3801,1609,Richmond,3G2A,21801(a),"21801(a,b)",Violation of right-of-way - left turn,AA,Vehicle(s) Only Involved,17132,2,1,57636,1
37806,57825,220183131.0,2022-03-20 13:43:00,2022 March 20,13:43:00,2022,March,Sunday,10:01 am to 2:00 pm,13.0,1,Afternoon,Spring,3801,837,Central,3A2C,22350,22350,Unsafe speed for prevailing conditions,AA,Vehicle(s) Only Involved,39141,2,1,57658,1
37807,57344,220053396.0,2022-01-25 18:40:00,2022 January 25,18:40:00,2022,January,Tuesday,6:01 pm to 10:00 pm,18.0,0,Evening,Winter,3801,341,Bayview,3C12D,21703,21703,Following too closely prohibited,AA,Vehicle(s) Only Involved,27278,2,3,57497,4
37808,7398,160718044.0,2016-09-04 14:15:00,2016 September 04,14:15:00,2016,September,Sunday,2:01 pm to 6:00 pm,14.0,1,Afternoon,Fall,3801,2099,INGLESIDE,3H11C,21453(a),"21453(a,c)",Red signal - driver or bicyclist responsibilities,CC,Vehicle-Bicycle,6209,2,1,57621,4
37809,49962,190940803.0,2019-12-14 17:53:00,2019 December 14,17:53:00,2019,December,Saturday,2:01 pm to 6:00 pm,17.0,1,Evening,Winter,3801,54,Northern,3E15D,21755(a),21755(a),Unsafe passing on right shoulder,AA,Vehicle(s) Only Involved,10448,4,91,57659,1
37810,176,140710286.0,2014-08-24 03:22:00,2014 August 24,03:22:00,2014,August,Sunday,2:01 am to 6:00 am,3.0,1,Night,Summer,3801,2266,INGLESIDE,,21703,21703,Following too closely prohibited,AA,Vehicle(s) Only Involved,22756,8,3,57658,8
37811,52329,200147511.0,2020-02-27 14:40:00,2020 February 27,14:40:00,2020,February,Thursday,2:01 pm to 6:00 pm,14.0,0,Afternoon,Winter,3801,21,Central,3A44B,22107,22107,Unsafe turn or lane change prohibited,CC,Vehicle-Bicycle,27279,2,2,57614,1
37812,33230,6059157.0,2012-11-10 16:07:00,2012 November 10,16:07:00,2012,November,Saturday,2:01 pm to 6:00 pm,16.0,1,Afternoon,Fall,3801,1515,A,3A66,22107,22107,Unsafe turn or lane change prohibited,CC,Vehicle-Bicycle,27280,2,1,57614,1
37813,57734,220116132.0,2022-02-20 10:42:00,2022 February 20,10:42:00,2022,February,Sunday,10:01 am to 2:00 pm,10.0,1,Morning,Winter,3801,1849,Tenderloin,3J15A,22517,22517,Opening door on traffic side when unsafe,CC,Vehicle-Bicycle,19684,2,1,57390,2
37814,52448,200132255.0,2020-02-21 19:46:00,2020 February 21,19:46:00,2020,February,Friday,6:01 pm to 10:00 pm,19.0,0,Evening,Winter,3801,1906,Northern,3E11D,21950(a),"21950(a,c)",Driver or bicyclist to yield right-of-way at crosswalks,BB,Vehicle-Pedestrian,27281,2,3,57476,2
37815,41254,150484619.0,2015-06-03 12:32:00,2015 June 03,12:32:00,2015,June,Wednesday,10:01 am to 2:00 pm,12.0,0,Afternoon,Summer,3801,251,RICHMOND,3G61,21801(a),"21801(a,b)",Violation of right-of-way - left turn,AA,Vehicle(s) Only Involved,31861,2,1,57659,1
37816,48598,190895850.0,2019-11-26 18:48:00,2019 November 26,18:48:00,2019,November,Tuesday,6:01 pm to 10:00 pm,18.0,0,Evening,Fall,3801,2195,Central,4,Unknown,Unknown,Unknown,BB,Vehicle-Pedestrian,27282,4,213,57525,1
37817,13361,170720186.0,2017-09-03 17:05:00,2017 September 03,17:05:00,2017,September,Sunday,2:01 pm to 6:00 pm,17.0,1,Evening,Fall,3801,4117,MISSION,3D13D,21802(a),"21802(a,b)",Violation of right-of-way - entering through highway,CC,Vehicle-Bicycle,27283,2,1,57581,2
37818,53852,200597734.0,2020-10-04 14:35:00,2020 October 04,14:35:00,2020,October,Sunday,2:01 pm to 6:00 pm,14.0,1,Afternoon,Fall,3801,2459,Northern,3E43C,21453(d),21453(d),Red signal - pedestrian responsibilities,BB,Vehicle-Pedestrian,10448,2,1,57252,1
37819,78093,200109094.0,2020-02-12 21:07:00,2020 February 12,21:07:00,2020,February,Wednesday,6:01 pm to 10:00 pm,21.0,0,Night,Winter,3801,2713,Taraval,3I16E,22100(b),"22100(a,b)",Turn at intersection from wrong position,AA,Vehicle(s) Only Involved,5472,2,53,57585,1
37820,54930,210100496.0,2021-02-13 16:35:00,2021 February 13,16:35:00,2021,February,Saturday,2:01 pm to 6:00 pm,16.0,1,Afternoon,Winter,3801,,Central,,21950(a),"21950(a,c)",Driver or bicyclist to yield right-of-way at crosswalks,BB,Vehicle-Pedestrian,27284,2,1,57649,2
37821,86274,240511415.0,2024-08-15 14:49:00,2024 August 15,14:49:00,2024,August,Thursday,2:01 pm to 6:00 pm,14.0,0,Afternoon,Summer,3801,4119,Traffic,4B103,21950(a),"21950(a,c)",Driver or bicyclist to yield right-of-way at crosswalks,BB,Vehicle-Pedestrian,27285,2,1,57649,6
37822,25098,160011666.0,2016-01-05 12:45:00,2016 January 05,12:45:00,2016,January,Tuesday,10:01 am to 2:00 pm,12.0,0,Afternoon,Winter,3801,1968,TENDELOIN,3J44C,21451(a),"21451(a,b)",Green signal - driver or bicyclist responsibilities,BB,Vehicle-Pedestrian,3202,4,16,57454,1
37823,54179,200687664.0,2020-11-14 09:17:00,2020 November 14,09:17:00,2020,November,Saturday,6:01 am to 10:00 am,9.0,1,Morning,Fall,3801,2100,Mission,3D15A,Unknown,Unknown,Unknown,FF,Bicycle Only,27286,2,2,49679,2
37824,78184,200071540.0,2020-01-29 05:05:00,2020 January 29,05:05:00,2020,January,Wednesday,2:01 am to 6:00 am,5.0,0,Morning,Winter,3801,2707,Taraval,6 CAR,21954(a),21954(a),Pedestrians must yield right-of-way outside of crosswalks,BB,Vehicle-Pedestrian,2331,2,3,57622,2
37825,35434,130951490.0,2013-11-09 17:09:00,2013 November 09,17:09:00,2013,November,Saturday,2:01 pm to 6:00 pm,17.0,1,Evening,Fall,3801,190,NORTHERN,3E5D,22106,22106,Unsafe starting or backing on highway,AA,Vehicle(s) Only Involved,27287,2,2,57659,1
37826,26441,3730214.0,2008-03-05 22:11:00,2008 March 05,22:11:00,2008,March,Wednesday,10:01 pm to 2:00 am,22.0,0,Night,Spring,3801,1511,A,3A61,22350,22350,Unsafe speed for prevailing conditions,AA,Vehicle(s) Only Involved,27288,2,12,57658,2
37827,58444,220280088.0,2022-04-29 15:07:00,2022 April 29,15:07:00,2022,April,Friday,2:01 pm to 6:00 pm,15.0,0,Afternoon,Spring,3801,709,Bayview,3C15D,22107,22107,Unsafe turn or lane change prohibited,AA,Vehicle(s) Only Involved,27289,2,2,57137,1
37828,4275,3748435.0,2008-05-06 15:56:00,2008 May 06,15:56:00,2008,May,Tuesday,2:01 pm to 6:00 pm,15.0,0,Afternoon,Spring,3801,2082,INGLE,4B&H,22350,22350,Unsafe speed for prevailing conditions,AA,Vehicle(s) Only Involved,27290,2,2,57496,17
37829,50676,190943954.0,2019-12-16 10:40:00,2019 December 16,10:40:00,2019,December,Monday,10:01 am to 2:00 pm,10.0,0,Morning,Winter,3801,1394,Park,3F13A,21800(a),21800(a-c),Violation of right-of-way or uncontrolled intersection,CC,Vehicle-Bicycle,22205,2,1,57614,1
37830,3368,3708209.0,2008-03-17 15:45:00,2008 March 17,15:45:00,2008,March,Monday,2:01 pm to 6:00 pm,15.0,0,Afternoon,Spring,3801,2131,BAYVI,4B8C,22517,22517,Opening door on traffic side when unsafe,AA,Vehicle(s) Only Involved,27291,2,2,57446,1
37831,56433,210648101.0,2021-10-05 12:22:00,2021 October 05,12:22:00,2021,October,Tuesday,10:01 am to 2:00 pm,12.0,0,Afternoon,Fall,3801,845,Bayview,4B2B,22350,22350,Unsafe speed for prevailing conditions,AA,Vehicle(s) Only Involved,27292,2,1,57603,4
37832,57815,220089642.0,2022-02-09 09:45:00,2022 February 09,09:45:00,2022,February,Wednesday,6:01 am to 10:00 am,9.0,0,Morning,Winter,3801,4305,Northern,,22350,22350,Unsafe speed for prevailing conditions,AA,Vehicle(s) Only Involved,26500,2,1,57636,1
37833,53968,200628652.0,2020-10-18 13:19:00,2020 October 18,13:19:00,2020,October,Sunday,10:01 am to 2:00 pm,13.0,1,Afternoon,Fall,3801,2375,Richmond,3G5A,21750,21750,Overtaking and passing unsafely,AA,Vehicle(s) Only Involved,27293,2,2,57660,1
37834,52765,200155508.0,2020-03-01 14:20:00,2020 March 01,14:20:00,2020,March,Sunday,2:01 pm to 6:00 pm,14.0,1,Afternoon,Spring,3801,OFC. PARAYN,Southern,b5,Unknown,Unknown,Unknown,BB,Vehicle-Pedestrian,27294,2,2,57525,1
37835,54073,200657281.0,2020-10-31 15:38:00,2020 October 31,15:38:00,2020,October,Saturday,2:01 pm to 6:00 pm,15.0,1,Afternoon,Fall,3801,2124,Tenderloin,3J12C,22350,22350,Unsafe speed for prevailing conditions,BB,Vehicle-Pedestrian,27295,2,2,57525,2
37836,55065,210348094.0,2021-06-05 03:21:00,2021 June 05,03:21:00,2021,June,Saturday,2:01 am to 6:00 am,3.0,1,Night,Summer,3801,2400,Northern,6-Car,23152(b),23152(a-g),Driving under influence of alcohol and/or drugs,AA,Vehicle(s) Only Involved,3861,2,305,57607,3
37837,36330,170946213.0,2017-11-21 05:55:00,2017 November 21,05:55:00,2017,November,Tuesday,2:01 am to 6:00 am,5.0,0,Morning,Fall,3801,,TARAVAL,3I16A,21657,21657,Going against one-way traffic patterns,AA,Vehicle(s) Only Involved,15399,2,33,57659,1
37838,57566,220158059.0,2022-03-09 16:00:00,2022 March 09,16:00:00,2022,March,Wednesday,2:01 pm to 6:00 pm,16.0,0,Afternoon,Spring,3801,426,Northern,3E3D,22107,22107,Unsafe turn or lane change prohibited,AA,Vehicle(s) Only Involved,27296,2,2,57660,1
37839,53770,200382933.0,2020-06-26 12:25:00,2020 June 26,12:25:00,2020,June,Friday,10:01 am to 2:00 pm,12.0,0,Afternoon,Summer,3801,1693,Bayview,901,22450(a),22450(a),Failure to stop at STOP sign,AA,Vehicle(s) Only Involved,24222,3,2,57585,17
37840,57021,210854950.0,2021-12-27 10:42:00,2021 December 27,10:42:00,2021,December,Monday,10:01 am to 2:00 pm,10.0,0,Morning,Winter,3801,1381,Northern,3E51,21453(a),"21453(a,c)",Red signal - driver or bicyclist responsibilities,AA,Vehicle(s) Only Involved,27297,4,16,57659,1
37841,36437,160107663.0,2016-02-05 19:35:00,2016 February 05,19:35:00,2016,February,Friday,6:01 pm to 10:00 pm,19.0,0,Evening,Winter,3801,1375,COI,3116D,22350,22350,Unsafe speed for prevailing conditions,BB,Vehicle-Pedestrian,27298,2,12,57522,4
37842,54032,200647890.0,2020-10-27 09:20:00,2020 October 27,09:20:00,2020,October,Tuesday,6:01 am to 10:00 am,9.0,0,Morning,Fall,3801,1580,Southern,3B2A,Unknown,Unknown,Unknown,AA,Vehicle(s) Only Involved,27299,2,1,57406,1
37843,44725,130469368.0,2013-06-07 15:10:00,2013 June 07,15:10:00,2013,June,Friday,2:01 pm to 6:00 pm,15.0,0,Afternoon,Summer,3801,845,RICHMOND,4K5F,22350,22350,Unsafe speed for prevailing conditions,AA,Vehicle(s) Only Involved,27300,2,20,57555,1
37844,86424,240505424.0,2024-08-13 04:21:00,2024 August 13,04:21:00,2024,August,Tuesday,2:01 am to 6:00 am,4.0,0,Night,Summer,3801,2150,Richmond,,21800(a),21800(a-c),Violation of right-of-way or uncontrolled intersection,AA,Vehicle(s) Only Involved,27301,2,3,57490,4
37845,55809,210548391.0,2021-08-26 23:42:00,2021 August 26,23:42:00,2021,August,Thursday,10:01 pm to 2:00 am,23.0,0,Night,Summer,3801,1371,Northern,3,21801(a),"21801(a,b)",Violation of right-of-way - left turn,CC,Vehicle-Bicycle,21056,2,3,57581,2
37846,25877,2802529.0,2006-09-17 23:15:00,2006 September 17,23:15:00,2006,September,Sunday,10:01 pm to 2:00 am,23.0,1,Night,Fall,3801,1833,A,0A2,21658(a),"21658(a,b)",Lane straddling or failure to use specified lanes,BB,Vehicle-Pedestrian,27302,2,12,57454,2
37847,7905,3726654.0,2008-04-28 10:33:00,2008 April 28,10:33:00,2008,April,Monday,10:01 am to 2:00 pm,10.0,0,Morning,Spring,3801,2226,MISSI,3D61K,21801(b),"21801(a,b)",Violation of right-of-way - left turn,AA,Vehicle(s) Only Involved,19427,2,1,57659,1
37848,57565,220154295.0,2022-03-08 10:25:00,2022 March 08,10:25:00,2022,March,Tuesday,10:01 am to 2:00 pm,10.0,0,Morning,Spring,3801,1129,Taraval,1,22350,22350,Unsafe speed for prevailing conditions,AA,Vehicle(s) Only Involved,27303,2,9,57569,1
37849,44427,160200784.0,2016-03-08 21:39:00,2016 March 08,21:39:00,2016,March,Tuesday,6:01 pm to 10:00 pm,21.0,0,Night,Spring,3801,1110,RICHMOND,3G15E,22450(a),22450(a),Failure to stop at STOP sign,AA,Vehicle(s) Only Involved,27304,2,21,57659,1
37850,31203,3726639.0,2008-04-14 11:00:00,2008 April 14,11:00:00,2008,April,Monday,10:01 am to 2:00 pm,11.0,0,Morning,Spring,3801,1597,RICHM,3G62,22107,22107,Unsafe turn or lane change prohibited,AA,Vehicle(s) Only Involved,27305,2,2,57659,1
37851,56743,210695588.0,2021-10-23 16:09:00,2021 October 23,16:09:00,2021,October,Saturday,2:01 pm to 6:00 pm,16.0,1,Afternoon,Fall,3801,1207,Mission,3D11D,21650.1,21650.1,Bicycle to travel in same direction as vehicles,CC,Vehicle-Bicycle,27306,1,1,57621,1
37852,55411,210386947.0,2021-06-21 09:25:00,2021 June 21,09:25:00,2021,June,Monday,6:01 am to 10:00 am,9.0,0,Morning,Summer,3801,2374,Ingleside,H3,21460(a),"21460(a,b)",Improper turns over double lines or solid lines to right prohibited,AA,Vehicle(s) Only Involved,27307,2,2,57603,1
37853,86574,240580222.0,2024-09-15 09:10:00,2024 September 15,09:10:00,2024,September,Sunday,6:01 am to 10:00 am,9.0,1,Morning,Fall,3801,17,Ingleside,3H14A,21801(a),"21801(a,b)",Violation of right-of-way - left turn,AA,Vehicle(s) Only Involved,28230,1,1,57603,1
37854,42899,3748443.0,2008-05-06 07:41:00,2008 May 06,07:41:00,2008,May,Tuesday,6:01 am to 10:00 am,7.0,0,Morning,Spring,3801,1337,PARK,3F62,21453(a),"21453(a,c)",Red signal - driver or bicyclist responsibilities,AA,Vehicle(s) Only Involved,10316,2,1,57659,8
37855,55939,210611045.0,2021-09-20 21:51:00,2021 September 20,21:51:00,2021,September,Monday,6:01 pm to 10:00 pm,21.0,0,Night,Fall,3801,1489,Bayview,3C11E,21803(a),"21803(a,b)",Violation of Yield sign,CC,Vehicle-Bicycle,27309,2,3,57025,1
37856,55329,210408080.0,2021-06-29 15:54:00,2021 June 29,15:54:00,2021,June,Tuesday,2:01 pm to 6:00 pm,15.0,0,Afternoon,Summer,3801,2157,Southern,3,21658(a),"21658(a,b)",Lane straddling or failure to use specified lanes,BB,Vehicle-Pedestrian,23622,2,1,57649,1
37857,58349,220383977.0,2022-06-11 23:33:00,2022 June 11,23:33:00,2022,June,Saturday,10:01 pm to 2:00 am,23.0,1,Night,Summer,3801,1217,Mission,3 CAR,22350,22350,Unsafe speed for prevailing conditions,AA,Vehicle(s) Only Involved,27310,2,12,57654,1
37858,56794,210723446.0,2021-11-02 20:07:00,2021 November 02,20:07:00,2021,November,Tuesday,6:01 pm to 10:00 pm,20.0,0,Evening,Fall,3801,2141,Bayview,3C13D,23152(a),23152(a-g),Driving under influence of alcohol and/or drugs,AA,Vehicle(s) Only Involved,27311,2,12,57659,1
37859,25901,4281017.0,2009-06-04 17:00:00,2009 June 04,17:00:00,2009,June,Thursday,2:01 pm to 6:00 pm,17.0,0,Evening,Summer,3801,1384,3J,4B5A,Unknown,Unknown,Unknown,AA,Vehicle(s) Only Involved,27312,2,2,55296,5
37860,21957,140635123.0,2014-07-31 09:15:00,2014 July 31,09:15:00,2014,July,Thursday,6:01 am to 10:00 am,9.0,0,Morning,Summer,3801,1535,NORTHERN,3E12A,22350,22350,Unsafe speed for prevailing conditions,CC,Vehicle-Bicycle,27313,2,2,57561,2
37861,31689,3843491.0,2008-07-20 10:25:00,2008 July 20,10:25:00,2008,July,Sunday,10:01 am to 2:00 pm,10.0,1,Morning,Summer,3801,1258,COG,4B2E,22517,22517,Opening door on traffic side when unsafe,CC,Vehicle-Bicycle,27314,2,2,57368,1
37862,44885,140738749.0,2014-09-02 14:45:00,2014 September 02,14:45:00,2014,September,Tuesday,2:01 pm to 6:00 pm,14.0,0,Afternoon,Fall,3801,1054,G,2,Unknown,Unknown,Unknown,CC,Vehicle-Bicycle,28150,2,1,57468,1
37863,53866,200602060.0,2020-10-06 12:27:00,2020 October 06,12:27:00,2020,October,Tuesday,10:01 am to 2:00 pm,12.0,0,Afternoon,Fall,3801,2487,Southern,3B15C,22450(a),22450(a),Failure to stop at STOP sign,AA,Vehicle(s) Only Involved,26391,2,1,57564,2
37864,49869,190947025.0,2019-12-17 11:00:00,2019 December 17,11:00:00,2019,December,Tuesday,10:01 am to 2:00 pm,11.0,0,Morning,Winter,3801,481,Taraval,3I44,22350,22350,Unsafe speed for prevailing conditions,AA,Vehicle(s) Only Involved,27315,2,2,57659,5
37865,53358,200473877.0,2020-08-07 22:35:00,2020 August 07,22:35:00,2020,August,Friday,10:01 pm to 2:00 am,22.0,0,Night,Summer,3801,964,Northern,3E13D,22350,22350,Unsafe speed for prevailing conditions,AA,Vehicle(s) Only Involved,26402,2,3,57658,8
37866,58316,220218227.0,2022-04-03 21:03:00,2022 April 03,21:03:00,2022,April,Sunday,6:01 pm to 10:00 pm,21.0,1,Night,Spring,3801,2408,Richmond,3G13D,22450(a),22450(a),Failure to stop at STOP sign,CC,Vehicle-Bicycle,27316,2,3,57621,2
37867,58362,220247113.0,2022-04-15 17:40:00,2022 April 15,17:40:00,2022,April,Friday,2:01 pm to 6:00 pm,17.0,0,Evening,Spring,3801,1442,Northern,3E12D,22350,22350,Unsafe speed for prevailing conditions,AA,Vehicle(s) Only Involved,27317,2,1,57658,1
37868,2231,3767595.0,2008-05-30 23:35:00,2008 May 30,23:35:00,2008,May,Friday,10:01 pm to 2:00 am,23.0,0,Night,Spring,3801,1154,INGLE,3H14E,21453(a),"21453(a,c)",Red signal - driver or bicyclist responsibilities,AA,Vehicle(s) Only Involved,33086,1,3,57659,8
37869,37185,3622643.0,2008-01-26 23:05:00,2008 January 26,23:05:00,2008,January,Saturday,10:01 pm to 2:00 am,23.0,1,Night,Winter,3801,1176,,,21453(a),"21453(a,c)",Red signal - driver or bicyclist responsibilities,AA,Vehicle(s) Only Involved,25465,7,13,57659,1
37870,24209,3250903.0,2007-06-30 01:38:00,2007 June 30,01:38:00,2007,June,Saturday,10:01 pm to 2:00 am,1.0,1,Night,Summer,3801,742,TENDE,,21955,21955,Crossing between controlled intersections (Jaywalking),BB,Vehicle-Pedestrian,27318,2,12,57622,2
37871,56620,210764456.0,2021-11-19 18:40:00,2021 November 19,18:40:00,2021,November,Friday,6:01 pm to 10:00 pm,18.0,0,Evening,Fall,3801,963,Mission,3D14D,21658(a),"21658(a,b)",Lane straddling or failure to use specified lanes,AA,Vehicle(s) Only Involved,27319,2,12,57659,1
37872,44522,160759800.0,2016-09-19 07:34:00,2016 September 19,07:34:00,2016,September,Monday,6:01 am to 10:00 am,7.0,0,Morning,Fall,3801,1513,RICHMOND,3G3A,21703,21703,Following too closely prohibited,AA,Vehicle(s) Only Involved,27320,6,2,57658,1
37873,57993,220231291.0,2022-04-08 19:20:00,2022 April 08,19:20:00,2022,April,Friday,6:01 pm to 10:00 pm,19.0,0,Evening,Spring,3801,2107,Northern,3E14D,22107,22107,Unsafe turn or lane change prohibited,AA,Vehicle(s) Only Involved,27321,2,12,57660,13
37874,18739,2251075.0,2005-09-23 01:28:00,2005 September 23,01:28:00,2005,September,Friday,10:01 pm to 2:00 am,1.0,0,Night,Fall,3801,4221,SOUTH,3B14E,23153(a),23153(a-g),Driving under influence causing injury,BB,Vehicle-Pedestrian,27322,2,3,57649,4
37875,53777,200420505.0,2020-07-14 08:58:00,2020 July 14,08:58:00,2020,July,Tuesday,6:01 am to 10:00 am,8.0,0,Morning,Summer,3801,2395,Taraval,5,21804(a),"21804(a,b)",Entering highway from alley or driveway,AA,Vehicle(s) Only Involved,27323,2,2,57660,8
37876,48081,190716654.0,2019-09-24 20:11:00,2019 September 24,20:11:00,2019,September,Tuesday,6:01 pm to 10:00 pm,20.0,0,Evening,Fall,3801,1389,Mission,3D11D,22517,22517,Opening door on traffic side when unsafe,CC,Vehicle-Bicycle,27324,2,3,57614,1
37877,1043,180255496.0,2018-04-06 17:00:00,2018 April 06,17:00:00,2018,April,Friday,2:01 pm to 6:00 pm,17.0,0,Evening,Spring,3801,728,Ingleside,3H15D,21804(a),"21804(a,b)",Entering highway from alley or driveway,AA,Vehicle(s) Only Involved,27325,4,16,57659,1
37878,24309,171010984.0,2017-12-14 16:33:00,2017 December 14,16:33:00,2017,December,Thursday,2:01 pm to 6:00 pm,16.0,0,Afternoon,Winter,3801,2059,CENTRAL,3A11D,21955,21955,Crossing between controlled intersections (Jaywalking),BB,Vehicle-Pedestrian,27326,2,1,57566,1
37879,53515,200518661.0,2020-08-28 18:47:00,2020 August 28,18:47:00,2020,August,Friday,6:01 pm to 10:00 pm,18.0,0,Evening,Summer,3801,812,Bayview,1,22350,22350,Unsafe speed for prevailing conditions,BB,Vehicle-Pedestrian,27327,1,2,57649,1
37880,52481,200185323.0,2020-03-13 09:50:00,2020 March 13,09:50:00,2020,March,Friday,6:01 am to 10:00 am,9.0,0,Morning,Spring,3801,2375,Richmond,3G60,21703,21703,Following too closely prohibited,AA,Vehicle(s) Only Involved,27328,2,1,57658,1
37881,14195,3729329.0,2008-04-03 11:40:00,2008 April 03,11:40:00,2008,April,Thursday,10:01 am to 2:00 pm,11.0,0,Morning,Spring,3801,001870,SOUTH,3B62,21453(a),"21453(a,c)",Red signal - driver or bicyclist responsibilities,AA,Vehicle(s) Only Involved,8690,2,1,57659,8
37882,42198,3431414.0,2007-10-12 23:15:00,2007 October 12,23:15:00,2007,October,Friday,10:01 pm to 2:00 am,23.0,0,Night,Fall,3801,4049,3G,3G13E,23152(a),23152(a-g),Driving under influence of alcohol and/or drugs,AA,Vehicle(s) Only Involved,27329,2,29,57584,3
37883,57028,210865606.0,2021-12-31 17:48:00,2021 December 31,17:48:00,2021,December,Friday,2:01 pm to 6:00 pm,17.0,0,Evening,Winter,3801,307,Ingleside,3H13D,22107,22107,Unsafe turn or lane change prohibited,AA,Vehicle(s) Only Involved,27330,2,3,57659,1
37884,57688,220194796.0,2022-03-24 20:28:00,2022 March 24,20:28:00,2022,March,Thursday,6:01 pm to 10:00 pm,20.0,0,Evening,Spring,3801,1503,Southern,3B106,22107,22107,Unsafe turn or lane change prohibited,AA,Vehicle(s) Only Involved,24871,2,3,57603,2
37885,13237,6058862.0,2012-03-22 15:10:00,2012 March 22,15:10:00,2012,March,Thursday,2:01 pm to 6:00 pm,15.0,0,Afternoon,Spring,3801,000769,SOUTH,,21703,21703,Following too closely prohibited,CC,Vehicle-Bicycle,27331,2,1,57639,2
37886,50373,190884411.0,2019-11-22 12:00:00,2019 November 22,12:00:00,2019,November,Friday,10:01 am to 2:00 pm,12.0,0,Afternoon,Fall,3801,719,Central,3A61,22517,22517,Opening door on traffic side when unsafe,CC,Vehicle-Bicycle,27332,2,2,57088,2