collision_id,unique_id,case_id_pkey,collision_datetime,collision_date,collision_time,accident_year,month,day_of_week,time_cat,hour_of_day,is_weekend,time_of_day,season,juris,officer_id,reporting_district,beat_number,vz_pcf_code,vz_pcf_group,vz_pcf_description,dph_col_grp,dph_col_grp_description,location_id,weather_id,road_id,party_id,severity_id
37887,6583,2657260.0,2006-05-29 22:50:00,2006 May 29,22:50:00,2006,May,Monday,10:01 pm to 2:00 am,22.0,0,Night,Spring,3801,000391,MISSI,3D140,22350,22350,Unsafe speed for prevailing conditions,AA,Vehicle(s) Only Involved,27333,2,12,57607,8
37888,50412,190928906.0,2019-12-10 09:06:00,2019 December 10,09:06:00,2019,December,Tuesday,6:01 am to 10:00 am,9.0,0,Morning,Winter,3801,1463,Park,F2,22106,22106,Unsafe starting or backing on highway,AA,Vehicle(s) Only Involved,27334,1,2,57496,4
37889,87558,240745987.0,2024-12-02 13:35:00,2024 December 02,13:35:00,2024,December,Monday,10:01 am to 2:00 pm,13.0,0,Afternoon,Winter,3801,#1500,Central,3A14A,22107,22107,Unsafe turn or lane change prohibited,AA,Vehicle(s) Only Involved,27335,2,2,57128,1
37890,26960,3723455.0,2008-02-23 18:00:00,2008 February 23,18:00:00,2008,February,Saturday,2:01 pm to 6:00 pm,18.0,1,Evening,Winter,3801,1698,B,8B1D,21950(a),"21950(a,c)",Driver or bicyclist to yield right-of-way at crosswalks,BB,Vehicle-Pedestrian,29074,7,13,57649,1
37891,45056,161018277.0,2016-12-15 18:50:00,2016 December 15,18:50:00,2016,December,Thursday,6:01 pm to 10:00 pm,18.0,0,Evening,Winter,3801,2245,RICHMOND,3G12D,21658(a),"21658(a,b)",Lane straddling or failure to use specified lanes,AA,Vehicle(s) Only Involved,27337,4,13,57660,1
37892,42114,5398345.0,2011-10-27 15:30:00,2011 October 27,15:30:00,2011,October,Thursday,2:01 pm to 6:00 pm,15.0,0,Afternoon,Fall,3801,131,PARK,3F2D,21754,21754,Improper passing on right prohibited,AA,Vehicle(s) Only Involved,27338,2,2,57660,2
37893,58140,220363656.0,2022-06-03 11:50:00,2022 June 03,11:50:00,2022,June,Friday,10:01 am to 2:00 pm,11.0,0,Morning,Summer,3801,1250,Southern,3B12A,21657,21657,Going against one-way traffic patterns,CC,Vehicle-Bicycle,27339,2,2,57319,2
37894,54034,200648161.0,2020-10-27 11:35:00,2020 October 27,11:35:00,2020,October,Tuesday,10:01 am to 2:00 pm,11.0,0,Morning,Fall,3801,392,Mission,3D14A,21453(a),"21453(a,c)",Red signal - driver or bicyclist responsibilities,AA,Vehicle(s) Only Involved,27340,2,1,57659,3
37895,2035,3704831.0,2008-02-12 20:18:00,2008 February 12,20:18:00,2008,February,Tuesday,6:01 pm to 10:00 pm,20.0,0,Evening,Winter,3801,1245,H,0H3,22106,22106,Unsafe starting or backing on highway,AA,Vehicle(s) Only Involved,14869,2,3,57660,1
37896,36860,3767422.0,2008-05-22 20:12:00,2008 May 22,20:12:00,2008,May,Thursday,6:01 pm to 10:00 pm,20.0,0,Evening,Spring,3801,001324,TARAV,3I61,21650,21650,Failure to keep to right side of road,AA,Vehicle(s) Only Involved,27341,2,33,57406,1
37897,15564,3747546.0,2008-04-15 08:56:00,2008 April 15,08:56:00,2008,April,Tuesday,6:01 am to 10:00 am,8.0,0,Morning,Spring,3801,108,,,22107,22107,Unsafe turn or lane change prohibited,CC,Vehicle-Bicycle,27342,2,2,56230,1
37898,26607,130376105.0,2013-05-08 06:45:00,2013 May 08,06:45:00,2013,May,Wednesday,6:01 am to 10:00 am,6.0,0,Morning,Spring,3801,1794,SOUTHERN,3B60,Unknown,Unknown,Unknown,AA,Vehicle(s) Only Involved,4400,1,1,57585,1
37899,16204,130608077.0,2013-07-24 07:25:00,2013 July 24,07:25:00,2013,July,Wednesday,6:01 am to 10:00 am,7.0,0,Morning,Summer,3801,1794,SOUTHERN,3B60,21755(a),21755(a),Unsafe passing on right shoulder,CC,Vehicle-Bicycle,5804,2,1,57655,2
37900,53256,200429466.0,2020-07-18 10:00:00,2020 July 18,10:00:00,2020,July,Saturday,6:01 am to 10:00 am,10.0,1,Morning,Summer,3801,2348,Ingleside,3H16A,22450(a),22450(a),Failure to stop at STOP sign,AA,Vehicle(s) Only Involved,27343,2,2,57237,2
37901,55368,210282624.0,2021-05-08 16:07:00,2021 May 08,16:07:00,2021,May,Saturday,2:01 pm to 6:00 pm,16.0,1,Afternoon,Spring,3801,1332,Southern,5C,21950(a),"21950(a,c)",Driver or bicyclist to yield right-of-way at crosswalks,BB,Vehicle-Pedestrian,22154,2,2,57454,1
37902,54185,200689143.0,2020-11-14 20:43:00,2020 November 14,20:43:00,2020,November,Saturday,6:01 pm to 10:00 pm,20.0,1,Evening,Fall,3801,1803,Tenderloin,3J13D,Unknown,Unknown,Unknown,BB,Vehicle-Pedestrian,19684,2,12,57566,2
37903,4776,3697977.0,2008-03-17 12:45:00,2008 March 17,12:45:00,2008,March,Monday,10:01 am to 2:00 pm,12.0,0,Afternoon,Spring,3801,649,INGLE,4B2H,22350,22350,Unsafe speed for prevailing conditions,AA,Vehicle(s) Only Involved,27344,2,1,57607,9
37904,43395,5107206.0,2011-03-01 04:40:00,2011 March 01,04:40:00,2011,March,Tuesday,2:01 am to 6:00 am,4.0,0,Night,Spring,3801,654,RICHM,0G3,Unknown,Unknown,Unknown,FF,Bicycle Only,27345,2,12,57524,1
37905,87127,240712895.0,2024-11-14 16:19:00,2024 November 14,16:19:00,2024,November,Thursday,2:01 pm to 6:00 pm,16.0,0,Afternoon,Fall,3801,1857,Southern,5,Other improper driving,Not Stated,Not Stated,FF,Bicycle Only,27346,2,2,57524,2
37906,47048,190333418.0,2019-05-09 20:11:00,2019 May 09,20:11:00,2019,May,Thursday,6:01 pm to 10:00 pm,20.0,0,Evening,Spring,3801,2244,Tenderloin,3J12D,21954(a),21954(a),Pedestrians must yield right-of-way outside of crosswalks,BB,Vehicle-Pedestrian,27347,2,12,56779,2
37907,56575,210796669.0,2021-12-02 19:34:00,2021 December 02,19:34:00,2021,December,Thursday,6:01 pm to 10:00 pm,19.0,0,Evening,Winter,3801,2268,Ingleside,INGLESIDE,21950(b),21950(b),Pedestrian suddenly entering into vehicle path close enough to create an immediate hazard,BB,Vehicle-Pedestrian,27348,2,3,57123,2
37908,54960,210188549.0,2021-03-26 12:55:00,2021 March 26,12:55:00,2021,March,Friday,10:01 am to 2:00 pm,12.0,0,Afternoon,Spring,3801,2495,Bayview,3C15A,21651(b),21651(b),Wrong way driving,AA,Vehicle(s) Only Involved,27349,2,1,57659,1
37909,30275,130366253.0,2013-05-04 23:46:00,2013 May 04,23:46:00,2013,May,Saturday,10:01 pm to 2:00 am,23.0,1,Night,Spring,3801,2159,CO E,3E130,21755(a),21755(a),Unsafe passing on right shoulder,EE,Bicycle-Parked Car,27350,2,12,51996,1
37910,58919,220651194.0,2022-09-23 11:40:00,2022 September 23,11:40:00,2022,September,Friday,10:01 am to 2:00 pm,11.0,0,Morning,Fall,3801,723,Tenderloin,3J13A,21651(b),21651(b),Wrong way driving,AA,Vehicle(s) Only Involved,27351,2,2,57467,1
37911,26302,130489225.0,2013-06-14 10:24:00,2013 June 14,10:24:00,2013,June,Friday,10:01 am to 2:00 pm,10.0,0,Morning,Summer,3801,4111,CENTRAL,3B60,Unknown,Unknown,Unknown,AA,Vehicle(s) Only Involved,35735,2,1,57659,1
37912,58824,220545406.0,2022-08-14 22:08:00,2022 August 14,22:08:00,2022,August,Sunday,10:01 pm to 2:00 am,22.0,1,Night,Summer,3801,1480,Mission,3D15E,21453(a),"21453(a,c)",Red signal - driver or bicyclist responsibilities,AA,Vehicle(s) Only Involved,29728,2,21,57659,10
37913,19140,3749182.0,2008-05-22 08:40:00,2008 May 22,08:40:00,2008,May,Thursday,6:01 am to 10:00 am,8.0,0,Morning,Spring,3801,779,NORTH,3E62,22100(b),"22100(a,b)",Turn at intersection from wrong position,AA,Vehicle(s) Only Involved,39882,2,44,57660,1
37914,39386,3732502.0,2008-03-04 07:20:00,2008 March 04,07:20:00,2008,March,Tuesday,6:01 am to 10:00 am,7.0,0,Morning,Spring,3801,1629,TARAV,3I2,Unknown,Unknown,Unknown,AA,Vehicle(s) Only Involved,27352,2,1,57557,8
37915,52383,200151619.0,2020-02-29 01:05:00,2020 February 29,01:05:00,2020,February,Saturday,10:01 pm to 2:00 am,1.0,1,Night,Winter,3801,784,Southern,3B11E,21453(a),"21453(a,c)",Red signal - driver or bicyclist responsibilities,AA,Vehicle(s) Only Involved,27353,2,3,57659,14
37916,23224,3723357.0,2008-03-25 09:28:00,2008 March 25,09:28:00,2008,March,Tuesday,6:01 am to 10:00 am,9.0,0,Morning,Spring,3801,1149,,4B2B,21453(a),"21453(a,c)",Red signal - driver or bicyclist responsibilities,AA,Vehicle(s) Only Involved,36570,2,1,57585,12
37917,52967,200330277.0,2020-06-01 21:32:00,2020 June 01,21:32:00,2020,June,Monday,6:01 pm to 10:00 pm,21.0,0,Night,Summer,3801,2181,Bayview,3C12D,21658(a),"21658(a,b)",Lane straddling or failure to use specified lanes,AA,Vehicle(s) Only Involved,27354,1,12,57654,1
37918,33795,2830866.0,2006-10-07 23:20:00,2006 October 07,23:20:00,2006,October,Saturday,10:01 pm to 2:00 am,23.0,1,Night,Fall,3801,214,,3A3,21453(a),"21453(a,c)",Red signal - driver or bicyclist responsibilities,CC,Vehicle-Bicycle,36248,2,3,57561,2
37919,53459,200522656.0,2020-08-30 21:40:00,2020 August 30,21:40:00,2020,August,Sunday,6:01 pm to 10:00 pm,21.0,1,Night,Summer,3801,1237,Central,3A14E,22107,22107,Unsafe turn or lane change prohibited,AA,Vehicle(s) Only Involved,27355,2,12,57660,8
37920,51997,190864184.0,2019-11-15 07:52:00,2019 November 15,07:52:00,2019,November,Friday,6:01 am to 10:00 am,7.0,0,Morning,Fall,3801,2368,Southern,3B12A,21950(a),"21950(a,c)",Driver or bicyclist to yield right-of-way at crosswalks,BB,Vehicle-Pedestrian,19968,2,2,57649,4
37921,655,2110367.0,2005-06-20 01:55:00,2005 June 20,01:55:00,2005,June,Monday,10:01 pm to 2:00 am,1.0,0,Night,Summer,3801,1149,COC,4B7D,22350,22350,Unsafe speed for prevailing conditions,AA,Vehicle(s) Only Involved,27356,2,12,57576,4
37922,56806,210736035.0,2021-11-08 17:53:00,2021 November 08,17:53:00,2021,November,Monday,2:01 pm to 6:00 pm,17.0,0,Evening,Fall,3801,4047,Mission,3D11D,21703,21703,Following too closely prohibited,AA,Vehicle(s) Only Involved,27357,4,13,57658,8
37923,29941,2484818.0,2005-11-07 23:23:00,2005 November 07,23:23:00,2005,November,Monday,10:01 pm to 2:00 am,23.0,0,Night,Fall,3801,001709,,3E11E,"21803(a,b)","21803(a,b)",Violation of Yield sign,AA,Vehicle(s) Only Involved,9108,4,13,57659,2
37924,50414,190930406.0,2019-12-10 19:16:00,2019 December 10,19:16:00,2019,December,Tuesday,6:01 pm to 10:00 pm,19.0,0,Evening,Winter,3801,2161,Mission,3D12D,21950(a),"21950(a,c)",Driver or bicyclist to yield right-of-way at crosswalks,BB,Vehicle-Pedestrian,4560,4,13,57649,1
37925,58424,220240264.0,2022-04-13 17:19:00,2022 April 13,17:19:00,2022,April,Wednesday,2:01 pm to 6:00 pm,17.0,0,Evening,Spring,3801,4314,Richmond,G5,Unknown,Unknown,Unknown,AA,Vehicle(s) Only Involved,27358,11,2,57274,1
37926,32776,2159968.0,2005-07-23 00:40:00,2005 July 23,00:40:00,2005,July,Saturday,10:01 pm to 2:00 am,0.0,1,Night,Summer,3801,1384,3E,4B7G,21801(a),"21801(a,b)",Violation of right-of-way - left turn,AA,Vehicle(s) Only Involved,35457,2,3,36270,2
37927,53952,200625595.0,2020-10-17 00:17:00,2020 October 17,00:17:00,2020,October,Saturday,10:01 pm to 2:00 am,0.0,1,Night,Fall,3801,483,Mission,5,21703,21703,Following too closely prohibited,AA,Vehicle(s) Only Involved,27359,2,12,57658,1
37928,55787,210535956.0,2021-08-21 19:20:00,2021 August 21,19:20:00,2021,August,Saturday,6:01 pm to 10:00 pm,19.0,1,Evening,Summer,3801,2733,Southern,B3,23152(a),23152(a-g),Driving under influence of alcohol and/or drugs,AA,Vehicle(s) Only Involved,22633,2,33,57658,8
37929,55145,210221854.0,2021-04-10 15:08:00,2021 April 10,15:08:00,2021,April,Saturday,2:01 pm to 6:00 pm,15.0,1,Afternoon,Spring,3801,1332,Southern,1,22100(a),"22100(a,b)",Turn at intersection from wrong position,CC,Vehicle-Bicycle,20894,2,1,57581,1
37930,21889,140823146.0,2014-09-30 05:53:00,2014 September 30,05:53:00,2014,September,Tuesday,2:01 am to 6:00 am,5.0,0,Morning,Fall,3801,1486,3801,,21453(a),"21453(a,c)",Red signal - driver or bicyclist responsibilities,AA,Vehicle(s) Only Involved,9060,2,33,57659,14
37931,24749,4739604.0,2010-06-09 20:37:00,2010 June 09,20:37:00,2010,June,Wednesday,6:01 pm to 10:00 pm,20.0,0,Evening,Summer,3801,4229,,,12500(a),12500(a),Unlawful to drive unless licensed,AA,Vehicle(s) Only Involved,27360,2,12,57607,2
37932,44593,130520772.0,2013-06-25 09:28:00,2013 June 25,09:28:00,2013,June,Tuesday,6:01 am to 10:00 am,9.0,0,Morning,Summer,3801,191,RICHMOND,4B1G,21453(a),"21453(a,c)",Red signal - driver or bicyclist responsibilities,AA,Vehicle(s) Only Involved,8677,4,16,57659,2
37933,26489,2394296.0,2005-11-22 22:51:00,2005 November 22,22:51:00,2005,November,Tuesday,10:01 pm to 2:00 am,22.0,0,Night,Fall,3801,57,3A11E,,22350,22350,Unsafe speed for prevailing conditions,AA,Vehicle(s) Only Involved,27361,2,12,57475,2
37934,49852,190918747.0,2019-12-06 10:30:00,2019 December 06,10:30:00,2019,December,Friday,10:01 am to 2:00 pm,10.0,0,Morning,Winter,3801,574,Mission,3D90,22517,22517,Opening door on traffic side when unsafe,AA,Vehicle(s) Only Involved,27362,2,2,57450,2
37935,54222,200699324.0,2020-11-19 12:35:00,2020 November 19,12:35:00,2020,November,Thursday,10:01 am to 2:00 pm,12.0,0,Afternoon,Fall,3801,1377,Ingleside,3H16C,22350,22350,Unsafe speed for prevailing conditions,AA,Vehicle(s) Only Involved,27363,2,2,57607,2
37936,57951,220267531.0,2022-04-24 10:41:00,2022 April 24,10:41:00,2022,April,Sunday,10:01 am to 2:00 pm,10.0,1,Morning,Spring,3801,2402,Taraval,3I15A,21453(a),"21453(a,c)",Red signal - driver or bicyclist responsibilities,AA,Vehicle(s) Only Involved,34662,2,1,57659,1
37937,52352,200129860.0,2020-02-20 20:04:00,2020 February 20,20:04:00,2020,February,Thursday,6:01 pm to 10:00 pm,20.0,0,Evening,Winter,3801,2342,Northern,3E16D,21954(a),21954(a),Pedestrians must yield right-of-way outside of crosswalks,BB,Vehicle-Pedestrian,27365,2,12,57123,1
37938,49360,190886473.0,2019-11-23 03:24:00,2019 November 23,03:24:00,2019,November,Saturday,2:01 am to 6:00 am,3.0,1,Night,Fall,3801,293,Park,3F13E,21453(a),"21453(a,c)",Red signal - driver or bicyclist responsibilities,AA,Vehicle(s) Only Involved,24195,2,3,57659,2
37939,44947,140230814.0,2014-03-18 18:20:00,2014 March 18,18:20:00,2014,March,Tuesday,6:01 pm to 10:00 pm,18.0,0,Evening,Spring,3801,868,RICHMOND,4K8G,21950(a),"21950(a,c)",Driver or bicyclist to yield right-of-way at crosswalks,BB,Vehicle-Pedestrian,18239,2,1,57649,2
37940,85362,240193483.0,2024-03-26 22:13:00,2024 March 26,22:13:00,2024,March,Tuesday,10:01 pm to 2:00 am,22.0,0,Night,Spring,3801,2030,Taraval,2 Car,21453(a),"21453(a,c)",Red signal - driver or bicyclist responsibilities,AA,Vehicle(s) Only Involved,27366,2,3,57659,3
37941,54153,200680561.0,2020-11-11 01:24:00,2020 November 11,01:24:00,2020,November,Wednesday,10:01 pm to 2:00 am,1.0,0,Night,Fall,3801,1150,Park,3F13E,22350,22350,Unsafe speed for prevailing conditions,AA,Vehicle(s) Only Involved,27367,2,13,57656,1
37942,54225,200699722.0,2020-11-19 15:39:00,2020 November 19,15:39:00,2020,November,Thursday,2:01 pm to 6:00 pm,15.0,0,Afternoon,Fall,3801,398,Central,3A11C,22107,22107,Unsafe turn or lane change prohibited,AA,Vehicle(s) Only Involved,27368,2,1,57660,1
37943,3692,3717117.0,2008-02-26 16:41:00,2008 February 26,16:41:00,2008,February,Tuesday,2:01 pm to 6:00 pm,16.0,0,Afternoon,Winter,3801,1631,BAYVI,3C13D,22350,22350,Unsafe speed for prevailing conditions,AA,Vehicle(s) Only Involved,27369,2,2,57658,1
37944,81810,230238099.0,2023-04-06 08:24:00,2023 April 06,08:24:00,2023,April,Thursday,6:01 am to 10:00 am,8.0,0,Morning,Spring,3801,891,Park,3F14A,22350,22350,Unsafe speed for prevailing conditions,EE,Bicycle-Parked Car,27370,2,2,57302,1
37945,58270,220264305.0,2022-04-22 19:50:00,2022 April 22,19:50:00,2022,April,Friday,6:01 pm to 10:00 pm,19.0,0,Evening,Spring,3801,2239,Ingleside,3H11D,21703,21703,Following too closely prohibited,CC,Vehicle-Bicycle,27371,2,30,40161,4
37946,29447,2395878.0,2005-11-05 22:30:00,2005 November 05,22:30:00,2005,November,Saturday,10:01 pm to 2:00 am,22.0,1,Night,Fall,3801,2041,NORTH,3E13E,23152(a),23152(a-g),Driving under influence of alcohol and/or drugs,AA,Vehicle(s) Only Involved,27372,2,12,57658,1
37947,86589,240588527.0,2024-09-18 20:21:00,2024 September 18,20:21:00,2024,September,Wednesday,6:01 pm to 10:00 pm,20.0,0,Evening,Fall,3801,2706,Mission,3D16D,21453(a),"21453(a,c)",Red signal - driver or bicyclist responsibilities,AA,Vehicle(s) Only Involved,34481,2,42,57191,11
37948,59140,220579364.0,2022-08-27 14:27:00,2022 August 27,14:27:00,2022,August,Saturday,2:01 pm to 6:00 pm,14.0,1,Afternoon,Summer,3801,2328,Bayview,901,22107,22107,Unsafe turn or lane change prohibited,AA,Vehicle(s) Only Involved,27374,2,1,57660,3
37949,10214,140031929.0,2014-01-11 22:48:00,2014 January 11,22:48:00,2014,January,Saturday,10:01 pm to 2:00 am,22.0,1,Night,Winter,3801,310,MISSION,D14,21953,21953,Pedestrian must use tunnel or overhead crossing,BB,Vehicle-Pedestrian,27375,2,3,57622,1
37950,57137,210379083.0,2021-06-17 19:25:00,2021 June 17,19:25:00,2021,June,Thursday,6:01 pm to 10:00 pm,19.0,0,Evening,Summer,3801,257,Tenderloin,3J12D,22350,22350,Unsafe speed for prevailing conditions,BB,Vehicle-Pedestrian,27376,2,1,57649,4
37951,59000,220466818.0,2022-07-14 22:23:00,2022 July 14,22:23:00,2022,July,Thursday,10:01 pm to 2:00 am,22.0,0,Night,Summer,3801,1216,Northern,3E15E,21453(a),"21453(a,c)",Red signal - driver or bicyclist responsibilities,AA,Vehicle(s) Only Involved,27540,2,3,57585,1
37952,49764,190736044.0,2019-10-01 10:10:00,2019 October 01,10:10:00,2019,October,Tuesday,10:01 am to 2:00 pm,10.0,0,Morning,Fall,3801,516,Ingleside,3H70,21804(a),"21804(a,b)",Entering highway from alley or driveway,AA,Vehicle(s) Only Involved,27378,2,161,57237,1
37953,58894,220620763.0,2022-09-11 23:38:00,2022 September 11,23:38:00,2022,September,Sunday,10:01 pm to 2:00 am,23.0,1,Night,Fall,3801,#1184,Mission,3D11E,23123(a),23123(a),Using a wireless telephone not configured for hands-free use,AA,Vehicle(s) Only Involved,27379,2,3,57658,8
37954,57083,210793740.0,2021-12-01 18:03:00,2021 December 01,18:03:00,2021,December,Wednesday,6:01 pm to 10:00 pm,18.0,0,Evening,Winter,3801,1878,Mission,D6,21801(a),"21801(a,b)",Violation of right-of-way - left turn,AA,Vehicle(s) Only Involved,27380,2,65,57636,1
37955,33794,2661431.0,2006-05-01 22:10:00,2006 May 01,22:10:00,2006,May,Monday,10:01 pm to 2:00 am,22.0,0,Night,Spring,3801,1285,CENTR,3A3E,21950(a),"21950(a,c)",Driver or bicyclist to yield right-of-way at crosswalks,BB,Vehicle-Pedestrian,36248,2,3,57649,1
37956,54093,200661721.0,2020-11-02 15:51:00,2020 November 02,15:51:00,2020,November,Monday,2:01 pm to 6:00 pm,15.0,0,Afternoon,Fall,3801,1398,Traffic,4B4J,21708,21708,Running over unprotected fire or chemical hose prohibited,BB,Vehicle-Pedestrian,27381,2,43,56363,4
37957,57472,220103866.0,2022-02-15 08:44:00,2022 February 15,08:44:00,2022,February,Tuesday,6:01 am to 10:00 am,8.0,0,Morning,Winter,3801,2039,Taraval,3I15A,21453(a),"21453(a,c)",Red signal - driver or bicyclist responsibilities,AA,Vehicle(s) Only Involved,4500,2,1,57659,1
37958,57946,220265381.0,2022-04-23 12:49:00,2022 April 23,12:49:00,2022,April,Saturday,10:01 am to 2:00 pm,12.0,1,Afternoon,Spring,3801,A20952,Ingleside,3H11A,22450(a),22450(a),Failure to stop at STOP sign,CC,Vehicle-Bicycle,27382,2,1,57502,1
37959,85900,240375534.0,2024-06-15 22:30:00,2024 June 15,22:30:00,2024,June,Saturday,10:01 pm to 2:00 am,22.0,1,Night,Summer,3801,1688,Bayview,3C15E,22450(a),22450(a),Failure to stop at STOP sign,AA,Vehicle(s) Only Involved,27383,2,2,57585,1
37960,86134,240454229.0,2024-07-20 22:51:00,2024 July 20,22:51:00,2024,July,Saturday,10:01 pm to 2:00 am,22.0,1,Night,Summer,3801,4310,Southern,3B12E,21703,21703,Following too closely prohibited,AA,Vehicle(s) Only Involved,26591,2,3,57658,1
37961,54330,200738869.0,2020-12-07 18:20:00,2020 December 07,18:20:00,2020,December,Monday,6:01 pm to 10:00 pm,18.0,0,Evening,Winter,3801,1066,Northern,,21950(a),"21950(a,c)",Driver or bicyclist to yield right-of-way at crosswalks,BB,Vehicle-Pedestrian,37756,2,3,57649,1
37962,42893,170912606.0,2017-11-08 17:06:00,2017 November 08,17:06:00,2017,November,Wednesday,2:01 pm to 6:00 pm,17.0,0,Evening,Fall,3801,268,RICHMOND,3G13D,21703,21703,Following too closely prohibited,BB,Vehicle-Pedestrian,10316,1,105,57636,2
37963,54132,200673243.0,2020-11-07 14:18:00,2020 November 07,14:18:00,2020,November,Saturday,2:01 pm to 6:00 pm,14.0,1,Afternoon,Fall,3801,4286,Richmond,G5,21802(a),"21802(a,b)",Violation of right-of-way - entering through highway,AA,Vehicle(s) Only Involved,27384,2,1,57659,14
37964,27154,3727750.0,2008-04-04 15:35:00,2008 April 04,15:35:00,2008,April,Friday,2:01 pm to 6:00 pm,15.0,0,Afternoon,Spring,3801,671,CENTR,4B1A,Unknown,Unknown,Unknown,CC,Vehicle-Bicycle,27385,2,1,57468,1
37965,18901,170335387.0,2017-04-24 10:45:00,2017 April 24,10:45:00,2017,April,Monday,10:01 am to 2:00 pm,10.0,0,Morning,Spring,3801,573,NORTHERN,4B2F,Other than driver,Not Stated,Not Stated,AA,Vehicle(s) Only Involved,27386,14,2,57603,2
37966,55733,210517277.0,2021-08-13 23:10:00,2021 August 13,23:10:00,2021,August,Friday,10:01 pm to 2:00 am,23.0,0,Night,Summer,3801,2357,Richmond,3G13E,22350,22350,Unsafe speed for prevailing conditions,EE,Bicycle-Parked Car,27387,2,12,57302,2
37967,86818,240638837.0,2024-10-10 15:20:00,2024 October 10,15:20:00,2024,October,Thursday,2:01 pm to 6:00 pm,15.0,0,Afternoon,Fall,3801,1994,Traffic,4B3C,21453(a),"21453(a,c)",Red signal - driver or bicyclist responsibilities,AA,Vehicle(s) Only Involved,23647,2,1,57659,1
37968,87004,240686751.0,2024-11-01 16:45:00,2024 November 01,16:45:00,2024,November,Friday,2:01 pm to 6:00 pm,16.0,0,Afternoon,Fall,3801,986,Taraval,3I13D,23153(a),23153(a-g),Driving under influence causing injury,AA,Vehicle(s) Only Involved,27388,2,2,57660,2
37969,55082,210206414.0,2021-04-03 13:08:00,2021 April 03,13:08:00,2021,April,Saturday,10:01 am to 2:00 pm,13.0,1,Afternoon,Spring,3801,845,Traffic,4B2D,21954(a),21954(a),Pedestrians must yield right-of-way outside of crosswalks,BB,Vehicle-Pedestrian,27389,2,1,57622,9
37970,35253,3613900.0,2008-01-09 16:23:00,2008 January 09,16:23:00,2008,January,Wednesday,2:01 pm to 6:00 pm,16.0,0,Afternoon,Winter,3801,100,COE,3E15D,21451(a),"21451(a,b)",Green signal - driver or bicyclist responsibilities,AA,Vehicle(s) Only Involved,27390,2,1,57237,2
37971,26562,2841816.0,2006-10-13 23:10:00,2006 October 13,23:10:00,2006,October,Friday,10:01 pm to 2:00 am,23.0,0,Night,Fall,3801,4063,COB,3B5,22350,22350,Unsafe speed for prevailing conditions,AA,Vehicle(s) Only Involved,38897,2,3,57658,8
37972,53125,200380216.0,2020-06-24 23:27:00,2020 June 24,23:27:00,2020,June,Wednesday,10:01 pm to 2:00 am,23.0,0,Night,Summer,3801,2457,Southern,3B14E,21453(d),21453(d),Red signal - pedestrian responsibilities,BB,Vehicle-Pedestrian,24154,2,3,57622,1
37973,233,171016437.0,2017-12-16 15:39:00,2017 December 16,15:39:00,2017,December,Saturday,2:01 pm to 6:00 pm,15.0,1,Afternoon,Winter,3801,,INGLESIDE,H6,21456(b),"21456(a,b)",Pedestrian violation of walk or wait signals,BB,Vehicle-Pedestrian,30969,2,1,57622,2
37974,55632,210372338.0,2021-06-15 11:22:00,2021 June 15,11:22:00,2021,June,Tuesday,10:01 am to 2:00 pm,11.0,0,Morning,Summer,3801,1987,Central,3A13C,21703,21703,Following too closely prohibited,AA,Vehicle(s) Only Involved,27391,2,1,57658,1
37975,10039,3733886.0,2008-04-25 14:37:00,2008 April 25,14:37:00,2008,April,Friday,2:01 pm to 6:00 pm,14.0,0,Afternoon,Spring,3801,175,,03D,21804(a),"21804(a,b)",Entering highway from alley or driveway,AA,Vehicle(s) Only Involved,34399,2,2,57659,3
37976,53819,200591463.0,2020-10-01 14:57:00,2020 October 01,14:57:00,2020,October,Thursday,2:01 pm to 6:00 pm,14.0,0,Afternoon,Fall,3801,1912,Tenderloin,,21453(d),21453(d),Red signal - pedestrian responsibilities,BB,Vehicle-Pedestrian,27392,2,1,57622,2
37977,86943,240671081.0,2024-10-25 10:13:00,2024 October 25,10:13:00,2024,October,Friday,10:01 am to 2:00 pm,10.0,0,Morning,Fall,3801,830,Mission,3D15A,21453(a),"21453(a,c)",Red signal - driver or bicyclist responsibilities,CC,Vehicle-Bicycle,27393,2,1,57621,1
37978,39620,3748531.0,2008-05-01 13:48:00,2008 May 01,13:48:00,2008,May,Thursday,10:01 am to 2:00 pm,13.0,0,Afternoon,Spring,3801,1484,TARAV,3I61,21658(a),"21658(a,b)",Lane straddling or failure to use specified lanes,AA,Vehicle(s) Only Involved,27394,2,2,57660,1
37979,55901,210592508.0,2021-09-13 11:15:00,2021 September 13,11:15:00,2021,September,Monday,10:01 am to 2:00 pm,11.0,0,Morning,Fall,3801,4314,Richmond,G2,21950(a),"21950(a,c)",Driver or bicyclist to yield right-of-way at crosswalks,BB,Vehicle-Pedestrian,27395,2,1,57649,1
37980,1079,3728671.0,2008-04-23 19:30:00,2008 April 23,19:30:00,2008,April,Wednesday,6:01 pm to 10:00 pm,19.0,0,Evening,Spring,3801,315,H,3H17,21802(a),"21802(a,b)",Violation of right-of-way - entering through highway,CC,Vehicle-Bicycle,27396,2,1,48086,2