collision_id,unique_id,case_id_pkey,collision_datetime,collision_date,collision_time,accident_year,month,day_of_week,time_cat,hour_of_day,is_weekend,time_of_day,season,juris,officer_id,reporting_district,beat_number,vz_pcf_code,vz_pcf_group,vz_pcf_description,dph_col_grp,dph_col_grp_description,location_id,weather_id,road_id,party_id,severity_id
37981,56304,210480743.0,2021-07-29 17:20:00,2021 July 29,17:20:00,2021,July,Thursday,2:01 pm to 6:00 pm,17.0,0,Evening,Summer,3801,386,Mission,3D14D,21453(a),"21453(a,c)",Red signal - driver or bicyclist responsibilities,AA,Vehicle(s) Only Involved,4420,2,1,57490,4
37982,78021,200064642.0,2020-01-26 15:39:00,2020 January 26,15:39:00,2020,January,Sunday,2:01 pm to 6:00 pm,15.0,1,Afternoon,Winter,3801,1113,Park,3F13D,22350,22350,Unsafe speed for prevailing conditions,AA,Vehicle(s) Only Involved,27397,2,2,57658,11
37983,55279,210361927.0,2021-06-10 20:03:00,2021 June 10,20:03:00,2021,June,Thursday,6:01 pm to 10:00 pm,20.0,0,Evening,Summer,3801,4178,Traffic,4B3A,23152(a),23152(a-g),Driving under influence of alcohol and/or drugs,AA,Vehicle(s) Only Involved,27398,2,33,57659,4
37984,58658,220539318.0,2022-08-12 10:40:00,2022 August 12,10:40:00,2022,August,Friday,10:01 am to 2:00 pm,10.0,0,Morning,Summer,3801,1513,Richmond,3G,21804(a),"21804(a,b)",Entering highway from alley or driveway,AA,Vehicle(s) Only Involved,38703,2,1,57659,8
37985,52638,200211332.0,2020-03-27 21:42:00,2020 March 27,21:42:00,2020,March,Friday,6:01 pm to 10:00 pm,21.0,0,Night,Spring,3801,2451,Mission,3D11E,22450(a),22450(a),Failure to stop at STOP sign,AA,Vehicle(s) Only Involved,2958,2,3,57659,2
37986,13648,2415126.0,2005-11-07 01:45:00,2005 November 07,01:45:00,2005,November,Monday,10:01 pm to 2:00 am,1.0,0,Night,Fall,3801,4175,MISSI,6CAR,21801(a),"21801(a,b)",Violation of right-of-way - left turn,AA,Vehicle(s) Only Involved,22595,2,3,57659,8
37987,81824,230246359.0,2023-04-09 14:16:00,2023 April 09,14:16:00,2023,April,Sunday,2:01 pm to 6:00 pm,14.0,1,Afternoon,Spring,3801,2401,Mission,3D44C,22450(a),22450(a),Failure to stop at STOP sign,AA,Vehicle(s) Only Involved,36358,2,1,57659,17
37988,58194,220420325.0,2022-06-26 21:06:00,2022 June 26,21:06:00,2022,June,Sunday,6:01 pm to 10:00 pm,21.0,1,Night,Summer,3801,276,Northern,3E13E,21955,21955,Crossing between controlled intersections (Jaywalking),BB,Vehicle-Pedestrian,29690,2,3,57622,4
37989,40020,3723310.0,2008-03-07 03:18:00,2008 March 07,03:18:00,2008,March,Friday,2:01 am to 6:00 am,3.0,0,Night,Spring,3801,002077,,,22350,22350,Unsafe speed for prevailing conditions,AA,Vehicle(s) Only Involved,27401,2,12,57408,1
37990,864,150685908.0,2015-08-07 03:56:00,2015 August 07,03:56:00,2015,August,Friday,2:01 am to 6:00 am,3.0,0,Night,Summer,3801,1372,INGLESIDE,3H15E,22350,22350,Unsafe speed for prevailing conditions,AA,Vehicle(s) Only Involved,37427,2,1,57607,2
37991,54848,210093108.0,2021-02-10 14:40:00,2021 February 10,14:40:00,2021,February,Wednesday,2:01 pm to 6:00 pm,14.0,0,Afternoon,Winter,3801,1499,Mission,3D00,22350,22350,Unsafe speed for prevailing conditions,AA,Vehicle(s) Only Involved,27402,2,1,57658,1
37992,57889,220243848.0,2022-04-14 09:37:00,2022 April 14,09:37:00,2022,April,Thursday,6:01 am to 10:00 am,9.0,0,Morning,Spring,3801,2124,Mission,,21950(a),"21950(a,c)",Driver or bicyclist to yield right-of-way at crosswalks,BB,Vehicle-Pedestrian,27403,7,16,57649,1
37993,56168,210425078.0,2021-07-06 15:40:00,2021 July 06,15:40:00,2021,July,Tuesday,2:01 pm to 6:00 pm,15.0,0,Afternoon,Summer,3801,4046,Ingleside,3H15C,22107,22107,Unsafe turn or lane change prohibited,AA,Vehicle(s) Only Involved,27404,1,2,57660,10
37994,45270,170914351.0,2017-11-09 10:05:00,2017 November 09,10:05:00,2017,November,Thursday,10:01 am to 2:00 pm,10.0,0,Morning,Fall,3801,379,RICHMOND,G4,22350,22350,Unsafe speed for prevailing conditions,AA,Vehicle(s) Only Involved,21703,2,1,57658,8
37995,56667,210798740.0,2021-12-03 17:23:00,2021 December 03,17:23:00,2021,December,Friday,2:01 pm to 6:00 pm,17.0,0,Evening,Winter,3801,2740,Central,A1,21950(a),"21950(a,c)",Driver or bicyclist to yield right-of-way at crosswalks,BB,Vehicle-Pedestrian,27405,2,33,57454,1
37996,57625,220174481.0,2022-03-16 15:20:00,2022 March 16,15:20:00,2022,March,Wednesday,2:01 pm to 6:00 pm,15.0,0,Afternoon,Spring,3801,4314,Richmond,G3,22106,22106,Unsafe starting or backing on highway,BB,Vehicle-Pedestrian,27406,2,2,57659,14
37997,56703,210661711.0,2021-10-10 19:55:00,2021 October 10,19:55:00,2021,October,Sunday,6:01 pm to 10:00 pm,19.0,1,Evening,Fall,3801,2379,Ingleside,3H15D,21801(a),"21801(a,b)",Violation of right-of-way - left turn,AA,Vehicle(s) Only Involved,2175,2,3,57237,1
37998,26145,130871199.0,2013-10-14 22:40:00,2013 October 14,22:40:00,2013,October,Monday,10:01 pm to 2:00 am,22.0,0,Night,Fall,3801,0803,TENDERLOIN,,21453(d),21453(d),Red signal - pedestrian responsibilities,BB,Vehicle-Pedestrian,10329,8,3,57622,2
37999,1647,2658781.0,2006-05-15 23:30:00,2006 May 15,23:30:00,2006,May,Monday,10:01 pm to 2:00 am,23.0,0,Night,Spring,3801,307,,4B8E,22450(a),22450(a),Failure to stop at STOP sign,AA,Vehicle(s) Only Involved,18004,2,3,57659,13
38000,52675,200203618.0,2020-03-23 07:21:00,2020 March 23,07:21:00,2020,March,Monday,6:01 am to 10:00 am,7.0,0,Morning,Spring,3801,1043,Traffic,4B2C,21657,21657,Going against one-way traffic patterns,AA,Vehicle(s) Only Involved,27407,1,1,57603,16
38001,53637,200586652.0,2020-09-29 14:28:00,2020 September 29,14:28:00,2020,September,Tuesday,2:01 pm to 6:00 pm,14.0,0,Afternoon,Fall,3801,2196,Northern,3E16A,21801(a),"21801(a,b)",Violation of right-of-way - left turn,CC,Vehicle-Bicycle,22763,2,1,57581,1
38002,53903,200612774.0,2020-10-11 11:00:00,2020 October 11,11:00:00,2020,October,Sunday,10:01 am to 2:00 pm,11.0,1,Morning,Fall,3801,494,Park,2F,21801(a),"21801(a,b)",Violation of right-of-way - left turn,AA,Vehicle(s) Only Involved,26667,2,2,57659,1
38003,27671,3717089.0,2008-02-01 16:45:00,2008 February 01,16:45:00,2008,February,Friday,2:01 pm to 6:00 pm,16.0,0,Afternoon,Winter,3801,349,CENTR,1CAR,23152(a),23152(a-g),Driving under influence of alcohol and/or drugs,AA,Vehicle(s) Only Involved,4540,2,1,57576,2
38004,56712,210667101.0,2021-10-12 17:01:00,2021 October 12,17:01:00,2021,October,Tuesday,2:01 pm to 6:00 pm,17.0,0,Evening,Fall,3801,273,Central,3A12D,21950(a),"21950(a,c)",Driver or bicyclist to yield right-of-way at crosswalks,BB,Vehicle-Pedestrian,27408,2,1,57649,1
38005,55859,210571483.0,2021-09-05 06:15:00,2021 September 05,06:15:00,2021,September,Sunday,6:01 am to 10:00 am,6.0,1,Morning,Fall,3801,4305,Northern,,21453(a),"21453(a,c)",Red signal - driver or bicyclist responsibilities,AA,Vehicle(s) Only Involved,26402,2,3,57659,1
38006,13469,180293521.0,2018-04-20 17:20:00,2018 April 20,17:20:00,2018,April,Friday,2:01 pm to 6:00 pm,17.0,0,Evening,Spring,3801,668,Southern,3B14D,21460(a),"21460(a,b)",Improper turns over double lines or solid lines to right prohibited,CC,Vehicle-Bicycle,27673,2,2,57614,1
38007,55366,210273485.0,2021-05-04 16:06:00,2021 May 04,16:06:00,2021,May,Tuesday,2:01 pm to 6:00 pm,16.0,0,Afternoon,Spring,3801,556,Southern,3B14D,21453(a),"21453(a,c)",Red signal - driver or bicyclist responsibilities,AA,Vehicle(s) Only Involved,25562,2,1,57659,1
38008,25124,150665342.0,2015-07-31 11:39:00,2015 July 31,11:39:00,2015,July,Friday,10:01 am to 2:00 pm,11.0,0,Morning,Summer,3801,1598,TENDERLION,901,21955,21955,Crossing between controlled intersections (Jaywalking),BB,Vehicle-Pedestrian,27410,2,1,57566,2
38009,53535,200542842.0,2020-09-09 11:10:00,2020 September 09,11:10:00,2020,September,Wednesday,10:01 am to 2:00 pm,11.0,0,Morning,Fall,3801,A23982,Mission,3D15A,22450(a),22450(a),Failure to stop at STOP sign,AA,Vehicle(s) Only Involved,23310,41,33,57659,1
38010,55222,210325729.0,2021-05-26 20:30:00,2021 May 26,20:30:00,2021,May,Wednesday,6:01 pm to 10:00 pm,20.0,0,Evening,Spring,3801,1244,Taraval,5,21453(a),"21453(a,c)",Red signal - driver or bicyclist responsibilities,AA,Vehicle(s) Only Involved,23420,2,3,57659,8
38011,37362,151013033.0,2015-11-21 02:16:00,2015 November 21,02:16:00,2015,November,Saturday,2:01 am to 6:00 am,2.0,1,Night,Fall,3801,974,TARAVAL,3I15E,23152(a),23152(a-g),Driving under influence of alcohol and/or drugs,AA,Vehicle(s) Only Involved,27411,1,3,57660,2
38012,56771,210702832.0,2021-10-26 18:39:00,2021 October 26,18:39:00,2021,October,Tuesday,6:01 pm to 10:00 pm,18.0,0,Evening,Fall,3801,1435,Traffic,4B4I,22101(d),22101(d),Violating special traffic control markers,AA,Vehicle(s) Only Involved,27412,2,42,57659,16
38013,55800,210543551.0,2021-08-24 23:58:00,2021 August 24,23:58:00,2021,August,Tuesday,10:01 pm to 2:00 am,23.0,0,Night,Summer,3801,2742,Tenderloin,J2,22350,22350,Unsafe speed for prevailing conditions,AA,Vehicle(s) Only Involved,27413,2,12,57658,1
38014,57765,220155550.0,2022-03-08 17:28:00,2022 March 08,17:28:00,2022,March,Tuesday,2:01 pm to 6:00 pm,17.0,0,Evening,Spring,3801,2359,Tenderloin,J4,38300,38300,"Unlawful to disobey specified sign, signal, or traffic control device",CC,Vehicle-Bicycle,27414,2,1,57633,2
38015,59171,220603753.0,2022-09-05 19:37:00,2022 September 05,19:37:00,2022,September,Monday,6:01 pm to 10:00 pm,19.0,0,Evening,Fall,3801,#301,Ingleside,3H15D,22350,22350,Unsafe speed for prevailing conditions,AA,Vehicle(s) Only Involved,27415,2,15,57584,8
38016,31633,3736600.0,2008-04-14 19:12:00,2008 April 14,19:12:00,2008,April,Monday,6:01 pm to 10:00 pm,19.0,0,Evening,Spring,3801,002089,RICHM,4B8B,21453(a),"21453(a,c)",Red signal - driver or bicyclist responsibilities,BB,Vehicle-Pedestrian,27416,2,33,57649,2
38017,50258,190759466.0,2019-10-09 08:42:00,2019 October 09,08:42:00,2019,October,Wednesday,6:01 am to 10:00 am,8.0,0,Morning,Fall,3801,859,Tenderloin,3J,22107,22107,Unsafe turn or lane change prohibited,AA,Vehicle(s) Only Involved,27417,2,2,57659,2
38018,57695,220199382.0,2022-03-26 19:30:00,2022 March 26,19:30:00,2022,March,Saturday,6:01 pm to 10:00 pm,19.0,1,Evening,Spring,3801,4046,Ingleside,3H15D,21751,21751,Passing without sufficient clearance,AA,Vehicle(s) Only Involved,415,2,33,57490,2
38019,57508,220124630.0,2022-02-23 23:08:00,2022 February 23,23:08:00,2022,February,Wednesday,10:01 pm to 2:00 am,23.0,0,Night,Winter,3801,1150,Park,F3,22350,22350,Unsafe speed for prevailing conditions,AA,Vehicle(s) Only Involved,27418,2,3,57654,3
38020,42796,3724705.0,2008-03-12 17:28:00,2008 March 12,17:28:00,2008,March,Wednesday,2:01 pm to 6:00 pm,17.0,0,Evening,Spring,3801,246,RICHM,4B6G,21801(a),"21801(a,b)",Violation of right-of-way - left turn,AA,Vehicle(s) Only Involved,38076,2,1,57659,3
38021,82490,230661848.0,2023-09-15 03:33:00,2023 September 15,03:33:00,2023,September,Friday,2:01 am to 6:00 am,3.0,0,Night,Fall,3801,2457,Southern,3B14E,22411,22411,Operating motorized scooter at speed in excess of 15MPH.,AA,Vehicle(s) Only Involved,36112,2,12,57137,1
38022,52836,200257988.0,2020-04-24 15:35:00,2020 April 24,15:35:00,2020,April,Friday,2:01 pm to 6:00 pm,15.0,0,Afternoon,Spring,3801,1736,Northern,3E2D,21801(a),"21801(a,b)",Violation of right-of-way - left turn,CC,Vehicle-Bicycle,11955,2,1,57581,2
38023,45161,160170030.0,2016-02-27 04:03:00,2016 February 27,04:03:00,2016,February,Saturday,2:01 am to 6:00 am,4.0,1,Night,Winter,3801,1355,RICHMOND,3G14E,22350,22350,Unsafe speed for prevailing conditions,AA,Vehicle(s) Only Involved,27420,2,12,57658,2
38024,53245,200421478.0,2020-07-14 14:10:00,2020 July 14,14:10:00,2020,July,Tuesday,2:01 pm to 6:00 pm,14.0,0,Afternoon,Summer,3801,#2117,Bayview,3C11A,22350,22350,Unsafe speed for prevailing conditions,AA,Vehicle(s) Only Involved,27421,2,1,57658,1
38025,14558,2267691.0,2005-09-07 23:54:00,2005 September 07,23:54:00,2005,September,Wednesday,10:01 pm to 2:00 am,23.0,0,Night,Fall,3801,173,3BSOU,3B15E,21453(a),"21453(a,c)",Red signal - driver or bicyclist responsibilities,CC,Vehicle-Bicycle,7683,2,3,57621,1
38026,85297,240177904.0,2024-03-20 09:51:00,2024 March 20,09:51:00,2024,March,Wednesday,6:01 am to 10:00 am,9.0,0,Morning,Spring,3801,801,Southern,E1,22107,22107,Unsafe turn or lane change prohibited,AA,Vehicle(s) Only Involved,27422,2,1,57660,1
38027,58057,220361707.0,2022-06-02 15:52:00,2022 June 02,15:52:00,2022,June,Thursday,2:01 pm to 6:00 pm,15.0,0,Afternoon,Summer,3801,707,Traffic,901,21453(a),"21453(a,c)",Red signal - driver or bicyclist responsibilities,AA,Vehicle(s) Only Involved,27423,2,81,57659,4
38028,56681,210864755.0,2021-12-31 10:34:00,2021 December 31,10:34:00,2021,December,Friday,10:01 am to 2:00 pm,10.0,0,Morning,Winter,3801,2266,Ingleside,3H11A,21804(a),"21804(a,b)",Entering highway from alley or driveway,AA,Vehicle(s) Only Involved,27424,2,2,57659,1
38029,53440,200510952.0,2020-08-25 06:15:00,2020 August 25,06:15:00,2020,August,Tuesday,6:01 am to 10:00 am,6.0,0,Morning,Summer,3801,885,Bayview,3C,21703,21703,Following too closely prohibited,AA,Vehicle(s) Only Involved,27425,2,15,57658,2
38030,17550,3064154.0,2007-03-03 22:37:00,2007 March 03,22:37:00,2007,March,Saturday,10:01 pm to 2:00 am,22.0,1,Night,Spring,3801,A09723,MISSI,0D5,21801(a),"21801(a,b)",Violation of right-of-way - left turn,CC,Vehicle-Bicycle,27426,2,3,57625,1
38031,24531,140985401.0,2014-11-21 09:40:00,2014 November 21,09:40:00,2014,November,Friday,6:01 am to 10:00 am,9.0,0,Morning,Fall,3801,837,TENDERLOIN,TTF,21955,21955,Crossing between controlled intersections (Jaywalking),BB,Vehicle-Pedestrian,27427,1,1,57622,1
38032,59008,220479877.0,2022-07-20 07:15:00,2022 July 20,07:15:00,2022,July,Wednesday,6:01 am to 10:00 am,7.0,0,Morning,Summer,3801,1297,Park,3F13A,22106,22106,Unsafe starting or backing on highway,AA,Vehicle(s) Only Involved,27428,2,2,57658,2
38033,48428,190726374.0,2019-09-28 22:00:00,2019 September 28,22:00:00,2019,September,Saturday,6:01 pm to 10:00 pm,22.0,1,Night,Fall,3801,1024,Central,3A62,22107,22107,Unsafe turn or lane change prohibited,AA,Vehicle(s) Only Involved,27429,1,13,57659,1
38034,58511,220341395.0,2022-05-25 08:30:00,2022 May 25,08:30:00,2022,May,Wednesday,6:01 am to 10:00 am,8.0,0,Morning,Spring,3801,1538,Tenderloin,901,22350,22350,Unsafe speed for prevailing conditions,BB,Vehicle-Pedestrian,27430,2,2,57649,1
38035,48207,190549057.0,2019-07-28 17:30:00,2019 July 28,17:30:00,2019,July,Sunday,2:01 pm to 6:00 pm,17.0,1,Evening,Summer,3801,4027,Ingleside,3h12c,20002(b),"20002(a,b)","Hit and run, property damage",AA,Vehicle(s) Only Involved,27431,2,2,36371,4
38036,56768,210702688.0,2021-10-26 18:10:00,2021 October 26,18:10:00,2021,October,Tuesday,6:01 pm to 10:00 pm,18.0,0,Evening,Fall,3801,4314,Richmond,G5,21453(a),"21453(a,c)",Red signal - driver or bicyclist responsibilities,AA,Vehicle(s) Only Involved,27432,2,1,57636,13
38037,57828,220419500.0,2022-06-26 16:26:00,2022 June 26,16:26:00,2022,June,Sunday,2:01 pm to 6:00 pm,16.0,1,Afternoon,Summer,3801,2455,Central,3A13D,22350,22350,Unsafe speed for prevailing conditions,AA,Vehicle(s) Only Involved,38453,2,1,57658,8
38038,58165,220393960.0,2022-06-15 23:17:00,2022 June 15,23:17:00,2022,June,Wednesday,10:01 pm to 2:00 am,23.0,0,Night,Summer,3801,1086,Richmond,,22350,22350,Unsafe speed for prevailing conditions,AA,Vehicle(s) Only Involved,27434,2,3,57508,1
38039,55134,210248018.0,2021-04-22 20:52:00,2021 April 22,20:52:00,2021,April,Thursday,6:01 pm to 10:00 pm,20.0,0,Evening,Spring,3801,1347,Northern,5,21453(d),21453(d),Red signal - pedestrian responsibilities,BB,Vehicle-Pedestrian,3237,1,3,57622,4
38040,29475,160402708.0,2016-05-17 08:43:00,2016 May 17,08:43:00,2016,May,Tuesday,6:01 am to 10:00 am,8.0,0,Morning,Spring,3801,2455,NORTHERN,3E12A,21453(c),"21453(a,c)",Red signal - driver or bicyclist responsibilities,AA,Vehicle(s) Only Involved,9415,2,1,57585,1
38041,59211,220630596.0,2022-09-15 16:09:00,2022 September 15,16:09:00,2022,September,Thursday,2:01 pm to 6:00 pm,16.0,0,Afternoon,Fall,3801,2231,Southern,3B12D,22107,22107,Unsafe turn or lane change prohibited,AA,Vehicle(s) Only Involved,27435,2,1,57659,2
38042,86515,240562026.0,2024-09-06 16:52:00,2024 September 06,16:52:00,2024,September,Friday,2:01 pm to 6:00 pm,16.0,0,Afternoon,Fall,3801,1870,Richmond,G1,22350,22350,Unsafe speed for prevailing conditions,AA,Vehicle(s) Only Involved,28920,2,2,57607,1
38043,56118,210497027.0,2021-08-05 14:49:00,2021 August 05,14:49:00,2021,August,Thursday,2:01 pm to 6:00 pm,14.0,0,Afternoon,Summer,3801,1481,Tenderloin,3J91C,21453(a),"21453(a,c)",Red signal - driver or bicyclist responsibilities,AA,Vehicle(s) Only Involved,27437,2,1,57585,8
38044,27777,1997778.0,2005-03-23 22:42:00,2005 March 23,22:42:00,2005,March,Wednesday,10:01 pm to 2:00 am,22.0,0,Night,Spring,3801,000520,,4B7B,21950(a),"21950(a,c)",Driver or bicyclist to yield right-of-way at crosswalks,BB,Vehicle-Pedestrian,27438,2,3,57649,1
38045,13127,170631395.0,2017-08-03 15:25:00,2017 August 03,15:25:00,2017,August,Thursday,2:01 pm to 6:00 pm,15.0,0,Afternoon,Summer,3801,2213,SOUTHERN,3B4C,22450(a),22450(a),Failure to stop at STOP sign,AA,Vehicle(s) Only Involved,27439,2,1,57659,1
38046,53072,200359330.0,2020-06-15 07:57:00,2020 June 15,07:57:00,2020,June,Monday,6:01 am to 10:00 am,7.0,0,Morning,Summer,3801,807,Ingleside,3H16A,22350,22350,Unsafe speed for prevailing conditions,AA,Vehicle(s) Only Involved,27170,2,1,57659,1
38047,15774,140473086.0,2014-06-06 22:43:00,2014 June 06,22:43:00,2014,June,Friday,10:01 pm to 2:00 am,22.0,0,Night,Summer,3801,1736,SOUTHERN,3B12E,21954(a),21954(a),Pedestrians must yield right-of-way outside of crosswalks,BB,Vehicle-Pedestrian,6101,2,3,57622,1
38048,85957,240408668.0,2024-06-30 23:08:00,2024 June 30,23:08:00,2024,June,Sunday,10:01 pm to 2:00 am,23.0,1,Night,Summer,3801,621,Central,,21703,21703,Following too closely prohibited,AA,Vehicle(s) Only Involved,6918,2,3,57658,1
38049,85215,240014663.0,2024-01-07 13:48:00,2024 January 07,13:48:00,2024,January,Sunday,10:01 am to 2:00 pm,13.0,1,Afternoon,Winter,3801,1339,Traffic,,21954(a),21954(a),Pedestrians must yield right-of-way outside of crosswalks,BB,Vehicle-Pedestrian,39527,2,1,57622,4
38050,57243,220003056.0,2022-01-02 11:33:00,2022 January 02,11:33:00,2022,January,Sunday,10:01 am to 2:00 pm,11.0,1,Morning,Winter,3801,4356,Ingleside,3H12C,22450(a),22450(a),Failure to stop at STOP sign,AA,Vehicle(s) Only Involved,27441,2,1,57659,8
38051,37423,151102266.0,2015-12-22 13:15:00,2015 December 22,13:15:00,2015,December,Tuesday,10:01 am to 2:00 pm,13.0,0,Afternoon,Winter,3801,2482,TARAVAL,3115A,22106,22106,Unsafe starting or backing on highway,CC,Vehicle-Bicycle,27442,4,4,57614,1
38052,53713,200452633.0,2020-07-28 22:22:00,2020 July 28,22:22:00,2020,July,Tuesday,10:01 pm to 2:00 am,22.0,0,Night,Summer,3801,2085,Northern,3E12E,21801(a),"21801(a,b)",Violation of right-of-way - left turn,CC,Vehicle-Bicycle,1246,2,3,57633,2
38053,5400,3709527.0,2008-02-26 12:05:00,2008 February 26,12:05:00,2008,February,Tuesday,10:01 am to 2:00 pm,12.0,0,Afternoon,Winter,3801,00274,,3C63,21453(a),"21453(a,c)",Red signal - driver or bicyclist responsibilities,AA,Vehicle(s) Only Involved,39027,2,1,57659,1
38054,57928,220283361.0,2022-05-01 23:01:00,2022 May 01,23:01:00,2022,May,Sunday,10:01 pm to 2:00 am,23.0,1,Night,Spring,3801,1982,Mission,3D16E,22350,22350,Unsafe speed for prevailing conditions,EE,Bicycle-Parked Car,27443,2,12,51996,1
38055,58201,220428539.0,2022-06-30 01:24:00,2022 June 30,01:24:00,2022,June,Thursday,10:01 pm to 2:00 am,1.0,0,Night,Summer,3801,308,Richmond,3G15E,22350,22350,Unsafe speed for prevailing conditions,FF,Bicycle Only,27444,2,12,52722,2
38056,5903,3697904.0,2008-02-27 16:05:00,2008 February 27,16:05:00,2008,February,Wednesday,2:01 pm to 6:00 pm,16.0,0,Afternoon,Winter,3801,651,,00A,22100(a),"22100(a,b)",Turn at intersection from wrong position,AA,Vehicle(s) Only Involved,18249,2,1,57660,8
38057,49401,190956026.0,2019-12-20 19:00:00,2019 December 20,19:00:00,2019,December,Friday,6:01 pm to 10:00 pm,19.0,0,Evening,Winter,3801,1117,Tenderloin,3J11D,22107,22107,Unsafe turn or lane change prohibited,CC,Vehicle-Bicycle,27445,2,242,57581,1
38058,58063,220365975.0,2022-06-04 10:16:00,2022 June 04,10:16:00,2022,June,Saturday,10:01 am to 2:00 pm,10.0,1,Morning,Summer,3801,2151,Park,3F13A,21950(b),21950(b),Pedestrian suddenly entering into vehicle path close enough to create an immediate hazard,BB,Vehicle-Pedestrian,27446,1,1,57123,1
38059,57001,210851451.0,2021-12-25 06:10:00,2021 December 25,06:10:00,2021,December,Saturday,6:01 am to 10:00 am,6.0,1,Morning,Winter,3801,1917,Taraval,3I16A,21453(a),"21453(a,c)",Red signal - driver or bicyclist responsibilities,AA,Vehicle(s) Only Involved,27447,4,13,57659,14
38060,38383,3729105.0,2008-02-10 16:19:00,2008 February 10,16:19:00,2008,February,Sunday,2:01 pm to 6:00 pm,16.0,1,Afternoon,Winter,3801,1989,3I,05D,21802(a),"21802(a,b)",Violation of right-of-way - entering through highway,CC,Vehicle-Bicycle,5695,2,1,55448,2
38061,49392,190940762.0,2019-12-14 18:02:00,2019 December 14,18:02:00,2019,December,Saturday,6:01 pm to 10:00 pm,18.0,1,Evening,Winter,3801,4118,Ingleside,3H13D,21801(a),"21801(a,b)",Violation of right-of-way - left turn,AA,Vehicle(s) Only Involved,8197,4,13,57659,1
38062,54087,200660375.0,2020-11-02 04:06:00,2020 November 02,04:06:00,2020,November,Monday,2:01 am to 6:00 am,4.0,0,Night,Fall,3801,899,Mission,3D15E,21453(d),21453(d),Red signal - pedestrian responsibilities,BB,Vehicle-Pedestrian,26461,2,3,57622,4
38063,7396,3768672.0,2008-06-21 14:27:00,2008 June 21,14:27:00,2008,June,Saturday,2:01 pm to 6:00 pm,14.0,1,Afternoon,Summer,3801,1736,H,4B4H,21456(b),"21456(a,b)",Pedestrian violation of walk or wait signals,BB,Vehicle-Pedestrian,27448,2,1,57622,13
38064,52418,200167230.0,2020-03-06 06:50:00,2020 March 06,06:50:00,2020,March,Friday,6:01 am to 10:00 am,6.0,0,Morning,Spring,3801,1478,Northern,E1,21950(a),"21950(a,c)",Driver or bicyclist to yield right-of-way at crosswalks,BB,Vehicle-Pedestrian,27449,2,1,57649,1
38065,57714,220209652.0,2022-03-31 08:08:00,2022 March 31,08:08:00,2022,March,Thursday,6:01 am to 10:00 am,8.0,0,Morning,Spring,3801,244,Northern,3E14A,22350,22350,Unsafe speed for prevailing conditions,AA,Vehicle(s) Only Involved,25170,2,1,57658,1
38066,54041,200649103.0,2020-10-27 17:44:00,2020 October 27,17:44:00,2020,October,Tuesday,2:01 pm to 6:00 pm,17.0,0,Evening,Fall,3801,274,Mission,D5,22350,22350,Unsafe speed for prevailing conditions,AA,Vehicle(s) Only Involved,20160,2,1,57619,2
38067,86618,240597067.0,2024-09-22 18:55:00,2024 September 22,18:55:00,2024,September,Sunday,6:01 pm to 10:00 pm,18.0,1,Evening,Fall,3801,1148,Mission,3D15D,21801(a),"21801(a,b)",Violation of right-of-way - left turn,AA,Vehicle(s) Only Involved,27450,2,15,57564,2
38068,4617,3747583.0,2008-04-02 20:20:00,2008 April 02,20:20:00,2008,April,Wednesday,6:01 pm to 10:00 pm,20.0,0,Evening,Spring,3801,403,H,3H11D,22350,22350,Unsafe speed for prevailing conditions,AA,Vehicle(s) Only Involved,27451,2,12,57660,14
38069,24936,170572830.0,2017-07-14 17:15:00,2017 July 14,17:15:00,2017,July,Friday,2:01 pm to 6:00 pm,17.0,0,Evening,Summer,3801,207,,901,Unknown,Unknown,Unknown,BB,Vehicle-Pedestrian,27452,2,1,57525,1
38070,20402,2763828.0,2006-08-02 23:09:00,2006 August 02,23:09:00,2006,August,Wednesday,10:01 pm to 2:00 am,23.0,0,Night,Summer,3801,710,3E,3E110,21453(a),"21453(a,c)",Red signal - driver or bicyclist responsibilities,AA,Vehicle(s) Only Involved,1395,2,3,57585,14
38071,15943,3767260.0,2008-05-18 21:26:00,2008 May 18,21:26:00,2008,May,Sunday,6:01 pm to 10:00 pm,21.0,1,Night,Spring,3801,1077,SOUTH,3B62,21658(a),"21658(a,b)",Lane straddling or failure to use specified lanes,AA,Vehicle(s) Only Involved,32273,2,12,55753,1
38072,86802,240635582.0,2024-10-09 11:41:00,2024 October 09,11:41:00,2024,October,Wednesday,10:01 am to 2:00 pm,11.0,0,Morning,Fall,3801,1389,Bayview,3C12A,21453(a),"21453(a,c)",Red signal - driver or bicyclist responsibilities,AA,Vehicle(s) Only Involved,27453,2,1,57659,14
38073,53803,200527048.0,2020-09-01 20:43:00,2020 September 01,20:43:00,2020,September,Tuesday,6:01 pm to 10:00 pm,20.0,0,Evening,Fall,3801,2239,Ingleside,3H15D,21453(a),"21453(a,c)",Red signal - driver or bicyclist responsibilities,AA,Vehicle(s) Only Involved,27454,2,3,57659,1
38074,22833,130129738.0,2013-02-14 07:15:00,2013 February 14,07:15:00,2013,February,Thursday,6:01 am to 10:00 am,7.0,0,Morning,Winter,3801,1073,RICHMOND,4B2G,22450(a),22450(a),Failure to stop at STOP sign,AA,Vehicle(s) Only Involved,35030,2,37,57659,8