collision_id,unique_id,case_id_pkey,collision_datetime,collision_date,collision_time,accident_year,month,day_of_week,time_cat,hour_of_day,is_weekend,time_of_day,season,juris,officer_id,reporting_district,beat_number,vz_pcf_code,vz_pcf_group,vz_pcf_description,dph_col_grp,dph_col_grp_description,location_id,weather_id,road_id,party_id,severity_id
38262,58941,220629210.0,2022-09-15 07:12:00,2022 September 15,07:12:00,2022,September,Thursday,6:01 am to 10:00 am,7.0,0,Morning,Fall,3801,1182,Ingleside,3H15A,21804(a),"21804(a,b)",Entering highway from alley or driveway,AA,Vehicle(s) Only Involved,27577,2,1,57659,2
38263,34748,140935199.0,2014-11-04 18:05:00,2014 November 04,18:05:00,2014,November,Tuesday,6:01 pm to 10:00 pm,18.0,0,Evening,Fall,3801,2046,COE,3E5D,21954(a),21954(a),Pedestrians must yield right-of-way outside of crosswalks,BB,Vehicle-Pedestrian,27578,2,12,57622,1
38264,29205,190011084.0,2018-01-05 06:30:00,2018 January 05,06:30:00,2018,January,Friday,6:01 am to 10:00 am,6.0,0,Morning,Winter,3801,2065,Northern,3E13A,21954(a),21954(a),Pedestrians must yield right-of-way outside of crosswalks,BB,Vehicle-Pedestrian,18913,4,302,57622,4
38265,28530,140675533.0,2014-08-12 13:55:00,2014 August 12,13:55:00,2014,August,Tuesday,10:01 am to 2:00 pm,13.0,0,Afternoon,Summer,3801,510,CENTRAL,3A12A,21950(a),"21950(a,c)",Driver or bicyclist to yield right-of-way at crosswalks,BB,Vehicle-Pedestrian,12298,2,1,57649,2
38266,7360,150638719.0,2015-07-22 18:39:00,2015 July 22,18:39:00,2015,July,Wednesday,6:01 pm to 10:00 pm,18.0,0,Evening,Summer,3801,1310,NORTHERN,3E12E,Unknown,Unknown,Unknown,AA,Vehicle(s) Only Involved,27579,3,103,57660,8
38267,27653,3964724.0,2008-10-17 15:50:00,2008 October 17,15:50:00,2008,October,Friday,2:01 pm to 6:00 pm,15.0,0,Afternoon,Fall,3801,1428,,,22350,22350,Unsafe speed for prevailing conditions,AA,Vehicle(s) Only Involved,27580,2,12,57658,12
38268,14335,130646481.0,2013-08-05 18:08:00,2013 August 05,18:08:00,2013,August,Monday,6:01 pm to 10:00 pm,18.0,0,Evening,Summer,3801,2367,SOUTHERN,3B14D,22101(d),22101(d),Violation of a turn prohibition sign,CC,Vehicle-Bicycle,11164,1,1,55601,2
38269,7500,140599240.0,2014-07-19 09:26:00,2014 July 19,09:26:00,2014,July,Saturday,6:01 am to 10:00 am,9.0,1,Morning,Summer,3801,1290,MISSION,901,21453(a),"21453(a,c)",Red signal - driver or bicyclist responsibilities,AA,Vehicle(s) Only Involved,24157,2,1,57237,1
38270,6423,150527952.0,2015-06-17 07:56:00,2015 June 17,07:56:00,2015,June,Wednesday,6:01 am to 10:00 am,7.0,0,Morning,Summer,3801,4279,MISSION,4 CAR,21801(a),"21801(a,b)",Violation of right-of-way - left turn,AA,Vehicle(s) Only Involved,6046,1,1,57659,8
38271,53582,200570912.0,2020-09-22 10:15:00,2020 September 22,10:15:00,2020,September,Tuesday,10:01 am to 2:00 pm,10.0,0,Morning,Fall,3801,392,Mission,3D14A,21658(a),"21658(a,b)",Lane straddling or failure to use specified lanes,AA,Vehicle(s) Only Involved,27581,2,2,57475,4
38272,488,150698951.0,2015-08-11 10:45:00,2015 August 11,10:45:00,2015,August,Tuesday,10:01 am to 2:00 pm,10.0,0,Morning,Summer,3801,2422,BAYVIEW,3C15A,22350,22350,Unsafe speed for prevailing conditions,AA,Vehicle(s) Only Involved,27582,2,2,57603,1
38273,16986,130862831.0,2013-10-12 01:12:00,2013 October 12,01:12:00,2013,October,Saturday,10:01 pm to 2:00 am,1.0,1,Night,Fall,3801,1881,SOUTHERN,3B63,21801(a),"21801(a,b)",Violation of right-of-way - left turn,AA,Vehicle(s) Only Involved,9116,2,81,45703,2
38274,4877,150334791.0,2015-04-17 10:00:00,2015 April 17,10:00:00,2015,April,Friday,6:01 am to 10:00 am,10.0,0,Morning,Spring,3801,1331,04 17 2015,COH,21960(a),21960(a),Local authority to restrict the use of freeways,BB,Vehicle-Pedestrian,6102,2,1,57649,1
38275,26953,5761048.0,2012-06-04 19:20:00,2012 June 04,19:20:00,2012,June,Monday,6:01 pm to 10:00 pm,19.0,0,Evening,Summer,3801,1729,,3B60,Unknown,Unknown,Unknown,AA,Vehicle(s) Only Involved,27583,2,2,56833,3
38276,21890,140881263.0,2014-10-18 09:09:00,2014 October 18,09:09:00,2014,October,Saturday,6:01 am to 10:00 am,9.0,1,Morning,Fall,3801,121,3E,E2,21453(a),"21453(a,c)",Red signal - driver or bicyclist responsibilities,AA,Vehicle(s) Only Involved,9060,2,1,57585,1
38277,32274,140867821.0,2014-10-14 06:07:00,2014 October 14,06:07:00,2014,October,Tuesday,6:01 am to 10:00 am,6.0,0,Morning,Fall,3801,1810,NORTHERN,3E15A,21453(a),"21453(a,c)",Red signal - driver or bicyclist responsibilities,AA,Vehicle(s) Only Involved,27584,2,3,57659,1
38278,30330,130752408.0,2013-09-08 13:47:00,2013 September 08,13:47:00,2013,September,Sunday,10:01 am to 2:00 pm,13.0,1,Afternoon,Fall,3801,1819,NORTHERN,3E68,21453(a),"21453(a,c)",Red signal - driver or bicyclist responsibilities,AA,Vehicle(s) Only Involved,34899,2,1,57659,1
38279,39336,3827217.0,2008-07-12 22:02:00,2008 July 12,22:02:00,2008,July,Saturday,10:01 pm to 2:00 am,22.0,1,Night,Summer,3801,001324,TARVA,3160,22107,22107,Unsafe turn or lane change prohibited,AA,Vehicle(s) Only Involved,27585,2,12,57654,1
38280,37122,3843211.0,2008-07-27 17:22:00,2008 July 27,17:22:00,2008,July,Sunday,2:01 pm to 6:00 pm,17.0,1,Evening,Summer,3801,01324,TARAV,3I61,21703,21703,Following too closely prohibited,AA,Vehicle(s) Only Involved,27586,1,2,57658,1
38281,11280,140105411.0,2014-02-05 10:13:00,2014 February 05,10:13:00,2014,February,Wednesday,10:01 am to 2:00 pm,10.0,0,Morning,Winter,3801,1857,MISSION,3D13A,22350,22350,Unsafe speed for prevailing conditions,AA,Vehicle(s) Only Involved,3783,2,1,57658,1
38282,44858,3977845.0,2008-10-21 05:27:00,2008 October 21,05:27:00,2008,October,Tuesday,2:01 am to 6:00 am,5.0,0,Morning,Fall,3801,1889,RICHM,2 CAR,21801(a),"21801(a,b)",Violation of right-of-way - left turn,AA,Vehicle(s) Only Involved,27587,1,3,57659,1
38283,58849,220576564.0,2022-08-26 13:00:00,2022 August 26,13:00:00,2022,August,Friday,10:01 am to 2:00 pm,13.0,0,Afternoon,Summer,3801,2325,Southern,3B13C,21800(a),21800(a-c),Violation of right-of-way or uncontrolled intersection,AA,Vehicle(s) Only Involved,27628,2,1,57564,2
38284,48417,190722714.0,2019-09-26 18:37:00,2019 September 26,18:37:00,2019,September,Thursday,6:01 pm to 10:00 pm,18.0,0,Evening,Fall,3801,4118,Northern,901,21804(a),"21804(a,b)",Entering highway from alley or driveway,CC,Vehicle-Bicycle,27589,2,2,57581,1
38285,38830,140043275.0,2014-01-15 18:40:00,2014 January 15,18:40:00,2014,January,Wednesday,6:01 pm to 10:00 pm,18.0,0,Evening,Winter,3801,1081,TARAVAL,3I2B,Unknown,Unknown,Unknown,BB,Vehicle-Pedestrian,35551,2,12,57622,1
38286,7084,130713466.0,2013-08-28 08:35:00,2013 August 28,08:35:00,2013,August,Wednesday,6:01 am to 10:00 am,8.0,0,Morning,Summer,3801,1939,INGLESIDE,4B2H,22107,22107,Unsafe turn or lane change prohibited,CC,Vehicle-Bicycle,28459,1,1,57614,2
38287,16093,130432638.0,2013-05-26 01:33:00,2013 May 26,01:33:00,2013,May,Sunday,10:01 pm to 2:00 am,1.0,1,Night,Spring,3801,4345,SOUTHERN,3B60,22350,22350,Unsafe speed for prevailing conditions,AA,Vehicle(s) Only Involved,10641,3,3,57658,1
38288,28889,140930092.0,2014-11-03 00:47:00,2014 November 03,00:47:00,2014,November,Monday,10:01 pm to 2:00 am,0.0,0,Night,Fall,3801,2286,NORTHERN,E3,21950(a),"21950(a,c)",Driver or bicyclist to yield right-of-way at crosswalks,BB,Vehicle-Pedestrian,28321,2,3,57649,6
38289,46766,190156389.0,2019-03-03 14:45:00,2019 March 03,14:45:00,2019,March,Sunday,2:01 pm to 6:00 pm,14.0,1,Afternoon,Spring,3801,2141,Ingleside,3H16C,22103,22103,Illegal U-turn in residential district,AA,Vehicle(s) Only Involved,27591,1,2,57659,1
38290,84322,230870083.0,2023-12-12 10:48:00,2023 December 12,10:48:00,2023,December,Tuesday,10:01 am to 2:00 pm,10.0,0,Morning,Winter,3801,817,Tenderloin,3J13A,21954(a),21954(a),Pedestrians must yield right-of-way outside of crosswalks,BB,Vehicle-Pedestrian,27592,2,2,57123,2
38291,13428,130187902.0,2013-03-05 15:35:00,2013 March 05,15:35:00,2013,March,Tuesday,2:01 pm to 6:00 pm,15.0,0,Afternoon,Spring,3801,,MISSION,3D14D,21453(c),"21453(a,c)",Red signal - driver or bicyclist responsibilities,AA,Vehicle(s) Only Involved,27879,2,23,57603,1
38292,13102,150285928.0,2015-04-01 13:00:00,2015 April 01,13:00:00,2015,April,Wednesday,10:01 am to 2:00 pm,13.0,0,Afternoon,Spring,3801,2450,SOUTHERN,3B12C,22517,22517,Opening door on traffic side when unsafe,CC,Vehicle-Bicycle,27593,2,2,57614,1
38293,4371,130671541.0,2013-08-13 21:25:00,2013 August 13,21:25:00,2013,August,Tuesday,6:01 pm to 10:00 pm,21.0,0,Night,Summer,3801,2348,INGLESIDE,3H13D,22107,22107,Unsafe turn or lane change prohibited,AA,Vehicle(s) Only Involved,2509,2,3,57659,8
38294,26101,140111935.0,2014-02-07 13:32:00,2014 February 07,13:32:00,2014,February,Friday,10:01 am to 2:00 pm,13.0,0,Afternoon,Winter,3801,0934,SOUTHERN,,21954(a),21954(a),Pedestrians must yield right-of-way outside of crosswalks,BB,Vehicle-Pedestrian,7259,18,16,57280,1
38295,4248,3929988.0,2008-10-29 06:50:00,2008 October 29,06:50:00,2008,October,Wednesday,6:01 am to 10:00 am,6.0,0,Morning,Fall,3801,2376,3H11A,3H60,22450(a),22450(a),Failure to stop at STOP sign,AA,Vehicle(s) Only Involved,3445,1,1,57659,1
38296,27325,1308378149.0,2013-10-04 13:20:00,2013 October 04,13:20:00,2013,October,Friday,10:01 am to 2:00 pm,13.0,0,Afternoon,Fall,3801,1794,CENTRAL,3A60,21950(b),21950(b),Pedestrian suddenly entering into vehicle path close enough to create an immediate hazard,BB,Vehicle-Pedestrian,9020,2,1,57622,2
38297,2702,3952351.0,2008-10-15 21:11:00,2008 October 15,21:11:00,2008,October,Wednesday,6:01 pm to 10:00 pm,21.0,0,Night,Fall,3801,1734,BAYVI,0C2,22101(d),22101(d),Violation of a turn prohibition sign,AA,Vehicle(s) Only Involved,20119,2,3,57659,8
38298,1216,140950288.0,2014-11-09 15:30:00,2014 November 09,15:30:00,2014,November,Sunday,2:01 pm to 6:00 pm,15.0,1,Afternoon,Fall,3801,433,INGLESIDE,3H12C,22450(a),22450(a),Failure to stop at STOP sign,AA,Vehicle(s) Only Involved,8157,1,1,57659,2
38299,25005,3918408.0,2008-09-22 14:07:00,2008 September 22,14:07:00,2008,September,Monday,2:01 pm to 6:00 pm,14.0,0,Afternoon,Fall,3801,01580,,4B8G,21806(a),"21806(a,b)",Failure to yield to emergency vehicle,AA,Vehicle(s) Only Involved,9769,2,1,57659,8
38300,56363,210475512.0,2021-07-27 17:27:00,2021 July 27,17:27:00,2021,July,Tuesday,2:01 pm to 6:00 pm,17.0,0,Evening,Summer,3801,233,Mission,3D,21453(a),"21453(a,c)",Red signal - driver or bicyclist responsibilities,CC,Vehicle-Bicycle,27594,2,1,57621,1
38301,24910,140074418.0,2014-01-25 20:03:00,2014 January 25,20:03:00,2014,January,Saturday,6:01 pm to 10:00 pm,20.0,1,Evening,Winter,3801,2388,TENDERLOIN,3J91,21453(a),"21453(a,c)",Red signal - driver or bicyclist responsibilities,AA,Vehicle(s) Only Involved,16263,2,3,57603,1
38302,38674,3893081.0,2008-09-14 14:56:00,2008 September 14,14:56:00,2008,September,Sunday,2:01 pm to 6:00 pm,14.0,1,Afternoon,Fall,3801,2122,TARAV,4B8D,21802(a),"21802(a,b)",Violation of right-of-way - entering through highway,AA,Vehicle(s) Only Involved,11199,1,1,57659,13
38303,15105,3866592.0,2008-08-03 13:08:00,2008 August 03,13:08:00,2008,August,Sunday,10:01 am to 2:00 pm,13.0,1,Afternoon,Summer,3801,01460,,COB,22350,22350,Unsafe speed for prevailing conditions,AA,Vehicle(s) Only Involved,27595,2,2,57658,14
38304,9790,150356626.0,2015-04-24 09:55:00,2015 April 24,09:55:00,2015,April,Friday,6:01 am to 10:00 am,9.0,0,Morning,Spring,3801,573,MISSION,4B5D,21801(a),"21801(a,b)",Violation of right-of-way - left turn,CC,Vehicle-Bicycle,37759,2,1,57659,8
38305,39614,180984902.0,2018-12-31 17:57:00,2018 December 31,17:57:00,2018,December,Monday,2:01 pm to 6:00 pm,17.0,0,Evening,Winter,3801,4006,Taraval,3I11D,21802(a),"21802(a,b)",Violation of right-of-way - entering through highway,AA,Vehicle(s) Only Involved,20942,2,3,57659,14
38306,59220,220547565.0,2022-08-15 16:57:00,2022 August 15,16:57:00,2022,August,Monday,2:01 pm to 6:00 pm,16.0,0,Afternoon,Summer,3801,812,Bayview,5,22107,22107,Unsafe turn or lane change prohibited,AA,Vehicle(s) Only Involved,27596,2,1,57659,1
38307,9548,3742560.0,2008-05-02 16:57:00,2008 May 02,16:57:00,2008,May,Friday,2:01 pm to 6:00 pm,16.0,0,Afternoon,Spring,3801,241,COC,4B7D,Unknown,Unknown,Unknown,AA,Vehicle(s) Only Involved,35012,2,1,57653,1
38308,16887,130313226.0,2013-04-17 11:30:00,2013 April 17,11:30:00,2013,April,Wednesday,10:01 am to 2:00 pm,11.0,0,Morning,Spring,3801,1172,CO B,,21804(a),"21804(a,b)",Entering highway from alley or driveway,CC,Vehicle-Bicycle,10985,3,1,57581,1
38309,25071,3902443.0,2008-08-17 13:50:00,2008 August 17,13:50:00,2008,August,Sunday,10:01 am to 2:00 pm,13.0,1,Afternoon,Summer,3801,1457,J,3J43A,21453(a),"21453(a,c)",Red signal - driver or bicyclist responsibilities,AA,Vehicle(s) Only Involved,7845,2,1,57659,1
38310,10315,130499600.0,2013-06-19 07:59:00,2013 June 19,07:59:00,2013,June,Wednesday,6:01 am to 10:00 am,7.0,0,Morning,Summer,3801,747,MISSION,,21453(a),"21453(a,c)",Red signal - driver or bicyclist responsibilities,AA,Vehicle(s) Only Involved,17375,14,1,57659,14
38311,34158,131055124.0,2013-12-16 06:52:00,2013 December 16,06:52:00,2013,December,Monday,6:01 am to 10:00 am,6.0,0,Morning,Winter,3801,1529,,3J62,21650.1,21650.1,Bicycle to travel in same direction as vehicles,CC,Vehicle-Bicycle,27597,2,33,57621,1
38312,34388,3847392.0,2008-07-27 17:55:00,2008 July 27,17:55:00,2008,July,Sunday,2:01 pm to 6:00 pm,17.0,1,Evening,Summer,3801,2291,ACENT,3A13D,22517,22517,Opening door on traffic side when unsafe,CC,Vehicle-Bicycle,27598,2,1,57614,1
38313,28263,3957710.0,2008-10-06 17:30:00,2008 October 06,17:30:00,2008,October,Monday,2:01 pm to 6:00 pm,17.0,0,Evening,Fall,3801,1786,CENTR,3A44D,21950(a),"21950(a,c)",Driver or bicyclist to yield right-of-way at crosswalks,BB,Vehicle-Pedestrian,19865,2,81,57649,1
38314,53675,200577178.0,2020-09-25 05:25:00,2020 September 25,05:25:00,2020,September,Friday,2:01 am to 6:00 am,5.0,0,Morning,Fall,3801,1326,Bayview,3C13E,21954(a),21954(a),Pedestrians must yield right-of-way outside of crosswalks,BB,Vehicle-Pedestrian,26939,2,12,57622,4
38315,40243,140710894.0,2014-08-24 10:49:00,2014 August 24,10:49:00,2014,August,Sunday,10:01 am to 2:00 pm,10.0,1,Morning,Summer,3801,1512,,3T1A,22350,22350,Unsafe speed for prevailing conditions,AA,Vehicle(s) Only Involved,20904,2,2,57660,1
38316,59158,220596318.0,2022-09-02 23:42:00,2022 September 02,23:42:00,2022,September,Friday,10:01 pm to 2:00 am,23.0,0,Night,Fall,3801,1017,Northern,3E15E,22350,22350,Unsafe speed for prevailing conditions,BB,Vehicle-Pedestrian,11601,2,12,57649,2
38317,30513,130736838.0,2013-09-04 00:28:00,2013 September 04,00:28:00,2013,September,Wednesday,10:01 pm to 2:00 am,0.0,0,Night,Fall,3801,1605,NORTHERN,,22107,22107,Unsafe turn or lane change prohibited,AA,Vehicle(s) Only Involved,39815,8,3,57660,1
38318,87323,240753281.0,2024-12-05 17:07:00,2024 December 05,17:07:00,2024,December,Thursday,2:01 pm to 6:00 pm,17.0,0,Evening,Winter,3801,2222,Taraval,3I2D,22107,22107,Unsafe turn or lane change prohibited,AA,Vehicle(s) Only Involved,13088,2,33,57603,4
38319,87101,240702040.0,2024-11-09 02:05:00,2024 November 09,02:05:00,2024,November,Saturday,2:01 am to 6:00 am,2.0,1,Night,Fall,3801,2307,Northern,3E13E,21453(a),"21453(a,c)",Red signal - driver or bicyclist responsibilities,BB,Vehicle-Pedestrian,26084,2,3,57659,17
38320,9219,150346348.0,2015-04-20 22:17:00,2015 April 20,22:17:00,2015,April,Monday,10:01 pm to 2:00 am,22.0,0,Night,Spring,3801,4259,BAYVIEW,3CID,21658(a),"21658(a,b)",Lane straddling or failure to use specified lanes,CC,Vehicle-Bicycle,27599,2,12,57625,2
38321,135,150423510.0,2015-05-15 16:30:00,2015 May 15,16:30:00,2015,May,Friday,2:01 pm to 6:00 pm,16.0,0,Afternoon,Spring,3801,1316,BAYVIEW,,22106,22106,Unsafe starting or backing on highway,AA,Vehicle(s) Only Involved,15417,2,1,57659,1
38322,44494,3894729.0,2008-08-25 23:51:00,2008 August 25,23:51:00,2008,August,Monday,10:01 pm to 2:00 am,23.0,0,Night,Summer,3801,01110,RICHM,3G15E,22350,22350,Unsafe speed for prevailing conditions,AA,Vehicle(s) Only Involved,27600,2,12,57607,14
38323,32094,130795505.0,2013-09-21 10:30:00,2013 September 21,10:30:00,2013,September,Saturday,10:01 am to 2:00 pm,10.0,1,Morning,Fall,3801,1584,CENTRAL,4K2D,21950(a),"21950(a,c)",Driver or bicyclist to yield right-of-way at crosswalks,BB,Vehicle-Pedestrian,3303,4,16,57649,1
38324,87140,240719813.0,2024-11-17 04:30:00,2024 November 17,04:30:00,2024,November,Sunday,2:01 am to 6:00 am,4.0,1,Night,Fall,3801,1653,Ingleside,3H11A,21453(a),"21453(a,c)",Red signal - driver or bicyclist responsibilities,AA,Vehicle(s) Only Involved,35862,2,3,57585,1
38325,40880,3814694.0,2008-07-03 17:53:00,2008 July 03,17:53:00,2008,July,Thursday,2:01 pm to 6:00 pm,17.0,0,Evening,Summer,3801,1324,TARAV,3I61,21802(a),"21802(a,b)",Violation of right-of-way - entering through highway,AA,Vehicle(s) Only Involved,27601,1,2,57066,1
38326,16791,130853755.0,2013-10-09 11:20:00,2013 October 09,11:20:00,2013,October,Wednesday,10:01 am to 2:00 pm,11.0,0,Morning,Fall,3801,4329,SOUTHERN,3B14A,22517,22517,Opening door on traffic side when unsafe,CC,Vehicle-Bicycle,27602,2,1,57390,1
38327,9792,150413113.0,2015-05-12 13:53:00,2015 May 12,13:53:00,2015,May,Tuesday,10:01 am to 2:00 pm,13.0,0,Afternoon,Spring,3801,441,MISSION,4B8D,21453(a),"21453(a,c)",Red signal - driver or bicyclist responsibilities,BB,Vehicle-Pedestrian,37759,2,1,57649,4
38328,35495,130662459.0,2013-08-11 00:32:00,2013 August 11,00:32:00,2013,August,Sunday,10:01 pm to 2:00 am,0.0,1,Night,Summer,3801,190,NORTHERN,3E15D,21453(a),"21453(a,c)",Red signal - driver or bicyclist responsibilities,BB,Vehicle-Pedestrian,27603,2,3,55961,3
38329,58618,220654784.0,2022-09-24 17:04:00,2022 September 24,17:04:00,2022,September,Saturday,2:01 pm to 6:00 pm,17.0,1,Evening,Fall,3801,1406,Tenderloin,3J5,21650.1,21650.1,Bicycle to travel in same direction as vehicles,CC,Vehicle-Bicycle,27604,2,1,57655,2
38330,40257,151078855.0,2015-12-15 11:32:00,2015 December 15,11:32:00,2015,December,Tuesday,10:01 am to 2:00 pm,11.0,0,Morning,Winter,3801,1682,TARAVAL,314B,21461(a),21461(a),Driver or bicyclist failure to obey signs or signals,AA,Vehicle(s) Only Involved,27605,2,1,57607,1
38331,20861,160336323.0,2016-04-24 14:10:00,2016 April 24,14:10:00,2016,April,Sunday,2:01 pm to 6:00 pm,14.0,1,Afternoon,Spring,3801,2475,NORTHERN,3E11C,22350,22350,Unsafe speed for prevailing conditions,AA,Vehicle(s) Only Involved,27606,2,1,57658,1
38332,46979,190257993.0,2019-04-11 16:30:00,2019 April 11,16:30:00,2019,April,Thursday,2:01 pm to 6:00 pm,16.0,0,Afternoon,Spring,3801,386,Mission,3D11D,21703,21703,Following too closely prohibited,AA,Vehicle(s) Only Involved,27607,2,1,57658,1
38333,15624,140452494.0,2014-05-30 20:55:00,2014 May 30,20:55:00,2014,May,Friday,6:01 pm to 10:00 pm,20.0,0,Evening,Spring,3801,4269,,SOUTHERN,21460(a),"21460(a,b)",Improper turns over double lines or solid lines to right prohibited,CC,Vehicle-Bicycle,7138,8,12,57639,1
38334,42889,150720639.0,2015-08-18 12:20:00,2015 August 18,12:20:00,2015,August,Tuesday,10:01 am to 2:00 pm,12.0,0,Afternoon,Summer,3801,1882,RICHMOND,,22107,22107,Unsafe turn or lane change prohibited,AA,Vehicle(s) Only Involved,10316,2,1,57659,8
38335,59023,220495992.0,2022-07-23 17:15:00,2022 July 23,17:15:00,2022,July,Saturday,2:01 pm to 6:00 pm,17.0,1,Evening,Summer,3801,4361,Mission,3D00,21235(g),21235(a-j),Illegal operation of motorized scooter,BB,Vehicle-Pedestrian,27608,6,117,56153,2
38336,16594,130943011.0,2013-11-06 17:20:00,2013 November 06,17:20:00,2013,November,Wednesday,2:01 pm to 6:00 pm,17.0,0,Evening,Fall,3801,1639,SOUTHERN,4B3D,22350,22350,Unsafe speed for prevailing conditions,BB,Vehicle-Pedestrian,27609,2,2,57649,1
38337,7100,180670888.0,2018-09-05 08:50:00,2018 September 05,08:50:00,2018,September,Wednesday,6:01 am to 10:00 am,8.0,0,Morning,Fall,3801,2372,Ingleside,3H2A,21703,21703,Following too closely prohibited,FF,Bicycle Only,2967,2,2,57556,2
38338,12537,130400378.0,2013-05-15 18:35:00,2013 May 15,18:35:00,2013,May,Wednesday,6:01 pm to 10:00 pm,18.0,0,Evening,Spring,3801,1537,MISSION ST,3D11D,21950(b),21950(b),Pedestrian suddenly entering into vehicle path close enough to create an immediate hazard,BB,Vehicle-Pedestrian,27610,2,2,57622,1
38339,19212,130550393.0,2013-07-04 19:50:00,2013 July 04,19:50:00,2013,July,Thursday,6:01 pm to 10:00 pm,19.0,0,Evening,Summer,3801,1485,PARK,,22350,22350,Unsafe speed for prevailing conditions,AA,Vehicle(s) Only Involved,8044,8,2,57607,2
38340,56607,210829862.0,2021-12-16 23:19:00,2021 December 16,23:19:00,2021,December,Thursday,10:01 pm to 2:00 am,23.0,0,Night,Winter,3801,2420,Central,,21955,21955,Crossing between controlled intersections (Jaywalking),BB,Vehicle-Pedestrian,27611,13,13,57566,2
38341,1586,140785386.0,2014-09-17 19:18:00,2014 September 17,19:18:00,2014,September,Wednesday,6:01 pm to 10:00 pm,19.0,0,Evening,Fall,3801,1014,INGLESIDE,3,22450(a),22450(a),Failure to stop at STOP sign,AA,Vehicle(s) Only Involved,27612,2,46,57659,2
38342,56727,210679980.0,2021-10-17 12:36:00,2021 October 17,12:36:00,2021,October,Sunday,10:01 am to 2:00 pm,12.0,1,Afternoon,Fall,3801,328,Central,3A44C,21650,21650,Failure to keep to right side of road,AA,Vehicle(s) Only Involved,27613,2,1,57467,2
38343,25324,3751766.0,2008-05-05 11:56:00,2008 May 05,11:56:00,2008,May,Monday,10:01 am to 2:00 pm,11.0,0,Morning,Spring,3801,708,COA,4B4A,22350,22350,Unsafe speed for prevailing conditions,AA,Vehicle(s) Only Involved,27614,2,2,57607,2
38344,6494,160773941.0,2016-09-23 19:30:00,2016 September 23,19:30:00,2016,September,Friday,6:01 pm to 10:00 pm,19.0,0,Evening,Fall,3801,2095,CO D,901,21954(a),21954(a),Pedestrians must yield right-of-way outside of crosswalks,BB,Vehicle-Pedestrian,27615,2,15,57622,4
38345,19114,140978321.0,2014-11-18 17:54:00,2014 November 18,17:54:00,2014,November,Tuesday,2:01 pm to 6:00 pm,17.0,0,Evening,Fall,3801,2294,PARK,3F14D,22106,22106,Unsafe starting or backing on highway,AA,Vehicle(s) Only Involved,27616,1,12,57658,1
38346,40365,3885122.0,2008-08-20 12:15:00,2008 August 20,12:15:00,2008,August,Wednesday,10:01 am to 2:00 pm,12.0,0,Afternoon,Summer,3801,1337,,,21453(a),"21453(a,c)",Red signal - driver or bicyclist responsibilities,AA,Vehicle(s) Only Involved,35264,2,1,57659,1
38347,38940,3943532.0,2008-09-15 20:12:00,2008 September 15,20:12:00,2008,September,Monday,6:01 pm to 10:00 pm,20.0,0,Evening,Fall,3801,1747,,3I12D,21453(a),"21453(a,c)",Red signal - driver or bicyclist responsibilities,AA,Vehicle(s) Only Involved,32310,2,3,57659,1
38348,22718,130910311.0,2013-10-27 00:46:00,2013 October 27,00:46:00,2013,October,Sunday,10:01 pm to 2:00 am,0.0,1,Night,Fall,3801,4270,PARK,3F14E,21453(b),21453(b),Red signal - driver or bicyclist responsibilities with right turn,AA,Vehicle(s) Only Involved,33253,2,3,57659,11
38349,44256,3751814.0,2008-05-03 11:34:00,2008 May 03,11:34:00,2008,May,Saturday,10:01 am to 2:00 pm,11.0,1,Morning,Spring,3801,659,RICHM,3G61K,21651(a),21651(a),Crossing dividing section on freeway prohibited,AA,Vehicle(s) Only Involved,27617,2,2,57660,1
38350,13874,3912603.0,2008-09-29 09:51:00,2008 September 29,09:51:00,2008,September,Monday,6:01 am to 10:00 am,9.0,0,Morning,Fall,3801,1278,SOUTH,3B61,22100(b),"22100(a,b)",Turn at intersection from wrong position,AA,Vehicle(s) Only Involved,19249,1,1,57660,1
38351,40450,140882487.0,2014-10-18 17:19:00,2014 October 18,17:19:00,2014,October,Saturday,2:01 pm to 6:00 pm,17.0,1,Evening,Fall,3801,1826,,3I11D,22450(a),22450(a),Failure to stop at STOP sign,AA,Vehicle(s) Only Involved,27618,2,1,57659,1
38352,21744,130099880.0,2013-02-04 12:39:00,2013 February 04,12:39:00,2013,February,Monday,10:01 am to 2:00 pm,12.0,0,Afternoon,Winter,3801,1819,NORTHERN,3E68,21453(a),"21453(a,c)",Red signal - driver or bicyclist responsibilities,AA,Vehicle(s) Only Involved,6035,2,1,57659,8
38353,58958,220434564.0,2022-07-02 12:30:00,2022 July 02,12:30:00,2022,July,Saturday,10:01 am to 2:00 pm,12.0,1,Afternoon,Summer,3801,1878,Southern,B5,22107,22107,Unsafe turn or lane change prohibited,AA,Vehicle(s) Only Involved,27619,2,20,57660,13
38354,33043,180729043.0,2018-09-25 19:45:00,2018 September 25,19:45:00,2018,September,Tuesday,6:01 pm to 10:00 pm,19.0,0,Evening,Fall,3801,1278,Southern,3B16D,22350,22350,Unsafe speed for prevailing conditions,AA,Vehicle(s) Only Involved,27620,2,3,57658,1
38355,58971,220442620.0,2022-07-05 22:30:00,2022 July 05,22:30:00,2022,July,Tuesday,10:01 pm to 2:00 am,22.0,0,Night,Summer,3801,308,Richmond,3G12E,21801(a),"21801(a,b)",Violation of right-of-way - left turn,AA,Vehicle(s) Only Involved,27621,2,3,57659,1