collision_id,unique_id,case_id_pkey,collision_datetime,collision_date,collision_time,accident_year,month,day_of_week,time_cat,hour_of_day,is_weekend,time_of_day,season,juris,officer_id,reporting_district,beat_number,vz_pcf_code,vz_pcf_group,vz_pcf_description,dph_col_grp,dph_col_grp_description,location_id,weather_id,road_id,party_id,severity_id
38641,43585,3843476.0,2008-07-23 09:04:00,2008 July 23,09:04:00,2008,July,Wednesday,6:01 am to 10:00 am,9.0,0,Morning,Summer,3801,1573,G,4B11,22350,22350,Unsafe speed for prevailing conditions,AA,Vehicle(s) Only Involved,27769,2,1,57658,14
38642,13244,130869586.0,2013-10-14 13:10:00,2013 October 14,13:10:00,2013,October,Monday,10:01 am to 2:00 pm,13.0,0,Afternoon,Fall,3801,1584,SOUTHERN,4K2D,21950(a),"21950(a,c)",Driver or bicyclist to yield right-of-way at crosswalks,BB,Vehicle-Pedestrian,6235,2,1,57649,1
38643,71532,210731596.0,2021-11-07 23:12:00,2021 November 07,23:12:00,2021,November,Sunday,10:01 pm to 2:00 am,23.0,1,Night,Fall,3801,Austria,Park,3,21453(a),"21453(a,c)",Red signal - driver or bicyclist responsibilities,AA,Vehicle(s) Only Involved,4530,2,3,57659,17
38644,13701,150019244.0,2015-01-07 10:56:00,2015 January 07,10:56:00,2015,January,Wednesday,10:01 am to 2:00 pm,10.0,0,Morning,Winter,3801,1387,,,21801(a),"21801(a,b)",Violation of right-of-way - left turn,AA,Vehicle(s) Only Involved,35825,2,24,57237,2
38645,1304,140839074.0,2014-10-05 08:10:00,2014 October 05,08:10:00,2014,October,Sunday,6:01 am to 10:00 am,8.0,1,Morning,Fall,3801,173,34 ING,3H15A,21950(a),"21950(a,c)",Driver or bicyclist to yield right-of-way at crosswalks,BB,Vehicle-Pedestrian,27770,2,1,57649,2
38646,11599,150337228.0,2015-04-17 23:10:00,2015 April 17,23:10:00,2015,April,Friday,10:01 pm to 2:00 am,23.0,0,Night,Spring,3801,467,MISSION,3D11E,21955,21955,Crossing between controlled intersections (Jaywalking),BB,Vehicle-Pedestrian,27771,2,3,57622,4
38647,25837,150119145.0,2015-02-08 08:27:00,2015 February 08,08:27:00,2015,February,Sunday,6:01 am to 10:00 am,8.0,1,Morning,Winter,3801,1375,CO A,SA14A,21950(a),"21950(a,c)",Driver or bicyclist to yield right-of-way at crosswalks,BB,Vehicle-Pedestrian,7839,4,16,57454,2
38648,54709,210103359.0,2021-02-15 10:20:00,2021 February 15,10:20:00,2021,February,Monday,10:01 am to 2:00 pm,10.0,0,Morning,Winter,3801,1968,Northern,3E41C,21954(a),21954(a),Pedestrians must yield right-of-way outside of crosswalks,BB,Vehicle-Pedestrian,5326,4,16,57454,2
38649,55590,210330784.0,2021-05-28 22:30:00,2021 May 28,22:30:00,2021,May,Friday,10:01 pm to 2:00 am,22.0,0,Night,Spring,3801,1454,Northern,3E15E,22107,22107,Unsafe turn or lane change prohibited,AA,Vehicle(s) Only Involved,4164,2,3,57659,1
38650,27553,140795272.0,2014-09-21 04:59:00,2014 September 21,04:59:00,2014,September,Sunday,2:01 am to 6:00 am,4.0,1,Night,Fall,3801,,CENTRAL,2,21453(a),"21453(a,c)",Red signal - driver or bicyclist responsibilities,AA,Vehicle(s) Only Involved,4314,1,3,57659,1
38651,12574,3747566.0,2008-04-23 19:20:00,2008 April 23,19:20:00,2008,April,Wednesday,6:01 pm to 10:00 pm,19.0,0,Evening,Spring,3801,1435,COD,3D11D,Unknown,Unknown,Unknown,FF,Bicycle Only,27772,2,9,57253,2
38652,44677,3918459.0,2008-09-16 14:10:00,2008 September 16,14:10:00,2008,September,Tuesday,2:01 pm to 6:00 pm,14.0,0,Afternoon,Fall,3801,659,RICHM,3G61K,21802(a),"21802(a,b)",Violation of right-of-way - entering through highway,CC,Vehicle-Bicycle,8695,2,1,57390,2
38653,3252,150222306.0,2015-03-12 17:06:00,2015 March 12,17:06:00,2015,March,Thursday,2:01 pm to 6:00 pm,17.0,0,Evening,Spring,3801,1709,BAYVIEW,3 CAR,21456(b),"21456(a,b)",Pedestrian violation of walk or wait signals,BB,Vehicle-Pedestrian,27773,2,1,57622,1
38654,26032,3844881.0,2008-08-31 23:00:00,2008 August 31,23:00:00,2008,August,Sunday,10:01 pm to 2:00 am,23.0,1,Night,Summer,3801,02003,,3A14E,21658(a),"21658(a,b)",Lane straddling or failure to use specified lanes,AA,Vehicle(s) Only Involved,27774,2,3,57660,8
38655,14769,130000398.0,2013-01-01 01:54:00,2013 January 01,01:54:00,2013,January,Tuesday,10:01 pm to 2:00 am,1.0,0,Night,Winter,3801,492,SOUTHERN,3B15E,Unknown,Unknown,Unknown,AA,Vehicle(s) Only Involved,8571,2,12,57658,1
38656,27715,150511068.0,2015-06-11 18:55:00,2015 June 11,18:55:00,2015,June,Thursday,6:01 pm to 10:00 pm,18.0,0,Evening,Summer,3801,2239,CENTRAL,3A46D,22107,22107,Unsafe turn or lane change prohibited,AA,Vehicle(s) Only Involved,6975,2,1,57660,1
38657,24849,140122603.0,2014-02-11 06:49:00,2014 February 11,06:49:00,2014,February,Tuesday,6:01 am to 10:00 am,6.0,0,Morning,Winter,3801,2137,TENDERLOIN,3J11A,21453(a),"21453(a,c)",Red signal - driver or bicyclist responsibilities,CC,Vehicle-Bicycle,7460,1,33,57581,1
38658,6619,130285330.0,2013-04-07 20:49:00,2013 April 07,20:49:00,2013,April,Sunday,6:01 pm to 10:00 pm,20.0,1,Evening,Spring,3801,,BAYVIEW,3C12E,22350,22350,Unsafe speed for prevailing conditions,AA,Vehicle(s) Only Involved,27775,4,7,57658,8
38659,56865,210786842.0,2021-11-29 08:27:00,2021 November 29,08:27:00,2021,November,Monday,6:01 am to 10:00 am,8.0,0,Morning,Fall,3801,326,Ingleside,3h15a,22107,22107,Unsafe turn or lane change prohibited,AA,Vehicle(s) Only Involved,27776,2,2,57658,1
38660,59268,220670724.0,2022-09-30 16:45:00,2022 September 30,16:45:00,2022,September,Friday,2:01 pm to 6:00 pm,16.0,0,Afternoon,Fall,3801,2118,Southern,3B12D,22107,22107,Unsafe turn or lane change prohibited,AA,Vehicle(s) Only Involved,27777,2,2,57660,2
38661,31496,140985592.0,2014-11-21 09:48:00,2014 November 21,09:48:00,2014,November,Friday,6:01 am to 10:00 am,9.0,0,Morning,Fall,3801,318,G,3G1A,21453(a),"21453(a,c)",Red signal - driver or bicyclist responsibilities,AA,Vehicle(s) Only Involved,18575,2,1,57659,2
38662,34068,3843207.0,2008-07-25 14:56:00,2008 July 25,14:56:00,2008,July,Friday,2:01 pm to 6:00 pm,14.0,0,Afternoon,Summer,3801,1573,A,4B11,21703,21703,Following too closely prohibited,AA,Vehicle(s) Only Involved,27778,2,2,57658,2
38663,3567,130602091.0,2013-07-22 11:14:00,2013 July 22,11:14:00,2013,July,Monday,10:01 am to 2:00 pm,11.0,0,Morning,Summer,3801,1430,BAYVIEW,3C62,22517,22517,Opening door on traffic side when unsafe,CC,Vehicle-Bicycle,27779,2,2,57614,1
38664,9481,130802990.0,2013-09-23 21:58:00,2013 September 23,21:58:00,2013,September,Monday,6:01 pm to 10:00 pm,21.0,0,Night,Fall,3801,2117,MISSION,901,23153(a),23153(a-g),Driving under influence causing injury,AA,Vehicle(s) Only Involved,15769,2,3,57607,3
38665,13482,130655222.0,2013-08-08 17:45:00,2013 August 08,17:45:00,2013,August,Thursday,2:01 pm to 6:00 pm,17.0,0,Evening,Summer,3801,1172,SOUTHERN,CO.B,21755(a),21755(a),Unsafe passing on right shoulder,AA,Vehicle(s) Only Involved,37398,2,1,57660,4
38666,29431,140866691.0,2014-10-13 18:50:00,2014 October 13,18:50:00,2014,October,Monday,6:01 pm to 10:00 pm,18.0,0,Evening,Fall,3801,2260,NORTHERN,3E3C,21950(a),"21950(a,c)",Driver or bicyclist to yield right-of-way at crosswalks,BB,Vehicle-Pedestrian,27780,2,3,57649,1
38667,11983,130662619.0,2013-08-11 01:20:00,2013 August 11,01:20:00,2013,August,Sunday,10:01 pm to 2:00 am,1.0,1,Night,Summer,3801,2095,COD,401,22350,22350,Unsafe speed for prevailing conditions,BB,Vehicle-Pedestrian,27781,2,215,57649,1
38668,4927,3954772.0,2008-10-08 08:14:00,2008 October 08,08:14:00,2008,October,Wednesday,6:01 am to 10:00 am,8.0,0,Morning,Fall,3801,0032,INGLE,3H11A,21801(a),"21801(a,b)",Violation of right-of-way - left turn,AA,Vehicle(s) Only Involved,27091,2,2,57659,1
38669,17768,130833638.0,2013-10-03 04:15:00,2013 October 03,04:15:00,2013,October,Thursday,2:01 am to 6:00 am,4.0,0,Night,Fall,3801,1884,MISSION,901,22350,22350,Unsafe speed for prevailing conditions,AA,Vehicle(s) Only Involved,27782,2,12,57584,1
38670,41510,160801354.0,2016-10-02 14:59:00,2016 October 02,14:59:00,2016,October,Sunday,2:01 pm to 6:00 pm,14.0,1,Afternoon,Fall,3801,152,TARAVAL,13,22107,22107,Unsafe turn or lane change prohibited,AA,Vehicle(s) Only Involved,27783,2,2,57603,8
38671,42113,130672646.0,2013-08-14 10:38:00,2013 August 14,10:38:00,2013,August,Wednesday,10:01 am to 2:00 pm,10.0,0,Morning,Summer,3801,874,PARK,3F61,21211(a),"21211(a,b)",Illegally impeding bicycle lanes,DD,Bicycle-Pedestrian,27784,2,2,47199,17
38672,21421,130458236.0,2013-06-03 17:44:00,2013 June 03,17:44:00,2013,June,Monday,2:01 pm to 6:00 pm,17.0,0,Evening,Summer,3801,4286,NORTHERN,,Unknown,Unknown,Unknown,FF,Bicycle Only,23674,8,1,57524,2
38673,42584,150506122.0,2015-06-10 09:45:00,2015 June 10,09:45:00,2015,June,Wednesday,6:01 am to 10:00 am,9.0,0,Morning,Summer,3801,251,RICHMOND,3G61,22350,22350,Unsafe speed for prevailing conditions,AA,Vehicle(s) Only Involved,27785,4,259,57607,1
38674,16472,150032440.0,2015-01-11 16:54:00,2015 January 11,16:54:00,2015,January,Sunday,2:01 pm to 6:00 pm,16.0,1,Afternoon,Winter,3801,2265,SOUTHERN,3B12D,21950(a),"21950(a,c)",Driver or bicyclist to yield right-of-way at crosswalks,BB,Vehicle-Pedestrian,7543,2,1,57649,1
38675,1662,140220376.0,2014-03-15 12:00:00,2014 March 15,12:00:00,2014,March,Saturday,10:01 am to 2:00 pm,12.0,1,Afternoon,Spring,3801,1968,INGELSIDE,3H16C,22350,22350,Unsafe speed for prevailing conditions,AA,Vehicle(s) Only Involved,27786,2,2,57408,2
38676,86954,240673366.0,2024-10-26 11:25:00,2024 October 26,11:25:00,2024,October,Saturday,10:01 am to 2:00 pm,11.0,1,Morning,Fall,3801,2039,Taraval,3,22350,22350,Unsafe speed for prevailing conditions,CC,Vehicle-Bicycle,27787,2,1,57581,2
38677,33201,130842441.0,2013-10-05 18:07:00,2013 October 05,18:07:00,2013,October,Saturday,6:01 pm to 10:00 pm,18.0,1,Evening,Fall,3801,530,CENTRAL,3A14D,21755(a),21755(a),Unsafe passing on right shoulder,AA,Vehicle(s) Only Involved,34736,2,1,57659,2
38678,29157,141091936.0,2014-12-28 16:03:00,2014 December 28,16:03:00,2014,December,Sunday,2:01 pm to 6:00 pm,16.0,1,Afternoon,Winter,3801,1994,NORTHERN,4K8E,21950(b),21950(b),Pedestrian suddenly entering into vehicle path close enough to create an immediate hazard,BB,Vehicle-Pedestrian,27788,2,2,57622,1
38679,12892,150417585.0,2015-05-13 17:35:00,2015 May 13,17:35:00,2015,May,Wednesday,2:01 pm to 6:00 pm,17.0,0,Evening,Spring,3801,2432,PARK,3F12D,22350,22350,Unsafe speed for prevailing conditions,AA,Vehicle(s) Only Involved,27789,2,2,57584,2
38680,37596,140702534.0,2014-08-21 18:24:00,2014 August 21,18:24:00,2014,August,Thursday,6:01 pm to 10:00 pm,18.0,0,Evening,Summer,3801,4330,TARAVAL,3H5D,21801(a),"21801(a,b)",Violation of right-of-way - left turn,CC,Vehicle-Bicycle,27790,2,2,57390,1
38681,32351,160964861.0,2016-11-27 14:10:00,2016 November 27,14:10:00,2016,November,Sunday,2:01 pm to 6:00 pm,14.0,1,Afternoon,Fall,3801,2312,CO E,4,21800(c),21800(a-c),Violation of right-of-way or uncontrolled intersection,AA,Vehicle(s) Only Involved,35731,2,1,57659,1
38682,275,170938602.0,2017-11-18 07:22:00,2017 November 18,07:22:00,2017,November,Saturday,6:01 am to 10:00 am,7.0,1,Morning,Fall,3801,143,INGLESIDE,6,22350,22350,Unsafe speed for prevailing conditions,AA,Vehicle(s) Only Involved,27791,2,1,57658,1
38683,18976,130786532.0,2013-09-18 16:21:00,2013 September 18,16:21:00,2013,September,Wednesday,2:01 pm to 6:00 pm,16.0,0,Afternoon,Fall,3801,642,NORTHERN,3E61,21955,21955,Crossing between controlled intersections (Jaywalking),BB,Vehicle-Pedestrian,27792,2,1,57622,1
38684,13025,5563626.0,2012-07-23 18:50:00,2012 July 23,18:50:00,2012,July,Monday,6:01 pm to 10:00 pm,18.0,0,Evening,Summer,3801,1231,BAYVI,4T6J,Unknown,Unknown,Unknown,AA,Vehicle(s) Only Involved,27793,2,236,55166,4
38685,34834,140540196.0,2014-06-29 19:10:00,2014 June 29,19:10:00,2014,June,Sunday,6:01 pm to 10:00 pm,19.0,1,Evening,Summer,3801,1700,CO E,3E62,21950(b),21950(b),Pedestrian suddenly entering into vehicle path close enough to create an immediate hazard,BB,Vehicle-Pedestrian,27794,2,1,57622,2
38686,12604,3866604.0,2008-08-08 20:20:00,2008 August 08,20:20:00,2008,August,Friday,6:01 pm to 10:00 pm,20.0,0,Evening,Summer,3801,1030,MISSI,3D11D,21801(a),"21801(a,b)",Violation of right-of-way - left turn,CC,Vehicle-Bicycle,27795,2,12,57633,1
38687,29859,150517179.0,2015-06-13 18:35:00,2015 June 13,18:35:00,2015,June,Saturday,6:01 pm to 10:00 pm,18.0,1,Evening,Summer,3801,1310,NORTHERN,,21801(a),"21801(a,b)",Violation of right-of-way - left turn,CC,Vehicle-Bicycle,27796,2,2,57581,2
38688,4450,3926176.0,2008-10-09 19:49:00,2008 October 09,19:49:00,2008,October,Thursday,6:01 pm to 10:00 pm,19.0,0,Evening,Fall,3801,2175,H,4B7E,21950(a),"21950(a,c)",Driver or bicyclist to yield right-of-way at crosswalks,BB,Vehicle-Pedestrian,27797,2,12,57649,6
38689,46456,190032347.0,2019-01-13 20:26:00,2019 January 13,20:26:00,2019,January,Sunday,6:01 pm to 10:00 pm,20.0,1,Evening,Winter,3801,1276,Mission,3D91,21650.1,21650.1,Bicycle to travel in same direction as vehicles,CC,Vehicle-Bicycle,27798,2,12,57621,2
38690,31492,3843511.0,2008-07-23 12:56:00,2008 July 23,12:56:00,2008,July,Wednesday,10:01 am to 2:00 pm,12.0,0,Afternoon,Summer,3801,318,G,3G1A,22106,22106,Unsafe starting or backing on highway,AA,Vehicle(s) Only Involved,27799,2,2,57659,1
38691,17266,150874474.0,2015-10-06 10:15:00,2015 October 06,10:15:00,2015,October,Tuesday,10:01 am to 2:00 pm,10.0,0,Morning,Fall,3801,1312,MISSION,3D15,21954(a),21954(a),Pedestrians must yield right-of-way outside of crosswalks,BB,Vehicle-Pedestrian,27800,2,1,57622,1
38692,40638,3825822.0,2008-07-15 17:50:00,2008 July 15,17:50:00,2008,July,Tuesday,2:01 pm to 6:00 pm,17.0,0,Evening,Summer,3801,4137,TARAV,3I1,21955,21955,Crossing between controlled intersections (Jaywalking),BB,Vehicle-Pedestrian,27801,2,2,57622,1
38693,16874,140272446.0,2014-04-01 21:30:00,2014 April 01,21:30:00,2014,April,Tuesday,6:01 pm to 10:00 pm,21.0,0,Night,Spring,3801,1593,SOUTHERN,CO B,21954(a),21954(a),Pedestrians must yield right-of-way outside of crosswalks,BB,Vehicle-Pedestrian,27802,4,7,57622,1
38694,1535,160894901.0,2016-11-03 08:22:00,2016 November 03,08:22:00,2016,November,Thursday,6:01 am to 10:00 am,8.0,0,Morning,Fall,3801,2337,INGLESIDE,3H13A,21651(a),21651(a),Crossing dividing section on freeway prohibited,AA,Vehicle(s) Only Involved,28233,2,2,57569,1
38695,87311,240764987.0,2024-12-11 14:37:00,2024 December 11,14:37:00,2024,December,Wednesday,2:01 pm to 6:00 pm,14.0,0,Afternoon,Winter,3801,1463,Southern,B5,21950(a),"21950(a,c)",Driver or bicyclist to yield right-of-way at crosswalks,BB,Vehicle-Pedestrian,27803,2,2,57476,2
38696,8156,140722059.0,2014-08-27 18:20:00,2014 August 27,18:20:00,2014,August,Wednesday,6:01 pm to 10:00 pm,18.0,0,Evening,Summer,3801,1039,INGLESIDE,,21453(c),"21453(a,c)",Red signal - driver or bicyclist responsibilities,AA,Vehicle(s) Only Involved,17035,8,1,57659,2
38697,24685,130616525.0,2013-07-26 18:48:00,2013 July 26,18:48:00,2013,July,Friday,6:01 pm to 10:00 pm,18.0,0,Evening,Summer,3801,2334,SOUTHERN,,21658(a),"21658(a,b)",Lane straddling or failure to use specified lanes,CC,Vehicle-Bicycle,33366,2,1,56247,1
38698,59177,220590263.0,2022-08-31 19:38:00,2022 August 31,19:38:00,2022,August,Wednesday,6:01 pm to 10:00 pm,19.0,0,Evening,Summer,3801,4046,Ingleside,3H61,21802(a),"21802(a,b)",Violation of right-of-way - entering through highway,CC,Vehicle-Bicycle,27804,2,1,57621,2
38699,33164,170209566.0,2017-03-14 10:41:00,2017 March 14,10:41:00,2017,March,Tuesday,10:01 am to 2:00 pm,10.0,0,Morning,Spring,3801,573,CENTRAL,4B2F,21657,21657,Going against one-way traffic patterns,CC,Vehicle-Bicycle,15132,8,1,55766,4
38700,59305,220355205.0,2022-05-31 05:50:00,2022 May 31,05:50:00,2022,May,Tuesday,2:01 am to 6:00 am,5.0,0,Morning,Spring,3801,2020,Southern,3B14A,21801(a),"21801(a,b)",Violation of right-of-way - left turn,AA,Vehicle(s) Only Involved,27805,2,1,57564,2
38701,31247,130257038.0,2013-03-28 19:39:00,2013 March 28,19:39:00,2013,March,Thursday,6:01 pm to 10:00 pm,19.0,0,Evening,Spring,3801,1546,RICHMOND,3G11D,22350,22350,Unsafe speed for prevailing conditions,AA,Vehicle(s) Only Involved,27806,2,3,57658,1
38702,4425,150402398.0,2015-05-08 20:10:00,2015 May 08,20:10:00,2015,May,Friday,6:01 pm to 10:00 pm,20.0,0,Evening,Spring,3801,970,H,3H11D,21802(a),"21802(a,b)",Violation of right-of-way - entering through highway,CC,Vehicle-Bicycle,27807,2,12,57581,1
38703,39477,141065135.0,2014-12-19 11:02:00,2014 December 19,11:02:00,2014,December,Friday,10:01 am to 2:00 pm,11.0,0,Morning,Winter,3801,4283,TARAVAL,2 CAR,22450(a),22450(a),Failure to stop at STOP sign,AA,Vehicle(s) Only Involved,27808,4,16,57659,1
38704,56764,210715807.0,2021-10-31 23:49:00,2021 October 31,23:49:00,2021,October,Sunday,10:01 pm to 2:00 am,23.0,1,Night,Fall,3801,2427,Southern,2 Car,Unknown,Unknown,Unknown,BB,Vehicle-Pedestrian,7266,2,12,57525,2
38705,10401,140895424.0,2014-10-22 20:54:00,2014 October 22,20:54:00,2014,October,Wednesday,6:01 pm to 10:00 pm,20.0,0,Evening,Fall,3801,4371,MISSION,901,21950(a),"21950(a,c)",Driver or bicyclist to yield right-of-way at crosswalks,BB,Vehicle-Pedestrian,27809,2,12,57476,2
38706,11574,140805495.0,2014-09-24 08:21:00,2014 September 24,08:21:00,2014,September,Wednesday,6:01 am to 10:00 am,8.0,0,Morning,Fall,3801,4307,MISSION,3D41A,22350,22350,Unsafe speed for prevailing conditions,AA,Vehicle(s) Only Involved,27810,2,2,57658,1
38707,1504,150529497.0,2015-06-17 11:35:00,2015 June 17,11:35:00,2015,June,Wednesday,10:01 am to 2:00 pm,11.0,0,Morning,Summer,3801,2283,CO H,5,Unknown,Unknown,Unknown,AA,Vehicle(s) Only Involved,3600,6,218,57557,1
38708,20717,130549017.0,2013-07-04 10:40:00,2013 July 04,10:40:00,2013,July,Thursday,10:01 am to 2:00 pm,10.0,0,Morning,Summer,3801,4335,NORTHERN,,21453(a),"21453(a,c)",Red signal - driver or bicyclist responsibilities,AA,Vehicle(s) Only Involved,5622,8,1,57659,1
38709,19731,150286841.0,2015-04-01 17:36:00,2015 April 01,17:36:00,2015,April,Wednesday,2:01 pm to 6:00 pm,17.0,0,Evening,Spring,3801,1485,,14D,21950(a),"21950(a,c)",Driver or bicyclist to yield right-of-way at crosswalks,BB,Vehicle-Pedestrian,27811,2,1,57649,1
38710,38455,160400564.0,2016-05-16 13:50:00,2016 May 16,13:50:00,2016,May,Monday,10:01 am to 2:00 pm,13.0,0,Afternoon,Spring,3801,777,,31104,21650,21650,Failure to keep to right side of road,AA,Vehicle(s) Only Involved,27812,2,1,57607,1
38711,29602,150645015.0,2015-07-24 19:52:00,2015 July 24,19:52:00,2015,July,Friday,6:01 pm to 10:00 pm,19.0,0,Evening,Summer,3801,1301,SAN FRANCI,3E16D,21950(a),"21950(a,c)",Driver or bicyclist to yield right-of-way at crosswalks,BB,Vehicle-Pedestrian,27813,2,33,57649,8
38712,58923,220655475.0,2022-09-24 22:40:00,2022 September 24,22:40:00,2022,September,Saturday,10:01 pm to 2:00 am,22.0,1,Night,Fall,3801,623,Bayview,3C11E,22350,22350,Unsafe speed for prevailing conditions,AA,Vehicle(s) Only Involved,5394,2,3,57619,2
38713,24639,3902479.0,2008-08-11 05:27:00,2008 August 11,05:27:00,2008,August,Monday,2:01 am to 6:00 am,5.0,0,Morning,Summer,3801,997,B,3B11E,22350,22350,Unsafe speed for prevailing conditions,AA,Vehicle(s) Only Involved,27814,2,33,57607,1
38714,31981,130814133.0,2013-09-27 06:50:00,2013 September 27,06:50:00,2013,September,Friday,6:01 am to 10:00 am,6.0,0,Morning,Fall,3801,1324,NORTHERN,4C4,22350,22350,Unsafe speed for prevailing conditions,AA,Vehicle(s) Only Involved,27815,2,33,57658,49
38715,2726,130517531.0,2013-06-24 08:05:00,2013 June 24,08:05:00,2013,June,Monday,6:01 am to 10:00 am,8.0,0,Morning,Summer,3801,1430,BAYVIEW,3C62,22350,22350,Unsafe speed for prevailing conditions,AA,Vehicle(s) Only Involved,27816,1,16,57658,1
38716,87334,240716875.0,2024-11-16 17:12:00,2024 November 16,17:12:00,2024,November,Saturday,2:01 pm to 6:00 pm,17.0,1,Evening,Fall,3801,1358,Southern,1,22106,22106,Unsafe starting or backing on highway,AA,Vehicle(s) Only Involved,36251,2,1,57658,1
38717,54495,210034889.0,2021-01-16 05:42:00,2021 January 16,05:42:00,2021,January,Saturday,2:01 am to 6:00 am,5.0,1,Morning,Winter,3801,1892,Tenderloin,908,21453(a),"21453(a,c)",Red signal - driver or bicyclist responsibilities,AA,Vehicle(s) Only Involved,5618,2,3,57659,8
38718,28034,140580669.0,2014-07-13 02:43:00,2014 July 13,02:43:00,2014,July,Sunday,2:01 am to 6:00 am,2.0,1,Night,Summer,3801,428,CENTRAL,1A,21453(a),"21453(a,c)",Red signal - driver or bicyclist responsibilities,AA,Vehicle(s) Only Involved,17832,2,3,57659,8
38719,58626,220462004.0,2022-07-13 12:08:00,2022 July 13,12:08:00,2022,July,Wednesday,10:01 am to 2:00 pm,12.0,0,Afternoon,Summer,3801,670,Ingleside,3H13A,21956(a),21956(a),Pedestrian on roadway prohibited,BB,Vehicle-Pedestrian,27818,1,2,57622,21
38720,6309,5429131.0,2011-11-18 16:38:00,2011 November 18,16:38:00,2011,November,Friday,2:01 pm to 6:00 pm,16.0,0,Afternoon,Fall,3801,2111,11182,4B4H,Unknown,Unknown,Unknown,AA,Vehicle(s) Only Involved,27819,1,74,56835,2
38721,12607,130269607.0,2013-04-02 12:43:00,2013 April 02,12:43:00,2013,April,Tuesday,10:01 am to 2:00 pm,12.0,0,Afternoon,Spring,3801,1846,,3D41C,22105,22105,Illegal U-turn on highway without unobstructed view,BB,Vehicle-Pedestrian,11796,2,1,57649,2
38722,32525,140555957.0,2014-07-05 00:31:00,2014 July 05,00:31:00,2014,July,Saturday,10:01 pm to 2:00 am,0.0,1,Night,Summer,3801,0738,NORTHERN,,21453(d),21453(d),Red signal - pedestrian responsibilities,BB,Vehicle-Pedestrian,27820,8,3,57622,2
38723,29975,160350204.0,2016-04-28 10:20:00,2016 April 28,10:20:00,2016,April,Thursday,10:01 am to 2:00 pm,10.0,0,Morning,Spring,3801,740,CENTRAL,3A42B,21950(a),"21950(a,c)",Driver or bicyclist to yield right-of-way at crosswalks,BB,Vehicle-Pedestrian,33114,2,1,57649,1
38724,29295,3942871.0,2008-11-22 06:17:00,2008 November 22,06:17:00,2008,November,Saturday,6:01 am to 10:00 am,6.0,1,Morning,Fall,3801,00043,NORTH,3E61K,21453(a),"21453(a,c)",Red signal - driver or bicyclist responsibilities,AA,Vehicle(s) Only Involved,8279,2,3,57636,2
38725,39850,140981584.0,2014-11-19 18:25:00,2014 November 19,18:25:00,2014,November,Wednesday,6:01 pm to 10:00 pm,18.0,0,Evening,Fall,3801,1917,TARAVAL,3113D,22105,22105,Illegal U-turn on highway without unobstructed view,CC,Vehicle-Bicycle,2523,1,7,57581,1
38726,43919,180238806.0,2018-03-31 11:29:00,2018 March 31,11:29:00,2018,March,Saturday,10:01 am to 2:00 pm,11.0,1,Morning,Spring,3801,2375,Richmond,3G60,22350,22350,Unsafe speed for prevailing conditions,AA,Vehicle(s) Only Involved,27821,1,2,57658,2
38727,24660,140414206.0,2014-05-17 21:40:00,2014 May 17,21:40:00,2014,May,Saturday,6:01 pm to 10:00 pm,21.0,1,Night,Spring,3801,4369,TENDERLOIN,3J11D,Unknown,Unknown,Unknown,AA,Vehicle(s) Only Involved,27822,3,12,56568,1
38728,49977,189982645.0,2019-12-31 21:59:00,2019 December 31,21:59:00,2019,December,Tuesday,6:01 pm to 10:00 pm,21.0,0,Night,Winter,3801,4314,Richmond,G4,22450(a),22450(a),Failure to stop at STOP sign,AA,Vehicle(s) Only Involved,24631,2,3,57659,8
38729,58733,220471293.0,2022-07-16 15:43:00,2022 July 16,15:43:00,2022,July,Saturday,2:01 pm to 6:00 pm,15.0,1,Afternoon,Summer,3801,4187,Northern,3E15D,Unknown,Unknown,Unknown,AA,Vehicle(s) Only Involved,27823,2,1,57653,1
38730,11495,3954765.0,2008-10-07 09:00:00,2008 October 07,09:00:00,2008,October,Tuesday,6:01 am to 10:00 am,9.0,0,Morning,Fall,3801,2226,MISSI,3D61K,22517,22517,Opening door on traffic side when unsafe,EE,Bicycle-Parked Car,27824,2,1,57617,1
38731,21182,150303241.0,2015-04-07 08:14:00,2015 April 07,08:14:00,2015,April,Tuesday,6:01 am to 10:00 am,8.0,0,Morning,Spring,3801,1856,PARK,3F14A,22350,22350,Unsafe speed for prevailing conditions,AA,Vehicle(s) Only Involved,27518,1,1,57569,2
38732,57076,210692528.0,2021-10-22 10:18:00,2021 October 22,10:18:00,2021,October,Friday,10:01 am to 2:00 pm,10.0,0,Morning,Fall,3801,1086,Central,3A13A,22350,22350,Unsafe speed for prevailing conditions,AA,Vehicle(s) Only Involved,27825,1,26,57619,3
38733,37295,140870181.0,2014-10-14 19:36:00,2014 October 14,19:36:00,2014,October,Tuesday,6:01 pm to 10:00 pm,19.0,0,Evening,Fall,3801,4291,TARAVAL,3115D,21703,21703,Following too closely prohibited,AA,Vehicle(s) Only Involved,27826,2,3,57658,8
38734,11629,130005611.0,2013-01-02 19:55:00,2013 January 02,19:55:00,2013,January,Wednesday,6:01 pm to 10:00 pm,19.0,0,Evening,Winter,3801,2175,D,3D66,21950(b),21950(b),Pedestrian suddenly entering into vehicle path close enough to create an immediate hazard,BB,Vehicle-Pedestrian,27827,2,3,57622,2
38735,9892,150062851.0,2015-01-21 08:16:00,2015 January 21,08:16:00,2015,January,Wednesday,6:01 am to 10:00 am,8.0,0,Morning,Winter,3801,373,D6,901,22450(a),22450(a),Failure to stop at STOP sign,CC,Vehicle-Bicycle,8961,2,1,57581,2