collision_id,unique_id,case_id_pkey,collision_datetime,collision_date,collision_time,accident_year,month,day_of_week,time_cat,hour_of_day,is_weekend,time_of_day,season,juris,officer_id,reporting_district,beat_number,vz_pcf_code,vz_pcf_group,vz_pcf_description,dph_col_grp,dph_col_grp_description,location_id,weather_id,road_id,party_id,severity_id
39871,2629,150483962.0,2015-06-03 09:27:00,2015 June 03,09:27:00,2015,June,Wednesday,6:01 am to 10:00 am,9.0,0,Morning,Summer,3801,1582,BAYVIEW,3C12B,22101(d),22101(d),Violation of a turn prohibition sign,AA,Vehicle(s) Only Involved,10796,2,1,57660,8
39872,899,140609532.0,2014-07-22 19:03:00,2014 July 22,19:03:00,2014,July,Tuesday,6:01 pm to 10:00 pm,19.0,0,Evening,Summer,3801,464,INGLESIDE,3H74,21954(a),21954(a),Pedestrians must yield right-of-way outside of crosswalks,BB,Vehicle-Pedestrian,28434,2,1,57622,1
39873,32264,131082939.0,2013-12-26 07:30:00,2013 December 26,07:30:00,2013,December,Thursday,6:01 am to 10:00 am,7.0,0,Morning,Winter,3801,1887,TRAFFIC,4K1C,21453(a),"21453(a,c)",Red signal - driver or bicyclist responsibilities,AA,Vehicle(s) Only Involved,31443,1,1,57659,1
39874,35214,3918526.0,2008-09-27 19:28:00,2008 September 27,19:28:00,2008,September,Saturday,6:01 pm to 10:00 pm,19.0,1,Evening,Fall,3801,00443,NORTH,3E15D,22450(a),22450(a),Failure to stop at STOP sign,AA,Vehicle(s) Only Involved,10702,2,15,57659,11
39875,36936,130900538.0,2013-10-23 20:48:00,2013 October 23,20:48:00,2013,October,Wednesday,6:01 pm to 10:00 pm,20.0,0,Evening,Fall,3801,4084,TARAVAL,901,21950(a),"21950(a,c)",Driver or bicyclist to yield right-of-way at crosswalks,BB,Vehicle-Pedestrian,28435,1,3,57522,2
39876,87161,240725070.0,2024-11-20 20:29:00,2024 November 20,20:29:00,2024,November,Wednesday,6:01 pm to 10:00 pm,20.0,0,Evening,Fall,3801,4020,Northern,3E13D,21950(a),"21950(a,c)",Driver or bicyclist to yield right-of-way at crosswalks,BB,Vehicle-Pedestrian,14651,13,13,57570,1
39877,38240,130347071.0,2013-04-28 14:32:00,2013 April 28,14:32:00,2013,April,Sunday,2:01 pm to 6:00 pm,14.0,1,Afternoon,Spring,3801,2263,TARAVAL,312B,21658(a),"21658(a,b)",Lane straddling or failure to use specified lanes,AA,Vehicle(s) Only Involved,20086,2,1,57659,1
39878,23799,140322126.0,2014-04-18 13:08:00,2014 April 18,13:08:00,2014,April,Friday,10:01 am to 2:00 pm,13.0,0,Afternoon,Spring,3801,2394,SOUTHERN,3B53C,21453(d),21453(d),Red signal - pedestrian responsibilities,CC,Vehicle-Bicycle,32713,2,1,57621,1
39879,11016,140367780.0,2014-05-03 20:30:00,2014 May 03,20:30:00,2014,May,Saturday,6:01 pm to 10:00 pm,20.0,1,Evening,Spring,3801,1279,MISSION,901,22517,22517,Opening door on traffic side when unsafe,CC,Vehicle-Bicycle,28436,2,12,57390,1
39880,16492,5427528.0,2011-11-25 16:57:00,2011 November 25,16:57:00,2011,November,Friday,2:01 pm to 6:00 pm,16.0,0,Afternoon,Fall,3801,2258,B,002,22107,22107,Unsafe turn or lane change prohibited,BB,Vehicle-Pedestrian,7543,2,33,57649,1
39881,22572,140789924.0,2014-09-19 12:00:00,2014 September 19,12:00:00,2014,September,Friday,10:01 am to 2:00 pm,12.0,0,Afternoon,Fall,3801,1816,PARK,3F60,21750,21750,Overtaking and passing unsafely,AA,Vehicle(s) Only Involved,28437,2,1,57237,1
39882,33482,3953016.0,2008-10-15 11:00:00,2008 October 15,11:00:00,2008,October,Wednesday,10:01 am to 2:00 pm,11.0,0,Morning,Fall,3801,277,COA,3A13A,21950(a),"21950(a,c)",Driver or bicyclist to yield right-of-way at crosswalks,BB,Vehicle-Pedestrian,15076,2,1,57649,1
39883,55817,210551899.0,2021-08-28 11:30:00,2021 August 28,11:30:00,2021,August,Saturday,10:01 am to 2:00 pm,11.0,1,Morning,Summer,3801,4095,Taraval,3,21802(a),"21802(a,b)",Violation of right-of-way - entering through highway,AA,Vehicle(s) Only Involved,40720,2,1,57659,14
39884,11569,130149297.0,2013-02-20 13:00:00,2013 February 20,13:00:00,2013,February,Wednesday,10:01 am to 2:00 pm,13.0,0,Afternoon,Winter,3801,358,CO D,3D61,Unknown,Unknown,Unknown,AA,Vehicle(s) Only Involved,35364,3,14,57546,1
39885,6294,130638751.0,2013-08-02 22:06:00,2013 August 02,22:06:00,2013,August,Friday,10:01 pm to 2:00 am,22.0,0,Night,Summer,3801,1372,INGLESIDE,3H11E,21954(a),21954(a),Pedestrians must yield right-of-way outside of crosswalks,DD,Bicycle-Pedestrian,28439,2,12,54247,3
39886,9294,150535610.0,2015-06-19 15:00:00,2015 June 19,15:00:00,2015,June,Friday,2:01 pm to 6:00 pm,15.0,0,Afternoon,Summer,3801,1116,BAYVIEW,3C11D,22100(a),"22100(a,b)",Turn at intersection from wrong position,CC,Vehicle-Bicycle,36303,2,23,57614,2
39887,921,140152600.0,2014-02-20 20:55:00,2014 February 20,20:55:00,2014,February,Thursday,6:01 pm to 10:00 pm,20.0,0,Evening,Winter,3801,1533,INGLESIDE,3H11D,22350,22350,Unsafe speed for prevailing conditions,FF,Bicycle Only,28441,2,12,57556,2
39888,41948,131096758.0,2013-12-30 21:01:00,2013 December 30,21:01:00,2013,December,Monday,6:01 pm to 10:00 pm,21.0,0,Night,Winter,3801,2375,PARK,3G11E,22350,22350,Unsafe speed for prevailing conditions,AA,Vehicle(s) Only Involved,28442,2,12,57607,2
39889,11829,140102382.0,2014-02-04 11:00:00,2014 February 04,11:00:00,2014,February,Tuesday,10:01 am to 2:00 pm,11.0,0,Morning,Winter,3801,4372,MISSION,,21950(a),"21950(a,c)",Driver or bicyclist to yield right-of-way at crosswalks,BB,Vehicle-Pedestrian,21302,2,1,57649,1
39890,5052,180732864.0,2018-09-27 11:20:00,2018 September 27,11:20:00,2018,September,Thursday,10:01 am to 2:00 pm,11.0,0,Morning,Fall,3801,229,Ingleside,H4,22107,22107,Unsafe turn or lane change prohibited,AA,Vehicle(s) Only Involved,28443,1,2,57654,1
39891,26574,140819537.0,2014-09-28 22:09:00,2014 September 28,22:09:00,2014,September,Sunday,10:01 pm to 2:00 am,22.0,1,Night,Fall,3801,877,SOUTHERN,3B12E,21650.1,21650.1,Bicycle to travel in same direction as vehicles,CC,Vehicle-Bicycle,28444,2,3,57621,2
39892,35545,130718632.0,2013-08-28 20:12:00,2013 August 28,20:12:00,2013,August,Wednesday,6:01 pm to 10:00 pm,20.0,0,Evening,Summer,3801,1766,,4K5G,21956(a),21956(a),Pedestrian on roadway prohibited,BB,Vehicle-Pedestrian,28445,2,3,57622,1
39893,27747,150362156.0,2015-04-26 01:47:00,2015 April 26,01:47:00,2015,April,Sunday,10:01 pm to 2:00 am,1.0,1,Night,Spring,3801,994,CENTRAL,3A11E,23153(a),23153(a-g),Driving under influence causing injury,BB,Vehicle-Pedestrian,17004,2,3,57476,2
39894,35374,131045987.0,2013-12-12 18:30:00,2013 December 12,18:30:00,2013,December,Thursday,6:01 pm to 10:00 pm,18.0,0,Evening,Winter,3801,1398,NORTHERN,5,22106,22106,Unsafe starting or backing on highway,BB,Vehicle-Pedestrian,28446,2,12,57649,1
39895,42085,130619864.0,2013-07-27 22:02:00,2013 July 27,22:02:00,2013,July,Saturday,10:01 pm to 2:00 am,22.0,1,Night,Summer,3801,2038,F,3F13E,21456(b),"21456(a,b)",Pedestrian violation of walk or wait signals,BB,Vehicle-Pedestrian,32386,2,3,57622,4
39896,83146,230147434.0,2023-03-01 15:28:00,2023 March 01,15:28:00,2023,March,Wednesday,2:01 pm to 6:00 pm,15.0,0,Afternoon,Spring,3801,1945,Bayview,3C11D,21800(a),21800(a-c),Violation of right-of-way or uncontrolled intersection,CC,Vehicle-Bicycle,28448,2,1,57581,1
39897,935,130833945.0,2013-10-03 11:29:00,2013 October 03,11:29:00,2013,October,Thursday,10:01 am to 2:00 pm,11.0,0,Morning,Fall,3801,706,INGLESIDE,31116A,21658(a),"21658(a,b)",Lane straddling or failure to use specified lanes,CC,Vehicle-Bicycle,28449,2,2,57614,1
39898,43540,130921352.0,2013-10-30 12:19:00,2013 October 30,12:19:00,2013,October,Wednesday,10:01 am to 2:00 pm,12.0,0,Afternoon,Fall,3801,251,TRAFFIC CO,4C3,21453(a),"21453(a,c)",Red signal - driver or bicyclist responsibilities,BB,Vehicle-Pedestrian,12769,2,1,57659,15
39899,54800,210621559.0,2021-03-14 06:30:00,2021 March 14,06:30:00,2021,March,Sunday,6:01 am to 10:00 am,6.0,1,Morning,Spring,3801,1418,Taraval,I2,22107,22107,Unsafe turn or lane change prohibited,AA,Vehicle(s) Only Involved,28450,1,29,57654,13
39900,30676,140506740.0,2014-06-18 18:55:00,2014 June 18,18:55:00,2014,June,Wednesday,6:01 pm to 10:00 pm,18.0,0,Evening,Summer,3801,1892,NORTHERN,4E,22450(a),22450(a),Failure to stop at STOP sign,CC,Vehicle-Bicycle,34650,2,1,57659,3
39901,3253,180615420.0,2018-08-16 10:30:00,2018 August 16,10:30:00,2018,August,Thursday,10:01 am to 2:00 pm,10.0,0,Morning,Summer,3801,1693,Bayview,5,21950(a),"21950(a,c)",Driver or bicyclist to yield right-of-way at crosswalks,BB,Vehicle-Pedestrian,28451,2,1,57649,1
39902,87176,240727838.0,2024-11-22 14:57:00,2024 November 22,14:57:00,2024,November,Friday,2:01 pm to 6:00 pm,14.0,0,Afternoon,Fall,3801,1666,Park,3-Car,21954(a),21954(a),Pedestrians must yield right-of-way outside of crosswalks,BB,Vehicle-Pedestrian,28452,4,16,57622,2
39903,15115,131057697.0,2013-12-16 21:40:00,2013 December 16,21:40:00,2013,December,Monday,6:01 pm to 10:00 pm,21.0,0,Night,Winter,3801,1275,SOUTHERN,3B15D,22350,22350,Unsafe speed for prevailing conditions,AA,Vehicle(s) Only Involved,28453,2,12,57658,8
39904,1121,140269857.0,2014-04-01 03:31:00,2014 April 01,03:31:00,2014,April,Tuesday,2:01 am to 6:00 am,3.0,0,Night,Spring,3801,1684,INGLESIDE,3H15E,22350,22350,Unsafe speed for prevailing conditions,AA,Vehicle(s) Only Involved,33342,2,13,57658,8
39905,18005,150138935.0,2015-02-14 22:15:00,2015 February 14,22:15:00,2015,February,Saturday,10:01 pm to 2:00 am,22.0,1,Night,Winter,3801,1404,,,21955,21955,Crossing between controlled intersections (Jaywalking),BB,Vehicle-Pedestrian,28454,2,3,57622,2
39906,60076,220110811.0,2022-02-17 20:52:00,2022 February 17,20:52:00,2022,February,Thursday,6:01 pm to 10:00 pm,20.0,0,Evening,Winter,3801,4043,Central,3A12E,21950(a),"21950(a,c)",Driver or bicyclist to yield right-of-way at crosswalks,BB,Vehicle-Pedestrian,28455,2,3,57649,1
39907,7832,140116117.0,2014-02-09 00:02:00,2014 February 09,00:02:00,2014,February,Sunday,10:01 pm to 2:00 am,0.0,1,Night,Winter,3801,0357,MISSION,,21950(a),"21950(a,c)",Driver or bicyclist to yield right-of-way at crosswalks,BB,Vehicle-Pedestrian,25194,18,13,57649,1
39908,37811,3825725.0,2008-07-16 17:05:00,2008 July 16,17:05:00,2008,July,Wednesday,2:01 pm to 6:00 pm,17.0,0,Evening,Summer,3801,1747,,,22350,22350,Unsafe speed for prevailing conditions,AA,Vehicle(s) Only Involved,31276,1,1,57658,8
39909,27194,3847396.0,2008-07-30 13:41:00,2008 July 30,13:41:00,2008,July,Wednesday,10:01 am to 2:00 pm,13.0,0,Afternoon,Summer,3801,1870,SOUTH,3B62,22102,22102,Illegal U-turn in business district,CC,Vehicle-Bicycle,28456,2,2,57390,2
39910,47212,190172642.0,2019-03-09 23:13:00,2019 March 09,23:13:00,2019,March,Saturday,10:01 pm to 2:00 am,23.0,1,Night,Spring,3801,2211,Northern,3E13E,21950(b),21950(b),Pedestrian suddenly entering into vehicle path close enough to create an immediate hazard,BB,Vehicle-Pedestrian,18549,4,13,57622,1
39911,30301,3918463.0,2008-09-25 01:49:00,2008 September 25,01:49:00,2008,September,Thursday,10:01 pm to 2:00 am,1.0,0,Night,Fall,3801,2242,E,3E13E,22350,22350,Unsafe speed for prevailing conditions,AA,Vehicle(s) Only Involved,7501,2,10,57658,4
39912,87241,240740642.0,2024-11-29 13:47:00,2024 November 29,13:47:00,2024,November,Friday,10:01 am to 2:00 pm,13.0,0,Afternoon,Fall,3801,4178,Traffic,4B3A,21453(a),"21453(a,c)",Red signal - driver or bicyclist responsibilities,AA,Vehicle(s) Only Involved,9942,2,1,57066,6
39913,3396,130903952.0,2013-10-24 17:00:00,2013 October 24,17:00:00,2013,October,Thursday,2:01 pm to 6:00 pm,17.0,0,Evening,Fall,3801,4305,BAYVIEW,3C15E,21954(b),21954(b),Failure of driver or bicyclist to exercise due care for safety of pedestrian on roadway,BB,Vehicle-Pedestrian,28457,2,3,57649,2
39914,41299,3929992.0,2008-10-29 13:15:00,2008 October 29,13:15:00,2008,October,Wednesday,10:01 am to 2:00 pm,13.0,0,Afternoon,Fall,3801,1629,TARAV,3I62,21658(a),"21658(a,b)",Lane straddling or failure to use specified lanes,AA,Vehicle(s) Only Involved,28458,1,211,57658,2
39915,29930,130719787.0,2013-08-29 08:40:00,2013 August 29,08:40:00,2013,August,Thursday,6:01 am to 10:00 am,8.0,0,Morning,Summer,3801,183,NORTHERN,3E13C,21801(a),"21801(a,b)",Violation of right-of-way - left turn,AA,Vehicle(s) Only Involved,9108,2,1,57585,1
39916,38521,3825794.0,2008-07-15 14:57:00,2008 July 15,14:57:00,2008,July,Tuesday,2:01 pm to 6:00 pm,14.0,0,Afternoon,Summer,3801,246,TARAV,4B6G,21802(a),"21802(a,b)",Violation of right-of-way - entering through highway,AA,Vehicle(s) Only Involved,22591,2,1,57659,3
39917,43787,130888611.0,2013-10-20 10:25:00,2013 October 20,10:25:00,2013,October,Sunday,10:01 am to 2:00 pm,10.0,1,Morning,Fall,3801,1054,G,4,21801(a),"21801(a,b)",Violation of right-of-way - left turn,AA,Vehicle(s) Only Involved,19650,2,1,57659,1
39918,87258,240746781.0,2024-12-02 20:13:00,2024 December 02,20:13:00,2024,December,Monday,6:01 pm to 10:00 pm,20.0,0,Evening,Winter,3801,255,Ingleside,3H61,21801(a),"21801(a,b)",Violation of right-of-way - left turn,AA,Vehicle(s) Only Involved,28459,2,3,57659,13
39919,54549,210058895.0,2021-01-26 19:24:00,2021 January 26,19:24:00,2021,January,Tuesday,6:01 pm to 10:00 pm,19.0,0,Evening,Winter,3801,George 445,Ingleside,4,21956(a),21956(a),Pedestrian on roadway prohibited,BB,Vehicle-Pedestrian,28460,7,7,57622,3
39920,43279,4621105.0,2010-03-11 08:33:00,2010 March 11,08:33:00,2010,March,Thursday,6:01 am to 10:00 am,8.0,0,Morning,Spring,3801,649,RICHM,3G64,Unknown,Unknown,Unknown,AA,Vehicle(s) Only Involved,28461,2,1,56568,4
39921,32972,160803021.0,2016-10-03 11:20:00,2016 October 03,11:20:00,2016,October,Monday,10:01 am to 2:00 pm,11.0,0,Morning,Fall,3801,2260,NORTHERN,4 CAR,Unknown,Unknown,Unknown,AA,Vehicle(s) Only Involved,28462,2,2,57274,14
39922,2202,130925661.0,2013-10-31 20:05:00,2013 October 31,20:05:00,2013,October,Thursday,6:01 pm to 10:00 pm,20.0,0,Evening,Fall,3801,1939,INGLESIDE,4B2H,21456(b),"21456(a,b)",Pedestrian violation of walk or wait signals,BB,Vehicle-Pedestrian,28463,2,3,57622,2
39923,13041,130671983.0,2013-08-14 01:49:00,2013 August 14,01:49:00,2013,August,Wednesday,10:01 pm to 2:00 am,1.0,0,Night,Summer,3801,4361,BAYVIEW,,Unknown,Unknown,Unknown,AA,Vehicle(s) Only Involved,28464,8,3,57576,2
39924,57465,220101478.0,2022-02-14 06:29:00,2022 February 14,06:29:00,2022,February,Monday,6:01 am to 10:00 am,6.0,0,Morning,Winter,3801,1925,Bayview,3C13A,21453(a),"21453(a,c)",Red signal - driver or bicyclist responsibilities,AA,Vehicle(s) Only Involved,20528,2,3,57585,1
39925,58216,220366757.0,2022-06-04 16:14:00,2022 June 04,16:14:00,2022,June,Saturday,2:01 pm to 6:00 pm,16.0,1,Afternoon,Summer,3801,1911,Richmond,G2,22350,22350,Unsafe speed for prevailing conditions,AA,Vehicle(s) Only Involved,28465,2,1,57658,1
39926,7931,130400152.0,2013-05-15 17:20:00,2013 May 15,17:20:00,2013,May,Wednesday,2:01 pm to 6:00 pm,17.0,0,Evening,Spring,3801,2175,D,3D66,22350,22350,Unsafe speed for prevailing conditions,CC,Vehicle-Bicycle,6730,2,44,57621,1
39927,2785,3954787.0,2008-10-09 08:53:00,2008 October 09,08:53:00,2008,October,Thursday,6:01 am to 10:00 am,8.0,0,Morning,Fall,3801,00274,BAYVI,3C63,21801(a),"21801(a,b)",Violation of right-of-way - left turn,CC,Vehicle-Bicycle,7717,2,1,57581,1
39928,27110,130295674.0,2013-04-11 12:04:00,2013 April 11,12:04:00,2013,April,Thursday,10:01 am to 2:00 pm,12.0,0,Afternoon,Spring,3801,4296,SOUTHERN,3B11C,22350,22350,Unsafe speed for prevailing conditions,AA,Vehicle(s) Only Involved,4547,2,1,57658,8
39929,3135,140742966.0,2014-09-03 20:55:00,2014 September 03,20:55:00,2014,September,Wednesday,6:01 pm to 10:00 pm,20.0,0,Evening,Fall,3801,,BAYVIEW,3C13E,21950(a),"21950(a,c)",Driver or bicyclist to yield right-of-way at crosswalks,BB,Vehicle-Pedestrian,28466,2,12,40286,1
39930,31020,3893085.0,2008-09-14 20:22:00,2008 September 14,20:22:00,2008,September,Sunday,6:01 pm to 10:00 pm,20.0,1,Evening,Fall,3801,676,,COF,21750,21750,Overtaking and passing unsafely,CC,Vehicle-Bicycle,28467,1,3,57655,2
39931,53624,200584509.0,2020-09-28 16:24:00,2020 September 28,16:24:00,2020,September,Monday,2:01 pm to 6:00 pm,16.0,0,Afternoon,Fall,3801,1707,Northern,3E12D,21453(c),"21453(a,c)",Red signal - driver or bicyclist responsibilities,AA,Vehicle(s) Only Involved,4248,2,1,57659,3
39932,778,180324289.0,2018-11-09 19:16:00,2018 November 09,19:16:00,2018,November,Friday,6:01 pm to 10:00 pm,19.0,0,Evening,Fall,3801,1923,Ingleside,3C78,21802(a),"21802(a,b)",Violation of right-of-way - entering through highway,AA,Vehicle(s) Only Involved,12101,2,1,57659,17
39933,26096,140236226.0,2014-03-20 10:54:00,2014 March 20,10:54:00,2014,March,Thursday,10:01 am to 2:00 pm,10.0,0,Morning,Spring,3801,544,TENDERLOIN,3J90A,22350,22350,Unsafe speed for prevailing conditions,FF,Bicycle Only,28468,2,2,57341,2
39934,6362,140073614.0,2014-01-25 14:40:00,2014 January 25,14:40:00,2014,January,Saturday,2:01 pm to 6:00 pm,14.0,1,Afternoon,Winter,3801,529,INGLESIDE,3H11C,22350,22350,Unsafe speed for prevailing conditions,AA,Vehicle(s) Only Involved,14543,2,1,57658,1
39935,87200,240700919.0,2024-11-08 15:25:00,2024 November 08,15:25:00,2024,November,Friday,2:01 pm to 6:00 pm,15.0,0,Afternoon,Fall,3801,2004,Taraval,2 CAR,22450(a),22450(a),Failure to stop at STOP sign,AA,Vehicle(s) Only Involved,28469,2,1,56282,8
39936,22112,140106679.0,2014-02-05 16:50:00,2014 February 05,16:50:00,2014,February,Wednesday,2:01 pm to 6:00 pm,16.0,0,Afternoon,Winter,3801,1353,COLE,3E76,22350,22350,Unsafe speed for prevailing conditions,AA,Vehicle(s) Only Involved,28470,1,2,57658,2
39937,16097,130910208.0,2013-10-27 00:20:00,2013 October 27,00:20:00,2013,October,Sunday,10:01 pm to 2:00 am,0.0,1,Night,Fall,3801,2374,SOUTHERN,,21453(a),"21453(a,c)",Red signal - driver or bicyclist responsibilities,DD,Bicycle-Pedestrian,10641,2,3,57463,4
39938,37019,150084009.0,2015-01-27 23:22:00,2015 January 27,23:22:00,2015,January,Tuesday,10:01 pm to 2:00 am,23.0,0,Night,Winter,3801,1295,TARAVAL,3115E,21453(a),"21453(a,c)",Red signal - driver or bicyclist responsibilities,AA,Vehicle(s) Only Involved,3658,2,3,57659,8
39939,19984,150416963.0,2015-05-13 17:10:00,2015 May 13,17:10:00,2015,May,Wednesday,2:01 pm to 6:00 pm,17.0,0,Evening,Spring,3801,1485,,13D,21451(a),"21451(a,b)",Green signal - driver or bicyclist responsibilities,CC,Vehicle-Bicycle,38874,2,1,57621,1
39940,87333,240717431.0,2024-11-17 00:29:00,2024 November 17,00:29:00,2024,November,Sunday,10:01 pm to 2:00 am,0.0,1,Night,Fall,3801,1024,Tenderloin,3J13E,21650,21650,Failure to keep to right side of road,CC,Vehicle-Bicycle,39234,2,3,57616,2
39941,3771,140291606.0,2014-04-08 09:50:00,2014 April 08,09:50:00,2014,April,Tuesday,6:01 am to 10:00 am,9.0,0,Morning,Spring,3801,711,BAYVIEW,3C12A,21801(a),"21801(a,b)",Violation of right-of-way - left turn,AA,Vehicle(s) Only Involved,28472,2,2,57603,2
39942,55070,210376346.0,2021-06-16 18:51:00,2021 June 16,18:51:00,2021,June,Wednesday,6:01 pm to 10:00 pm,18.0,0,Evening,Summer,3801,1961,Southern,3B15E,21950(a),"21950(a,c)",Driver or bicyclist to yield right-of-way at crosswalks,BB,Vehicle-Pedestrian,20658,2,1,57649,1
39943,38885,3898317.0,2008-09-20 09:51:00,2008 September 20,09:51:00,2008,September,Saturday,6:01 am to 10:00 am,9.0,1,Morning,Fall,3801,1573,TARAV,4B103,21950(a),"21950(a,c)",Driver or bicyclist to yield right-of-way at crosswalks,BB,Vehicle-Pedestrian,28473,1,4,57649,2
39944,21602,130441902.0,2013-05-29 08:55:00,2013 May 29,08:55:00,2013,May,Wednesday,6:01 am to 10:00 am,8.0,0,Morning,Spring,3801,804,NORTHERN,3E4A,21804(a),"21804(a,b)",Entering highway from alley or driveway,CC,Vehicle-Bicycle,28474,2,2,57581,2
39945,27125,3957714.0,2008-10-09 12:55:00,2008 October 09,12:55:00,2008,October,Thursday,10:01 am to 2:00 pm,12.0,0,Afternoon,Fall,3801,1428,CENTR,,21453(a),"21453(a,c)",Red signal - driver or bicyclist responsibilities,DD,Bicycle-Pedestrian,28475,2,1,57070,1
39946,31076,150338737.0,2015-04-18 13:12:00,2015 April 18,13:12:00,2015,April,Saturday,10:01 am to 2:00 pm,13.0,1,Afternoon,Spring,3801,1882,RICHMOND,3G60,Unknown,Unknown,Unknown,AA,Vehicle(s) Only Involved,28476,2,2,55742,1
39947,24074,140154468.0,2014-02-21 14:37:00,2014 February 21,14:37:00,2014,February,Friday,2:01 pm to 6:00 pm,14.0,0,Afternoon,Winter,3801,4179,,,22106,22106,Unsafe starting or backing on highway,AA,Vehicle(s) Only Involved,28477,2,2,57237,1
39948,12476,3866647.0,2008-08-04 21:20:00,2008 August 04,21:20:00,2008,August,Monday,6:01 pm to 10:00 pm,21.0,0,Night,Summer,3801,1279,F,4B61,22100(b),"22100(a,b)",Turn at intersection from wrong position,CC,Vehicle-Bicycle,28478,2,12,56247,1
39949,58257,220321331.0,2022-05-17 08:00:00,2022 May 17,08:00:00,2022,May,Tuesday,6:01 am to 10:00 am,8.0,0,Morning,Spring,3801,1507,Tenderloin,J3,22350,22350,Unsafe speed for prevailing conditions,AA,Vehicle(s) Only Involved,28479,2,45,57406,1
39950,40608,130530395.0,2013-06-28 11:33:00,2013 June 28,11:33:00,2013,June,Friday,10:01 am to 2:00 pm,11.0,0,Morning,Summer,3801,2179,PARK,3F3A,22107,22107,Unsafe turn or lane change prohibited,CC,Vehicle-Bicycle,7225,2,1,57614,1
39951,56885,210783923.0,2021-11-28 00:40:00,2021 November 28,00:40:00,2021,November,Sunday,10:01 pm to 2:00 am,0.0,1,Night,Fall,3801,4084,Traffic,4B104,22450(a),22450(a),Failure to stop at STOP sign,AA,Vehicle(s) Only Involved,28480,2,3,57659,1
39952,47507,190432509.0,2019-06-16 06:04:00,2019 June 16,06:04:00,2019,June,Sunday,6:01 am to 10:00 am,6.0,1,Morning,Summer,3801,1217,Park,3F13A,23152(a),23152(a-g),Driving under influence of alcohol and/or drugs,AA,Vehicle(s) Only Involved,28481,2,1,57658,14
39953,49067,190737525.0,2019-10-01 17:59:00,2019 October 01,17:59:00,2019,October,Tuesday,2:01 pm to 6:00 pm,17.0,0,Evening,Fall,3801,4047,Mission,3D41D,22517,22517,Opening door on traffic side when unsafe,CC,Vehicle-Bicycle,28482,2,2,57390,1
39954,6147,150471638.0,2015-05-30 12:34:00,2015 May 30,12:34:00,2015,May,Saturday,10:01 am to 2:00 pm,12.0,1,Afternoon,Spring,3801,4210,BAYVIE,3C11A,Unknown,Unknown,Unknown,AA,Vehicle(s) Only Involved,28483,3,176,57585,1
39955,23881,150348598.0,2015-04-21 18:15:00,2015 April 21,18:15:00,2015,April,Tuesday,6:01 pm to 10:00 pm,18.0,0,Evening,Spring,3801,2380,,,21202(a),21202(a),Bicyclist at less than normal speed must keep to the right,CC,Vehicle-Bicycle,28484,2,1,57655,2
39956,37634,3813842.0,2008-07-05 00:30:00,2008 July 05,00:30:00,2008,July,Saturday,10:01 pm to 2:00 am,0.0,1,Night,Summer,3801,307,TARAV,4B107,22350,22350,Unsafe speed for prevailing conditions,AA,Vehicle(s) Only Involved,28485,9,7,57607,6
39957,20928,3788328.0,2008-06-11 12:00:00,2008 June 11,12:00:00,2008,June,Wednesday,10:01 am to 2:00 pm,12.0,0,Afternoon,Summer,3801,804,NORTH,3E11A,22107,22107,Unsafe turn or lane change prohibited,BB,Vehicle-Pedestrian,28701,2,1,57654,14
39958,87324,240737962.0,2024-11-27 17:55:00,2024 November 27,17:55:00,2024,November,Wednesday,2:01 pm to 6:00 pm,17.0,0,Evening,Fall,3801,1333,Taraval,3I13D,21954(a),21954(a),Pedestrians must yield right-of-way outside of crosswalks,BB,Vehicle-Pedestrian,28486,2,12,57622,2
39959,40907,3736580.0,2008-04-27 11:48:00,2008 April 27,11:48:00,2008,April,Sunday,10:01 am to 2:00 pm,11.0,1,Morning,Spring,3801,1010,TARAV,3I4,22350,22350,Unsafe speed for prevailing conditions,AA,Vehicle(s) Only Involved,28487,2,1,57658,1
39960,37269,131090829.0,2013-12-28 20:12:00,2013 December 28,20:12:00,2013,December,Saturday,6:01 pm to 10:00 pm,20.0,1,Evening,Winter,3801,4084,TARAVAL,901,21453(a),"21453(a,c)",Red signal - driver or bicyclist responsibilities,AA,Vehicle(s) Only Involved,367,2,3,57659,3
39961,7351,3748539.0,2008-05-03 09:08:00,2008 May 03,09:08:00,2008,May,Saturday,6:01 am to 10:00 am,9.0,1,Morning,Spring,3801,000874,INGLE,4B3H,22350,22350,Unsafe speed for prevailing conditions,AA,Vehicle(s) Only Involved,28488,2,2,57658,2
39962,56400,210650300.0,2021-10-06 10:05:00,2021 October 06,10:05:00,2021,October,Wednesday,10:01 am to 2:00 pm,10.0,0,Morning,Fall,3801,1593,Park,Park,21804(a),"21804(a,b)",Entering highway from alley or driveway,AA,Vehicle(s) Only Involved,28489,2,2,57659,1
39963,58731,220595473.0,2022-09-02 16:51:00,2022 September 02,16:51:00,2022,September,Friday,2:01 pm to 6:00 pm,16.0,0,Afternoon,Fall,3801,2100,Mission,3d14d,21703,21703,Following too closely prohibited,AA,Vehicle(s) Only Involved,40446,2,1,57658,1
39964,2495,150613874.0,2015-07-14 17:35:00,2015 July 14,17:35:00,2015,July,Tuesday,2:01 pm to 6:00 pm,17.0,0,Evening,Summer,3801,1129,BAYVIEW,3C13C,21453(d),21453(d),Red signal - pedestrian responsibilities,BB,Vehicle-Pedestrian,28491,1,1,57622,2
39965,42520,160673062.0,2016-08-20 11:19:00,2016 August 20,11:19:00,2016,August,Saturday,10:01 am to 2:00 pm,11.0,1,Morning,Summer,3801,2008,RICHMOND,3G68,22350,22350,Unsafe speed for prevailing conditions,AA,Vehicle(s) Only Involved,31139,2,1,57658,14