collision_id,unique_id,case_id_pkey,collision_datetime,collision_date,collision_time,accident_year,month,day_of_week,time_cat,hour_of_day,is_weekend,time_of_day,season,juris,officer_id,reporting_district,beat_number,vz_pcf_code,vz_pcf_group,vz_pcf_description,dph_col_grp,dph_col_grp_description,location_id,weather_id,road_id,party_id,severity_id
40531,45377,140099466.0,2014-02-03 11:50:00,2014 February 03,11:50:00,2014,February,Monday,10:01 am to 2:00 pm,11.0,0,Morning,Winter,3801,2254,SOUTHERN,,21460(a),"21460(a,b)",Improper turns over double lines or solid lines to right prohibited,AA,Vehicle(s) Only Involved,40965,2,2,38682,2
40532,12857,180964584.0,2018-12-07 18:30:00,2018 December 07,18:30:00,2018,December,Friday,6:01 pm to 10:00 pm,18.0,0,Evening,Winter,3801,1188,Ingleside,3H5C,21801(a),"21801(a,b)",Violation of right-of-way - left turn,AA,Vehicle(s) Only Involved,28802,2,2,57237,4
40533,39190,150176383.0,2015-02-26 09:18:00,2015 February 26,09:18:00,2015,February,Thursday,6:01 am to 10:00 am,9.0,0,Morning,Winter,3801,2253,TARAVAL,3I11A,21950(a),"21950(a,c)",Driver or bicyclist to yield right-of-way at crosswalks,BB,Vehicle-Pedestrian,28803,2,2,57476,2
40534,46750,190151765.0,2019-03-01 17:16:00,2019 March 01,17:16:00,2019,March,Friday,2:01 pm to 6:00 pm,17.0,0,Evening,Spring,3801,172,Richmond,4,21800(a),21800(a-c),Violation of right-of-way or uncontrolled intersection,AA,Vehicle(s) Only Involved,28804,1,16,57659,1
40535,36652,150039452.0,2015-01-13 20:15:00,2015 January 13,20:15:00,2015,January,Tuesday,6:01 pm to 10:00 pm,20.0,0,Evening,Winter,3801,2137,TARAVAL,2,21703,21703,Following too closely prohibited,AA,Vehicle(s) Only Involved,28805,2,12,57658,1
40536,22856,131046123.0,2013-12-12 19:27:00,2013 December 12,19:27:00,2013,December,Thursday,6:01 pm to 10:00 pm,19.0,0,Evening,Winter,3801,2294,PARK,3F14D,21801(a),"21801(a,b)",Violation of right-of-way - left turn,AA,Vehicle(s) Only Involved,29689,2,3,57659,1
40537,41705,140549994.0,2014-07-02 19:34:00,2014 July 02,19:34:00,2014,July,Wednesday,6:01 pm to 10:00 pm,19.0,0,Evening,Summer,3801,4178,TARAVAL,4K7I,21802(a),"21802(a,b)",Violation of right-of-way - entering through highway,AA,Vehicle(s) Only Involved,19500,1,1,57659,1
40538,34220,150511723.0,2015-06-11 22:25:00,2015 June 11,22:25:00,2015,June,Thursday,10:01 pm to 2:00 am,22.0,0,Night,Summer,3801,443,CENTRAL,4C1,23152(a),23152(a-g),Driving under influence of alcohol and/or drugs,BB,Vehicle-Pedestrian,28806,1,12,57649,16
40539,13151,150437806.0,2015-05-19 22:45:00,2015 May 19,22:45:00,2015,May,Tuesday,10:01 pm to 2:00 am,22.0,0,Night,Spring,3801,2347,INGLESIDE,3H11E,22350,22350,Unsafe speed for prevailing conditions,AA,Vehicle(s) Only Involved,28807,2,12,57607,2
40540,25859,140435042.0,2014-05-24 19:36:00,2014 May 24,19:36:00,2014,May,Saturday,6:01 pm to 10:00 pm,19.0,1,Evening,Spring,3801,1660,CENTRAL,,21804(a),"21804(a,b)",Entering highway from alley or driveway,AA,Vehicle(s) Only Involved,28808,8,1,57659,2
40541,87079,240699055.0,2024-11-07 16:30:00,2024 November 07,16:30:00,2024,November,Thursday,2:01 pm to 6:00 pm,16.0,0,Afternoon,Fall,3801,1066,Northern,3E3,22350,22350,Unsafe speed for prevailing conditions,AA,Vehicle(s) Only Involved,28809,2,2,57658,8
40542,41820,3952356.0,2008-10-11 17:00:00,2008 October 11,17:00:00,2008,October,Saturday,2:01 pm to 6:00 pm,17.0,1,Evening,Fall,3801,2344,TARAV,003,21801(a),"21801(a,b)",Violation of right-of-way - left turn,CC,Vehicle-Bicycle,30974,2,2,57581,2
40543,33380,130007281.0,2013-01-03 12:29:00,2013 January 03,12:29:00,2013,January,Thursday,10:01 am to 2:00 pm,12.0,0,Afternoon,Winter,3801,1882,CENTRAL,3A61,21453(a),"21453(a,c)",Red signal - driver or bicyclist responsibilities,AA,Vehicle(s) Only Involved,13355,2,1,57659,13
40544,33224,150460675.0,2015-05-26 23:33:00,2015 May 26,23:33:00,2015,May,Tuesday,10:01 pm to 2:00 am,23.0,0,Night,Spring,3801,428,CENTRAL ST,3A14E,Unknown,Unknown,Unknown,AA,Vehicle(s) Only Involved,28811,2,12,57636,14
40545,24179,5429186.0,2011-11-25 13:39:00,2011 November 25,13:39:00,2011,November,Friday,10:01 am to 2:00 pm,13.0,0,Afternoon,Fall,3801,1121,SOUTH,3B12C,Unknown,Unknown,Unknown,CC,Vehicle-Bicycle,27166,2,1,57655,1
40546,20076,3869684.0,2008-07-28 08:05:00,2008 July 28,08:05:00,2008,July,Monday,6:01 am to 10:00 am,8.0,0,Morning,Summer,3801,2137,,4B31,22350,22350,Unsafe speed for prevailing conditions,AA,Vehicle(s) Only Involved,28812,1,1,57658,8
40547,59105,220556748.0,2022-08-18 22:00:00,2022 August 18,22:00:00,2022,August,Thursday,6:01 pm to 10:00 pm,22.0,0,Night,Summer,3801,1096,Central,3A14E,22350,22350,Unsafe speed for prevailing conditions,AA,Vehicle(s) Only Involved,28813,2,3,57569,2
40548,23159,150533175.0,2015-06-18 20:01:00,2015 June 18,20:01:00,2015,June,Thursday,6:01 pm to 10:00 pm,20.0,0,Evening,Summer,3801,892,SOUTHERN,3B11D,Unknown,Unknown,Unknown,GG,Pedestrian Only or Pedestrian-Parked Car,28814,2,1,38696,1
40549,11465,131076863.0,2013-12-23 10:38:00,2013 December 23,10:38:00,2013,December,Monday,10:01 am to 2:00 pm,10.0,0,Morning,Winter,3801,4323,MISSION,3D11A,22350,22350,Unsafe speed for prevailing conditions,AA,Vehicle(s) Only Involved,28815,2,1,57607,2
40550,19423,140625500.0,2014-07-28 10:31:00,2014 July 28,10:31:00,2014,July,Monday,10:01 am to 2:00 pm,10.0,0,Morning,Summer,3801,4230,PARK,3F14A,22450(a),22450(a),Failure to stop at STOP sign,CC,Vehicle-Bicycle,8653,2,1,57621,2
40551,29509,150012828.0,2015-01-05 12:11:00,2015 January 05,12:11:00,2015,January,Monday,10:01 am to 2:00 pm,12.0,0,Afternoon,Winter,3801,2260,NORTHERN,2,22106,22106,Unsafe starting or backing on highway,BB,Vehicle-Pedestrian,28816,2,2,57649,13
40552,32718,170152391.0,2017-02-22 15:28:00,2017 February 22,15:28:00,2017,February,Wednesday,2:01 pm to 6:00 pm,15.0,0,Afternoon,Winter,3801,463,NORTHERN,3E16C,21658(a),"21658(a,b)",Lane straddling or failure to use specified lanes,AA,Vehicle(s) Only Involved,28817,2,1,57660,1
40553,14206,140908942.0,2014-10-27 09:57:00,2014 October 27,09:57:00,2014,October,Monday,6:01 am to 10:00 am,9.0,0,Morning,Fall,3801,38,SOUTHERN,4 CAR,21650,21650,Failure to keep to right side of road,CC,Vehicle-Bicycle,28818,2,1,57650,2
40554,9176,3843455.0,2008-07-23 03:58:00,2008 July 23,03:58:00,2008,July,Wednesday,2:01 am to 6:00 am,3.0,0,Night,Summer,3801,1983,BAYVI,001,21650,21650,Failure to keep to right side of road,AA,Vehicle(s) Only Involved,28819,2,12,57496,1
40555,34451,140347942.0,2014-04-27 00:07:00,2014 April 27,00:07:00,2014,April,Sunday,10:01 pm to 2:00 am,0.0,1,Night,Spring,3801,,CENTRAL,A4,23153(a),23153(a-g),Driving under influence causing injury,AA,Vehicle(s) Only Involved,8089,1,3,57659,8
40556,58564,220166892.0,2022-03-13 14:13:00,2022 March 13,14:13:00,2022,March,Sunday,2:01 pm to 6:00 pm,14.0,1,Afternoon,Spring,3801,2325,Southern,PATROL,22107,22107,Unsafe turn or lane change prohibited,AA,Vehicle(s) Only Involved,28820,2,1,57660,1
40557,979,130492751.0,2013-06-15 11:41:00,2013 June 15,11:41:00,2013,June,Saturday,10:01 am to 2:00 pm,11.0,1,Morning,Summer,3801,2298,H,H5,21950(a),"21950(a,c)",Driver or bicyclist to yield right-of-way at crosswalks,BB,Vehicle-Pedestrian,7908,1,1,57649,1
40558,11831,140455175.0,2014-05-31 19:45:00,2014 May 31,19:45:00,2014,May,Saturday,6:01 pm to 10:00 pm,19.0,1,Evening,Spring,3801,4350,MISSION,,21950(a),"21950(a,c)",Driver or bicyclist to yield right-of-way at crosswalks,BB,Vehicle-Pedestrian,21302,8,2,57649,4
40559,6038,150812800.0,2015-09-16 11:01:00,2015 September 16,11:01:00,2015,September,Wednesday,10:01 am to 2:00 pm,11.0,0,Morning,Fall,3801,1114,BAYVIEW,3C62,21800(a),21800(a-c),Violation of right-of-way or uncontrolled intersection,CC,Vehicle-Bicycle,2346,2,1,57581,1
40560,20034,150403954.0,2015-05-09 10:45:00,2015 May 09,10:45:00,2015,May,Saturday,10:01 am to 2:00 pm,10.0,1,Morning,Spring,3801,4060,PARK,3F14A,21658(a),"21658(a,b)",Lane straddling or failure to use specified lanes,AA,Vehicle(s) Only Involved,28821,1,1,57660,1
40561,19947,3885259.0,2008-08-22 16:06:00,2008 August 22,16:06:00,2008,August,Friday,2:01 pm to 6:00 pm,16.0,0,Afternoon,Summer,3801,307,PARK,4B107,21801(b),"21801(a,b)",Violation of right-of-way - left turn,CC,Vehicle-Bicycle,17447,1,1,57621,1
40562,4842,140873737.0,2014-10-15 21:00:00,2014 October 15,21:00:00,2014,October,Wednesday,6:01 pm to 10:00 pm,21.0,0,Night,Fall,3801,1501,INGLESIDE,311,21658(a),"21658(a,b)",Lane straddling or failure to use specified lanes,CC,Vehicle-Bicycle,28822,2,12,57639,2
40563,3336,150521299.0,2015-06-15 07:32:00,2015 June 15,07:32:00,2015,June,Monday,6:01 am to 10:00 am,7.0,0,Morning,Summer,3801,2304,,,21650,21650,Failure to keep to right side of road,AA,Vehicle(s) Only Involved,28823,1,1,38709,1
40564,29762,131098782.0,2013-12-13 21:39:00,2013 December 13,21:39:00,2013,December,Friday,6:01 pm to 10:00 pm,21.0,0,Night,Winter,3801,1057,,4K1B,21801(a),"21801(a,b)",Violation of right-of-way - left turn,AA,Vehicle(s) Only Involved,34825,2,3,57603,13
40565,31885,140371935.0,2014-05-05 13:24:00,2014 May 05,13:24:00,2014,May,Monday,10:01 am to 2:00 pm,13.0,0,Afternoon,Spring,3801,591,NORTHERN,3E4C,21658(a),"21658(a,b)",Lane straddling or failure to use specified lanes,AA,Vehicle(s) Only Involved,28824,2,1,57660,1
40566,41331,3774550.0,2008-04-21 03:34:00,2008 April 21,03:34:00,2008,April,Monday,2:01 am to 6:00 am,3.0,0,Night,Spring,3801,000514,CO K,4B4D,22350,22350,Unsafe speed for prevailing conditions,AA,Vehicle(s) Only Involved,28825,2,3,57576,33
40567,87137,240716449.0,2024-11-16 13:30:00,2024 November 16,13:30:00,2024,November,Saturday,10:01 am to 2:00 pm,13.0,1,Afternoon,Fall,3801,2310,Bayview,3C13A,22450(a),22450(a),Failure to stop at STOP sign,AA,Vehicle(s) Only Involved,28826,2,1,57659,8
40568,59028,220502995.0,2022-07-29 08:13:00,2022 July 29,08:13:00,2022,July,Friday,6:01 am to 10:00 am,8.0,0,Morning,Summer,3801,2093,Northern,3E14A,22350,22350,Unsafe speed for prevailing conditions,AA,Vehicle(s) Only Involved,28827,2,1,57659,1
40569,6130,140757573.0,2014-09-08 19:00:00,2014 September 08,19:00:00,2014,September,Monday,6:01 pm to 10:00 pm,19.0,0,Evening,Fall,3801,4256,BAYVIEW,3C11D,21955,21955,Crossing between controlled intersections (Jaywalking),BB,Vehicle-Pedestrian,28828,1,2,57622,1
40570,42188,130829580.0,2013-10-01 20:29:00,2013 October 01,20:29:00,2013,October,Tuesday,6:01 pm to 10:00 pm,20.0,0,Evening,Fall,3801,49,RICHMOND,3G13D,21657,21657,Going against one-way traffic patterns,AA,Vehicle(s) Only Involved,28829,2,12,57603,8
40571,6787,3843492.0,2008-07-24 09:26:00,2008 July 24,09:26:00,2008,July,Thursday,6:01 am to 10:00 am,9.0,0,Morning,Summer,3801,2226,MISSI,3D61K,21460(a),"21460(a,b)",Improper turns over double lines or solid lines to right prohibited,AA,Vehicle(s) Only Involved,28830,2,1,57603,3
40572,59157,220595514.0,2022-09-02 16:54:00,2022 September 02,16:54:00,2022,September,Friday,2:01 pm to 6:00 pm,16.0,0,Afternoon,Fall,3801,1707,Northern,3E15D,22107,22107,Unsafe turn or lane change prohibited,AA,Vehicle(s) Only Involved,28831,2,1,57660,8
40573,37335,3827201.0,2008-07-08 14:49:00,2008 July 08,14:49:00,2008,July,Tuesday,2:01 pm to 6:00 pm,14.0,0,Afternoon,Summer,3801,246,TARAV,4B6G,21804(a),"21804(a,b)",Entering highway from alley or driveway,AA,Vehicle(s) Only Involved,28832,2,2,57659,2
40574,60097,220356623.0,2022-05-31 16:51:00,2022 May 31,16:51:00,2022,May,Tuesday,2:01 pm to 6:00 pm,16.0,0,Afternoon,Spring,3801,309,Taraval,3I13D,21703,21703,Following too closely prohibited,AA,Vehicle(s) Only Involved,28833,2,1,57658,1
40575,16096,130672248.0,2013-08-14 07:07:00,2013 August 14,07:07:00,2013,August,Wednesday,6:01 am to 10:00 am,7.0,0,Morning,Summer,3801,251,M A I T,4C3,21755(a),21755(a),Unsafe passing on right shoulder,CC,Vehicle-Bicycle,10641,2,1,57621,6
40576,7975,131067840.0,2013-12-20 03:55:00,2013 December 20,03:55:00,2013,December,Friday,2:01 am to 6:00 am,3.0,0,Night,Winter,3801,1480,MISSION,901,22450(a),22450(a),Failure to stop at STOP sign,AA,Vehicle(s) Only Involved,27522,2,51,57659,1
40577,27549,140473826.0,2014-06-07 09:20:00,2014 June 07,09:20:00,2014,June,Saturday,6:01 am to 10:00 am,9.0,1,Morning,Summer,3801,27,CENTRAL,3A2C,21453(a),"21453(a,c)",Red signal - driver or bicyclist responsibilities,AA,Vehicle(s) Only Involved,4314,2,1,57659,8
40578,37224,3926165.0,2008-10-16 08:14:00,2008 October 16,08:14:00,2008,October,Thursday,6:01 am to 10:00 am,8.0,0,Morning,Fall,3801,241,COI,4B3E,21453(a),"21453(a,c)",Red signal - driver or bicyclist responsibilities,AA,Vehicle(s) Only Involved,25367,2,1,57659,9
40579,18046,150483003.0,2015-06-02 22:15:00,2015 June 02,22:15:00,2015,June,Tuesday,10:01 pm to 2:00 am,22.0,0,Night,Summer,3801,1075,NORTHERN,3E11E,21953,21953,Pedestrian must use tunnel or overhead crossing,BB,Vehicle-Pedestrian,28834,2,12,57622,1
40580,3934,140261176.0,2014-03-28 18:07:00,2014 March 28,18:07:00,2014,March,Friday,6:01 pm to 10:00 pm,18.0,0,Evening,Spring,3801,2269,INGLESIDE,3H11D,21950(a),"21950(a,c)",Driver or bicyclist to yield right-of-way at crosswalks,BB,Vehicle-Pedestrian,28835,2,1,57649,1
40581,56406,210656756.0,2021-10-08 15:03:00,2021 October 08,15:03:00,2021,October,Friday,2:01 pm to 6:00 pm,15.0,0,Afternoon,Fall,3801,#2450,Ingleside,3H15C,21801(a),"21801(a,b)",Violation of right-of-way - left turn,AA,Vehicle(s) Only Involved,25745,2,1,57636,2
40582,9783,140408801.0,2014-05-16 00:13:00,2014 May 16,00:13:00,2014,May,Friday,10:01 pm to 2:00 am,0.0,0,Night,Spring,3801,0052,MISSION,,21801(a),"21801(a,b)",Violation of right-of-way - left turn,CC,Vehicle-Bicycle,37759,8,3,57625,2
40583,21579,131060606.0,2013-12-17 19:22:00,2013 December 17,19:22:00,2013,December,Tuesday,6:01 pm to 10:00 pm,19.0,0,Evening,Winter,3801,209,NORTHERN,3E2,21950(a),"21950(a,c)",Driver or bicyclist to yield right-of-way at crosswalks,BB,Vehicle-Pedestrian,16185,2,3,57525,1
40584,12915,141052966.0,2014-12-15 11:25:00,2014 December 15,11:25:00,2014,December,Monday,10:01 am to 2:00 pm,11.0,0,Morning,Winter,3801,97,PARK,3F2A,22106,22106,Unsafe starting or backing on highway,AA,Vehicle(s) Only Involved,32349,4,16,57658,17
40585,87111,240707777.0,2024-11-12 08:50:00,2024 November 12,08:50:00,2024,November,Tuesday,6:01 am to 10:00 am,8.0,0,Morning,Fall,3801,1426,Southern,3B13A,21950(a),"21950(a,c)",Driver or bicyclist to yield right-of-way at crosswalks,BB,Vehicle-Pedestrian,28836,2,1,57649,2
40586,59027,220502757.0,2022-07-28 06:01:00,2022 July 28,06:01:00,2022,July,Thursday,6:01 am to 10:00 am,6.0,0,Morning,Summer,3801,2262,Taraval,3I15A,22350,22350,Unsafe speed for prevailing conditions,AA,Vehicle(s) Only Involved,28837,1,46,57569,1
40587,19213,140025665.0,2014-01-09 17:53:00,2014 January 09,17:53:00,2014,January,Thursday,2:01 pm to 6:00 pm,17.0,0,Evening,Winter,3801,1101,CO F,3F14D,21950(b),21950(b),Pedestrian suddenly entering into vehicle path close enough to create an immediate hazard,BB,Vehicle-Pedestrian,8044,2,12,57622,1
40588,59153,220589357.0,2022-08-31 14:44:00,2022 August 31,14:44:00,2022,August,Wednesday,2:01 pm to 6:00 pm,14.0,0,Afternoon,Summer,3801,,Traffic,4B3G,21453(a),"21453(a,c)",Red signal - driver or bicyclist responsibilities,AA,Vehicle(s) Only Involved,28838,2,1,57271,3
40589,32317,150105150.0,2015-02-03 18:21:00,2015 February 03,18:21:00,2015,February,Tuesday,6:01 pm to 10:00 pm,18.0,0,Evening,Winter,3801,1994,NORTHERN,4K8E,21801(a),"21801(a,b)",Violation of right-of-way - left turn,AA,Vehicle(s) Only Involved,40559,2,3,57603,1
40590,29025,3893032.0,2008-09-05 15:56:00,2008 September 05,15:56:00,2008,September,Friday,2:01 pm to 6:00 pm,15.0,0,Afternoon,Fall,3801,4051,NORTH,3E12D,22107,22107,Unsafe turn or lane change prohibited,CC,Vehicle-Bicycle,39447,2,1,57614,2
40591,17514,3866639.0,2008-08-07 08:31:00,2008 August 07,08:31:00,2008,August,Thursday,6:01 am to 10:00 am,8.0,0,Morning,Summer,3801,00829,MISSI,4B3D,21453(a),"21453(a,c)",Red signal - driver or bicyclist responsibilities,CC,Vehicle-Bicycle,40956,2,1,57621,2
40592,42634,140804782.0,2014-09-23 22:05:00,2014 September 23,22:05:00,2014,September,Tuesday,10:01 pm to 2:00 am,22.0,0,Night,Fall,3801,1110,RICHMOND,3G13E,22450(a),22450(a),Failure to stop at STOP sign,AA,Vehicle(s) Only Involved,40229,2,13,57659,1
40593,59248,220655362.0,2022-09-24 18:09:00,2022 September 24,18:09:00,2022,September,Saturday,6:01 pm to 10:00 pm,18.0,1,Evening,Fall,3801,2017,Mission,3D11D,21703,21703,Following too closely prohibited,AA,Vehicle(s) Only Involved,28839,2,1,57658,1
40594,28535,140813670.0,2014-09-26 20:24:00,2014 September 26,20:24:00,2014,September,Friday,6:01 pm to 10:00 pm,20.0,0,Evening,Fall,3801,1010,CENTRAL,3A2D,22106,22106,Unsafe starting or backing on highway,BB,Vehicle-Pedestrian,28840,2,12,57649,4
40595,45360,130151101.0,2013-02-21 09:30:00,2013 February 21,09:30:00,2013,February,Thursday,6:01 am to 10:00 am,9.0,0,Morning,Winter,3801,870,INGLESIDE,3H4A,Unknown,Unknown,Unknown,AA,Vehicle(s) Only Involved,40965,2,2,57631,1
40596,28669,3825746.0,2008-07-19 18:15:00,2008 July 19,18:15:00,2008,July,Saturday,6:01 pm to 10:00 pm,18.0,1,Evening,Summer,3801,1727,CENTR,3AI30,22106,22106,Unsafe starting or backing on highway,BB,Vehicle-Pedestrian,28841,2,2,57649,4
40597,978,130985875.0,2013-11-21 06:50:00,2013 November 21,06:50:00,2013,November,Thursday,6:01 am to 10:00 am,6.0,0,Morning,Fall,3801,1887,TRAFFIC,4KIC,21453(a),"21453(a,c)",Red signal - driver or bicyclist responsibilities,BB,Vehicle-Pedestrian,28842,1,1,57649,2
40598,87283,240753974.0,2024-12-06 02:08:00,2024 December 06,02:08:00,2024,December,Friday,2:01 am to 6:00 am,2.0,0,Night,Winter,3801,2028,Southern,3B15E,22350,22350,Unsafe speed for prevailing conditions,AA,Vehicle(s) Only Involved,28843,2,12,57619,1
40599,21979,3975886.0,2008-11-25 17:25:00,2008 November 25,17:25:00,2008,November,Tuesday,2:01 pm to 6:00 pm,17.0,0,Evening,Fall,3801,01535,NORTH,3E12D,21453(a),"21453(a,c)",Red signal - driver or bicyclist responsibilities,AA,Vehicle(s) Only Involved,29741,2,3,57659,1
40600,53917,200616209.0,2020-10-13 00:36:00,2020 October 13,00:36:00,2020,October,Tuesday,10:01 pm to 2:00 am,0.0,0,Night,Fall,3801,4125,Richmond,3G2E,22350,22350,Unsafe speed for prevailing conditions,AA,Vehicle(s) Only Involved,28844,2,3,57607,6
40601,20517,140351711.0,2014-04-28 13:33:00,2014 April 28,13:33:00,2014,April,Monday,10:01 am to 2:00 pm,13.0,0,Afternoon,Spring,3801,183,SOUTHERN,3B13C,22350,22350,Unsafe speed for prevailing conditions,CC,Vehicle-Bicycle,28845,2,1,55601,1
40602,32838,3850820.0,2008-09-07 13:00:00,2008 September 07,13:00:00,2008,September,Sunday,10:01 am to 2:00 pm,13.0,1,Afternoon,Fall,3801,00779,NORTH,3E62,21950(b),21950(b),Pedestrian suddenly entering into vehicle path close enough to create an immediate hazard,BB,Vehicle-Pedestrian,30526,2,1,57622,2
40603,43706,3739151.0,2008-03-10 08:29:00,2008 March 10,08:29:00,2008,March,Monday,6:01 am to 10:00 am,8.0,0,Morning,Spring,3801,740,,4B41,21453(a),"21453(a,c)",Red signal - driver or bicyclist responsibilities,AA,Vehicle(s) Only Involved,18061,2,1,57659,8
40604,46716,190135258.0,2019-02-23 08:45:00,2019 February 23,08:45:00,2019,February,Saturday,6:01 am to 10:00 am,8.0,1,Morning,Winter,3801,677,Southern,3B14A,Unknown,Unknown,Unknown,AA,Vehicle(s) Only Involved,28847,2,11,55715,4
40605,17290,160349649.0,2016-04-29 06:50:00,2016 April 29,06:50:00,2016,April,Friday,6:01 am to 10:00 am,6.0,0,Morning,Spring,3801,4359,MISSION,6,21453(a),"21453(a,c)",Red signal - driver or bicyclist responsibilities,AA,Vehicle(s) Only Involved,5517,2,1,57659,1
40606,28890,150106051.0,2015-02-04 00:04:00,2015 February 04,00:04:00,2015,February,Wednesday,10:01 pm to 2:00 am,0.0,0,Night,Winter,3801,1016,6E,3E13,21453(a),"21453(a,c)",Red signal - driver or bicyclist responsibilities,AA,Vehicle(s) Only Involved,28321,2,3,57585,1
40607,87307,240765264.0,2024-12-11 16:25:00,2024 December 11,16:25:00,2024,December,Wednesday,2:01 pm to 6:00 pm,16.0,0,Afternoon,Winter,3801,1350,Bayview,3C13D,21801(a),"21801(a,b)",Violation of right-of-way - left turn,AA,Vehicle(s) Only Involved,21975,2,33,57659,1
40608,2613,180280261.0,2018-04-16 01:30:00,2018 April 16,01:30:00,2018,April,Monday,10:01 pm to 2:00 am,1.0,0,Night,Spring,3801,,Bayview,C5,23152(g),23152(a-g),Driving under influence of alcohol and/or drugs,AA,Vehicle(s) Only Involved,28848,2,13,57576,1
40609,10454,140627318.0,2014-07-28 18:44:00,2014 July 28,18:44:00,2014,July,Monday,6:01 pm to 10:00 pm,18.0,0,Evening,Summer,3801,707,MISSION,3D11D,21453(a),"21453(a,c)",Red signal - driver or bicyclist responsibilities,CC,Vehicle-Bicycle,27656,2,1,57621,2
40610,39958,130483227.0,2013-06-12 08:38:00,2013 June 12,08:38:00,2013,June,Wednesday,6:01 am to 10:00 am,8.0,0,Morning,Summer,3801,4281,TARAVAL,3I13A,22350,22350,Unsafe speed for prevailing conditions,BB,Vehicle-Pedestrian,27366,2,1,57649,1
40611,20715,130061992.0,2013-01-22 19:43:00,2013 January 22,19:43:00,2013,January,Tuesday,6:01 pm to 10:00 pm,19.0,0,Evening,Winter,3801,2082,NORTHERN,3E62,Unknown,Unknown,Unknown,AA,Vehicle(s) Only Involved,5622,1,3,57659,1
40612,30116,131035580.0,2013-12-09 00:32:00,2013 December 09,00:32:00,2013,December,Monday,10:01 pm to 2:00 am,0.0,0,Night,Winter,3801,1364,NORTHERN,3E3E,21453(a),"21453(a,c)",Red signal - driver or bicyclist responsibilities,AA,Vehicle(s) Only Involved,26546,2,3,57659,8
40613,12341,3765370.0,2008-04-25 13:50:00,2008 April 25,13:50:00,2008,April,Friday,10:01 am to 2:00 pm,13.0,0,Afternoon,Spring,3801,73,,,22350,22350,Unsafe speed for prevailing conditions,AA,Vehicle(s) Only Involved,28849,2,1,57658,8
40614,3309,150279090.0,2015-03-30 11:15:00,2015 March 30,11:15:00,2015,March,Monday,10:01 am to 2:00 pm,11.0,0,Morning,Spring,3801,4275,BAYVIEW,3C12B,22107,22107,Unsafe turn or lane change prohibited,AA,Vehicle(s) Only Involved,28850,2,2,57660,1
40615,87317,240765747.0,2024-12-11 19:29:00,2024 December 11,19:29:00,2024,December,Wednesday,6:01 pm to 10:00 pm,19.0,0,Evening,Winter,3801,1534,Ingleside,3H60,22350,22350,Unsafe speed for prevailing conditions,AA,Vehicle(s) Only Involved,24333,2,3,57658,1
40616,35092,3739013.0,2008-04-27 19:34:00,2008 April 27,19:34:00,2008,April,Sunday,6:01 pm to 10:00 pm,19.0,1,Evening,Spring,3801,002122,E,4B6D,21453(a),"21453(a,c)",Red signal - driver or bicyclist responsibilities,AA,Vehicle(s) Only Involved,7822,2,1,57659,3
40617,18540,150551713.0,2015-06-24 22:33:00,2015 June 24,22:33:00,2015,June,Wednesday,10:01 pm to 2:00 am,22.0,0,Night,Summer,3801,1436,SOUTHERN,3B13D,21453(a),"21453(a,c)",Red signal - driver or bicyclist responsibilities,CC,Vehicle-Bicycle,34128,2,3,57621,2
40618,3078,130086542.0,2013-01-31 00:25:00,2013 January 31,00:25:00,2013,January,Thursday,10:01 pm to 2:00 am,0.0,0,Night,Winter,3801,1630,BAYVIEW,3C62,22450(a),22450(a),Failure to stop at STOP sign,BB,Vehicle-Pedestrian,28592,2,3,57649,1
40619,36279,3866627.0,2008-08-08 18:33:00,2008 August 08,18:33:00,2008,August,Friday,6:01 pm to 10:00 pm,18.0,0,Evening,Summer,3801,2175,H,4B5E,22350,22350,Unsafe speed for prevailing conditions,AA,Vehicle(s) Only Involved,28852,1,2,57607,2
40620,23086,150375256.0,2015-04-30 10:15:00,2015 April 30,10:15:00,2015,April,Thursday,10:01 am to 2:00 pm,10.0,0,Morning,Spring,3801,2394,SOUTHERN,3B70,21950(a),"21950(a,c)",Driver or bicyclist to yield right-of-way at crosswalks,BB,Vehicle-Pedestrian,31119,2,1,57649,2
40621,42713,130675189.0,2013-08-15 00:55:00,2013 August 15,00:55:00,2013,August,Thursday,10:01 pm to 2:00 am,0.0,0,Night,Summer,3801,1376,RICHMOND,3G1D,22350,22350,Unsafe speed for prevailing conditions,AA,Vehicle(s) Only Involved,1539,2,29,56835,1
40622,59208,220640498.0,2022-09-19 17:07:00,2022 September 19,17:07:00,2022,September,Monday,2:01 pm to 6:00 pm,17.0,0,Evening,Fall,3801,2487,Bayview,C3,22350,22350,Unsafe speed for prevailing conditions,AA,Vehicle(s) Only Involved,28853,2,2,57654,2
40623,35348,160497624.0,2016-06-19 12:31:00,2016 June 19,12:31:00,2016,June,Sunday,10:01 am to 2:00 pm,12.0,1,Afternoon,Summer,3801,2427,NORTHERN,3E12C,21453(a),"21453(a,c)",Red signal - driver or bicyclist responsibilities,BB,Vehicle-Pedestrian,28854,2,1,56916,1
40624,57496,220118451.0,2022-02-21 12:46:00,2022 February 21,12:46:00,2022,February,Monday,10:01 am to 2:00 pm,12.0,0,Afternoon,Winter,3801,4333,Richmond,3G13A,22107,22107,Unsafe turn or lane change prohibited,AA,Vehicle(s) Only Involved,28855,2,1,57659,14