collision_id,unique_id,case_id_pkey,collision_datetime,collision_date,collision_time,accident_year,month,day_of_week,time_cat,hour_of_day,is_weekend,time_of_day,season,juris,officer_id,reporting_district,beat_number,vz_pcf_code,vz_pcf_group,vz_pcf_description,dph_col_grp,dph_col_grp_description,location_id,weather_id,road_id,party_id,severity_id
41476,58075,220370930.0,2022-06-06 16:38:00,2022 June 06,16:38:00,2022,June,Monday,2:01 pm to 6:00 pm,16.0,0,Afternoon,Summer,3801,2215,Northern,3E14D,22106,22106,Unsafe starting or backing on highway,AA,Vehicle(s) Only Involved,29329,2,1,57564,2
41477,39216,131033829.0,2013-12-08 11:20:00,2013 December 08,11:20:00,2013,December,Sunday,10:01 am to 2:00 pm,11.0,1,Morning,Winter,3801,4285,TARAVAL,3112A,21802(b),"21802(a,b)",Violation of right-of-way - entering through highway,AA,Vehicle(s) Only Involved,29330,2,1,57659,8
41478,17098,150526142.0,2015-06-16 15:38:00,2015 June 16,15:38:00,2015,June,Tuesday,2:01 pm to 6:00 pm,15.0,0,Afternoon,Summer,3801,1058,SOUTHERN,901,21950(a),"21950(a,c)",Driver or bicyclist to yield right-of-way at crosswalks,BB,Vehicle-Pedestrian,20777,2,1,57649,2
41479,40353,150163675.0,2015-02-22 16:39:00,2015 February 22,16:39:00,2015,February,Sunday,2:01 pm to 6:00 pm,16.0,1,Afternoon,Winter,3801,2257,PARK,3F60,21703,21703,Following too closely prohibited,AA,Vehicle(s) Only Involved,29331,2,2,57658,1
41480,38340,130037090.0,2013-01-14 07:36:00,2013 January 14,07:36:00,2013,January,Monday,6:01 am to 10:00 am,7.0,0,Morning,Winter,3801,,TARAVAL,3160,21950(a),"21950(a,c)",Driver or bicyclist to yield right-of-way at crosswalks,BB,Vehicle-Pedestrian,26712,2,33,57476,1
41481,25460,3805390.0,2008-06-19 23:55:00,2008 June 19,23:55:00,2008,June,Thursday,10:01 pm to 2:00 am,23.0,0,Night,Summer,3801,A08207,TENDE,6J13E,23152(a),23152(a-g),Driving under influence of alcohol and/or drugs,AA,Vehicle(s) Only Involved,29332,2,3,57658,1
41482,44548,160111965.0,2016-02-07 11:50:00,2016 February 07,11:50:00,2016,February,Sunday,10:01 am to 2:00 pm,11.0,1,Morning,Winter,3801,2375,RICHMOND,3G60,22450(a),22450(a),Failure to stop at STOP sign,AA,Vehicle(s) Only Involved,24520,2,2,57659,1
41483,21552,140364429.0,2014-05-02 17:17:00,2014 May 02,17:17:00,2014,May,Friday,2:01 pm to 6:00 pm,17.0,0,Evening,Spring,3801,2050,NORTHERN,3E14D,22100(a),"22100(a,b)",Turn at intersection from wrong position,AA,Vehicle(s) Only Involved,6103,2,1,57660,1
41484,11642,150441722.0,2015-05-21 07:56:00,2015 May 21,07:56:00,2015,May,Thursday,6:01 am to 10:00 am,7.0,0,Morning,Spring,3801,439,MISSION,3D60,22350,22350,Unsafe speed for prevailing conditions,FF,Bicycle Only,29333,1,16,57556,2
41485,36007,150651915.0,2015-07-26 23:40:00,2015 July 26,23:40:00,2015,July,Sunday,10:01 pm to 2:00 am,23.0,1,Night,Summer,3801,652,CENTRAL,3,22400(a),"22400(a,b)",Minimum speed law - impeding traffic flow,CC,Vehicle-Bicycle,29334,2,3,57639,2
41486,2883,131029806.0,2013-12-06 17:34:00,2013 December 06,17:34:00,2013,December,Friday,2:01 pm to 6:00 pm,17.0,0,Evening,Winter,3801,791,BAYVIEW,4K3B,21950(a),"21950(a,c)",Driver or bicyclist to yield right-of-way at crosswalks,BB,Vehicle-Pedestrian,29335,1,3,57649,1
41487,33157,140165976.0,2014-02-25 17:51:00,2014 February 25,17:51:00,2014,February,Tuesday,2:01 pm to 6:00 pm,17.0,0,Evening,Winter,3801,1214,02252014,3A14D,21658(a),"21658(a,b)",Lane straddling or failure to use specified lanes,CC,Vehicle-Bicycle,29336,3,3,57374,1
41488,58646,220496116.0,2022-07-26 18:30:00,2022 July 26,18:30:00,2022,July,Tuesday,6:01 pm to 10:00 pm,18.0,0,Evening,Summer,3801,469,Mission,3D14D,22107,22107,Unsafe turn or lane change prohibited,CC,Vehicle-Bicycle,2760,2,1,57614,2
41489,27522,140948556.0,2014-11-09 00:33:00,2014 November 09,00:33:00,2014,November,Sunday,10:01 pm to 2:00 am,0.0,1,Night,Fall,3801,4239,CENTRAL,3A11E,22517,22517,Opening door on traffic side when unsafe,EE,Bicycle-Parked Car,29337,2,12,57617,2
41490,35245,140837755.0,2014-10-04 19:43:00,2014 October 04,19:43:00,2014,October,Saturday,6:01 pm to 10:00 pm,19.0,1,Evening,Fall,3801,478,NORTHERN,3E11D,21950(a),"21950(a,c)",Driver or bicyclist to yield right-of-way at crosswalks,BB,Vehicle-Pedestrian,16391,2,3,57649,4
41491,34179,180446924.0,2018-06-16 14:06:00,2018 June 16,14:06:00,2018,June,Saturday,2:01 pm to 6:00 pm,14.0,1,Afternoon,Summer,3801,719,Central,3A5C,22350,22350,Unsafe speed for prevailing conditions,AA,Vehicle(s) Only Involved,29338,2,1,57658,2
41492,14014,5429166.0,2011-11-15 18:20:00,2011 November 15,18:20:00,2011,November,Tuesday,6:01 pm to 10:00 pm,18.0,0,Evening,Fall,3801,A11408,SOUTH,3B60,21801(a),"21801(a,b)",Violation of right-of-way - left turn,CC,Vehicle-Bicycle,40123,2,3,57390,1
41493,37071,150437931.0,2015-05-19 23:25:00,2015 May 19,23:25:00,2015,May,Tuesday,10:01 pm to 2:00 am,23.0,0,Night,Spring,3801,4314,RICHMOND,901,Unknown,Unknown,Unknown,AA,Vehicle(s) Only Involved,29339,2,12,57658,3
41494,7608,140831694.0,2014-10-02 19:32:00,2014 October 02,19:32:00,2014,October,Thursday,6:01 pm to 10:00 pm,19.0,0,Evening,Fall,3801,4324,CO D,901,21956(a),21956(a),Pedestrian on roadway prohibited,BB,Vehicle-Pedestrian,29340,2,3,57622,1
41495,58799,220502149.0,2022-07-10 10:00:00,2022 July 10,10:00:00,2022,July,Sunday,6:01 am to 10:00 am,10.0,1,Morning,Summer,3801,1148,Mission,3D15D,21801(a),"21801(a,b)",Violation of right-of-way - left turn,CC,Vehicle-Bicycle,29341,2,2,57581,2
41496,58795,220493479.0,2022-07-25 18:07:00,2022 July 25,18:07:00,2022,July,Monday,6:01 pm to 10:00 pm,18.0,0,Evening,Summer,3801,1182,Ingleside,3H13D,21460(a),"21460(a,b)",Improper turns over double lines or solid lines to right prohibited,AA,Vehicle(s) Only Involved,29342,1,1,57603,1
41497,12728,141028973.0,2014-12-06 19:06:00,2014 December 06,19:06:00,2014,December,Saturday,6:01 pm to 10:00 pm,19.0,1,Evening,Winter,3801,529,MISSION,3D11D,21650,21650,Failure to keep to right side of road,AA,Vehicle(s) Only Involved,29437,1,33,57660,1
41498,24752,130358937.0,2013-05-02 11:36:00,2013 May 02,11:36:00,2013,May,Thursday,10:01 am to 2:00 pm,11.0,0,Morning,Spring,3801,1794,SOUTHERN,3B60,22350,22350,Unsafe speed for prevailing conditions,AA,Vehicle(s) Only Involved,29343,2,25,57583,1
41499,31923,140928100.0,2014-11-02 08:57:00,2014 November 02,08:57:00,2014,November,Sunday,6:01 am to 10:00 am,8.0,1,Morning,Fall,3801,121,3E,E3,21453(a),"21453(a,c)",Red signal - driver or bicyclist responsibilities,AA,Vehicle(s) Only Involved,6303,2,1,57659,1
41500,14038,140614343.0,2014-07-24 10:18:00,2014 July 24,10:18:00,2014,July,Thursday,10:01 am to 2:00 pm,10.0,0,Morning,Summer,3801,1644,SOUTHERN,,22100(b),"22100(a,b)",Turn at intersection from wrong position,AA,Vehicle(s) Only Involved,5309,8,1,57660,2
41501,33152,3808516.0,2008-06-24 18:20:00,2008 June 24,18:20:00,2008,June,Tuesday,6:01 pm to 10:00 pm,18.0,0,Evening,Summer,3801,1727,CENTR,3A40D,21717,21717,Turning across bicycle lane,CC,Vehicle-Bicycle,29344,2,2,57581,2
41502,23562,140398995.0,2014-05-12 18:15:00,2014 May 12,18:15:00,2014,May,Monday,6:01 pm to 10:00 pm,18.0,0,Evening,Spring,3801,552,3B62,CO B,22100(a),"22100(a,b)",Turn at intersection from wrong position,CC,Vehicle-Bicycle,6964,2,1,57368,1
41503,18306,141059417.0,2014-12-17 12:08:00,2014 December 17,12:08:00,2014,December,Wednesday,10:01 am to 2:00 pm,12.0,0,Afternoon,Winter,3801,2334,SOUTHERN,,21801(a),"21801(a,b)",Violation of right-of-way - left turn,AA,Vehicle(s) Only Involved,40407,2,16,57659,2
41504,31171,141010243.0,2014-11-29 19:20:00,2014 November 29,19:20:00,2014,November,Saturday,6:01 pm to 10:00 pm,19.0,1,Evening,Fall,3801,868,RICHMOND,4K8G,21955,21955,Crossing between controlled intersections (Jaywalking),BB,Vehicle-Pedestrian,29345,4,13,57622,2
41505,10783,130495410.0,2013-06-16 17:30:00,2013 June 16,17:30:00,2013,June,Sunday,2:01 pm to 6:00 pm,17.0,1,Evening,Summer,3801,358,COD,901,22350,22350,Unsafe speed for prevailing conditions,AA,Vehicle(s) Only Involved,29346,2,15,57237,2
41506,35963,130345207.0,2013-04-27 17:42:00,2013 April 27,17:42:00,2013,April,Saturday,2:01 pm to 6:00 pm,17.0,1,Evening,Spring,3801,2260,NORTHERN,3E4C,22107,22107,Unsafe turn or lane change prohibited,CC,Vehicle-Bicycle,29347,2,2,57581,1
41507,42888,150544172.0,2015-06-22 17:29:00,2015 June 22,17:29:00,2015,June,Monday,2:01 pm to 6:00 pm,17.0,0,Evening,Summer,3801,761,,3G,22107,22107,Unsafe turn or lane change prohibited,AA,Vehicle(s) Only Involved,10316,2,1,51939,2
41508,16836,150483520.0,2015-06-03 04:28:00,2015 June 03,04:28:00,2015,June,Wednesday,2:01 am to 6:00 am,4.0,0,Night,Summer,3801,2380,SOUTHERN,3B3E,22107,22107,Unsafe turn or lane change prohibited,AA,Vehicle(s) Only Involved,29348,2,3,57584,3
41509,24692,150357533.0,2015-04-24 14:58:00,2015 April 24,14:58:00,2015,April,Friday,2:01 pm to 6:00 pm,14.0,0,Afternoon,Spring,3801,2205,TENDERLION,1500,21658(a),"21658(a,b)",Lane straddling or failure to use specified lanes,AA,Vehicle(s) Only Involved,33366,2,49,57660,1
41510,39254,130449508.0,2013-05-31 18:19:00,2013 May 31,18:19:00,2013,May,Friday,6:01 pm to 10:00 pm,18.0,0,Evening,Spring,3801,1992,TARAVAL,3I2D,22450(a),22450(a),Failure to stop at STOP sign,CC,Vehicle-Bicycle,16907,2,1,57621,1
41511,2606,140392088.0,2014-05-10 09:35:00,2014 May 10,09:35:00,2014,May,Saturday,6:01 am to 10:00 am,9.0,1,Morning,Spring,3801,4188,BAYVIEW,C5,21703,21703,Following too closely prohibited,AA,Vehicle(s) Only Involved,29349,2,1,57658,1
41512,26419,3767414.0,2008-05-31 23:51:00,2008 May 31,23:51:00,2008,May,Saturday,10:01 pm to 2:00 am,23.0,1,Night,Spring,3801,1338,A,3A11E,21658(a),"21658(a,b)",Lane straddling or failure to use specified lanes,AA,Vehicle(s) Only Involved,29350,2,12,57660,8
41513,8060,150304625.0,2015-04-13 15:00:00,2015 April 13,15:00:00,2015,April,Monday,2:01 pm to 6:00 pm,15.0,0,Afternoon,Spring,3801,441,MISSION,4B8D,22350,22350,Unsafe speed for prevailing conditions,AA,Vehicle(s) Only Involved,13238,1,2,57654,1
41514,30085,130780164.0,2013-09-16 18:50:00,2013 September 16,18:50:00,2013,September,Monday,6:01 pm to 10:00 pm,18.0,0,Evening,Fall,3801,581,NORTHERN,3E3D,22100(b),"22100(a,b)",Turn at intersection from wrong position,AA,Vehicle(s) Only Involved,28988,2,1,57585,1
41515,20234,5477532.0,2011-12-05 09:45:00,2011 December 05,09:45:00,2011,December,Monday,6:01 am to 10:00 am,9.0,0,Morning,Winter,3801,353,B,004,Unknown,Unknown,Unknown,FF,Bicycle Only,29351,2,8,39585,2
41516,3549,130891175.0,2013-10-21 08:20:00,2013 October 21,08:20:00,2013,October,Monday,6:01 am to 10:00 am,8.0,0,Morning,Fall,3801,4345,BAYVIEW,3C12A,21801(a),"21801(a,b)",Violation of right-of-way - left turn,AA,Vehicle(s) Only Involved,6068,2,1,57659,1
41517,56911,210809212.0,2021-12-07 17:42:00,2021 December 07,17:42:00,2021,December,Tuesday,2:01 pm to 6:00 pm,17.0,0,Evening,Winter,3801,654,Park,3F12D,21800(a),21800(a-c),Violation of right-of-way or uncontrolled intersection,AA,Vehicle(s) Only Involved,29352,3,3,57237,1
41518,28150,130480819.0,2013-06-11 13:47:00,2013 June 11,13:47:00,2013,June,Tuesday,10:01 am to 2:00 pm,13.0,0,Afternoon,Summer,3801,1529,,3162,21950(a),"21950(a,c)",Driver or bicyclist to yield right-of-way at crosswalks,BB,Vehicle-Pedestrian,29353,2,1,57649,1
41519,33903,130166655.0,2013-02-26 13:15:00,2013 February 26,13:15:00,2013,February,Tuesday,10:01 am to 2:00 pm,13.0,0,Afternoon,Winter,3801,1428,CENTRAL,3A60,21954(a),21954(a),Pedestrians must yield right-of-way outside of crosswalks,BB,Vehicle-Pedestrian,5177,2,1,57566,2
41520,43558,150330426.0,2015-04-15 22:32:00,2015 April 15,22:32:00,2015,April,Wednesday,10:01 pm to 2:00 am,22.0,0,Night,Spring,3801,4332,RICHMOND,901,Unknown,Unknown,Unknown,AA,Vehicle(s) Only Involved,32171,2,3,57557,14
41521,12591,3742327.0,2008-05-14 17:10:00,2008 May 14,17:10:00,2008,May,Wednesday,2:01 pm to 6:00 pm,17.0,0,Evening,Spring,3801,1584,MISSI,4B5F,22450(a),22450(a),Failure to stop at STOP sign,CC,Vehicle-Bicycle,28337,2,1,57621,1
41522,43057,150219820.0,2015-03-11 20:45:00,2015 March 11,20:45:00,2015,March,Wednesday,6:01 pm to 10:00 pm,20.0,0,Evening,Spring,3801,4347,RICHMOND,4,21801(a),"21801(a,b)",Violation of right-of-way - left turn,AA,Vehicle(s) Only Involved,11657,2,3,57659,1
41523,87185,240732893.0,2024-11-25 12:32:00,2024 November 25,12:32:00,2024,November,Monday,10:01 am to 2:00 pm,12.0,0,Afternoon,Fall,3801,1372,Ingleside,3H11A,22350,22350,Unsafe speed for prevailing conditions,AA,Vehicle(s) Only Involved,29354,4,16,57658,8
41524,35371,140769528.0,2014-09-12 14:30:00,2014 September 12,14:30:00,2014,September,Friday,2:01 pm to 6:00 pm,14.0,0,Afternoon,Fall,3801,2260,NORTHERN,3E3C,22350,22350,Unsafe speed for prevailing conditions,AA,Vehicle(s) Only Involved,29355,2,2,57658,1
41525,1073,141022599.0,2014-12-08 11:48:00,2014 December 08,11:48:00,2014,December,Monday,10:01 am to 2:00 pm,11.0,0,Morning,Winter,3801,244,,,22350,22350,Unsafe speed for prevailing conditions,CC,Vehicle-Bicycle,37000,4,4,57621,2
41526,58897,220623240.0,2022-09-12 18:54:00,2022 September 12,18:54:00,2022,September,Monday,6:01 pm to 10:00 pm,18.0,0,Evening,Fall,3801,2431,Richmond,3G13D,21950(a),"21950(a,c)",Driver or bicyclist to yield right-of-way at crosswalks,BB,Vehicle-Pedestrian,29356,2,1,57649,1
41527,20951,3885042.0,2008-08-10 16:04:00,2008 August 10,16:04:00,2008,August,Sunday,2:01 pm to 6:00 pm,16.0,1,Afternoon,Summer,3801,100,3E,3E11D,21801(a),"21801(a,b)",Violation of right-of-way - left turn,AA,Vehicle(s) Only Involved,9991,2,1,57659,1
41528,56676,210826501.0,2021-12-14 17:45:00,2021 December 14,17:45:00,2021,December,Tuesday,2:01 pm to 6:00 pm,17.0,0,Evening,Winter,3801,4358,Bayview,,21950(a),"21950(a,c)",Driver or bicyclist to yield right-of-way at crosswalks,BB,Vehicle-Pedestrian,29357,4,13,57649,1
41529,27333,3816329.0,2008-07-03 12:00:00,2008 July 03,12:00:00,2008,July,Thursday,10:01 am to 2:00 pm,12.0,0,Afternoon,Summer,3801,2108,,002,22517,22517,Opening door on traffic side when unsafe,BB,Vehicle-Pedestrian,29358,2,1,57649,1
41530,20942,140773513.0,2014-09-13 21:38:00,2014 September 13,21:38:00,2014,September,Saturday,6:01 pm to 10:00 pm,21.0,1,Night,Fall,3801,856,NORTHRN,3E11E,21801(a),"21801(a,b)",Violation of right-of-way - left turn,AA,Vehicle(s) Only Involved,9991,2,3,57603,8
41531,20506,3873387.0,2008-09-06 17:09:00,2008 September 06,17:09:00,2008,September,Saturday,2:01 pm to 6:00 pm,17.0,1,Evening,Fall,3801,125,,,21950(b),21950(b),Pedestrian suddenly entering into vehicle path close enough to create an immediate hazard,BB,Vehicle-Pedestrian,29359,2,2,57622,1
41532,15382,130262554.0,2013-03-30 18:19:00,2013 March 30,18:19:00,2013,March,Saturday,6:01 pm to 10:00 pm,18.0,1,Evening,Spring,3801,681,SOUTHERN,,21703,21703,Following too closely prohibited,AA,Vehicle(s) Only Involved,29360,18,16,57658,5
41533,263,141012669.0,2014-11-30 18:34:00,2014 November 30,18:34:00,2014,November,Sunday,6:01 pm to 10:00 pm,18.0,1,Evening,Fall,3801,995,INGLESIDE,3H16D,21950(a),"21950(a,c)",Driver or bicyclist to yield right-of-way at crosswalks,BB,Vehicle-Pedestrian,6559,4,13,57649,1
41534,42714,140795642.0,2014-09-21 09:54:00,2014 September 21,09:54:00,2014,September,Sunday,6:01 am to 10:00 am,9.0,1,Morning,Fall,3801,1796,,,21801(a),"21801(a,b)",Violation of right-of-way - left turn,CC,Vehicle-Bicycle,1539,1,2,57581,1
41535,3034,140549104.0,2014-07-02 14:36:00,2014 July 02,14:36:00,2014,July,Wednesday,2:01 pm to 6:00 pm,14.0,0,Afternoon,Summer,3801,2276,BAYVIEW,4,22450(a),22450(a),Failure to stop at STOP sign,CC,Vehicle-Bicycle,18996,2,1,57621,1
41536,35956,140231044.0,2014-03-18 19:00:00,2014 March 18,19:00:00,2014,March,Tuesday,6:01 pm to 10:00 pm,19.0,0,Evening,Spring,3801,190,NORTHERN,3E15D,21754,21754,Improper passing on right prohibited,BB,Vehicle-Pedestrian,29361,2,43,57649,1
41537,19298,141043404.0,2014-12-11 21:03:00,2014 December 11,21:03:00,2014,December,Thursday,6:01 pm to 10:00 pm,21.0,0,Night,Winter,3801,2294,PARK,3F11D,21950(a),"21950(a,c)",Driver or bicyclist to yield right-of-way at crosswalks,BB,Vehicle-Pedestrian,6828,4,13,57649,1
41538,7721,130943500.0,2013-11-06 21:20:00,2013 November 06,21:20:00,2013,November,Wednesday,6:01 pm to 10:00 pm,21.0,0,Night,Fall,3801,4297,MISSION,3D14D,22100(a),"22100(a,b)",Turn at intersection from wrong position,AA,Vehicle(s) Only Involved,29362,2,3,57660,8
41539,21956,140471739.0,2014-06-06 14:30:00,2014 June 06,14:30:00,2014,June,Friday,2:01 pm to 6:00 pm,14.0,0,Afternoon,Summer,3801,2260,NORTHERN,3E14C,22350,22350,Unsafe speed for prevailing conditions,AA,Vehicle(s) Only Involved,29363,2,2,57660,1
41540,2522,150605724.0,2015-07-12 00:16:00,2015 July 12,00:16:00,2015,July,Sunday,10:01 pm to 2:00 am,0.0,1,Night,Summer,3801,4303,BAYVIEW,3C15E,22450(a),22450(a),Failure to stop at STOP sign,AA,Vehicle(s) Only Involved,18902,2,12,57659,14
41541,1149,150566740.0,2015-06-29 13:23:00,2015 June 29,13:23:00,2015,June,Monday,10:01 am to 2:00 pm,13.0,0,Afternoon,Summer,3801,2001,INGLESIDE,,22450(a),22450(a),Failure to stop at STOP sign,AA,Vehicle(s) Only Involved,29200,2,2,57585,1
41542,21378,150234630.0,2015-03-16 13:37:00,2015 March 16,13:37:00,2015,March,Monday,10:01 am to 2:00 pm,13.0,0,Afternoon,Spring,3801,1918,NORTHERN,3E61,Unknown,Unknown,Unknown,CC,Vehicle-Bicycle,29364,2,2,57561,4
41543,37630,141084997.0,2014-12-26 09:15:00,2014 December 26,09:15:00,2014,December,Friday,6:01 am to 10:00 am,9.0,0,Morning,Winter,3801,518,TARAVAL,4K5I,22350,22350,Unsafe speed for prevailing conditions,AA,Vehicle(s) Only Involved,29365,2,2,57274,2
41544,42366,140780013.0,2014-09-16 09:12:00,2014 September 16,09:12:00,2014,September,Tuesday,6:01 am to 10:00 am,9.0,0,Morning,Fall,3801,1882,RICHMOND,3G60,22350,22350,Unsafe speed for prevailing conditions,AA,Vehicle(s) Only Involved,29366,2,2,57658,1
41545,57784,220129486.0,2022-02-25 19:25:00,2022 February 25,19:25:00,2022,February,Friday,6:01 pm to 10:00 pm,19.0,0,Evening,Winter,3801,76,Traffic,4B3B,21453(a),"21453(a,c)",Red signal - driver or bicyclist responsibilities,AA,Vehicle(s) Only Involved,29367,2,3,57636,23
41546,12037,141075811.0,2014-12-22 18:37:00,2014 December 22,18:37:00,2014,December,Monday,6:01 pm to 10:00 pm,18.0,0,Evening,Winter,3801,4353,MISSION,1600,22107,22107,Unsafe turn or lane change prohibited,AA,Vehicle(s) Only Involved,12401,2,12,57659,1
41547,58842,220569371.0,2022-08-23 21:00:00,2022 August 23,21:00:00,2022,August,Tuesday,6:01 pm to 10:00 pm,21.0,0,Night,Summer,3801,101,Ingleside,3H15E,22350,22350,Unsafe speed for prevailing conditions,AA,Vehicle(s) Only Involved,29368,2,12,57654,2
41548,42068,180612824.0,2018-08-15 12:40:00,2018 August 15,12:40:00,2018,August,Wednesday,10:01 am to 2:00 pm,12.0,0,Afternoon,Summer,3801,399,Park,F3,22107,22107,Unsafe turn or lane change prohibited,AA,Vehicle(s) Only Involved,29369,2,2,57658,14
41549,41674,150235848.0,2015-03-16 19:00:00,2015 March 16,19:00:00,2015,March,Monday,6:01 pm to 10:00 pm,19.0,0,Evening,Spring,3801,4200,TARAVAL,3113D,21802(a),"21802(a,b)",Violation of right-of-way - entering through highway,AA,Vehicle(s) Only Involved,29370,2,3,57659,1
41550,16719,140304748.0,2014-04-12 15:50:00,2014 April 12,15:50:00,2014,April,Saturday,2:01 pm to 6:00 pm,15.0,1,Afternoon,Spring,3801,1438,TENDERLOIN,2,22106,22106,Unsafe starting or backing on highway,AA,Vehicle(s) Only Involved,39896,2,1,57658,1
41551,38697,140349681.0,2014-04-27 17:50:00,2014 April 27,17:50:00,2014,April,Sunday,2:01 pm to 6:00 pm,17.0,1,Evening,Spring,3801,454,TARAVAL,3I13D,21657,21657,Going against one-way traffic patterns,AA,Vehicle(s) Only Involved,32592,2,1,57659,2
41552,24112,150317684.0,2015-04-11 21:26:00,2015 April 11,21:26:00,2015,April,Saturday,6:01 pm to 10:00 pm,21.0,1,Night,Spring,3801,298,SOUTHERN,3B12E,21658(a),"21658(a,b)",Lane straddling or failure to use specified lanes,CC,Vehicle-Bicycle,29372,2,12,49721,2
41553,38740,160103495.0,2016-02-04 15:36:00,2016 February 04,15:36:00,2016,February,Thursday,2:01 pm to 6:00 pm,15.0,0,Afternoon,Winter,3801,1498,TAVARAL,3116B,21453(a),"21453(a,c)",Red signal - driver or bicyclist responsibilities,AA,Vehicle(s) Only Involved,36246,2,1,57659,1
41554,1986,150099428.0,2015-02-01 23:50:00,2015 February 01,23:50:00,2015,February,Sunday,10:01 pm to 2:00 am,23.0,1,Night,Winter,3801,1730,INGLESIDE,3H5D,21658(a),"21658(a,b)",Lane straddling or failure to use specified lanes,AA,Vehicle(s) Only Involved,29374,2,12,57607,2
41555,28475,4215583.0,2009-04-20 23:46:00,2009 April 20,23:46:00,2009,April,Monday,10:01 pm to 2:00 am,23.0,0,Night,Spring,3801,2363,CENTR,3A14E,Unknown,Unknown,Unknown,AA,Vehicle(s) Only Involved,29375,2,82,56833,1
41556,46544,190071157.0,2019-01-29 07:50:00,2019 January 29,07:50:00,2019,January,Tuesday,6:01 am to 10:00 am,7.0,0,Morning,Winter,3801,2398,Ingleside,3H12A,22350,22350,Unsafe speed for prevailing conditions,AA,Vehicle(s) Only Involved,29376,1,16,57237,1
41557,47243,190254949.0,2019-04-10 15:47:00,2019 April 10,15:47:00,2019,April,Wednesday,2:01 pm to 6:00 pm,15.0,0,Afternoon,Spring,3801,1157,Taraval,3I13D,21955,21955,Crossing between controlled intersections (Jaywalking),BB,Vehicle-Pedestrian,29377,2,1,57622,1
41558,44936,3975878.0,2008-11-26 10:00:00,2008 November 26,10:00:00,2008,November,Wednesday,6:01 am to 10:00 am,10.0,0,Morning,Fall,3801,1597,RICHM,3G62,22107,22107,Unsafe turn or lane change prohibited,CC,Vehicle-Bicycle,29378,7,4,57581,2
41559,5588,140557856.0,2014-07-05 16:20:00,2014 July 05,16:20:00,2014,July,Saturday,2:01 pm to 6:00 pm,16.0,1,Afternoon,Summer,3801,1435,BAYVIEW,,22350,22350,Unsafe speed for prevailing conditions,AA,Vehicle(s) Only Involved,24802,8,1,57658,8
41560,39802,140736254.0,2014-09-01 17:30:00,2014 September 01,17:30:00,2014,September,Monday,2:01 pm to 6:00 pm,17.0,0,Evening,Fall,3801,1210,TARAVAL,3113D,21703,21703,Following too closely prohibited,AA,Vehicle(s) Only Involved,32114,2,1,57658,8
41561,11504,131044785.0,2013-12-12 11:13:00,2013 December 12,11:13:00,2013,December,Thursday,10:01 am to 2:00 pm,11.0,0,Morning,Winter,3801,1211,MISSION,3D1C,21453(a),"21453(a,c)",Red signal - driver or bicyclist responsibilities,AA,Vehicle(s) Only Involved,34135,2,1,57659,1
41562,13034,150469097.0,2015-05-29 16:40:00,2015 May 29,16:40:00,2015,May,Friday,2:01 pm to 6:00 pm,16.0,0,Afternoon,Spring,3801,1116,BAYVIEW,3C12D,22350,22350,Unsafe speed for prevailing conditions,AA,Vehicle(s) Only Involved,12627,2,1,57658,1
41563,56520,210743864.0,2021-11-11 21:15:00,2021 November 11,21:15:00,2021,November,Thursday,6:01 pm to 10:00 pm,21.0,0,Night,Fall,3801,2741,Ingleside,901,22107,22107,Unsafe turn or lane change prohibited,AA,Vehicle(s) Only Involved,29379,2,12,57654,1
41564,13790,140680526.0,2014-08-14 17:57:00,2014 August 14,17:57:00,2014,August,Thursday,2:01 pm to 6:00 pm,17.0,0,Evening,Summer,3801,1460,SOUTHERN,,22400(a),"22400(a,b)",Minimum speed law - impeding traffic flow,CC,Vehicle-Bicycle,29380,8,2,57390,2
41565,45042,150502534.0,2015-06-09 07:23:00,2015 June 09,07:23:00,2015,June,Tuesday,6:01 am to 10:00 am,7.0,0,Morning,Summer,3801,251,RICHMOND,3G61,22107,22107,Unsafe turn or lane change prohibited,AA,Vehicle(s) Only Involved,40323,2,1,57659,1
41566,32723,130927770.0,2013-11-01 12:30:00,2013 November 01,12:30:00,2013,November,Friday,10:01 am to 2:00 pm,12.0,0,Afternoon,Fall,3801,1535,NORTHERN,3E14A,Unknown,Unknown,Unknown,AA,Vehicle(s) Only Involved,29381,2,2,57237,2
41567,31856,150286982.0,2015-04-01 18:07:00,2015 April 01,18:07:00,2015,April,Wednesday,6:01 pm to 10:00 pm,18.0,0,Evening,Spring,3801,717,NORTHERN,3E14E,Unknown,Unknown,Unknown,CC,Vehicle-Bicycle,29382,2,2,57614,1
41568,87269,240751241.0,2024-12-04 18:14:00,2024 December 04,18:14:00,2024,December,Wednesday,6:01 pm to 10:00 pm,18.0,0,Evening,Winter,3801,158,Northern,3E14D,21800(a),21800(a-c),Violation of right-of-way or uncontrolled intersection,AA,Vehicle(s) Only Involved,29383,2,3,57636,14
41569,58814,220528838.0,2022-08-08 14:21:00,2022 August 08,14:21:00,2022,August,Monday,2:01 pm to 6:00 pm,14.0,0,Afternoon,Summer,3801,4022,Mission,3D14C,21755(a),21755(a),Unsafe passing on right shoulder,AA,Vehicle(s) Only Involved,29384,2,1,57660,2
41570,16605,130762463.0,2013-09-11 14:16:00,2013 September 11,14:16:00,2013,September,Wednesday,2:01 pm to 6:00 pm,14.0,0,Afternoon,Fall,3801,2442,SOUTHERN,3B13C,21208(a),"21208(a,b)",Riding outside bicycle lane prohibited,CC,Vehicle-Bicycle,40963,2,1,57621,1