collision_id,unique_id,case_id_pkey,collision_datetime,collision_date,collision_time,accident_year,month,day_of_week,time_cat,hour_of_day,is_weekend,time_of_day,season,juris,officer_id,reporting_district,beat_number,vz_pcf_code,vz_pcf_group,vz_pcf_description,dph_col_grp,dph_col_grp_description,location_id,weather_id,road_id,party_id,severity_id
42139,1751,140238971.0,2014-03-21 12:04:00,2014 March 21,12:04:00,2014,March,Friday,10:01 am to 2:00 pm,12.0,0,Afternoon,Spring,3801,443,INGLESIDE,4C1,21650,21650,Failure to keep to right side of road,BB,Vehicle-Pedestrian,29696,2,2,57649,2
42140,21242,140613947.0,2014-07-24 07:38:00,2014 July 24,07:38:00,2014,July,Thursday,6:01 am to 10:00 am,7.0,0,Morning,Summer,3801,1714,NORTHERN,1 CAR,23152(a),23152(a-g),Driving under influence of alcohol and/or drugs,AA,Vehicle(s) Only Involved,7194,2,1,57658,1
42141,58620,220634429.0,2022-09-16 00:19:00,2022 September 16,00:19:00,2022,September,Friday,10:01 pm to 2:00 am,0.0,0,Night,Fall,3801,2457,Southern,3B14E,21453(a),"21453(a,c)",Red signal - driver or bicyclist responsibilities,AA,Vehicle(s) Only Involved,37711,2,3,57490,1
42142,34201,180324944.0,2018-05-02 10:18:00,2018 May 02,10:18:00,2018,May,Wednesday,10:01 am to 2:00 pm,10.0,0,Morning,Spring,3801,4177,Central,3,21801(a),"21801(a,b)",Violation of right-of-way - left turn,AA,Vehicle(s) Only Involved,29697,2,23,57603,8
42143,5344,140080910.0,2014-01-27 21:11:00,2014 January 27,21:11:00,2014,January,Monday,6:01 pm to 10:00 pm,21.0,0,Night,Winter,3801,1462,BAYVIEW ST,3C12E,22107,22107,Unsafe turn or lane change prohibited,AA,Vehicle(s) Only Involved,29698,2,12,57603,1
42144,42779,3731977.0,2008-04-16 12:14:00,2008 April 16,12:14:00,2008,April,Wednesday,10:01 am to 2:00 pm,12.0,0,Afternoon,Spring,3801,1389,G,1214,21703,21703,Following too closely prohibited,AA,Vehicle(s) Only Involved,16287,2,1,57658,1
42145,33720,3733918.0,2008-04-25 19:45:00,2008 April 25,19:45:00,2008,April,Friday,6:01 pm to 10:00 pm,19.0,0,Evening,Spring,3801,1866,,4B71,22350,22350,Unsafe speed for prevailing conditions,FF,Bicycle Only,29699,2,12,57556,2
42146,16095,130617454.0,2013-07-27 01:21:00,2013 July 27,01:21:00,2013,July,Saturday,10:01 pm to 2:00 am,1.0,1,Night,Summer,3801,443,SOUTHERN,2U4,21453(a),"21453(a,c)",Red signal - driver or bicyclist responsibilities,AA,Vehicle(s) Only Involved,10641,1,3,57659,4
42147,6957,140011410.0,2014-01-04 20:15:00,2014 January 04,20:15:00,2014,January,Saturday,6:01 pm to 10:00 pm,20.0,1,Evening,Winter,3801,1968,INGLESIDE,3H12D,21801(a),"21801(a,b)",Violation of right-of-way - left turn,AA,Vehicle(s) Only Involved,422,2,3,57659,2
42148,46513,190057254.0,2019-01-23 18:10:00,2019 January 23,18:10:00,2019,January,Wednesday,6:01 pm to 10:00 pm,18.0,0,Evening,Winter,3801,1398,Northern,3E41C,22350,22350,Unsafe speed for prevailing conditions,AA,Vehicle(s) Only Involved,13982,2,3,57658,1
42149,34041,130361758.0,2013-05-03 11:45:00,2013 May 03,11:45:00,2013,May,Friday,10:01 am to 2:00 pm,11.0,0,Morning,Spring,3801,1428,CENTRAL,3A60,22350,22350,Unsafe speed for prevailing conditions,CC,Vehicle-Bicycle,29700,2,9,53918,2
42150,36188,140548770.0,2014-07-02 12:55:00,2014 July 02,12:55:00,2014,July,Wednesday,10:01 am to 2:00 pm,12.0,0,Afternoon,Summer,3801,4036,CO I TARAV,4B5I,22107,22107,Unsafe turn or lane change prohibited,AA,Vehicle(s) Only Involved,29701,1,2,57584,8
42151,39929,150656545.0,2015-07-28 13:43:00,2015 July 28,13:43:00,2015,July,Tuesday,10:01 am to 2:00 pm,13.0,0,Afternoon,Summer,3801,1081,TARAVAL,3I113B,22350,22350,Unsafe speed for prevailing conditions,AA,Vehicle(s) Only Involved,29702,2,1,57658,14
42152,40984,140118464.0,2014-02-09 21:45:00,2014 February 09,21:45:00,2014,February,Sunday,6:01 pm to 10:00 pm,21.0,1,Night,Winter,3801,669,TARAVAL,3113E,21950(a),"21950(a,c)",Driver or bicyclist to yield right-of-way at crosswalks,BB,Vehicle-Pedestrian,35895,4,13,57649,1
42153,14202,3827152.0,2008-07-10 19:12:00,2008 July 10,19:12:00,2008,July,Thursday,6:01 pm to 10:00 pm,19.0,0,Evening,Summer,3801,674,SOUTH,3B61,22350,22350,Unsafe speed for prevailing conditions,AA,Vehicle(s) Only Involved,29704,2,81,57658,17
42154,48033,190600320.0,2019-08-15 12:15:00,2019 August 15,12:15:00,2019,August,Thursday,10:01 am to 2:00 pm,12.0,0,Afternoon,Summer,3801,1053,Taraval,3I13A,22350,22350,Unsafe speed for prevailing conditions,FF,Bicycle Only,29705,2,2,57524,1
42155,35084,130803578.0,2013-09-24 05:45:00,2013 September 24,05:45:00,2013,September,Tuesday,2:01 am to 6:00 am,5.0,0,Morning,Fall,3801,2006,NORTHERN,E5,22107,22107,Unsafe turn or lane change prohibited,AA,Vehicle(s) Only Involved,7822,2,1,57659,12
42156,6276,130100277.0,2013-02-04 14:55:00,2013 February 04,14:55:00,2013,February,Monday,2:01 pm to 6:00 pm,14.0,0,Afternoon,Winter,3801,937,MISSION,4K8A,22107,22107,Unsafe turn or lane change prohibited,CC,Vehicle-Bicycle,29706,2,2,57621,1
42157,41673,3767962.0,2008-06-02 20:21:00,2008 June 02,20:21:00,2008,June,Monday,6:01 pm to 10:00 pm,20.0,0,Evening,Summer,3801,004009,TARAV,3113D,21802(a),"21802(a,b)",Violation of right-of-way - entering through highway,AA,Vehicle(s) Only Involved,29707,2,33,57659,14
42158,83080,230125991.0,2023-02-20 18:53:00,2023 February 20,18:53:00,2023,February,Monday,6:01 pm to 10:00 pm,18.0,0,Evening,Winter,3801,1520,Bayview,C2,22350,22350,Unsafe speed for prevailing conditions,AA,Vehicle(s) Only Involved,29708,2,12,57658,8
42159,38661,3946410.0,2008-09-24 18:14:00,2008 September 24,18:14:00,2008,September,Wednesday,6:01 pm to 10:00 pm,18.0,0,Evening,Fall,3801,1279,TARAV,4B61,21453(a),"21453(a,c)",Red signal - driver or bicyclist responsibilities,AA,Vehicle(s) Only Involved,5762,2,1,57659,4
42160,43620,131002937.0,2013-11-26 17:58:00,2013 November 26,17:58:00,2013,November,Tuesday,2:01 pm to 6:00 pm,17.0,0,Evening,Fall,3801,1112,RICHMOND,3G4D,21800(a),21800(a-c),Violation of right-of-way or uncontrolled intersection,CC,Vehicle-Bicycle,17672,2,3,57581,1
42161,30213,3827172.0,2008-07-09 10:50:00,2008 July 09,10:50:00,2008,July,Wednesday,10:01 am to 2:00 pm,10.0,0,Morning,Summer,3801,000779,NORTH,3E62,21453(a),"21453(a,c)",Red signal - driver or bicyclist responsibilities,AA,Vehicle(s) Only Involved,39435,2,1,57659,2
42162,26161,150077311.0,2015-01-25 21:00:00,2015 January 25,21:00:00,2015,January,Sunday,6:01 pm to 10:00 pm,21.0,1,Night,Winter,3801,737,COMPANY J,3J11D,21703,21703,Following too closely prohibited,AA,Vehicle(s) Only Involved,29709,2,3,57658,1
42163,42206,140824138.0,2014-09-30 12:28:00,2014 September 30,12:28:00,2014,September,Tuesday,10:01 am to 2:00 pm,12.0,0,Afternoon,Fall,3801,251,RICHMOND,3G61,21950(a),"21950(a,c)",Driver or bicyclist to yield right-of-way at crosswalks,BB,Vehicle-Pedestrian,11622,2,2,57649,1
42164,16185,3964740.0,2008-10-18 14:50:00,2008 October 18,14:50:00,2008,October,Saturday,2:01 pm to 6:00 pm,14.0,1,Afternoon,Fall,3801,01870,,3B62,21950(a),"21950(a,c)",Driver or bicyclist to yield right-of-way at crosswalks,BB,Vehicle-Pedestrian,29710,3,2,57649,1
42165,35953,3957742.0,2008-10-04 00:36:00,2008 October 04,00:36:00,2008,October,Saturday,10:01 pm to 2:00 am,0.0,1,Night,Fall,3801,2297,NORTH,3E15E,23152(a),23152(a-g),Driving under influence of alcohol and/or drugs,BB,Vehicle-Pedestrian,29711,4,13,57649,1
42166,22332,140905346.0,2014-10-26 00:05:00,2014 October 26,00:05:00,2014,October,Sunday,10:01 pm to 2:00 am,0.0,1,Night,Fall,3801,1533,PARK,3F14E,21703,21703,Following too closely prohibited,CC,Vehicle-Bicycle,29712,2,12,57561,2
42167,41108,3791479.0,2008-06-07 20:00:00,2008 June 07,20:00:00,2008,June,Saturday,6:01 pm to 10:00 pm,20.0,1,Evening,Summer,3801,1152,TARAV,3112D,21950(a),"21950(a,c)",Driver or bicyclist to yield right-of-way at crosswalks,BB,Vehicle-Pedestrian,29713,2,33,57649,1
42168,9010,3954745.0,2008-10-08 13:15:00,2008 October 08,13:15:00,2008,October,Wednesday,10:01 am to 2:00 pm,13.0,0,Afternoon,Fall,3801,714,MISSI,4B3E,22350,22350,Unsafe speed for prevailing conditions,AA,Vehicle(s) Only Involved,29714,2,1,57658,1
42169,29209,130243162.0,2013-03-24 09:18:00,2013 March 24,09:18:00,2013,March,Sunday,6:01 am to 10:00 am,9.0,1,Morning,Spring,3801,1819,NORTHERN,3E68,21453(a),"21453(a,c)",Red signal - driver or bicyclist responsibilities,AA,Vehicle(s) Only Involved,21767,2,1,57659,2
42170,59031,220505165.0,2022-07-29 23:42:00,2022 July 29,23:42:00,2022,July,Friday,10:01 pm to 2:00 am,23.0,0,Night,Summer,3801,#1166,Ingleside,3H16E,21950(a),"21950(a,c)",Driver or bicyclist to yield right-of-way at crosswalks,BB,Vehicle-Pedestrian,1998,61,13,57649,1
42171,27275,140792438.0,2014-09-19 07:02:00,2014 September 19,07:02:00,2014,September,Friday,6:01 am to 10:00 am,7.0,0,Morning,Fall,3801,1725,CENTRAL,,21453(a),"21453(a,c)",Red signal - driver or bicyclist responsibilities,AA,Vehicle(s) Only Involved,5828,2,1,57659,2
42172,31184,150549003.0,2015-06-24 07:25:00,2015 June 24,07:25:00,2015,June,Wednesday,6:01 am to 10:00 am,7.0,0,Morning,Summer,3801,251,RICHMOND,3G61,22106,22106,Unsafe starting or backing on highway,AA,Vehicle(s) Only Involved,29715,2,2,57658,1
42173,58252,220278049.0,2022-04-28 19:25:00,2022 April 28,19:25:00,2022,April,Thursday,6:01 pm to 10:00 pm,19.0,0,Evening,Spring,3801,1544,Central,3A14D,21703,21703,Following too closely prohibited,AA,Vehicle(s) Only Involved,29716,2,1,57659,2
42174,257,140852208.0,2014-10-09 07:51:00,2014 October 09,07:51:00,2014,October,Thursday,6:01 am to 10:00 am,7.0,0,Morning,Fall,3801,870,INGLESIDE,3H16A,21703,21703,Following too closely prohibited,AA,Vehicle(s) Only Involved,29717,2,2,57658,1
42175,15287,141001781.0,2014-11-26 15:59:00,2014 November 26,15:59:00,2014,November,Wednesday,2:01 pm to 6:00 pm,15.0,0,Afternoon,Fall,3801,1939,SOUTHERN,4K3F,22101(d),22101(d),Violation of a turn prohibition sign,AA,Vehicle(s) Only Involved,9758,2,1,57603,8
42176,10980,3918483.0,2008-09-23 22:29:00,2008 September 23,22:29:00,2008,September,Tuesday,10:01 pm to 2:00 am,22.0,0,Night,Fall,3801,4084,MISSI,0D5,Unknown,Unknown,Unknown,CC,Vehicle-Bicycle,29718,2,82,57468,1
42177,20154,130047641.0,2013-01-17 18:24:00,2013 January 17,18:24:00,2013,January,Thursday,6:01 pm to 10:00 pm,18.0,0,Evening,Winter,3801,821,NORTHERN,3E61,21801(a),"21801(a,b)",Violation of right-of-way - left turn,CC,Vehicle-Bicycle,15965,2,3,57633,2
42178,3326,3885082.0,2008-08-15 12:52:00,2008 August 15,12:52:00,2008,August,Friday,10:01 am to 2:00 pm,12.0,0,Afternoon,Summer,3801,00274,BAYVI,3C63,21801(a),"21801(a,b)",Violation of right-of-way - left turn,AA,Vehicle(s) Only Involved,29719,2,1,57603,8
42179,4733,140970292.0,2014-11-16 03:07:00,2014 November 16,03:07:00,2014,November,Sunday,2:01 am to 6:00 am,3.0,1,Night,Fall,3801,901,INGLESIDE,3H13E,22107,22107,Unsafe turn or lane change prohibited,AA,Vehicle(s) Only Involved,29720,2,12,57584,1
42180,16201,180911933.0,2018-12-03 13:30:00,2018 December 03,13:30:00,2018,December,Monday,10:01 am to 2:00 pm,13.0,0,Afternoon,Winter,3801,326,Mission,3D16C,21703,21703,Following too closely prohibited,AA,Vehicle(s) Only Involved,29721,2,2,57659,14
42181,5652,3742387.0,2008-05-12 06:50:00,2008 May 12,06:50:00,2008,May,Monday,6:01 am to 10:00 am,6.0,0,Morning,Spring,3801,000274,,3C63,22350,22350,Unsafe speed for prevailing conditions,AA,Vehicle(s) Only Involved,29722,2,1,57658,1
42182,29513,130838105.0,2013-10-04 13:11:00,2013 October 04,13:11:00,2013,October,Friday,10:01 am to 2:00 pm,13.0,0,Afternoon,Fall,3801,1353,CO E,3E76,22350,22350,Unsafe speed for prevailing conditions,AA,Vehicle(s) Only Involved,29723,2,2,57576,8
42183,18668,130497290.0,2013-06-17 12:48:00,2013 June 17,12:48:00,2013,June,Monday,10:01 am to 2:00 pm,12.0,0,Afternoon,Summer,3801,2254,SOUTHERN,3B5C,22350,22350,Unsafe speed for prevailing conditions,AA,Vehicle(s) Only Involved,29724,2,1,57658,2
42184,59183,220623416.0,2022-09-12 19:19:00,2022 September 12,19:19:00,2022,September,Monday,6:01 pm to 10:00 pm,19.0,0,Evening,Fall,3801,1160,Southern,B2,22350,22350,Unsafe speed for prevailing conditions,AA,Vehicle(s) Only Involved,29725,2,2,57654,10
42185,13923,150319420.0,2015-04-12 13:01:00,2015 April 12,13:01:00,2015,April,Sunday,10:01 am to 2:00 pm,13.0,1,Afternoon,Spring,3801,251,RICHMOND,3G61,22109,22109,Sudden stopping without signaling,AA,Vehicle(s) Only Involved,23214,2,1,57658,1
42186,9891,140304287.0,2014-04-12 12:52:00,2014 April 12,12:52:00,2014,April,Saturday,10:01 am to 2:00 pm,12.0,1,Afternoon,Spring,3801,2065,MISSION ST,3D60,21802(a),"21802(a,b)",Violation of right-of-way - entering through highway,CC,Vehicle-Bicycle,8961,2,47,57581,1
42187,15345,150445326.0,2015-05-22 10:01:00,2015 May 22,10:01:00,2015,May,Friday,10:01 am to 2:00 pm,10.0,0,Morning,Spring,3801,4246,SAN FRANCI,B,22101(d),22101(d),Violation of a turn prohibition sign,AA,Vehicle(s) Only Involved,6410,2,1,57658,1
42188,30111,140952268.0,2014-11-12 13:32:00,2014 November 12,13:32:00,2014,November,Wednesday,10:01 am to 2:00 pm,13.0,0,Afternoon,Fall,3801,4282,NORHTHERN,4 CAR,Unknown,Unknown,Unknown,AA,Vehicle(s) Only Involved,29726,3,14,57546,1
42189,15793,3813362.0,2008-07-13 02:37:00,2008 July 13,02:37:00,2008,July,Sunday,2:01 am to 6:00 am,2.0,1,Night,Summer,3801,1913,B,3B90,21663,21663,Operating vehicle or bicycle on sidewalk prohibited,BB,Vehicle-Pedestrian,6101,2,3,57649,1
42190,24508,180731496.0,2018-09-26 16:41:00,2018 September 26,16:41:00,2018,September,Wednesday,2:01 pm to 6:00 pm,16.0,0,Afternoon,Fall,3801,4175,Traffic,J4,21453(d),21453(d),Red signal - pedestrian responsibilities,BB,Vehicle-Pedestrian,29727,2,1,57622,4
42191,58161,220394792.0,2022-06-16 12:14:00,2022 June 16,12:14:00,2022,June,Thursday,10:01 am to 2:00 pm,12.0,0,Afternoon,Summer,3801,830,Mission,3D15A,21235(g),21235(a-j),Illegal operation of motorized scooter,AA,Vehicle(s) Only Involved,29728,2,1,54942,8
42192,21040,130048100.0,2013-01-17 21:54:00,2013 January 17,21:54:00,2013,January,Thursday,6:01 pm to 10:00 pm,21.0,0,Night,Winter,3801,1832,PARK,3F14E,21658(a),"21658(a,b)",Lane straddling or failure to use specified lanes,AA,Vehicle(s) Only Involved,29729,2,3,57553,1
42193,3112,130922510.0,2013-10-30 18:20:00,2013 October 30,18:20:00,2013,October,Wednesday,6:01 pm to 10:00 pm,18.0,0,Evening,Fall,3801,845,BAYVIEW,4K3F,22450(a),22450(a),Failure to stop at STOP sign,AA,Vehicle(s) Only Involved,8960,2,12,57659,11
42194,42553,130583805.0,2013-07-16 06:22:00,2013 July 16,06:22:00,2013,July,Tuesday,6:01 am to 10:00 am,6.0,0,Morning,Summer,3801,401,RICHMOND,3G60,22350,22350,Unsafe speed for prevailing conditions,AA,Vehicle(s) Only Involved,29730,2,4,57607,2
42195,22843,5429168.0,2011-11-17 18:45:00,2011 November 17,18:45:00,2011,November,Thursday,6:01 pm to 10:00 pm,18.0,0,Evening,Fall,3801,4232,PARK,3F14D,21801(a),"21801(a,b)",Violation of right-of-way - left turn,AA,Vehicle(s) Only Involved,29731,7,7,57659,1
42196,19536,3892951.0,2008-08-27 19:12:00,2008 August 27,19:12:00,2008,August,Wednesday,6:01 pm to 10:00 pm,19.0,0,Evening,Summer,3801,4203,PARK,003,21650.1,21650.1,Bicycle to travel in same direction as vehicles,CC,Vehicle-Bicycle,29732,2,1,57621,2
42197,11953,5429134.0,2011-11-04 18:55:00,2011 November 04,18:55:00,2011,November,Friday,6:01 pm to 10:00 pm,18.0,0,Evening,Fall,3801,A07406,MISSI,3D14D,21703,21703,Following too closely prohibited,CC,Vehicle-Bicycle,29733,2,29,57614,1
42198,15342,140253032.0,2014-03-26 05:00:00,2014 March 26,05:00:00,2014,March,Wednesday,2:01 am to 6:00 am,5.0,0,Morning,Spring,3801,4332,SOUTHERN,901,21950(a),"21950(a,c)",Driver or bicyclist to yield right-of-way at crosswalks,BB,Vehicle-Pedestrian,6410,2,13,57454,1
42199,8505,140360803.0,2014-05-01 14:00:00,2014 May 01,14:00:00,2014,May,Thursday,10:01 am to 2:00 pm,14.0,0,Afternoon,Spring,3801,2021,SFGH IPU,IV109,21802(a),"21802(a,b)",Violation of right-of-way - entering through highway,AA,Vehicle(s) Only Involved,8762,2,1,57659,8
42200,22,3730194.0,2008-03-13 15:12:00,2008 March 13,15:12:00,2008,March,Thursday,2:01 pm to 6:00 pm,15.0,0,Afternoon,Spring,3801,821,,4B8F,21950(a),"21950(a,c)",Driver or bicyclist to yield right-of-way at crosswalks,BB,Vehicle-Pedestrian,29734,2,250,57649,8
42201,44349,180338945.0,2018-05-07 11:30:00,2018 May 07,11:30:00,2018,May,Monday,10:01 am to 2:00 pm,11.0,0,Morning,Spring,3801,Ferretti #1689,Richmond,3G15A,21703,21703,Following too closely prohibited,AA,Vehicle(s) Only Involved,29735,2,1,57658,1
42202,16411,140104219.0,2014-02-04 20:38:00,2014 February 04,20:38:00,2014,February,Tuesday,6:01 pm to 10:00 pm,20.0,0,Evening,Winter,3801,1514,SOUTHERN,3B13D,21954(a),21954(a),Pedestrians must yield right-of-way outside of crosswalks,BB,Vehicle-Pedestrian,11172,2,12,57622,4
42203,44864,3739139.0,2008-03-04 15:27:00,2008 March 04,15:27:00,2008,March,Tuesday,2:01 pm to 6:00 pm,15.0,0,Afternoon,Spring,3801,002122,G,4B6D,21801(a),"21801(a,b)",Violation of right-of-way - left turn,AA,Vehicle(s) Only Involved,29736,2,2,57603,4
42204,4901,6059235.0,2012-12-14 15:30:00,2012 December 14,15:30:00,2012,December,Friday,2:01 pm to 6:00 pm,15.0,0,Afternoon,Winter,3801,988,SANFR,3HI1D,21801(a),"21801(a,b)",Violation of right-of-way - left turn,CC,Vehicle-Bicycle,29737,2,4,57581,2
42205,57772,220172827.0,2022-03-15 22:13:00,2022 March 15,22:13:00,2022,March,Tuesday,10:01 pm to 2:00 am,22.0,0,Night,Spring,3801,1933,Northern,,22350,22350,Unsafe speed for prevailing conditions,AA,Vehicle(s) Only Involved,29738,2,3,57603,1
42206,87198,240712550.0,2024-11-14 13:38:00,2024 November 14,13:38:00,2024,November,Thursday,10:01 am to 2:00 pm,13.0,0,Afternoon,Fall,3801,1394,Mission,5,21755(a),21755(a),Unsafe passing on right shoulder,AA,Vehicle(s) Only Involved,29739,2,2,57658,1
42207,6570,131082575.0,2013-12-25 22:14:00,2013 December 25,22:14:00,2013,December,Wednesday,10:01 pm to 2:00 am,22.0,0,Night,Winter,3801,1219,3D,3D14E,21456(b),"21456(a,b)",Pedestrian violation of walk or wait signals,BB,Vehicle-Pedestrian,11951,2,3,57622,4
42208,11089,140125378.0,2014-02-12 00:41:00,2014 February 12,00:41:00,2014,February,Wednesday,10:01 pm to 2:00 am,0.0,0,Night,Winter,3801,706,MISSION,3D11E,21950(a),"21950(a,c)",Driver or bicyclist to yield right-of-way at crosswalks,BB,Vehicle-Pedestrian,29740,2,3,57454,2
42209,21969,130428847.0,2013-05-24 21:19:00,2013 May 24,21:19:00,2013,May,Friday,6:01 pm to 10:00 pm,21.0,0,Night,Spring,3801,821,NORTHERN,3E61,22350,22350,Unsafe speed for prevailing conditions,CC,Vehicle-Bicycle,29741,2,3,57621,2
42210,15002,140576184.0,2014-07-11 15:55:00,2014 July 11,15:55:00,2014,July,Friday,2:01 pm to 6:00 pm,15.0,0,Afternoon,Summer,3801,4246,13,5,Unknown,Unknown,Unknown,AA,Vehicle(s) Only Involved,7242,2,1,57631,8
42211,34707,140537698.0,2014-06-29 23:28:00,2014 June 29,23:28:00,2014,June,Sunday,10:01 pm to 2:00 am,23.0,1,Night,Summer,3801,1663,NORTHERN,3E15E,22350,22350,Unsafe speed for prevailing conditions,AA,Vehicle(s) Only Involved,35803,2,3,57583,8
42212,83063,230116718.0,2023-02-17 23:47:00,2023 February 17,23:47:00,2023,February,Friday,10:01 pm to 2:00 am,23.0,0,Night,Winter,3801,YANG,Taraval,3I16E,21453(a),"21453(a,c)",Red signal - driver or bicyclist responsibilities,AA,Vehicle(s) Only Involved,36293,2,3,57659,8
42213,27121,3873354.0,2008-09-08 14:15:00,2008 September 08,14:15:00,2008,September,Monday,2:01 pm to 6:00 pm,14.0,0,Afternoon,Fall,3801,2082,CENTR,4B6H,21451(a),"21451(a,b)",Green signal - driver or bicyclist responsibilities,AA,Vehicle(s) Only Involved,29742,2,1,57659,3
42214,38877,170195385.0,2017-03-09 11:50:00,2017 March 09,11:50:00,2017,March,Thursday,10:01 am to 2:00 pm,11.0,0,Morning,Spring,3801,974,CO I,3I11A,21950(a),"21950(a,c)",Driver or bicyclist to yield right-of-way at crosswalks,BB,Vehicle-Pedestrian,29743,2,20,57649,2
42215,87221,240661957.0,2024-10-21 11:54:00,2024 October 21,11:54:00,2024,October,Monday,10:01 am to 2:00 pm,11.0,0,Morning,Fall,3801,961,Mission,3D14C,22350,22350,Unsafe speed for prevailing conditions,AA,Vehicle(s) Only Involved,29744,2,2,57619,4
42216,22165,130494553.0,2013-06-16 11:52:00,2013 June 16,11:52:00,2013,June,Sunday,10:01 am to 2:00 pm,11.0,1,Morning,Summer,3801,444302,NORTHERN,3E12C,22100(b),"22100(a,b)",Turn at intersection from wrong position,AA,Vehicle(s) Only Involved,33197,2,1,57660,14
42217,21865,3924481.0,2008-09-26 08:25:00,2008 September 26,08:25:00,2008,September,Friday,6:01 am to 10:00 am,8.0,0,Morning,Fall,3801,804,NORTH,3E14A,21950(a),"21950(a,c)",Driver or bicyclist to yield right-of-way at crosswalks,BB,Vehicle-Pedestrian,15397,2,1,57649,1
42218,29949,3847300.0,2008-07-28 11:15:00,2008 July 28,11:15:00,2008,July,Monday,10:01 am to 2:00 pm,11.0,0,Morning,Summer,3801,1258,E,4B2E,22100(b),"22100(a,b)",Turn at intersection from wrong position,AA,Vehicle(s) Only Involved,9108,2,1,57660,1
42219,4820,140437844.0,2014-05-25 20:55:00,2014 May 25,20:55:00,2014,May,Sunday,6:01 pm to 10:00 pm,20.0,1,Evening,Spring,3801,1699,INGLESIDE,3H15D,Unknown,Unknown,Unknown,BB,Vehicle-Pedestrian,29745,10,14,40240,6
42220,2410,150256656.0,2015-03-23 13:12:00,2015 March 23,13:12:00,2015,March,Monday,10:01 am to 2:00 pm,13.0,0,Afternoon,Spring,3801,1160,COH,3H16C,21461(a),21461(a),Driver or bicyclist failure to obey signs or signals,AA,Vehicle(s) Only Involved,23240,2,1,57659,2
42221,24687,140066976.0,2014-01-23 14:00:00,2014 January 23,14:00:00,2014,January,Thursday,10:01 am to 2:00 pm,14.0,0,Afternoon,Winter,3801,1420,SOUTHERN,4K3A,22101(d),22101(d),Violation of a turn prohibition sign,AA,Vehicle(s) Only Involved,33366,2,1,57603,1
42222,20371,130149996.0,2013-02-20 00:00:00,2013 February 20,,2013,February,Wednesday,Unknown,,0,Night,Winter,3801,,NORTHERN,3EIIE,22107,22107,Unsafe turn or lane change prohibited,BB,Vehicle-Pedestrian,1395,2,3,57522,2
42223,23107,150040669.0,2015-01-14 09:56:00,2015 January 14,09:56:00,2015,January,Wednesday,6:01 am to 10:00 am,9.0,0,Morning,Winter,3801,2334,SOUTHERN,,Unknown,Unknown,Unknown,CC,Vehicle-Bicycle,29746,2,1,57625,4
42224,21411,4055231.0,2009-01-09 17:16:00,2009 January 09,17:16:00,2009,January,Friday,2:01 pm to 6:00 pm,17.0,0,Evening,Winter,3801,821,NORTH,4B8F,22517,22517,Opening door on traffic side when unsafe,CC,Vehicle-Bicycle,29747,2,15,57614,2
42225,59243,220649503.0,2022-09-22 19:50:00,2022 September 22,19:50:00,2022,September,Thursday,6:01 pm to 10:00 pm,19.0,0,Evening,Fall,3801,2147,Northern,3E15D,21453(a),"21453(a,c)",Red signal - driver or bicyclist responsibilities,CC,Vehicle-Bicycle,3344,2,3,57581,2
42226,38106,140242643.0,2014-03-22 15:50:00,2014 March 22,15:50:00,2014,March,Saturday,2:01 pm to 6:00 pm,15.0,1,Afternoon,Spring,3801,4095,,,21703,21703,Following too closely prohibited,AA,Vehicle(s) Only Involved,29748,2,1,57658,1
42227,33423,140389615.0,2014-05-09 11:30:00,2014 May 09,11:30:00,2014,May,Friday,10:01 am to 2:00 pm,11.0,0,Morning,Spring,3801,1009,,,21202(a),21202(a),Bicyclist at less than normal speed must keep to the right,CC,Vehicle-Bicycle,38146,2,1,57621,2
42228,27147,3869571.0,2008-08-07 09:50:00,2008 August 07,09:50:00,2008,August,Thursday,6:01 am to 10:00 am,9.0,0,Morning,Summer,3801,1751,,,21950(a),"21950(a,c)",Driver or bicyclist to yield right-of-way at crosswalks,DD,Bicycle-Pedestrian,29749,2,23,57070,3
42229,32334,150383215.0,2015-05-02 23:20:00,2015 May 02,23:20:00,2015,May,Saturday,10:01 pm to 2:00 am,23.0,1,Night,Spring,3801,1459,NORTHERN,3E12E,21801(a),"21801(a,b)",Violation of right-of-way - left turn,BB,Vehicle-Pedestrian,36544,2,3,57659,12
42230,20370,130139038.0,2013-02-17 10:53:00,2013 February 17,10:53:00,2013,February,Sunday,10:01 am to 2:00 pm,10.0,1,Morning,Winter,3801,791,NOTHERN,4K5C,21453(a),"21453(a,c)",Red signal - driver or bicyclist responsibilities,AA,Vehicle(s) Only Involved,1395,2,1,57553,2
42231,25926,130589687.0,2013-07-17 21:35:00,2013 July 17,21:35:00,2013,July,Wednesday,6:01 pm to 10:00 pm,21.0,0,Night,Summer,3801,4297,TENDERLON,3J41D,21453(a),"21453(a,c)",Red signal - driver or bicyclist responsibilities,AA,Vehicle(s) Only Involved,6616,2,3,57659,1
42232,56850,210767121.0,2021-11-20 19:50:00,2021 November 20,19:50:00,2021,November,Saturday,6:01 pm to 10:00 pm,19.0,1,Evening,Fall,3801,4103,Southern,B2,21453(a),"21453(a,c)",Red signal - driver or bicyclist responsibilities,AA,Vehicle(s) Only Involved,4590,2,3,57603,8