collision_id,unique_id,case_id_pkey,collision_datetime,collision_date,collision_time,accident_year,month,day_of_week,time_cat,hour_of_day,is_weekend,time_of_day,season,juris,officer_id,reporting_district,beat_number,vz_pcf_code,vz_pcf_group,vz_pcf_description,dph_col_grp,dph_col_grp_description,location_id,weather_id,road_id,party_id,severity_id
44121,59228,220636760.0,2022-09-18 00:33:00,2022 September 18,00:33:00,2022,September,Sunday,10:01 pm to 2:00 am,0.0,1,Night,Fall,3801,1372,Ingleside,3H13E,21453(a),"21453(a,c)",Red signal - driver or bicyclist responsibilities,AA,Vehicle(s) Only Involved,27074,2,3,57636,8
44122,20607,3892950.0,2008-08-11 20:44:00,2008 August 11,20:44:00,2008,August,Monday,6:01 pm to 10:00 pm,20.0,0,Evening,Summer,3801,246,,4B6G,21453(a),"21453(a,c)",Red signal - driver or bicyclist responsibilities,AA,Vehicle(s) Only Involved,4899,2,3,57659,1
44123,10889,180226867.0,2018-03-27 08:00:00,2018 March 27,08:00:00,2018,March,Tuesday,6:01 am to 10:00 am,8.0,0,Morning,Spring,3801,715,Mission,3D16A,Unknown,Unknown,Unknown,AA,Vehicle(s) Only Involved,30769,2,23,57406,1
44124,24498,3953040.0,2008-10-03 05:23:00,2008 October 03,05:23:00,2008,October,Friday,2:01 am to 6:00 am,5.0,0,Morning,Fall,3801,164,J,00J,21950(a),"21950(a,c)",Driver or bicyclist to yield right-of-way at crosswalks,BB,Vehicle-Pedestrian,40170,1,46,57649,4
44125,7618,150414008.0,2015-05-12 18:33:00,2015 May 12,18:33:00,2015,May,Tuesday,6:01 pm to 10:00 pm,18.0,0,Evening,Spring,3801,970,,,21658(a),"21658(a,b)",Lane straddling or failure to use specified lanes,CC,Vehicle-Bicycle,7334,2,1,57614,1
44126,33192,170798218.0,2017-09-30 10:46:00,2017 September 30,10:46:00,2017,September,Saturday,10:01 am to 2:00 pm,10.0,1,Morning,Fall,3801,1572,SOUTHERB,3B1A,22350,22350,Unsafe speed for prevailing conditions,AA,Vehicle(s) Only Involved,30770,2,1,57658,8
44127,24075,140078244.0,2014-01-28 07:40:00,2014 January 28,07:40:00,2014,January,Tuesday,6:01 am to 10:00 am,7.0,0,Morning,Winter,3801,1241,SOUTHERN,3B12A,22350,22350,Unsafe speed for prevailing conditions,AA,Vehicle(s) Only Involved,30771,2,59,57583,1
44128,87077,240698621.0,2024-11-07 12:37:00,2024 November 07,12:37:00,2024,November,Thursday,10:01 am to 2:00 pm,12.0,0,Afternoon,Fall,3801,2384,Taraval,3I41,21804(a),"21804(a,b)",Entering highway from alley or driveway,AA,Vehicle(s) Only Involved,36664,2,1,57659,1
44129,9729,3739187.0,2008-03-19 09:39:00,2008 March 19,09:39:00,2008,March,Wednesday,6:01 am to 10:00 am,9.0,0,Morning,Spring,3801,402,,3D16A,22450(a),22450(a),Failure to stop at STOP sign,AA,Vehicle(s) Only Involved,11663,1,1,57659,2
44130,12742,140506574.0,2014-06-18 18:17:00,2014 June 18,18:17:00,2014,June,Wednesday,6:01 pm to 10:00 pm,18.0,0,Evening,Summer,3801,52,MISSION,D1,21950(a),"21950(a,c)",Driver or bicyclist to yield right-of-way at crosswalks,BB,Vehicle-Pedestrian,10355,2,1,57649,2
44131,30140,3747537.0,2008-04-04 21:20:00,2008 April 04,21:20:00,2008,April,Friday,6:01 pm to 10:00 pm,21.0,0,Night,Spring,3801,000964,NORTH,3E13D,21954(a),21954(a),Pedestrians must yield right-of-way outside of crosswalks,BB,Vehicle-Pedestrian,30772,2,3,57622,2
44132,14140,150154298.0,2015-02-19 17:02:00,2015 February 19,17:02:00,2015,February,Thursday,2:01 pm to 6:00 pm,17.0,0,Evening,Winter,3801,441,SOUTHERN,4B3F,21451(a),"21451(a,b)",Green signal - driver or bicyclist responsibilities,BB,Vehicle-Pedestrian,31539,2,33,57454,1
44133,20665,150568837.0,2015-06-30 00:09:00,2015 June 30,00:09:00,2015,June,Tuesday,10:01 pm to 2:00 am,0.0,0,Night,Summer,3801,1246,NORTHERN,3E12E,21453(a),"21453(a,c)",Red signal - driver or bicyclist responsibilities,AA,Vehicle(s) Only Involved,7591,2,3,57659,16
44134,86948,240673968.0,2024-10-26 16:10:00,2024 October 26,16:10:00,2024,October,Saturday,2:01 pm to 6:00 pm,16.0,1,Afternoon,Fall,3801,4314,Richmond,G3,21802(a),"21802(a,b)",Violation of right-of-way - entering through highway,AA,Vehicle(s) Only Involved,30773,1,1,57659,13
44135,45084,5429182.0,2011-11-10 22:35:00,2011 November 10,22:35:00,2011,November,Thursday,10:01 pm to 2:00 am,22.0,0,Night,Fall,3801,001110,RICHM,3G15E,23152(a),23152(a-g),Driving under influence of alcohol and/or drugs,AA,Vehicle(s) Only Involved,30774,2,12,57584,4
44136,23674,180746310.0,2018-10-02 14:49:00,2018 October 02,14:49:00,2018,October,Tuesday,2:01 pm to 6:00 pm,14.0,0,Afternoon,Fall,3801,,Southern,B2,21955,21955,Crossing between controlled intersections (Jaywalking),DD,Bicycle-Pedestrian,30775,2,40,56208,1
44137,11833,140863192.0,2014-10-12 17:50:00,2014 October 12,17:50:00,2014,October,Sunday,2:01 pm to 6:00 pm,17.0,1,Evening,Fall,3801,4370,MISSION,901,21960(a),21960(a),Local authority to restrict the use of freeways,BB,Vehicle-Pedestrian,21302,2,2,57649,2
44138,39248,150119139.0,2015-02-08 10:48:00,2015 February 08,10:48:00,2015,February,Sunday,10:01 am to 2:00 pm,10.0,1,Morning,Winter,3801,4096,4K6F,TARAVAL,22450(a),22450(a),Failure to stop at STOP sign,AA,Vehicle(s) Only Involved,15853,4,16,57585,8
44139,417,140928495.0,2014-11-02 11:33:00,2014 November 02,11:33:00,2014,November,Sunday,10:01 am to 2:00 pm,11.0,1,Morning,Fall,3801,2035,3H16C,3H16C,22350,22350,Unsafe speed for prevailing conditions,AA,Vehicle(s) Only Involved,30776,2,2,57659,1
44140,2711,180829938.0,2018-11-01 13:15:00,2018 November 01,13:15:00,2018,November,Thursday,10:01 am to 2:00 pm,13.0,0,Afternoon,Fall,3801,1978,Bayview,2,21954(a),21954(a),Pedestrians must yield right-of-way outside of crosswalks,BB,Vehicle-Pedestrian,30777,2,47,56815,1
44141,9541,140493539.0,2014-06-16 12:36:00,2014 June 16,12:36:00,2014,June,Monday,10:01 am to 2:00 pm,12.0,0,Afternoon,Summer,3801,395,,4K4E,22350,22350,Unsafe speed for prevailing conditions,AA,Vehicle(s) Only Involved,35012,2,1,57553,1
44142,8203,3733847.0,2008-04-01 05:15:00,2008 April 01,05:15:00,2008,April,Tuesday,2:01 am to 6:00 am,5.0,0,Morning,Spring,3801,1629,,3I62,22350,22350,Unsafe speed for prevailing conditions,AA,Vehicle(s) Only Involved,30778,1,3,57658,1
44143,42415,3843231.0,2008-07-26 14:35:00,2008 July 26,14:35:00,2008,July,Saturday,2:01 pm to 6:00 pm,14.0,1,Afternoon,Summer,3801,438,,4B3F,21750,21750,Overtaking and passing unsafely,EE,Bicycle-Parked Car,30779,2,101,51996,2
44144,9528,150449867.0,2015-05-23 14:37:00,2015 May 23,14:37:00,2015,May,Saturday,2:01 pm to 6:00 pm,14.0,1,Afternoon,Spring,3801,1934,3C11A,CO C,21950(a),"21950(a,c)",Driver or bicyclist to yield right-of-way at crosswalks,BB,Vehicle-Pedestrian,12348,2,2,57649,1
44145,19835,150096010.0,2015-01-31 19:46:00,2015 January 31,19:46:00,2015,January,Saturday,6:01 pm to 10:00 pm,19.0,1,Evening,Winter,3801,2294,PARK,3F11D,21801(a),"21801(a,b)",Violation of right-of-way - left turn,CC,Vehicle-Bicycle,40704,2,3,57581,4
44146,8229,130161069.0,2013-02-24 17:19:00,2013 February 24,17:19:00,2013,February,Sunday,2:01 pm to 6:00 pm,17.0,1,Evening,Winter,3801,2175,D,3D66,23152(a),23152(a-g),Driving under influence of alcohol and/or drugs,AA,Vehicle(s) Only Involved,30780,2,2,57584,2
44147,20307,141087941.0,2014-12-27 05:48:00,2014 December 27,05:48:00,2014,December,Saturday,2:01 am to 6:00 am,5.0,1,Morning,Winter,3801,4305,NORTHERN,3E12E,21453(a),"21453(a,c)",Red signal - driver or bicyclist responsibilities,AA,Vehicle(s) Only Involved,7008,2,3,57585,8
44148,17616,3954760.0,2008-10-10 13:02:00,2008 October 10,13:02:00,2008,October,Friday,10:01 am to 2:00 pm,13.0,0,Afternoon,Fall,3801,699,D,00B,21453(a),"21453(a,c)",Red signal - driver or bicyclist responsibilities,CC,Vehicle-Bicycle,37531,2,1,57621,1
44149,54518,210054893.0,2021-01-24 17:34:00,2021 January 24,17:34:00,2021,January,Sunday,2:01 pm to 6:00 pm,17.0,1,Evening,Winter,3801,2124,Tenderloin,3J13D,22450(a),22450(a),Failure to stop at STOP sign,AA,Vehicle(s) Only Involved,30781,2,4,57450,8
44150,6770,150321663.0,2015-04-13 10:04:00,2015 April 13,10:04:00,2015,April,Monday,10:01 am to 2:00 pm,10.0,0,Morning,Spring,3801,783,MISSION,3D14A,21801(a),"21801(a,b)",Violation of right-of-way - left turn,AA,Vehicle(s) Only Involved,32620,2,1,57659,1
44151,17374,140656903.0,2014-08-07 12:24:00,2014 August 07,12:24:00,2014,August,Thursday,10:01 am to 2:00 pm,12.0,0,Afternoon,Summer,3801,2308,MISSION,3D74,21656,21656,Failure of slow-moving vehicles or bicycles to turn out,AA,Vehicle(s) Only Involved,16674,2,2,57659,1
44152,22871,3918475.0,2008-09-10 08:10:00,2008 September 10,08:10:00,2008,September,Wednesday,6:01 am to 10:00 am,8.0,0,Morning,Fall,3801,438,,4B3F,21801(a),"21801(a,b)",Violation of right-of-way - left turn,CC,Vehicle-Bicycle,29689,2,1,57581,1
44153,37497,3888774.0,2008-09-04 10:02:00,2008 September 04,10:02:00,2008,September,Thursday,10:01 am to 2:00 pm,10.0,0,Morning,Fall,3801,1573,TARAV,4B11,22350,22350,Unsafe speed for prevailing conditions,AA,Vehicle(s) Only Involved,30782,2,2,57658,3
44154,16448,140594507.0,2014-07-17 14:56:00,2014 July 17,14:56:00,2014,July,Thursday,2:01 pm to 6:00 pm,14.0,0,Afternoon,Summer,3801,1240,SOUTHERN,1B11C,21703,21703,Following too closely prohibited,CC,Vehicle-Bicycle,30783,2,1,57639,2
44155,58764,220432358.0,2022-07-01 13:27:00,2022 July 01,13:27:00,2022,July,Friday,10:01 am to 2:00 pm,13.0,0,Afternoon,Summer,3801,1825,Southern,3B47,21800(a),21800(a-c),Violation of right-of-way or uncontrolled intersection,AA,Vehicle(s) Only Involved,23111,2,2,57659,2
44156,14971,3862988.0,2008-07-26 15:30:00,2008 July 26,15:30:00,2008,July,Saturday,2:01 pm to 6:00 pm,15.0,1,Afternoon,Summer,3801,1201,COB,4K10,21453(a),"21453(a,c)",Red signal - driver or bicyclist responsibilities,AA,Vehicle(s) Only Involved,6321,2,1,57659,8
44157,29844,3825766.0,2008-07-19 21:21:00,2008 July 19,21:21:00,2008,July,Saturday,6:01 pm to 10:00 pm,21.0,1,Night,Summer,3801,195,NORTH,3E13E,Unknown,Unknown,Unknown,AA,Vehicle(s) Only Involved,26408,2,12,57631,2
44158,87026,240686864.0,2024-11-01 18:13:00,2024 November 01,18:13:00,2024,November,Friday,6:01 pm to 10:00 pm,18.0,0,Evening,Fall,3801,933,Ingleside,H1,21801(a),"21801(a,b)",Violation of right-of-way - left turn,AA,Vehicle(s) Only Involved,30784,2,3,57636,2
44159,8585,141084185.0,2014-12-25 18:45:00,2014 December 25,18:45:00,2014,December,Thursday,6:01 pm to 10:00 pm,18.0,0,Evening,Winter,3801,4370,MISSION,901,21954(a),21954(a),Pedestrians must yield right-of-way outside of crosswalks,BB,Vehicle-Pedestrian,30785,2,12,57622,1
44160,13056,150446891.0,2015-05-22 17:25:00,2015 May 22,17:25:00,2015,May,Friday,2:01 pm to 6:00 pm,17.0,0,Evening,Spring,3801,1116,BAYVIEW,3C13D,21801(a),"21801(a,b)",Violation of right-of-way - left turn,AA,Vehicle(s) Only Involved,30786,2,1,57659,2
44161,59254,220580684.0,2022-08-28 06:00:00,2022 August 28,06:00:00,2022,August,Sunday,6:01 am to 10:00 am,6.0,1,Morning,Summer,3801,1796,Richmond,,22350,22350,Unsafe speed for prevailing conditions,AA,Vehicle(s) Only Involved,30787,2,1,57658,1
44162,21444,141068082.0,2014-12-20 11:35:00,2014 December 20,11:35:00,2014,December,Saturday,10:01 am to 2:00 pm,11.0,1,Morning,Winter,3801,1398,NORTHERN,4K5E,21800(a),21800(a-c),Violation of right-of-way or uncontrolled intersection,AA,Vehicle(s) Only Involved,36929,1,9,57659,1
44163,2813,3866576.0,2008-08-03 20:32:00,2008 August 03,20:32:00,2008,August,Sunday,6:01 pm to 10:00 pm,20.0,1,Evening,Summer,3801,4215,BAYVI,004,22107,22107,Unsafe turn or lane change prohibited,AA,Vehicle(s) Only Involved,30788,2,12,57659,4
44164,6282,130833371.0,2013-10-02 23:11:00,2013 October 02,23:11:00,2013,October,Wednesday,10:01 pm to 2:00 am,23.0,0,Night,Fall,3801,4095,INGLESIDE,H1,23152(a),23152(a-g),Driving under influence of alcohol and/or drugs,AA,Vehicle(s) Only Involved,30789,2,3,57654,1
44165,25632,130850767.0,2013-10-08 13:00:00,2013 October 08,13:00:00,2013,October,Tuesday,10:01 am to 2:00 pm,13.0,0,Afternoon,Fall,3801,1887,TRAFFIC,4K1C,22350,22350,Unsafe speed for prevailing conditions,FF,Bicycle Only,30790,2,2,57556,2
44166,44075,5377847.0,2011-10-20 13:10:00,2011 October 20,13:10:00,2011,October,Thursday,10:01 am to 2:00 pm,13.0,0,Afternoon,Fall,3801,1073,RICHM,4B2G,21950(a),"21950(a,c)",Driver or bicyclist to yield right-of-way at crosswalks,BB,Vehicle-Pedestrian,30791,2,1,57649,2
44167,6905,131058924.0,2013-12-17 10:25:00,2013 December 17,10:25:00,2013,December,Tuesday,10:01 am to 2:00 pm,10.0,0,Morning,Winter,3801,1196,INGLESIDE,3H,21703,21703,Following too closely prohibited,AA,Vehicle(s) Only Involved,30792,2,2,57658,1
44168,3875,140893042.0,2014-10-22 05:53:00,2014 October 22,05:53:00,2014,October,Wednesday,2:01 am to 6:00 am,5.0,0,Morning,Fall,3801,1737,INGLESIDE,3H11A,22350,22350,Unsafe speed for prevailing conditions,AA,Vehicle(s) Only Involved,30793,2,3,57660,1
44169,5618,160167792.0,2016-02-26 09:00:00,2016 February 26,09:00:00,2016,February,Friday,6:01 am to 10:00 am,9.0,0,Morning,Winter,3801,4119,BAYVIEW,2 CAR,Unknown,Unknown,Unknown,AA,Vehicle(s) Only Involved,30794,2,1,57658,31
44170,15438,3869696.0,2008-07-29 14:36:00,2008 July 29,14:36:00,2008,July,Tuesday,2:01 pm to 6:00 pm,14.0,0,Afternoon,Summer,3801,4178,SOUTH,3B12D,22107,22107,Unsafe turn or lane change prohibited,CC,Vehicle-Bicycle,30795,2,8,57581,1
44171,10159,150375018.0,2015-04-30 08:48:00,2015 April 30,08:48:00,2015,April,Thursday,6:01 am to 10:00 am,8.0,0,Morning,Spring,3801,2179,MISSION,4B5F,21453(a),"21453(a,c)",Red signal - driver or bicyclist responsibilities,CC,Vehicle-Bicycle,30796,2,1,57621,2
44172,44370,3924501.0,2008-09-23 07:55:00,2008 September 23,07:55:00,2008,September,Tuesday,6:01 am to 10:00 am,7.0,0,Morning,Fall,3801,625,G,4B2G,21950(a),"21950(a,c)",Driver or bicyclist to yield right-of-way at crosswalks,BB,Vehicle-Pedestrian,30797,2,2,57649,1
44173,43340,130045673.0,2013-01-17 08:00:00,2013 January 17,08:00:00,2013,January,Thursday,6:01 am to 10:00 am,8.0,0,Morning,Winter,3801,191,"RICHM,OND",4B1G,22350,22350,Unsafe speed for prevailing conditions,AA,Vehicle(s) Only Involved,30798,2,19,57658,1
44174,408,160765788.0,2016-09-21 08:20:00,2016 September 21,08:20:00,2016,September,Wednesday,6:01 am to 10:00 am,8.0,0,Morning,Fall,3801,1939,INGLESIDE,4B6H,22107,22107,Unsafe turn or lane change prohibited,AA,Vehicle(s) Only Involved,30799,14,2,57603,13
44175,23792,140930371.0,2014-11-03 08:34:00,2014 November 03,08:34:00,2014,November,Monday,6:01 am to 10:00 am,8.0,0,Morning,Fall,3801,1265,SOUTHERN,3B,21451(a),"21451(a,b)",Green signal - driver or bicyclist responsibilities,BB,Vehicle-Pedestrian,30800,2,1,57649,1
44176,31736,140011460.0,2014-01-04 21:10:00,2014 January 04,21:10:00,2014,January,Saturday,6:01 pm to 10:00 pm,21.0,1,Night,Winter,3801,826,,,21950(a),"21950(a,c)",Driver or bicyclist to yield right-of-way at crosswalks,BB,Vehicle-Pedestrian,7930,2,3,57649,1
44177,30641,130963508.0,2013-11-13 18:30:00,2013 November 13,18:30:00,2013,November,Wednesday,6:01 pm to 10:00 pm,18.0,0,Evening,Fall,3801,2050,NORTHERN,3E14D,21801(a),"21801(a,b)",Violation of right-of-way - left turn,AA,Vehicle(s) Only Involved,7989,2,3,57659,1
44178,11554,3767998.0,2008-06-08 10:40:00,2008 June 08,10:40:00,2008,June,Sunday,10:01 am to 2:00 pm,10.0,1,Morning,Summer,3801,000714,MISSI,4B3E,Unknown,Unknown,Unknown,EE,Bicycle-Parked Car,30801,2,2,42040,1
44179,44674,130919222.0,2013-10-29 18:50:00,2013 October 29,18:50:00,2013,October,Tuesday,6:01 pm to 10:00 pm,18.0,0,Evening,Fall,3801,2191,S F P CO G,3,Unknown,Unknown,Unknown,BB,Vehicle-Pedestrian,8695,2,12,57525,2
44180,44342,130528572.0,2013-06-27 18:44:00,2013 June 27,18:44:00,2013,June,Thursday,6:01 pm to 10:00 pm,18.0,0,Evening,Summer,3801,985,RICHMOND,3G13D,22350,22350,Unsafe speed for prevailing conditions,AA,Vehicle(s) Only Involved,30802,2,19,57583,4
44181,57209,210524391.0,2021-08-16 21:45:00,2021 August 16,21:45:00,2021,August,Monday,6:01 pm to 10:00 pm,21.0,0,Night,Summer,3801,1836,Taraval,3I15E,22350,22350,Unsafe speed for prevailing conditions,AA,Vehicle(s) Only Involved,30803,2,12,57583,2
44182,43356,160283542.0,2016-04-06 13:28:00,2016 April 06,13:28:00,2016,April,Wednesday,10:01 am to 2:00 pm,13.0,0,Afternoon,Spring,3801,2428,RICHMOND,2CAR,21453(a),"21453(a,c)",Red signal - driver or bicyclist responsibilities,AA,Vehicle(s) Only Involved,31945,2,1,57659,1
44183,4470,3883785.0,2008-09-02 08:05:00,2008 September 02,08:05:00,2008,September,Tuesday,6:01 am to 10:00 am,8.0,0,Morning,Fall,3801,00373,H4,3H62,21658(a),"21658(a,b)",Lane straddling or failure to use specified lanes,BB,Vehicle-Pedestrian,30804,2,2,57649,1
44184,58827,220553318.0,2022-08-17 16:50:00,2022 August 17,16:50:00,2022,August,Wednesday,2:01 pm to 6:00 pm,16.0,0,Afternoon,Summer,3801,2743,Southern,3B2,22350,22350,Unsafe speed for prevailing conditions,AA,Vehicle(s) Only Involved,30805,2,2,57490,1
44185,23485,3885178.0,2008-08-27 17:38:00,2008 August 27,17:38:00,2008,August,Wednesday,2:01 pm to 6:00 pm,17.0,0,Evening,Summer,3801,2175,B,4B5E,22107,22107,Unsafe turn or lane change prohibited,CC,Vehicle-Bicycle,30806,2,2,57614,2
44186,2306,180172248.0,2018-03-05 07:40:00,2018 March 05,07:40:00,2018,March,Monday,6:01 am to 10:00 am,7.0,0,Morning,Spring,3801,,Ingleside,4,21453(b),21453(b),Red signal - driver or bicyclist responsibilities with right turn,AA,Vehicle(s) Only Involved,30807,2,1,57659,2
44187,31104,140203021.0,2014-03-09 19:32:00,2014 March 09,19:32:00,2014,March,Sunday,6:01 pm to 10:00 pm,19.0,1,Evening,Spring,3801,4261,PARK STATI,3F61,21717,21717,Turning across bicycle lane,CC,Vehicle-Bicycle,3412,2,33,57581,1
44188,45390,140893202.0,2014-10-22 08:20:00,2014 October 22,08:20:00,2014,October,Wednesday,6:01 am to 10:00 am,8.0,0,Morning,Fall,3801,4119,BAYVIEW ST,4K5C,22350,22350,Unsafe speed for prevailing conditions,AA,Vehicle(s) Only Involved,40965,2,2,57658,1
44189,87153,240722355.0,2024-11-19 15:35:00,2024 November 19,15:35:00,2024,November,Tuesday,2:01 pm to 6:00 pm,15.0,0,Afternoon,Fall,3801,A25839,Mission,2,22350,22350,Unsafe speed for prevailing conditions,AA,Vehicle(s) Only Involved,30808,1,2,57584,1
44190,58813,220523775.0,2022-08-06 14:38:00,2022 August 06,14:38:00,2022,August,Saturday,2:01 pm to 6:00 pm,14.0,1,Afternoon,Summer,3801,1352,Mission,3D6C,21801(a),"21801(a,b)",Violation of right-of-way - left turn,AA,Vehicle(s) Only Involved,5112,2,1,57659,8
44191,9852,140824865.0,2014-09-30 14:52:00,2014 September 30,14:52:00,2014,September,Tuesday,2:01 pm to 6:00 pm,14.0,0,Afternoon,Fall,3801,4324,CO D,901,22450(a),22450(a),Failure to stop at STOP sign,AA,Vehicle(s) Only Involved,30809,2,1,57659,1
44192,2681,3737396.0,2008-04-06 03:56:00,2008 April 06,03:56:00,2008,April,Sunday,2:01 am to 6:00 am,3.0,1,Night,Spring,3801,156,BAYVI,02E,22350,22350,Unsafe speed for prevailing conditions,AA,Vehicle(s) Only Involved,30810,2,3,57033,1
44193,18973,140552129.0,2014-07-03 14:35:00,2014 July 03,14:35:00,2014,July,Thursday,2:01 pm to 6:00 pm,14.0,0,Afternoon,Summer,3801,587,NORTHERN,3E11C,22107,22107,Unsafe turn or lane change prohibited,CC,Vehicle-Bicycle,30811,2,1,57390,1
44194,15272,180826257.0,2018-10-31 09:41:00,2018 October 31,09:41:00,2018,October,Wednesday,6:01 am to 10:00 am,9.0,0,Morning,Fall,3801,839,Southern,B2,21801(a),"21801(a,b)",Violation of right-of-way - left turn,CC,Vehicle-Bicycle,18216,2,2,57581,2
44195,30673,3924529.0,2008-09-23 11:32:00,2008 September 23,11:32:00,2008,September,Tuesday,10:01 am to 2:00 pm,11.0,0,Morning,Fall,3801,246,NORTH,4B4E,21950(a),"21950(a,c)",Driver or bicyclist to yield right-of-way at crosswalks,BB,Vehicle-Pedestrian,30812,2,1,57649,1
44196,25756,140973616.0,2014-11-17 09:45:00,2014 November 17,09:45:00,2014,November,Monday,6:01 am to 10:00 am,9.0,0,Morning,Fall,3801,2334,SOUTHERN,,21453(d),21453(d),Red signal - pedestrian responsibilities,DD,Bicycle-Pedestrian,33333,2,23,56208,4
44197,5085,140953947.0,2014-11-10 17:24:00,2014 November 10,17:24:00,2014,November,Monday,2:01 pm to 6:00 pm,17.0,0,Evening,Fall,3801,2337,INGLESIDE,3H2D,22350,22350,Unsafe speed for prevailing conditions,AA,Vehicle(s) Only Involved,28480,2,12,57658,1
44198,58625,220459318.0,2022-07-12 11:10:00,2022 July 12,11:10:00,2022,July,Tuesday,10:01 am to 2:00 pm,11.0,0,Morning,Summer,3801,50,Tenderloin,4,21950(b),21950(b),Pedestrian suddenly entering into vehicle path close enough to create an immediate hazard,BB,Vehicle-Pedestrian,30813,2,1,57622,1
44199,56915,210841678.0,2021-12-20 21:45:00,2021 December 20,21:45:00,2021,December,Monday,6:01 pm to 10:00 pm,21.0,0,Night,Winter,3801,2459,Mission,3D14E,22107,22107,Unsafe turn or lane change prohibited,CC,Vehicle-Bicycle,30814,2,12,57614,1
44200,21190,130401984.0,2013-05-16 10:14:00,2013 May 16,10:14:00,2013,May,Thursday,10:01 am to 2:00 pm,10.0,0,Morning,Spring,3801,1819,NORTHERN,3E68,21755(a),21755(a),Unsafe passing on right shoulder,CC,Vehicle-Bicycle,12697,2,1,57621,1
44201,41921,140993846.0,2014-11-24 01:26:00,2014 November 24,01:26:00,2014,November,Monday,10:01 pm to 2:00 am,1.0,0,Night,Fall,3801,4212,3801,3113E,Unknown,Unknown,Unknown,AA,Vehicle(s) Only Involved,34274,2,3,57569,3
44202,13635,140422691.0,2014-05-20 18:39:00,2014 May 20,18:39:00,2014,May,Tuesday,6:01 pm to 10:00 pm,18.0,0,Evening,Spring,3801,4371,MISSION,901,21453(a),"21453(a,c)",Red signal - driver or bicyclist responsibilities,CC,Vehicle-Bicycle,22595,2,1,57581,2
44203,87056,240684777.0,2024-10-31 19:20:00,2024 October 31,19:20:00,2024,October,Thursday,6:01 pm to 10:00 pm,19.0,0,Evening,Fall,3801,276,Northern,3E12D,22450(a),22450(a),Failure to stop at STOP sign,BB,Vehicle-Pedestrian,30815,2,3,57649,2
44204,1353,150741613.0,2015-08-24 13:00:00,2015 August 24,13:00:00,2015,August,Monday,10:01 am to 2:00 pm,13.0,0,Afternoon,Summer,3801,1588,CO H,3H15C,21703,21703,Following too closely prohibited,AA,Vehicle(s) Only Involved,32168,2,1,57658,1
44205,29270,5377879.0,2011-10-23 09:31:00,2011 October 23,09:31:00,2011,October,Sunday,6:01 am to 10:00 am,9.0,1,Morning,Fall,3801,1456,NORTH,3E12A,21950(a),"21950(a,c)",Driver or bicyclist to yield right-of-way at crosswalks,BB,Vehicle-Pedestrian,30816,2,1,57649,1
44206,13411,140594892.0,2014-07-17 17:00:00,2014 July 17,17:00:00,2014,July,Thursday,2:01 pm to 6:00 pm,17.0,0,Evening,Summer,3801,1459,MISSION,901,22107,22107,Unsafe turn or lane change prohibited,AA,Vehicle(s) Only Involved,30817,2,1,57660,1
44207,58662,220665082.0,2022-09-28 18:40:00,2022 September 28,18:40:00,2022,September,Wednesday,6:01 pm to 10:00 pm,18.0,0,Evening,Fall,3801,1810,Mission,3D13D,23152(a),23152(a-g),Driving under influence of alcohol and/or drugs,AA,Vehicle(s) Only Involved,30818,2,1,57603,4
44208,42536,130262617.0,2013-03-30 19:15:00,2013 March 30,19:15:00,2013,March,Saturday,6:01 pm to 10:00 pm,19.0,1,Evening,Spring,3801,985,RICHMOND,1915,Unknown,Unknown,Unknown,AA,Vehicle(s) Only Involved,30819,4,140,57658,1
44209,35847,141029103.0,2014-12-06 20:50:00,2014 December 06,20:50:00,2014,December,Saturday,6:01 pm to 10:00 pm,20.0,1,Evening,Winter,3801,2440,CENTRAL,3A,Unknown,Unknown,Unknown,AA,Vehicle(s) Only Involved,38569,2,3,57585,8
44210,24972,3954744.0,2008-10-23 17:11:00,2008 October 23,17:11:00,2008,October,Thursday,2:01 pm to 6:00 pm,17.0,0,Evening,Fall,3801,2131,TENDE,4B7C,22350,22350,Unsafe speed for prevailing conditions,AA,Vehicle(s) Only Involved,2441,2,1,57658,1
44211,24294,150245063.0,2015-03-19 16:41:00,2015 March 19,16:41:00,2015,March,Thursday,2:01 pm to 6:00 pm,16.0,0,Afternoon,Spring,3801,4326,SOUTHERN,2,21202(a),21202(a),Bicyclist at less than normal speed must keep to the right,FF,Bicycle Only,36394,2,1,57556,1
44212,31627,140216836.0,2014-03-14 09:32:00,2014 March 14,09:32:00,2014,March,Friday,6:01 am to 10:00 am,9.0,0,Morning,Spring,3801,132,RICHMOND,4K5G,21754,21754,Improper passing on right prohibited,AA,Vehicle(s) Only Involved,30820,2,2,57660,4
44213,6110,140856501.0,2014-10-10 13:47:00,2014 October 10,13:47:00,2014,October,Friday,10:01 am to 2:00 pm,13.0,0,Afternoon,Fall,3801,1605,BAYVIEW,3C14A,21801(a),"21801(a,b)",Violation of right-of-way - left turn,AA,Vehicle(s) Only Involved,36001,2,1,57659,1
44214,1064,140661617.0,2014-08-08 19:00:00,2014 August 08,19:00:00,2014,August,Friday,6:01 pm to 10:00 pm,19.0,0,Evening,Summer,3801,2147,INGLESIDE,,21802(a),"21802(a,b)",Violation of right-of-way - entering through highway,AA,Vehicle(s) Only Involved,31231,14,2,57659,8
44215,16830,140300326.0,2014-04-11 08:50:00,2014 April 11,08:50:00,2014,April,Friday,6:01 am to 10:00 am,8.0,0,Morning,Spring,3801,1887,SOUTHERN,,21750,21750,Overtaking and passing unsafely,CC,Vehicle-Bicycle,30821,14,2,57655,1