collision_id,unique_id,case_id_pkey,collision_datetime,collision_date,collision_time,accident_year,month,day_of_week,time_cat,hour_of_day,is_weekend,time_of_day,season,juris,officer_id,reporting_district,beat_number,vz_pcf_code,vz_pcf_group,vz_pcf_description,dph_col_grp,dph_col_grp_description,location_id,weather_id,road_id,party_id,severity_id
44595,39737,4290600.0,2009-06-23 12:08:00,2009 June 23,12:08:00,2009,June,Tuesday,10:01 am to 2:00 pm,12.0,0,Afternoon,Summer,3801,2476,,,21756(a),21756(a-c),"Unsafe passing of standing streetcar, trolley coach, or bus safety zones",BB,Vehicle-Pedestrian,31025,2,2,57649,1
44596,17467,4483824.0,2009-11-14 09:59:00,2009 November 14,09:59:00,2009,November,Saturday,6:01 am to 10:00 am,9.0,1,Morning,Fall,3801,000714,MISSI,4B3D,21801(a),"21801(a,b)",Violation of right-of-way - left turn,CC,Vehicle-Bicycle,31026,2,2,57581,1
44597,15383,4469329.0,2009-11-04 16:26:00,2009 November 04,16:26:00,2009,November,Wednesday,2:01 pm to 6:00 pm,16.0,0,Afternoon,Fall,3801,1057,B,00B,21802(a),"21802(a,b)",Violation of right-of-way - entering through highway,AA,Vehicle(s) Only Involved,31027,2,33,57660,2
44598,36840,4483414.0,2009-11-19 08:25:00,2009 November 19,08:25:00,2009,November,Thursday,6:01 am to 10:00 am,8.0,0,Morning,Fall,3801,1053,,3I16,22107,22107,Unsafe turn or lane change prohibited,AA,Vehicle(s) Only Involved,31311,2,2,57603,8
44599,12956,150696397.0,2015-08-10 14:29:00,2015 August 10,14:29:00,2015,August,Monday,2:01 pm to 6:00 pm,14.0,0,Afternoon,Summer,3801,1656,,3A1A,21801(a),"21801(a,b)",Violation of right-of-way - left turn,CC,Vehicle-Bicycle,31028,1,2,57614,1
44600,1346,4107329.0,2009-02-18 13:21:00,2009 February 18,13:21:00,2009,February,Wednesday,10:01 am to 2:00 pm,13.0,0,Afternoon,Winter,3801,2474,H,005,21658(a),"21658(a,b)",Lane straddling or failure to use specified lanes,AA,Vehicle(s) Only Involved,31029,1,2,57653,1
44601,39410,4084312.0,2009-01-17 15:02:00,2009 January 17,15:02:00,2009,January,Saturday,2:01 pm to 6:00 pm,15.0,1,Afternoon,Winter,3801,2351,COI,3111B,21801(a),"21801(a,b)",Violation of right-of-way - left turn,AA,Vehicle(s) Only Involved,13972,2,1,57659,1
44602,32791,4321179.0,2009-07-04 12:38:00,2009 July 04,12:38:00,2009,July,Saturday,10:01 am to 2:00 pm,12.0,1,Afternoon,Summer,3801,43,NORTH,3E61K,21453(a),"21453(a,c)",Red signal - driver or bicyclist responsibilities,AA,Vehicle(s) Only Involved,35457,2,1,57659,2
44603,2412,150813353.0,2015-09-16 13:57:00,2015 September 16,13:57:00,2015,September,Wednesday,10:01 am to 2:00 pm,13.0,0,Afternoon,Fall,3801,4308,INGLESIDE,3H75,Unknown,Unknown,Unknown,CC,Vehicle-Bicycle,23240,1,1,56954,1
44604,12463,4491605.0,2009-11-25 18:50:00,2009 November 25,18:50:00,2009,November,Wednesday,6:01 pm to 10:00 pm,18.0,0,Evening,Fall,3801,2351,,,21651(a),21651(a),Crossing dividing section on freeway prohibited,AA,Vehicle(s) Only Involved,31030,2,3,57660,1
44605,36584,4924610.0,2010-10-17 18:52:00,2010 October 17,18:52:00,2010,October,Sunday,6:01 pm to 10:00 pm,18.0,1,Evening,Fall,3801,659,,3162,22350,22350,Unsafe speed for prevailing conditions,BB,Vehicle-Pedestrian,31031,1,59,57649,1
44606,38430,5075798.0,2011-01-27 09:45:00,2011 January 27,09:45:00,2011,January,Thursday,6:01 am to 10:00 am,9.0,0,Morning,Winter,3801,625,I,3I63,21460(a),"21460(a,b)",Improper turns over double lines or solid lines to right prohibited,AA,Vehicle(s) Only Involved,31032,2,2,57659,3
44607,23000,4652181.0,2010-04-02 16:34:00,2010 April 02,16:34:00,2010,April,Friday,2:01 pm to 6:00 pm,16.0,0,Afternoon,Spring,3801,353,B,3815C,21955,21955,Crossing between controlled intersections (Jaywalking),BB,Vehicle-Pedestrian,5334,7,5,57622,1
44608,26292,5076742.0,2011-01-22 10:30:00,2011 January 22,10:30:00,2011,January,Saturday,10:01 am to 2:00 pm,10.0,1,Morning,Winter,3801,2108,,,22350,22350,Unsafe speed for prevailing conditions,FF,Bicycle Only,31033,2,24,57556,2
44609,22745,4739570.0,2010-06-14 14:10:00,2010 June 14,14:10:00,2010,June,Monday,2:01 pm to 6:00 pm,14.0,0,Afternoon,Summer,3801,1218,F,4,21658(a),"21658(a,b)",Lane straddling or failure to use specified lanes,AA,Vehicle(s) Only Involved,31034,2,2,57603,1
44610,29811,5067045.0,2011-01-25 08:41:00,2011 January 25,08:41:00,2011,January,Tuesday,6:01 am to 10:00 am,8.0,0,Morning,Winter,3801,1819,NORTH,4B3A,22107,22107,Unsafe turn or lane change prohibited,AA,Vehicle(s) Only Involved,2398,2,1,57660,1
44611,8086,150684637.0,2015-08-06 17:00:00,2015 August 06,17:00:00,2015,August,Thursday,2:01 pm to 6:00 pm,17.0,0,Evening,Summer,3801,4335,MISSION,901,Unknown,Unknown,Unknown,FF,Bicycle Only,31035,2,2,56707,2
44612,21804,4490730.0,2009-11-20 19:08:00,2009 November 20,19:08:00,2009,November,Friday,6:01 pm to 10:00 pm,19.0,0,Evening,Fall,3801,209,NORTH,3E4D,21950(a),"21950(a,c)",Driver or bicyclist to yield right-of-way at crosswalks,BB,Vehicle-Pedestrian,7502,2,3,57525,1
44613,30603,5061116.0,2011-01-03 15:10:00,2011 January 03,15:10:00,2011,January,Monday,2:01 pm to 6:00 pm,15.0,0,Afternoon,Winter,3801,804,NORTH,3E4A,22350,22350,Unsafe speed for prevailing conditions,AA,Vehicle(s) Only Involved,10025,2,2,57584,1
44614,35050,4989369.0,2010-11-28 19:06:00,2010 November 28,19:06:00,2010,November,Sunday,6:01 pm to 10:00 pm,19.0,1,Evening,Fall,3801,1926,,4B4F,23152(a),23152(a-g),Driving under influence of alcohol and/or drugs,AA,Vehicle(s) Only Involved,6516,2,3,57659,2
44615,35362,4083262.0,2009-01-10 15:35:00,2009 January 10,15:35:00,2009,January,Saturday,2:01 pm to 6:00 pm,15.0,1,Afternoon,Winter,3801,1262,COE,3E48D,21801(a),"21801(a,b)",Violation of right-of-way - left turn,AA,Vehicle(s) Only Involved,31036,2,1,57237,1
44616,29899,3977869.0,2008-10-25 01:40:00,2008 October 25,01:40:00,2008,October,Saturday,10:01 pm to 2:00 am,1.0,1,Night,Fall,3801,A09744,,,21201(d),21201(a-d),Equipment requirements for bicycles,CC,Vehicle-Bicycle,14836,2,3,57625,1
44617,38020,4712359.0,2010-05-11 22:15:00,2010 May 11,22:15:00,2010,May,Tuesday,10:01 pm to 2:00 am,22.0,0,Night,Spring,3801,2096,TARAV,3I114,23152(a),23152(a-g),Driving under influence of alcohol and/or drugs,AA,Vehicle(s) Only Involved,31037,2,12,57654,1
44618,2376,4140549.0,2009-02-26 20:40:00,2009 February 26,20:40:00,2009,February,Thursday,6:01 pm to 10:00 pm,20.0,0,Evening,Winter,3801,575,INGLE,3H63,22350,22350,Unsafe speed for prevailing conditions,AA,Vehicle(s) Only Involved,31038,1,12,57658,1
44619,4488,5066616.0,2011-02-02 18:14:00,2011 February 02,18:14:00,2011,February,Wednesday,6:01 pm to 10:00 pm,18.0,0,Evening,Winter,3801,1420,INGLE,4B5C,21801(a),"21801(a,b)",Violation of right-of-way - left turn,AA,Vehicle(s) Only Involved,22927,2,3,57659,1
44620,22755,4407825.0,2009-09-16 15:06:00,2009 September 16,15:06:00,2009,September,Wednesday,2:01 pm to 6:00 pm,15.0,0,Afternoon,Fall,3801,651,4B6A,00F,21950(a),"21950(a,c)",Driver or bicyclist to yield right-of-way at crosswalks,BB,Vehicle-Pedestrian,31039,2,74,57649,1
44621,34065,4847776.0,2010-08-13 18:19:00,2010 August 13,18:19:00,2010,August,Friday,6:01 pm to 10:00 pm,18.0,0,Evening,Summer,3801,1515,A,3A66,22350,22350,Unsafe speed for prevailing conditions,AA,Vehicle(s) Only Involved,31040,1,1,57658,8
44622,37640,4985373.0,2010-12-14 21:00:00,2010 December 14,21:00:00,2010,December,Tuesday,6:01 pm to 10:00 pm,21.0,0,Night,Winter,3801,2394,INGLE,3H11E,21658(a),"21658(a,b)",Lane straddling or failure to use specified lanes,AA,Vehicle(s) Only Involved,31041,2,7,57607,2
44623,32619,5092871.0,2011-02-08 08:54:00,2011 February 08,08:54:00,2011,February,Tuesday,6:01 am to 10:00 am,8.0,0,Morning,Winter,3801,246,,4B2E,21950(a),"21950(a,c)",Driver or bicyclist to yield right-of-way at crosswalks,BB,Vehicle-Pedestrian,31042,2,1,57649,1
44624,22515,4041456.0,2009-01-17 16:51:00,2009 January 17,16:51:00,2009,January,Saturday,2:01 pm to 6:00 pm,16.0,1,Afternoon,Winter,3801,821,PARK,4B8F,21658(a),"21658(a,b)",Lane straddling or failure to use specified lanes,AA,Vehicle(s) Only Involved,31043,2,1,57660,1
44625,39920,4660759.0,2010-04-24 00:46:00,2010 April 24,00:46:00,2010,April,Saturday,10:01 pm to 2:00 am,0.0,1,Night,Spring,3801,1053,TARAV,3113E,22450(a),22450(a),Failure to stop at STOP sign,AA,Vehicle(s) Only Involved,31044,2,3,57659,33
44626,14989,150864077.0,2015-10-02 17:21:00,2015 October 02,17:21:00,2015,October,Friday,2:01 pm to 6:00 pm,17.0,0,Evening,Fall,3801,4326,SOUTHERN,3,22107,22107,Unsafe turn or lane change prohibited,AA,Vehicle(s) Only Involved,31045,2,2,57659,1
44627,27082,4901647.0,2010-10-08 08:55:00,2010 October 08,08:55:00,2010,October,Friday,6:01 am to 10:00 am,8.0,0,Morning,Fall,3801,1572,B,3B1A,21453(d),21453(d),Red signal - pedestrian responsibilities,BB,Vehicle-Pedestrian,38208,2,1,57622,2
44628,31331,4860402.0,2010-08-23 07:00:00,2010 August 23,07:00:00,2010,August,Monday,6:01 am to 10:00 am,7.0,0,Morning,Summer,3801,1593,RICHM,4B2G,22350,22350,Unsafe speed for prevailing conditions,AA,Vehicle(s) Only Involved,31046,2,33,57584,8
44629,9074,3997338.0,2008-11-21 15:06:00,2008 November 21,15:06:00,2008,November,Friday,2:01 pm to 6:00 pm,15.0,0,Afternoon,Fall,3801,1866,MISSI,4B7D,22102,22102,Illegal U-turn in business district,AA,Vehicle(s) Only Involved,31047,2,1,57603,1
44630,18143,4876716.0,2010-09-10 23:12:00,2010 September 10,23:12:00,2010,September,Friday,10:01 pm to 2:00 am,23.0,0,Night,Fall,3801,738,,3E113E,21801(a),"21801(a,b)",Violation of right-of-way - left turn,CC,Vehicle-Bicycle,31048,2,12,57614,1
44631,22237,4281005.0,2009-06-04 15:40:00,2009 June 04,15:40:00,2009,June,Thursday,2:01 pm to 6:00 pm,15.0,0,Afternoon,Summer,3801,1145,,3E12C,22450(a),22450(a),Failure to stop at STOP sign,CC,Vehicle-Bicycle,19192,2,2,57390,2
44632,4735,5065988.0,2011-02-25 15:59:00,2011 February 25,15:59:00,2011,February,Friday,2:01 pm to 6:00 pm,15.0,0,Afternoon,Winter,3801,1939,INGLE,3H61K,22350,22350,Unsafe speed for prevailing conditions,AA,Vehicle(s) Only Involved,31049,2,2,57658,1
44633,2358,4197141.0,2009-03-05 16:35:00,2009 March 05,16:35:00,2009,March,Thursday,2:01 pm to 6:00 pm,16.0,0,Afternoon,Spring,3801,618,,3116D,21801(a),"21801(a,b)",Violation of right-of-way - left turn,AA,Vehicle(s) Only Involved,31050,2,1,57603,1
44634,8606,4318564.0,2009-07-20 02:55:00,2009 July 20,02:55:00,2009,July,Monday,2:01 am to 6:00 am,2.0,0,Night,Summer,3801,1390,,3D14E,22107,22107,Unsafe turn or lane change prohibited,BB,Vehicle-Pedestrian,31051,2,3,57649,1
44635,36373,4968223.0,2010-11-27 22:47:00,2010 November 27,22:47:00,2010,November,Saturday,10:01 pm to 2:00 am,22.0,1,Night,Fall,3801,,,3I60,21453(c),"21453(a,c)",Red signal - driver or bicyclist responsibilities,AA,Vehicle(s) Only Involved,9380,2,145,57603,2
44636,42618,4316826.0,2009-07-10 16:40:00,2009 July 10,16:40:00,2009,July,Friday,2:01 pm to 6:00 pm,16.0,0,Afternoon,Summer,3801,1584,,4B5F,21802(b),"21802(a,b)",Violation of right-of-way - entering through highway,AA,Vehicle(s) Only Involved,28921,2,2,57585,1
44637,16131,4892795.0,2010-09-29 04:58:00,2010 September 29,04:58:00,2010,September,Wednesday,2:01 am to 6:00 am,4.0,0,Night,Fall,3801,674,SOUTH,3B62,21453(a),"21453(a,c)",Red signal - driver or bicyclist responsibilities,AA,Vehicle(s) Only Involved,10641,2,3,57585,8
44638,8723,4915684.0,2010-09-23 08:31:00,2010 September 23,08:31:00,2010,September,Thursday,6:01 am to 10:00 am,8.0,0,Morning,Fall,3801,747,MISSI,3D63,21950(a),"21950(a,c)",Driver or bicyclist to yield right-of-way at crosswalks,BB,Vehicle-Pedestrian,31052,2,1,57649,2
44639,12899,3979864.0,2008-11-03 10:01:00,2008 November 03,10:01:00,2008,November,Monday,10:01 am to 2:00 pm,10.0,0,Morning,Fall,3801,4145,COF,F14A,22450(a),22450(a),Failure to stop at STOP sign,AA,Vehicle(s) Only Involved,31053,1,1,57660,1
44640,1671,4253633.0,2009-05-08 13:00:00,2009 May 08,13:00:00,2009,May,Friday,10:01 am to 2:00 pm,13.0,0,Afternoon,Spring,3801,2472,H,3H1SC,21950(a),"21950(a,c)",Driver or bicyclist to yield right-of-way at crosswalks,BB,Vehicle-Pedestrian,31054,2,2,57649,1
44641,42905,4393488.0,2009-09-01 11:43:00,2009 September 01,11:43:00,2009,September,Tuesday,10:01 am to 2:00 pm,11.0,0,Morning,Fall,3801,01580,,4B2F,21950(a),"21950(a,c)",Driver or bicyclist to yield right-of-way at crosswalks,BB,Vehicle-Pedestrian,10316,2,1,57649,3
44642,21060,4253662.0,2009-05-06 12:45:00,2009 May 06,12:45:00,2009,May,Wednesday,10:01 am to 2:00 pm,12.0,0,Afternoon,Spring,3801,000779,NORTH,3E62,21954(a),21954(a),Pedestrians must yield right-of-way outside of crosswalks,BB,Vehicle-Pedestrian,31055,2,2,57622,2
44643,8209,4881877.0,2010-09-09 08:50:00,2010 September 09,08:50:00,2010,September,Thursday,6:01 am to 10:00 am,8.0,0,Morning,Fall,3801,1887,PARK,4B1D,21658(a),"21658(a,b)",Lane straddling or failure to use specified lanes,AA,Vehicle(s) Only Involved,31056,2,2,57660,8
44644,26916,4114337.0,2009-02-10 08:47:00,2009 February 10,08:47:00,2009,February,Tuesday,6:01 am to 10:00 am,8.0,0,Morning,Winter,3801,848,B,001,Unknown,Unknown,Unknown,FF,Bicycle Only,31057,2,2,57556,2
44645,44294,4629577.0,2010-01-15 18:30:00,2010 January 15,18:30:00,2010,January,Friday,6:01 pm to 10:00 pm,18.0,0,Evening,Winter,3801,1584,RICHM,4B5F,22350,22350,Unsafe speed for prevailing conditions,AA,Vehicle(s) Only Involved,31058,2,12,57658,8
44646,9540,4268458.0,2009-06-07 20:54:00,2009 June 07,20:54:00,2009,June,Sunday,6:01 pm to 10:00 pm,20.0,1,Evening,Summer,3801,2122,D,,22350,22350,Unsafe speed for prevailing conditions,AA,Vehicle(s) Only Involved,31059,2,3,57408,17
44647,23641,150820239.0,2015-09-18 16:15:00,2015 September 18,16:15:00,2015,September,Friday,2:01 pm to 6:00 pm,16.0,0,Afternoon,Fall,3801,71,SOUTHERN,901,21950(a),"21950(a,c)",Driver or bicyclist to yield right-of-way at crosswalks,BB,Vehicle-Pedestrian,28540,2,40,57649,1
44648,28635,4775326.0,2010-05-25 17:25:00,2010 May 25,17:25:00,2010,May,Tuesday,2:01 pm to 6:00 pm,17.0,0,Evening,Spring,3801,2201,,03A,21951,21951,Overtaking vehicles or bicycles stopped for pedestrians,BB,Vehicle-Pedestrian,31060,1,1,57476,1
44649,22632,150748647.0,2015-08-26 18:43:00,2015 August 26,18:43:00,2015,August,Wednesday,6:01 pm to 10:00 pm,18.0,0,Evening,Summer,3801,320,NORTHERN,4B7E,Unknown,Unknown,Unknown,CC,Vehicle-Bicycle,31061,2,1,57655,4
44650,39895,4384523.0,2009-09-06 14:00:00,2009 September 06,14:00:00,2009,September,Sunday,10:01 am to 2:00 pm,14.0,1,Afternoon,Fall,3801,450,TARAV,003,22450(a),22450(a),Failure to stop at STOP sign,CC,Vehicle-Bicycle,31062,2,1,57621,1
44651,39681,4445625.0,2009-10-16 18:39:00,2009 October 16,18:39:00,2009,October,Friday,6:01 pm to 10:00 pm,18.0,0,Evening,Fall,3801,002223,,3I60,21802(b),"21802(a,b)",Violation of right-of-way - entering through highway,CC,Vehicle-Bicycle,13053,2,33,57581,2
44652,35059,4290623.0,2009-06-21 11:39:00,2009 June 21,11:39:00,2009,June,Sunday,10:01 am to 2:00 pm,11.0,1,Morning,Summer,3801,30,NORTH,3E15A,22350,22350,Unsafe speed for prevailing conditions,AA,Vehicle(s) Only Involved,31063,2,2,57658,1
44653,31281,4677888.0,2010-04-21 15:45:00,2010 April 21,15:45:00,2010,April,Wednesday,2:01 pm to 6:00 pm,15.0,0,Afternoon,Spring,3801,676,,4B6C,22106,22106,Unsafe starting or backing on highway,AA,Vehicle(s) Only Involved,31064,1,2,57659,1
44654,33655,4192003.0,2009-03-20 13:50:00,2009 March 20,13:50:00,2009,March,Friday,10:01 am to 2:00 pm,13.0,0,Afternoon,Spring,3801,1723,A,,21703,21703,Following too closely prohibited,AA,Vehicle(s) Only Involved,31065,2,1,57658,1
44655,4268,4947779.0,2010-11-13 19:57:00,2010 November 13,19:57:00,2010,November,Saturday,6:01 pm to 10:00 pm,19.0,1,Evening,Fall,3801,1939,INGLE,3H61K,22350,22350,Unsafe speed for prevailing conditions,AA,Vehicle(s) Only Involved,31066,2,12,57658,11
44656,530,4352429.0,2009-08-14 03:10:00,2009 August 14,03:10:00,2009,August,Friday,2:01 am to 6:00 am,3.0,0,Night,Summer,3801,2066,,,21954(a),21954(a),Pedestrians must yield right-of-way outside of crosswalks,BB,Vehicle-Pedestrian,31067,2,12,57522,1
44657,2320,4740949.0,2010-04-06 19:10:00,2010 April 06,19:10:00,2010,April,Tuesday,6:01 pm to 10:00 pm,19.0,0,Evening,Spring,3801,,TARAV,3160,Unknown,Unknown,Unknown,CC,Vehicle-Bicycle,9355,2,15,55192,1
44658,16128,4657039.0,2010-04-21 11:35:00,2010 April 21,11:35:00,2010,April,Wednesday,10:01 am to 2:00 pm,11.0,0,Morning,Spring,3801,1736,B,4B2B,21453(a),"21453(a,c)",Red signal - driver or bicyclist responsibilities,AA,Vehicle(s) Only Involved,10641,1,16,57659,1
44659,10616,5076011.0,2011-01-29 13:12:00,2011 January 29,13:12:00,2011,January,Saturday,10:01 am to 2:00 pm,13.0,1,Afternoon,Winter,3801,000874,,,22350,22350,Unsafe speed for prevailing conditions,AA,Vehicle(s) Only Involved,31068,2,2,57658,1
44660,26094,4881915.0,2010-09-14 11:45:00,2010 September 14,11:45:00,2010,September,Tuesday,10:01 am to 2:00 pm,11.0,0,Morning,Fall,3801,1819,TENDE,4B3A,21453(d),21453(d),Red signal - pedestrian responsibilities,BB,Vehicle-Pedestrian,31069,2,1,55961,8
44661,7199,4948683.0,2010-10-23 18:20:00,2010 October 23,18:20:00,2010,October,Saturday,6:01 pm to 10:00 pm,18.0,1,Evening,Fall,3801,42,INGLE,3H11C,21955,21955,Crossing between controlled intersections (Jaywalking),BB,Vehicle-Pedestrian,31070,4,13,57622,1
44662,18455,5066639.0,2011-02-08 20:00:00,2011 February 08,20:00:00,2011,February,Tuesday,6:01 pm to 10:00 pm,20.0,0,Evening,Winter,3801,346,SOUTH,3B5,22100(a),"22100(a,b)",Turn at intersection from wrong position,CC,Vehicle-Bicycle,21093,2,3,57614,1
44663,21271,4273455.0,2009-04-17 19:36:00,2009 April 17,19:36:00,2009,April,Friday,6:01 pm to 10:00 pm,19.0,0,Evening,Spring,3801,2175,E,4B7E,21453(a),"21453(a,c)",Red signal - driver or bicyclist responsibilities,AA,Vehicle(s) Only Involved,7194,2,3,57659,1
44664,32478,4629625.0,2010-02-06 17:50:00,2010 February 06,17:50:00,2010,February,Saturday,2:01 pm to 6:00 pm,17.0,1,Evening,Winter,3801,2310,NORTH,3E14D,21950(a),"21950(a,c)",Driver or bicyclist to yield right-of-way at crosswalks,BB,Vehicle-Pedestrian,8802,1,1,57649,2
44665,23252,131097972.0,2013-12-31 15:08:00,2013 December 31,15:08:00,2013,December,Tuesday,2:01 pm to 6:00 pm,15.0,0,Afternoon,Winter,3801,4178,SOUTHERN,3B11C,22106,22106,Unsafe starting or backing on highway,AA,Vehicle(s) Only Involved,31071,2,2,57450,1
44666,37229,4094743.0,2009-02-07 09:13:00,2009 February 07,09:13:00,2009,February,Saturday,6:01 am to 10:00 am,9.0,1,Morning,Winter,3801,1168,TARAV,005,22100(b),"22100(a,b)",Turn at intersection from wrong position,AA,Vehicle(s) Only Involved,16242,1,1,57659,1
44667,43143,3981670.0,2008-11-08 19:06:00,2008 November 08,19:06:00,2008,November,Saturday,6:01 pm to 10:00 pm,19.0,1,Evening,Fall,3801,447,RICHM,3G44,22101(d),22101(d),Violation of a turn prohibition sign,AA,Vehicle(s) Only Involved,16480,4,13,57659,1
44668,14330,5019540.0,2010-12-28 18:59:00,2010 December 28,18:59:00,2010,December,Tuesday,6:01 pm to 10:00 pm,18.0,0,Evening,Winter,3801,401,SOUTH,3B61,21950(a),"21950(a,c)",Driver or bicyclist to yield right-of-way at crosswalks,BB,Vehicle-Pedestrian,31072,2,13,57532,2
44669,44240,5066575.0,2011-02-06 16:50:00,2011 February 06,16:50:00,2011,February,Sunday,2:01 pm to 6:00 pm,16.0,1,Afternoon,Winter,3801,177,RICHM,3G14D,21802(a),"21802(a,b)",Violation of right-of-way - entering through highway,AA,Vehicle(s) Only Involved,31073,2,1,57659,8
44670,22699,4677892.0,2010-04-20 16:00:00,2010 April 20,16:00:00,2010,April,Tuesday,2:01 pm to 6:00 pm,16.0,0,Afternoon,Spring,3801,1584,,4B6E,22101(d),22101(d),Violation of a turn prohibition sign,AA,Vehicle(s) Only Involved,33873,2,1,57659,1
44671,33709,4192078.0,2009-03-24 01:45:00,2009 March 24,01:45:00,2009,March,Tuesday,10:01 pm to 2:00 am,1.0,0,Night,Spring,3801,02003,CENTR,3A13E,22107,22107,Unsafe turn or lane change prohibited,AA,Vehicle(s) Only Involved,31074,2,3,57607,2
44672,24410,4735557.0,2010-06-18 16:32:00,2010 June 18,16:32:00,2010,June,Friday,2:01 pm to 6:00 pm,16.0,0,Afternoon,Summer,3801,1764,TENDE,3J12D,21954(a),21954(a),Pedestrians must yield right-of-way outside of crosswalks,BB,Vehicle-Pedestrian,31075,2,2,57622,1
44673,27595,5066991.0,2011-01-30 12:18:00,2011 January 30,12:18:00,2011,January,Sunday,10:01 am to 2:00 pm,12.0,1,Afternoon,Winter,3801,1201,A,3A62,21658(a),"21658(a,b)",Lane straddling or failure to use specified lanes,BB,Vehicle-Pedestrian,38653,1,1,57660,1
44674,25846,4854918.0,2010-08-22 03:30:00,2010 August 22,03:30:00,2010,August,Sunday,2:01 am to 6:00 am,3.0,1,Night,Summer,3801,904,E,3.00E+02,Unknown,Unknown,Unknown,BB,Vehicle-Pedestrian,7839,6,92,57525,2
44675,42686,150836446.0,2015-09-23 19:06:00,2015 September 23,19:06:00,2015,September,Wednesday,6:01 pm to 10:00 pm,19.0,0,Evening,Fall,3801,1362,RICHMOND,,21453(a),"21453(a,c)",Red signal - driver or bicyclist responsibilities,CC,Vehicle-Bicycle,31498,2,33,57581,1
44676,37464,4739644.0,2010-06-13 13:13:00,2010 June 13,13:13:00,2010,June,Sunday,10:01 am to 2:00 pm,13.0,1,Afternoon,Summer,3801,618,TARAV,3116B,21658(a),"21658(a,b)",Lane straddling or failure to use specified lanes,AA,Vehicle(s) Only Involved,22698,2,2,57658,1
44677,30221,4140486.0,2009-02-27 09:40:00,2009 February 27,09:40:00,2009,February,Friday,6:01 am to 10:00 am,9.0,0,Morning,Winter,3801,779,NORTH,3E62,22107,22107,Unsafe turn or lane change prohibited,CC,Vehicle-Bicycle,31076,2,2,57614,2
44678,33472,4401547.0,2009-09-16 10:45:00,2009 September 16,10:45:00,2009,September,Wednesday,10:01 am to 2:00 pm,10.0,0,Morning,Fall,3801,1428,CENTR,,21950(a),"21950(a,c)",Driver or bicyclist to yield right-of-way at crosswalks,BB,Vehicle-Pedestrian,4798,2,1,57649,2
44679,460,4490547.0,2009-11-12 17:22:00,2009 November 12,17:22:00,2009,November,Thursday,2:01 pm to 6:00 pm,17.0,0,Evening,Fall,3801,1149,COC,4B2B,22106,22106,Unsafe starting or backing on highway,BB,Vehicle-Pedestrian,16697,1,15,57649,1
44680,43077,3988462.0,2008-12-06 09:56:00,2008 December 06,09:56:00,2008,December,Saturday,6:01 am to 10:00 am,9.0,1,Morning,Winter,3801,000320,,3G3A,21451(a),"21451(a,b)",Green signal - driver or bicyclist responsibilities,BB,Vehicle-Pedestrian,20472,2,1,57649,1
44681,16829,4584566.0,2010-01-14 20:25:00,2010 January 14,20:25:00,2010,January,Thursday,6:01 pm to 10:00 pm,20.0,0,Evening,Winter,3801,1057,3B,3B60,21955,21955,Crossing between controlled intersections (Jaywalking),BB,Vehicle-Pedestrian,31077,2,3,57622,4
44682,3923,4041308.0,2009-01-20 13:50:00,2009 January 20,13:50:00,2009,January,Tuesday,10:01 am to 2:00 pm,13.0,0,Afternoon,Winter,3801,02122,H,4B8D,21453(b),21453(b),Red signal - driver or bicyclist responsibilities with right turn,BB,Vehicle-Pedestrian,31078,2,1,57622,2
44683,7115,4807320.0,2010-07-16 09:45:00,2010 July 16,09:45:00,2010,July,Friday,6:01 am to 10:00 am,9.0,0,Morning,Summer,3801,2271,INGLE,,21801(a),"21801(a,b)",Violation of right-of-way - left turn,AA,Vehicle(s) Only Involved,31579,2,1,57659,2
44684,26755,4623249.0,2010-02-14 12:02:00,2010 February 14,12:02:00,2010,February,Sunday,10:01 am to 2:00 pm,12.0,1,Afternoon,Winter,3801,2416,SOUTH,1,22350,22350,Unsafe speed for prevailing conditions,AA,Vehicle(s) Only Involved,31079,2,1,57658,13
44685,17820,4315224.0,2009-07-06 13:14:00,2009 July 06,13:14:00,2009,July,Monday,10:01 am to 2:00 pm,13.0,0,Afternoon,Summer,3801,459,MISSI,04D,21801(a),"21801(a,b)",Violation of right-of-way - left turn,AA,Vehicle(s) Only Involved,4598,2,90,57659,1
44686,5208,4100869.0,2009-02-10 10:40:00,2009 February 10,10:40:00,2009,February,Tuesday,10:01 am to 2:00 pm,10.0,0,Morning,Winter,3801,000017,INGLE,3H61K,Unknown,Unknown,Unknown,AA,Vehicle(s) Only Involved,31080,7,26,57653,2
44687,7014,4373998.0,2009-08-29 08:56:00,2009 August 29,08:56:00,2009,August,Saturday,6:01 am to 10:00 am,8.0,1,Morning,Summer,3801,649,INGLE,4B2H,22350,22350,Unsafe speed for prevailing conditions,EE,Bicycle-Parked Car,31081,2,1,57302,1
44688,6189,4355192.0,2009-08-11 15:07:00,2009 August 11,15:07:00,2009,August,Tuesday,2:01 pm to 6:00 pm,15.0,0,Afternoon,Summer,3801,676,BAYVI,4B6C,22350,22350,Unsafe speed for prevailing conditions,AA,Vehicle(s) Only Involved,36647,2,2,57607,17
44689,17724,5076754.0,2011-01-16 09:40:00,2011 January 16,09:40:00,2011,January,Sunday,6:01 am to 10:00 am,9.0,1,Morning,Winter,3801,191,,,21453(a),"21453(a,c)",Red signal - driver or bicyclist responsibilities,CC,Vehicle-Bicycle,36055,2,1,57621,2
44690,10984,4575526.0,2010-01-17 18:10:00,2010 January 17,18:10:00,2010,January,Sunday,6:01 pm to 10:00 pm,18.0,1,Evening,Winter,3801,4150,,0D1,22102,22102,Illegal U-turn in business district,AA,Vehicle(s) Only Involved,31083,2,12,57237,1