collision_id,unique_id,case_id_pkey,collision_datetime,collision_date,collision_time,accident_year,month,day_of_week,time_cat,hour_of_day,is_weekend,time_of_day,season,juris,officer_id,reporting_district,beat_number,vz_pcf_code,vz_pcf_group,vz_pcf_description,dph_col_grp,dph_col_grp_description,location_id,weather_id,road_id,party_id,severity_id
45647,19399,4712378.0,2010-05-12 01:55:00,2010 May 12,01:55:00,2010,May,Wednesday,10:01 pm to 2:00 am,1.0,0,Night,Spring,3801,1889,PARKC,3F13E,23152(a),23152(a-g),Driving under influence of alcohol and/or drugs,AA,Vehicle(s) Only Involved,31625,2,3,57583,2
45648,128,4881874.0,2010-09-20 12:34:00,2010 September 20,12:34:00,2010,September,Monday,10:01 am to 2:00 pm,12.0,0,Afternoon,Fall,3801,1279,C,3C62,22107,22107,Unsafe turn or lane change prohibited,AA,Vehicle(s) Only Involved,31626,2,2,57659,1
45649,16821,4816486.0,2010-01-11 14:05:00,2010 January 11,14:05:00,2010,January,Monday,2:01 pm to 6:00 pm,14.0,0,Afternoon,Winter,3801,662,3E,3E12C,21453(d),21453(d),Red signal - pedestrian responsibilities,DD,Bicycle-Pedestrian,35589,2,1,55284,1
45650,4512,4915545.0,2010-09-29 09:04:00,2010 September 29,09:04:00,2010,September,Wednesday,6:01 am to 10:00 am,9.0,0,Morning,Fall,3801,1043,INGLE,3H62,Unknown,Unknown,Unknown,CC,Vehicle-Bicycle,31627,2,1,57027,1
45651,9365,150879054.0,2015-10-07 18:43:00,2015 October 07,18:43:00,2015,October,Wednesday,6:01 pm to 10:00 pm,18.0,0,Evening,Fall,3801,1573,MISSION,3D14D,22107,22107,Unsafe turn or lane change prohibited,CC,Vehicle-Bicycle,31628,2,33,56247,1
45652,34590,4355127.0,2009-08-11 08:55:00,2009 August 11,08:55:00,2009,August,Tuesday,6:01 am to 10:00 am,8.0,0,Morning,Summer,3801,829,CENTR,4B41,22107,22107,Unsafe turn or lane change prohibited,AA,Vehicle(s) Only Involved,31629,2,45,57406,2
45653,6980,4623265.0,2010-02-12 17:50:00,2010 February 12,17:50:00,2010,February,Friday,2:01 pm to 6:00 pm,17.0,0,Evening,Winter,3801,554,,4B5H,22350,22350,Unsafe speed for prevailing conditions,AA,Vehicle(s) Only Involved,31630,4,7,57576,1
45654,1509,4968254.0,2010-11-23 08:30:00,2010 November 23,08:30:00,2010,November,Tuesday,6:01 am to 10:00 am,8.0,0,Morning,Fall,3801,1043,INGLE,3H62,21801(a),"21801(a,b)",Violation of right-of-way - left turn,AA,Vehicle(s) Only Involved,3600,4,16,57659,1
45655,36018,4756132.0,2011-05-02 11:45:00,2011 May 02,11:45:00,2011,May,Monday,10:01 am to 2:00 pm,11.0,0,Morning,Spring,3801,1201,CENTR,3A62,22350,22350,Unsafe speed for prevailing conditions,CC,Vehicle-Bicycle,31631,2,1,57625,1
45656,21414,4280973.0,2009-06-17 11:44:00,2009 June 17,11:44:00,2009,June,Wednesday,10:01 am to 2:00 pm,11.0,0,Morning,Summer,3801,000043,NORTH,3E61K,22516,22516,Locking vehicle with person inside unable to escape,CC,Vehicle-Bicycle,31632,2,2,57390,2
45657,13702,150657888.0,2015-07-29 21:20:00,2015 July 29,21:20:00,2015,July,Wednesday,6:01 pm to 10:00 pm,21.0,0,Night,Summer,3801,867,,,22107,22107,Unsafe turn or lane change prohibited,AA,Vehicle(s) Only Involved,35825,2,3,57603,8
45658,18327,4215500.0,2009-04-13 13:45:00,2009 April 13,13:45:00,2009,April,Monday,10:01 am to 2:00 pm,13.0,0,Afternoon,Spring,3801,1573,SOUTH,4B1G,21801(a),"21801(a,b)",Violation of right-of-way - left turn,AA,Vehicle(s) Only Involved,40407,1,2,57659,2
45659,44916,4739574.0,2010-06-11 17:30:00,2010 June 11,17:30:00,2010,June,Friday,2:01 pm to 6:00 pm,17.0,0,Evening,Summer,3801,868,,4B5G,22350,22350,Unsafe speed for prevailing conditions,AA,Vehicle(s) Only Involved,31633,2,2,57658,2
45660,30945,4352599.0,2009-08-15 16:02:00,2009 August 15,16:02:00,2009,August,Saturday,2:01 pm to 6:00 pm,16.0,1,Afternoon,Summer,3801,307,PARK,4B107,21801(a),"21801(a,b)",Violation of right-of-way - left turn,AA,Vehicle(s) Only Involved,32346,2,1,57659,1
45661,23636,3990088.0,2008-12-05 08:55:00,2008 December 05,08:55:00,2008,December,Friday,6:01 am to 10:00 am,8.0,0,Morning,Winter,3801,1961,,,21703,21703,Following too closely prohibited,AA,Vehicle(s) Only Involved,31634,2,1,57658,8
45662,23981,4901646.0,2010-10-01 18:09:00,2010 October 01,18:09:00,2010,October,Friday,6:01 pm to 10:00 pm,18.0,0,Evening,Fall,3801,2442,,3B60,21453(d),21453(d),Red signal - pedestrian responsibilities,BB,Vehicle-Pedestrian,31635,2,1,57622,1
45663,29299,4648324.0,2010-03-03 01:42:00,2010 March 03,01:42:00,2010,March,Wednesday,10:01 pm to 2:00 am,1.0,0,Night,Spring,3801,1602,,,21950(a),"21950(a,c)",Driver or bicyclist to yield right-of-way at crosswalks,BB,Vehicle-Pedestrian,8279,4,13,57649,1
45664,27689,5012742.0,2010-12-21 14:50:00,2010 December 21,14:50:00,2010,December,Tuesday,2:01 pm to 6:00 pm,14.0,0,Afternoon,Winter,3801,1467,,4B7A,21950(a),"21950(a,c)",Driver or bicyclist to yield right-of-way at crosswalks,BB,Vehicle-Pedestrian,13617,2,1,57649,1
45665,39207,4901612.0,2010-10-12 18:00:00,2010 October 12,18:00:00,2010,October,Tuesday,2:01 pm to 6:00 pm,18.0,0,Evening,Fall,3801,1584,TARAV,4B6E,22450(a),22450(a),Failure to stop at STOP sign,DD,Bicycle-Pedestrian,28631,2,1,57463,3
45666,42950,4871863.0,2010-08-30 09:16:00,2010 August 30,09:16:00,2010,August,Monday,6:01 am to 10:00 am,9.0,0,Morning,Summer,3801,1772,G,3G3A,21453(a),"21453(a,c)",Red signal - driver or bicyclist responsibilities,AA,Vehicle(s) Only Involved,23292,2,1,57659,8
45667,26750,4789970.0,2010-06-22 19:39:00,2010 June 22,19:39:00,2010,June,Tuesday,6:01 pm to 10:00 pm,19.0,0,Evening,Summer,3801,4178,,3B14D,22100(b),"22100(a,b)",Turn at intersection from wrong position,AA,Vehicle(s) Only Involved,23054,2,1,57603,1
45668,37402,4199517.0,2009-04-02 13:43:00,2009 April 02,13:43:00,2009,April,Thursday,10:01 am to 2:00 pm,13.0,0,Afternoon,Spring,3801,2175,1,4B7E,21954(a),21954(a),Pedestrians must yield right-of-way outside of crosswalks,DD,Bicycle-Pedestrian,31636,2,2,56764,2
45669,3329,4584610.0,2010-01-01 16:30:00,2010 January 01,16:30:00,2010,January,Friday,2:01 pm to 6:00 pm,16.0,0,Afternoon,Winter,3801,676,,4B6C,21950(a),"21950(a,c)",Driver or bicyclist to yield right-of-way at crosswalks,BB,Vehicle-Pedestrian,29719,2,1,57649,2
45670,3098,150803069.0,2015-09-13 00:04:00,2015 September 13,00:04:00,2015,September,Sunday,10:01 pm to 2:00 am,0.0,1,Night,Fall,3801,4264,BAYVIEW,3C13E,22350,22350,Unsafe speed for prevailing conditions,AA,Vehicle(s) Only Involved,31637,2,12,57607,1
45671,13600,4689525.0,2010-04-23 22:17:00,2010 April 23,22:17:00,2010,April,Friday,10:01 pm to 2:00 am,22.0,0,Night,Spring,3801,238,MISSI,3D16D,22107,22107,Unsafe turn or lane change prohibited,CC,Vehicle-Bicycle,15236,1,82,57655,2
45672,35907,4305507.0,2009-07-06 21:50:00,2009 July 06,21:50:00,2009,July,Monday,6:01 pm to 10:00 pm,21.0,0,Night,Summer,3801,002388,COE,3E15E,Unknown,Unknown,Unknown,CC,Vehicle-Bicycle,31638,2,3,57616,2
45673,10914,4816526.0,2010-07-20 21:24:00,2010 July 20,21:24:00,2010,July,Tuesday,6:01 pm to 10:00 pm,21.0,0,Night,Summer,3801,821,,4B8F,22350,22350,Unsafe speed for prevailing conditions,AA,Vehicle(s) Only Involved,31639,9,7,43389,2
45674,24613,4840551.0,2010-08-13 23:45:00,2010 August 13,23:45:00,2010,August,Friday,10:01 pm to 2:00 am,23.0,0,Night,Summer,3801,2287,,,21950(a),"21950(a,c)",Driver or bicyclist to yield right-of-way at crosswalks,BB,Vehicle-Pedestrian,31640,1,3,57649,1
45675,3494,4639442.0,2010-03-02 09:15:00,2010 March 02,09:15:00,2010,March,Tuesday,6:01 am to 10:00 am,9.0,0,Morning,Spring,3801,134,BAYVI,3C103,21950(a),"21950(a,c)",Driver or bicyclist to yield right-of-way at crosswalks,BB,Vehicle-Pedestrian,31641,4,16,57649,1
45676,15542,4545519.0,2009-12-14 11:04:00,2009 December 14,11:04:00,2009,December,Monday,10:01 am to 2:00 pm,11.0,0,Morning,Winter,3801,1794,SOUTH,3B60,22350,22350,Unsafe speed for prevailing conditions,AA,Vehicle(s) Only Involved,31642,2,27,57658,14
45677,10835,4101110.0,2009-02-16 13:42:00,2009 February 16,13:42:00,2009,February,Monday,10:01 am to 2:00 pm,13.0,0,Afternoon,Winter,3801,4205,,PARK,21650,21650,Failure to keep to right side of road,CC,Vehicle-Bicycle,31643,1,4,57614,1
45678,2132,4114336.0,2009-02-17 15:45:00,2009 February 17,15:45:00,2009,February,Tuesday,2:01 pm to 6:00 pm,15.0,0,Afternoon,Winter,3801,2082,INGLE,4B6H,21802(a),"21802(a,b)",Violation of right-of-way - entering through highway,AA,Vehicle(s) Only Involved,26008,4,16,57659,1
45679,12650,4563007.0,2010-01-21 19:35:00,2010 January 21,19:35:00,2010,January,Thursday,6:01 pm to 10:00 pm,19.0,0,Evening,Winter,3801,1057,3D,3D60,22517,22517,Opening door on traffic side when unsafe,CC,Vehicle-Bicycle,31644,1,104,57614,1
45680,44615,4255971.0,2009-04-27 12:48:00,2009 April 27,12:48:00,2009,April,Monday,10:01 am to 2:00 pm,12.0,0,Afternoon,Spring,3801,1597,RICHM,3G62,21950(a),"21950(a,c)",Driver or bicyclist to yield right-of-way at crosswalks,BB,Vehicle-Pedestrian,16419,2,1,57476,1
45681,34401,4805853.0,2010-07-15 06:57:00,2010 July 15,06:57:00,2010,July,Thursday,6:01 am to 10:00 am,6.0,0,Morning,Summer,3801,1538,3801,3AC1,21950(a),"21950(a,c)",Driver or bicyclist to yield right-of-way at crosswalks,BB,Vehicle-Pedestrian,6241,2,1,57649,2
45682,4922,150726994.0,2015-08-20 08:30:00,2015 August 20,08:30:00,2015,August,Thursday,6:01 am to 10:00 am,8.0,0,Morning,Summer,3801,1196,INGLESIDE,H3,21703,21703,Following too closely prohibited,AA,Vehicle(s) Only Involved,31645,2,2,57658,1
45683,28785,4483387.0,2009-11-13 07:49:00,2009 November 13,07:49:00,2009,November,Friday,6:01 am to 10:00 am,7.0,0,Morning,Fall,3801,1643,,3E12A,21801(a),"21801(a,b)",Violation of right-of-way - left turn,CC,Vehicle-Bicycle,32922,2,1,57390,2
45684,25668,4788405.0,2010-06-04 14:39:00,2010 June 04,14:39:00,2010,June,Friday,2:01 pm to 6:00 pm,14.0,0,Afternoon,Summer,3801,1794,SOUTH,3B60,Unknown,Unknown,Unknown,CC,Vehicle-Bicycle,31646,1,2,57468,2
45685,5325,4860430.0,2010-08-26 16:44:00,2010 August 26,16:44:00,2010,August,Thursday,2:01 pm to 6:00 pm,16.0,0,Afternoon,Summer,3801,1223,C,2,20001(a),20001(a),Duty to stop when involved in accident with injury or death,AA,Vehicle(s) Only Involved,8607,2,2,57659,1
45686,14604,150764609.0,2015-08-31 18:12:00,2015 August 31,18:12:00,2015,August,Monday,6:01 pm to 10:00 pm,18.0,0,Evening,Summer,3801,1173,SOUTHERN,3B5D,22502(a),22502(a),Improper parking ( > 18 inches or not parallel to curb),CC,Vehicle-Bicycle,6427,2,1,57368,1
45687,26044,4384554.0,2009-09-06 09:30:00,2009 September 06,09:30:00,2009,September,Sunday,6:01 am to 10:00 am,9.0,1,Morning,Fall,3801,1661,3A1A,,22107,22107,Unsafe turn or lane change prohibited,BB,Vehicle-Pedestrian,32980,2,1,57649,1
45688,45293,4739431.0,2010-05-26 23:17:00,2010 May 26,23:17:00,2010,May,Wednesday,10:01 pm to 2:00 am,23.0,0,Night,Spring,3801,1110,,,21750,21750,Overtaking and passing unsafely,AA,Vehicle(s) Only Involved,31648,2,3,57659,1
45689,43721,4933742.0,2010-11-15 18:50:00,2010 November 15,18:50:00,2010,November,Monday,6:01 pm to 10:00 pm,18.0,0,Evening,Fall,3801,177,,3G14D,21802(a),"21802(a,b)",Violation of right-of-way - entering through highway,AA,Vehicle(s) Only Involved,31649,2,53,57659,1
45690,30106,4870163.0,2010-09-01 17:35:00,2010 September 01,17:35:00,2010,September,Wednesday,2:01 pm to 6:00 pm,17.0,0,Evening,Fall,3801,1384,3E,4B5A,21453(a),"21453(a,c)",Red signal - driver or bicyclist responsibilities,AA,Vehicle(s) Only Involved,28988,2,1,57659,2
45691,21431,4629546.0,2010-01-30 15:26:00,2010 January 30,15:26:00,2010,January,Saturday,2:01 pm to 6:00 pm,15.0,1,Afternoon,Winter,3801,2089,NORTH,4B8B,21801(a),"21801(a,b)",Violation of right-of-way - left turn,AA,Vehicle(s) Only Involved,23674,2,1,57659,2
45692,40684,4513459.0,2009-12-04 10:27:00,2009 December 04,10:27:00,2009,December,Friday,10:01 am to 2:00 pm,10.0,0,Morning,Winter,3801,561,TARAV,3I11,21956(a),21956(a),Pedestrian on roadway prohibited,BB,Vehicle-Pedestrian,31650,2,2,57622,1
45693,33409,140912078.0,2014-10-28 09:22:00,2014 October 28,09:22:00,2014,October,Tuesday,6:01 am to 10:00 am,9.0,0,Morning,Fall,3801,1529,CENTRAL,3J62,21453(a),"21453(a,c)",Red signal - driver or bicyclist responsibilities,AA,Vehicle(s) Only Involved,12273,2,47,57585,3
45694,10230,4199882.0,2009-04-03 21:15:00,2009 April 03,21:15:00,2009,April,Friday,6:01 pm to 10:00 pm,21.0,0,Night,Spring,3801,2389,MISSI,3D14D,21658(a),"21658(a,b)",Lane straddling or failure to use specified lanes,AA,Vehicle(s) Only Involved,31651,2,3,57658,1
45695,29196,4652193.0,2010-04-01 09:50:00,2010 April 01,09:50:00,2010,April,Thursday,6:01 am to 10:00 am,9.0,0,Morning,Spring,3801,779,NORTH,3.00E+62,Unknown,Unknown,Unknown,FF,Bicycle Only,31652,2,2,57524,4
45696,25672,4476509.0,2009-11-24 13:58:00,2009 November 24,13:58:00,2009,November,Tuesday,10:01 am to 2:00 pm,13.0,0,Afternoon,Fall,3801,1794,SOUTH,3B60,22107,22107,Unsafe turn or lane change prohibited,CC,Vehicle-Bicycle,15094,2,1,57655,2
45697,1668,4384389.0,2009-08-31 08:20:00,2009 August 31,08:20:00,2009,August,Monday,6:01 am to 10:00 am,8.0,0,Morning,Summer,3801,001196,3H,3H5A,21950(a),"21950(a,c)",Driver or bicyclist to yield right-of-way at crosswalks,BB,Vehicle-Pedestrian,31653,2,2,57649,1
45698,8926,3992823.0,2008-11-30 01:42:00,2008 November 30,01:42:00,2008,November,Sunday,10:01 pm to 2:00 am,1.0,1,Night,Fall,3801,04175,MISSI,3D60,22106,22106,Unsafe starting or backing on highway,BB,Vehicle-Pedestrian,31654,2,12,57649,2
45699,25777,4198997.0,2009-03-06 10:45:00,2009 March 06,10:45:00,2009,March,Friday,10:01 am to 2:00 pm,10.0,0,Morning,Spring,3801,2359,B,1CAR,22107,22107,Unsafe turn or lane change prohibited,CC,Vehicle-Bicycle,33333,2,1,54531,2
45700,7091,150669548.0,2015-08-01 18:45:00,2015 August 01,18:45:00,2015,August,Saturday,6:01 pm to 10:00 pm,18.0,1,Evening,Summer,3801,995,INGLESIDE,3H11D,21453(a),"21453(a,c)",Red signal - driver or bicyclist responsibilities,AA,Vehicle(s) Only Involved,28459,1,1,57659,1
45701,4568,4656825.0,2010-03-19 21:15:00,2010 March 19,21:15:00,2010,March,Friday,6:01 pm to 10:00 pm,21.0,0,Night,Spring,3801,601,,,22350,22350,Unsafe speed for prevailing conditions,AA,Vehicle(s) Only Involved,31655,2,12,57654,1
45702,7894,3997228.0,2008-11-22 19:59:00,2008 November 22,19:59:00,2008,November,Saturday,6:01 pm to 10:00 pm,19.0,1,Evening,Fall,3801,A10616,MISSI,3D14D,21950(a),"21950(a,c)",Driver or bicyclist to yield right-of-way at crosswalks,BB,Vehicle-Pedestrian,31656,2,3,57649,1
45703,39428,4652550.0,2010-03-10 21:00:00,2010 March 10,21:00:00,2010,March,Wednesday,6:01 pm to 10:00 pm,21.0,0,Night,Spring,3801,1549,TARAV,4B5I,22350,22350,Unsafe speed for prevailing conditions,AA,Vehicle(s) Only Involved,31657,2,12,57658,1
45704,21513,4678346.0,2010-04-14 08:58:00,2010 April 14,08:58:00,2010,April,Wednesday,6:01 am to 10:00 am,8.0,0,Morning,Spring,3801,246,NORTH,4B2E,21950(a),"21950(a,c)",Driver or bicyclist to yield right-of-way at crosswalks,BB,Vehicle-Pedestrian,31658,2,1,57649,1
45705,27300,4717740.0,2010-05-27 19:40:00,2010 May 27,19:40:00,2010,May,Thursday,6:01 pm to 10:00 pm,19.0,0,Evening,Spring,3801,1515,A,3A66,21950(a),"21950(a,c)",Driver or bicyclist to yield right-of-way at crosswalks,BB,Vehicle-Pedestrian,31659,1,1,57649,1
45706,23717,5076789.0,2011-01-17 00:57:00,2011 January 17,00:57:00,2011,January,Monday,10:01 pm to 2:00 am,0.0,0,Night,Winter,3801,759,,,22106,22106,Unsafe starting or backing on highway,AA,Vehicle(s) Only Involved,26200,2,3,57658,3
45707,31109,150694147.0,2015-08-09 18:41:00,2015 August 09,18:41:00,2015,August,Sunday,6:01 pm to 10:00 pm,18.0,1,Evening,Summer,3801,195,NORTHERN,140,21453(a),"21453(a,c)",Red signal - driver or bicyclist responsibilities,AA,Vehicle(s) Only Involved,3412,2,1,57659,2
45708,33743,5075970.0,2011-01-25 17:10:00,2011 January 25,17:10:00,2011,January,Tuesday,2:01 pm to 6:00 pm,17.0,0,Evening,Winter,3801,651,4B6A,00A,21801(a),"21801(a,b)",Violation of right-of-way - left turn,AA,Vehicle(s) Only Involved,4956,2,1,57659,8
45709,26396,4562971.0,2010-01-15 09:20:00,2010 January 15,09:20:00,2010,January,Friday,6:01 am to 10:00 am,9.0,0,Morning,Winter,3801,1723,A,,21658(a),"21658(a,b)",Lane straddling or failure to use specified lanes,AA,Vehicle(s) Only Involved,24805,1,1,57658,1
45710,41968,4268438.0,2009-06-03 15:49:00,2009 June 03,15:49:00,2009,June,Wednesday,2:01 pm to 6:00 pm,15.0,0,Afternoon,Summer,3801,821,PARK,4B8F,22350,22350,Unsafe speed for prevailing conditions,AA,Vehicle(s) Only Involved,31660,2,109,57658,8
45711,5590,150821425.0,2015-09-19 01:26:00,2015 September 19,01:26:00,2015,September,Saturday,10:01 pm to 2:00 am,1.0,1,Night,Fall,3801,1242,BAYVIEW,2,22350,22350,Unsafe speed for prevailing conditions,AA,Vehicle(s) Only Involved,24802,2,3,57658,3
45712,15261,4114391.0,2009-02-09 23:55:00,2009 February 09,23:55:00,2009,February,Monday,10:01 pm to 2:00 am,23.0,0,Night,Winter,3801,674,SOUTH,3B61,21453(a),"21453(a,c)",Red signal - driver or bicyclist responsibilities,AA,Vehicle(s) Only Involved,12991,2,3,57659,3
45713,32230,4871383.0,2010-07-30 14:15:00,2010 July 30,14:15:00,2010,July,Friday,2:01 pm to 6:00 pm,14.0,0,Afternoon,Summer,3801,779,,3.00E+62,21801(a),"21801(a,b)",Violation of right-of-way - left turn,AA,Vehicle(s) Only Involved,35719,2,1,57659,1
45714,42228,4061624.0,2008-12-04 12:11:00,2008 December 04,12:11:00,2008,December,Thursday,10:01 am to 2:00 pm,12.0,0,Afternoon,Winter,3801,1573,RICHM,4B3I,21453(a),"21453(a,c)",Red signal - driver or bicyclist responsibilities,AA,Vehicle(s) Only Involved,7077,2,1,57659,1
45715,32311,4978816.0,2010-11-28 02:25:00,2010 November 28,02:25:00,2010,November,Sunday,2:01 am to 6:00 am,2.0,1,Night,Fall,3801,2380,RICHM,3G12E,21658(a),"21658(a,b)",Lane straddling or failure to use specified lanes,AA,Vehicle(s) Only Involved,31661,2,3,57658,1
45716,6785,4290628.0,2009-06-25 03:47:00,2009 June 25,03:47:00,2009,June,Thursday,2:01 am to 6:00 am,3.0,0,Night,Summer,3801,1856,MISSI,3D14E,22350,22350,Unsafe speed for prevailing conditions,AA,Vehicle(s) Only Involved,31662,1,12,57619,1
45717,16069,4966997.0,2010-11-16 17:13:00,2010 November 16,17:13:00,2010,November,Tuesday,2:01 pm to 6:00 pm,17.0,0,Evening,Fall,3801,1402,3B,3B1D,22350,22350,Unsafe speed for prevailing conditions,AA,Vehicle(s) Only Involved,31663,2,12,57658,8
45718,32683,5055441.0,2011-01-10 07:35:00,2011 January 10,07:35:00,2011,January,Monday,6:01 am to 10:00 am,7.0,0,Morning,Winter,3801,671,NORTH,4B2F,21456(b),"21456(a,b)",Pedestrian violation of walk or wait signals,BB,Vehicle-Pedestrian,31664,2,1,57622,1
45719,36447,4648574.0,2010-03-25 09:00:00,2010 March 25,09:00:00,2010,March,Thursday,6:01 am to 10:00 am,9.0,0,Morning,Spring,3801,450,TARAV,6,22350,22350,Unsafe speed for prevailing conditions,AA,Vehicle(s) Only Involved,31665,2,4,57235,3
45720,9672,5076785.0,2011-01-17 10:45:00,2011 January 17,10:45:00,2011,January,Monday,10:01 am to 2:00 pm,10.0,0,Morning,Winter,3801,2354,,,21802(a),"21802(a,b)",Violation of right-of-way - entering through highway,AA,Vehicle(s) Only Involved,3835,2,1,57659,1
45721,36538,5097575.0,2011-02-28 10:15:00,2011 February 28,10:15:00,2011,February,Monday,10:01 am to 2:00 pm,10.0,0,Morning,Winter,3801,625,I,3I63,22350,22350,Unsafe speed for prevailing conditions,AA,Vehicle(s) Only Involved,31666,2,2,57660,1
45722,26964,130312723.0,2013-04-17 08:15:00,2013 April 17,08:15:00,2013,April,Wednesday,6:01 am to 10:00 am,8.0,0,Morning,Spring,3801,2118,SOUTHERN,3BIIA,22350,22350,Unsafe speed for prevailing conditions,AA,Vehicle(s) Only Involved,27730,2,1,57658,1
45723,12429,4656817.0,2010-03-24 01:21:00,2010 March 24,01:21:00,2010,March,Wednesday,10:01 pm to 2:00 am,1.0,0,Night,Spring,3801,4084,MISSI,0D1,21701,21701,Interference with control of vehicle or bicycle,FF,Bicycle Only,31667,2,3,51309,2
45724,16226,4290710.0,2009-06-24 20:08:00,2009 June 24,20:08:00,2009,June,Wednesday,6:01 pm to 10:00 pm,20.0,0,Evening,Summer,3801,001057,3B,4B7J,22100(b),"22100(a,b)",Turn at intersection from wrong position,AA,Vehicle(s) Only Involved,5804,2,1,57659,1
45725,12635,4754118.0,2011-05-04 22:15:00,2011 May 04,22:15:00,2011,May,Wednesday,10:01 pm to 2:00 am,22.0,0,Night,Spring,3801,001501,,,23152(a),23152(a-g),Driving under influence of alcohol and/or drugs,AA,Vehicle(s) Only Involved,31668,2,12,57607,1
45726,11132,4355213.0,2009-08-09 02:46:00,2009 August 09,02:46:00,2009,August,Sunday,2:01 am to 6:00 am,2.0,1,Night,Summer,3801,1641,MISSI,3D15E,21453(a),"21453(a,c)",Red signal - driver or bicyclist responsibilities,AA,Vehicle(s) Only Involved,5645,2,3,57585,1
45727,17259,3979962.0,2008-11-11 09:15:00,2008 November 11,09:15:00,2008,November,Tuesday,6:01 am to 10:00 am,9.0,0,Morning,Fall,3801,280,TENDE,3J90,21955,21955,Crossing between controlled intersections (Jaywalking),BB,Vehicle-Pedestrian,31669,2,4,57622,1
45728,18561,4867037.0,2010-07-27 16:39:00,2010 July 27,16:39:00,2010,July,Tuesday,2:01 pm to 6:00 pm,16.0,0,Afternoon,Summer,3801,351,SOUTH,3B4C,22350,22350,Unsafe speed for prevailing conditions,AA,Vehicle(s) Only Involved,34128,2,1,57659,2
45729,25733,5076753.0,2011-01-21 13:21:00,2011 January 21,13:21:00,2011,January,Friday,10:01 am to 2:00 pm,13.0,0,Afternoon,Winter,3801,1538,3801,,22517,22517,Opening door on traffic side when unsafe,AA,Vehicle(s) Only Involved,31670,2,1,53324,2
45730,21935,140163005.0,2014-02-24 17:41:00,2014 February 24,17:41:00,2014,February,Monday,2:01 pm to 6:00 pm,17.0,0,Evening,Winter,3801,2261,PARK,F4,21955,21955,Crossing between controlled intersections (Jaywalking),BB,Vehicle-Pedestrian,31671,2,15,57622,2
45731,37270,150882988.0,2015-10-08 22:23:00,2015 October 08,22:23:00,2015,October,Thursday,10:01 pm to 2:00 am,22.0,0,Night,Fall,3801,4212,3801,3H5E,21950(a),"21950(a,c)",Driver or bicyclist to yield right-of-way at crosswalks,AA,Vehicle(s) Only Involved,367,2,3,57450,1
45732,33213,4281037.0,2009-06-13 07:40:00,2009 June 13,07:40:00,2009,June,Saturday,6:01 am to 10:00 am,7.0,1,Morning,Summer,3801,1723,A,,21658(a),"21658(a,b)",Lane straddling or failure to use specified lanes,CC,Vehicle-Bicycle,34736,1,1,57390,2
45733,14487,4668128.0,2010-04-05 14:07:00,2010 April 05,14:07:00,2010,April,Monday,2:01 pm to 6:00 pm,14.0,0,Afternoon,Spring,3801,651,4B6A,00B,22107,22107,Unsafe turn or lane change prohibited,AA,Vehicle(s) Only Involved,31672,2,2,57659,1
45734,2542,4563117.0,2010-01-20 07:56:00,2010 January 20,07:56:00,2010,January,Wednesday,6:01 am to 10:00 am,7.0,0,Morning,Winter,3801,2035,BAYVI,3C61K,22450(a),22450(a),Failure to stop at STOP sign,AA,Vehicle(s) Only Involved,38203,4,94,57659,1
45735,42448,4717712.0,2010-05-31 17:30:00,2010 May 31,17:30:00,2010,May,Monday,2:01 pm to 6:00 pm,17.0,0,Evening,Spring,3801,1435,,3G14D,22107,22107,Unsafe turn or lane change prohibited,CC,Vehicle-Bicycle,31674,1,2,57614,2
45736,43317,4990918.0,2011-03-14 16:52:00,2011 March 14,16:52:00,2011,March,Monday,2:01 pm to 6:00 pm,16.0,0,Afternoon,Spring,3801,1796,RICHM,3G13D,21950(a),"21950(a,c)",Driver or bicyclist to yield right-of-way at crosswalks,BB,Vehicle-Pedestrian,31675,2,1,57649,6
45737,41609,4318653.0,2009-07-08 21:15:00,2009 July 08,21:15:00,2009,July,Wednesday,6:01 pm to 10:00 pm,21.0,0,Night,Summer,3801,1708,RICHM,03G,22350,22350,Unsafe speed for prevailing conditions,AA,Vehicle(s) Only Involved,31676,2,3,57658,1
45738,37130,4960605.0,2010-11-03 19:11:00,2010 November 03,19:11:00,2010,November,Wednesday,6:01 pm to 10:00 pm,19.0,0,Evening,Fall,3801,1701,TARAV,5,21950(a),"21950(a,c)",Driver or bicyclist to yield right-of-way at crosswalks,BB,Vehicle-Pedestrian,31677,2,3,57649,1
45739,40160,5019599.0,2010-12-27 17:35:00,2010 December 27,17:35:00,2010,December,Monday,2:01 pm to 6:00 pm,17.0,0,Evening,Winter,3801,659,TARAV,3I3D,21950(a),"21950(a,c)",Driver or bicyclist to yield right-of-way at crosswalks,BB,Vehicle-Pedestrian,39841,1,3,57649,1
45740,13508,4901652.0,2010-10-08 11:15:00,2010 October 08,11:15:00,2010,October,Friday,10:01 am to 2:00 pm,11.0,0,Morning,Fall,3801,1081,SOUTH,3B4C,22107,22107,Unsafe turn or lane change prohibited,CC,Vehicle-Bicycle,31679,2,2,57614,2
45741,2917,130920451.0,2013-10-30 08:57:00,2013 October 30,08:57:00,2013,October,Wednesday,6:01 am to 10:00 am,8.0,0,Morning,Fall,3801,1430,BAYVIEW,4B6C,21955,21955,Crossing between controlled intersections (Jaywalking),BB,Vehicle-Pedestrian,31680,2,1,57590,13
45742,26852,140182027.0,2014-03-03 09:08:00,2014 March 03,09:08:00,2014,March,Monday,6:01 am to 10:00 am,9.0,0,Morning,Spring,3801,1265,SOUTHERN,3B,21801(a),"21801(a,b)",Violation of right-of-way - left turn,CC,Vehicle-Bicycle,33996,2,1,57390,2