collision_id,unique_id,case_id_pkey,collision_datetime,collision_date,collision_time,accident_year,month,day_of_week,time_cat,hour_of_day,is_weekend,time_of_day,season,juris,officer_id,reporting_district,beat_number,vz_pcf_code,vz_pcf_group,vz_pcf_description,dph_col_grp,dph_col_grp_description,location_id,weather_id,road_id,party_id,severity_id
45839,20679,4551455.0,2009-12-22 10:48:00,2009 December 22,10:48:00,2009,December,Tuesday,10:01 am to 2:00 pm,10.0,0,Morning,Winter,3801,0043,NORTH,3E61K,21453(a),"21453(a,c)",Red signal - driver or bicyclist responsibilities,CC,Vehicle-Bicycle,7591,2,1,57621,2
45840,26135,4944517.0,2010-10-15 13:30:00,2010 October 15,13:30:00,2010,October,Friday,10:01 am to 2:00 pm,13.0,0,Afternoon,Fall,3801,1821,TENDE,4B5J,22350,22350,Unsafe speed for prevailing conditions,AA,Vehicle(s) Only Involved,31736,2,1,57658,1
45841,2365,4629661.0,2010-02-08 19:02:00,2010 February 08,19:02:00,2010,February,Monday,6:01 pm to 10:00 pm,19.0,0,Evening,Winter,3801,4126,TARAV,6,21950(a),"21950(a,c)",Driver or bicyclist to yield right-of-way at crosswalks,BB,Vehicle-Pedestrian,31737,4,7,57649,1
45842,14482,4944338.0,2010-10-10 18:07:00,2010 October 10,18:07:00,2010,October,Sunday,6:01 pm to 10:00 pm,18.0,1,Evening,Fall,3801,,SOUTH,3B15D,22350,22350,Unsafe speed for prevailing conditions,AA,Vehicle(s) Only Involved,31738,2,2,57658,1
45843,984,4689577.0,2010-04-24 15:44:00,2010 April 24,15:44:00,2010,April,Saturday,2:01 pm to 6:00 pm,15.0,1,Afternoon,Spring,3801,2367,COH,3H45B,21703,21703,Following too closely prohibited,AA,Vehicle(s) Only Involved,7908,2,1,57658,1
45844,2190,4393504.0,2009-09-10 05:37:00,2009 September 10,05:37:00,2009,September,Thursday,2:01 am to 6:00 am,5.0,0,Morning,Fall,3801,00017,INGLE,3H61K,21650.1,21650.1,Bicycle to travel in same direction as vehicles,CC,Vehicle-Bicycle,31739,2,12,57621,2
45845,32043,4871242.0,2010-08-27 15:20:00,2010 August 27,15:20:00,2010,August,Friday,2:01 pm to 6:00 pm,15.0,0,Afternoon,Summer,3801,2260,,,22350,22350,Unsafe speed for prevailing conditions,AA,Vehicle(s) Only Involved,31740,2,2,57658,1
45846,34949,4557967.0,2009-12-22 01:48:00,2009 December 22,01:48:00,2009,December,Tuesday,10:01 pm to 2:00 am,1.0,0,Night,Winter,3801,738,NORTH,3E15E,23153(a),23153(a-g),Driving under influence causing injury,AA,Vehicle(s) Only Involved,31741,2,3,57619,3
45847,38686,4924771.0,2010-10-08 01:15:00,2010 October 08,01:15:00,2010,October,Friday,10:01 pm to 2:00 am,1.0,0,Night,Fall,3801,659,,3I62,21457(a),21457(a),Actions required at flashing red signal,AA,Vehicle(s) Only Involved,35070,2,75,54533,15
45848,38198,4924637.0,2010-10-19 17:52:00,2010 October 19,17:52:00,2010,October,Tuesday,2:01 pm to 6:00 pm,17.0,0,Evening,Fall,3801,1992,,TARAVA,21703,21703,Following too closely prohibited,AA,Vehicle(s) Only Involved,31742,1,15,57658,2
45849,3240,4195296.0,2009-03-20 15:25:00,2009 March 20,15:25:00,2009,March,Friday,2:01 pm to 6:00 pm,15.0,0,Afternoon,Spring,3801,2408,BAYVI,3CAR,21954(a),21954(a),Pedestrians must yield right-of-way outside of crosswalks,BB,Vehicle-Pedestrian,31743,2,1,57622,1
45850,42731,3979634.0,2008-10-27 07:10:00,2008 October 27,07:10:00,2008,October,Monday,6:01 am to 10:00 am,7.0,0,Morning,Fall,3801,625,G,4B2G,21456(b),"21456(a,b)",Pedestrian violation of walk or wait signals,BB,Vehicle-Pedestrian,31744,9,3,57622,4
45851,36108,3980992.0,2008-11-07 12:52:00,2008 November 07,12:52:00,2008,November,Friday,10:01 am to 2:00 pm,12.0,0,Afternoon,Fall,3801,241,COE,4B3E,22350,22350,Unsafe speed for prevailing conditions,AA,Vehicle(s) Only Involved,32493,2,1,57607,2
45852,29142,4300260.0,2009-06-28 14:15:00,2009 June 28,14:15:00,2009,June,Sunday,2:01 pm to 6:00 pm,14.0,1,Afternoon,Summer,3801,1145,,3E96C,21954(a),21954(a),Pedestrians must yield right-of-way outside of crosswalks,BB,Vehicle-Pedestrian,31745,2,2,57123,1
45853,31508,4976091.0,2010-12-17 11:00:00,2010 December 17,11:00:00,2010,December,Friday,10:01 am to 2:00 pm,11.0,0,Morning,Winter,3801,318,G,3GIA,21801(a),"21801(a,b)",Violation of right-of-way - left turn,AA,Vehicle(s) Only Involved,18575,7,4,57603,1
45854,30856,4076834.0,2008-12-18 02:00:00,2008 December 18,02:00:00,2008,December,Thursday,10:01 pm to 2:00 am,2.0,0,Night,Winter,3801,1145,,3E14E,21658(a),"21658(a,b)",Lane straddling or failure to use specified lanes,AA,Vehicle(s) Only Involved,4310,2,3,57660,1
45855,17656,4014651.0,2008-12-31 19:50:00,2008 December 31,19:50:00,2008,December,Wednesday,6:01 pm to 10:00 pm,19.0,0,Evening,Winter,3801,595,SOUTH,3B140,22350,22350,Unsafe speed for prevailing conditions,AA,Vehicle(s) Only Involved,31746,2,12,57576,13
45856,19770,4915599.0,2010-09-26 17:00:00,2010 September 26,17:00:00,2010,September,Sunday,2:01 pm to 6:00 pm,17.0,1,Evening,Fall,3801,821,PARK,4B8F,21703,21703,Following too closely prohibited,AA,Vehicle(s) Only Involved,31747,2,2,57658,14
45857,33608,4371394.0,2009-08-24 00:18:00,2009 August 24,00:18:00,2009,August,Monday,10:01 pm to 2:00 am,0.0,0,Night,Summer,3801,1882,3A,004,21950(a),"21950(a,c)",Driver or bicyclist to yield right-of-way at crosswalks,BB,Vehicle-Pedestrian,14943,2,3,57649,1
45858,5702,4675832.0,2010-04-22 06:50:00,2010 April 22,06:50:00,2010,April,Thursday,6:01 am to 10:00 am,6.0,0,Morning,Spring,3801,2131,BAYVI,4B1C,Unknown,Unknown,Unknown,AA,Vehicle(s) Only Involved,31748,2,2,56689,2
45859,33322,4023840.0,2008-12-17 09:12:00,2008 December 17,09:12:00,2008,December,Wednesday,6:01 am to 10:00 am,9.0,0,Morning,Winter,3801,1446,3A,3A60,21703,21703,Following too closely prohibited,AA,Vehicle(s) Only Involved,14989,2,1,57658,2
45860,18197,5071440.0,2011-01-12 15:30:00,2011 January 12,15:30:00,2011,January,Wednesday,2:01 pm to 6:00 pm,15.0,0,Afternoon,Winter,3801,4085,PARK,3F12C,21950(a),"21950(a,c)",Driver or bicyclist to yield right-of-way at crosswalks,BB,Vehicle-Pedestrian,31749,2,2,57649,1
45861,9220,150677159.0,2015-08-04 11:22:00,2015 August 04,11:22:00,2015,August,Tuesday,10:01 am to 2:00 pm,11.0,0,Morning,Summer,3801,1316,BAYVIEW,3C11C,21802(a),"21802(a,b)",Violation of right-of-way - entering through highway,AA,Vehicle(s) Only Involved,21877,2,2,57585,3
45862,44148,4943501.0,2010-10-07 06:50:00,2010 October 07,06:50:00,2010,October,Thursday,6:01 am to 10:00 am,6.0,0,Morning,Fall,3801,1111,G,00G,Unknown,Unknown,Unknown,CC,Vehicle-Bicycle,35416,2,29,43563,1
45863,26763,4944362.0,2010-10-06 15:20:00,2010 October 06,15:20:00,2010,October,Wednesday,2:01 pm to 6:00 pm,15.0,0,Afternoon,Fall,3801,1794,SOUTH,3B60,22107,22107,Unsafe turn or lane change prohibited,CC,Vehicle-Bicycle,31751,2,2,49721,1
45864,26598,4689464.0,2010-04-26 16:20:00,2010 April 26,16:20:00,2010,April,Monday,2:01 pm to 6:00 pm,16.0,0,Afternoon,Spring,3801,2089,SOUTH,4B8B,22350,22350,Unsafe speed for prevailing conditions,EE,Bicycle-Parked Car,7692,2,1,57302,2
45865,32790,4215474.0,2009-03-13 23:41:00,2009 March 13,23:41:00,2009,March,Friday,10:01 pm to 2:00 am,23.0,0,Night,Spring,3801,02388,,3E14E,21801(a),"21801(a,b)",Violation of right-of-way - left turn,AA,Vehicle(s) Only Involved,35457,2,3,57603,5
45866,29148,4939649.0,2010-10-17 02:18:00,2010 October 17,02:18:00,2010,October,Sunday,2:01 am to 6:00 am,2.0,1,Night,Fall,3801,754,NORTH,3E13E,22350,22350,Unsafe speed for prevailing conditions,AA,Vehicle(s) Only Involved,31752,2,3,57658,3
45867,8242,4483426.0,2009-11-11 18:30:00,2009 November 11,18:30:00,2009,November,Wednesday,6:01 pm to 10:00 pm,18.0,0,Evening,Fall,3801,1564,,4B5F,21801(a),"21801(a,b)",Violation of right-of-way - left turn,AA,Vehicle(s) Only Involved,26281,2,3,57659,1
45868,5156,150401760.0,2015-05-08 16:53:00,2015 May 08,16:53:00,2015,May,Friday,2:01 pm to 6:00 pm,16.0,0,Afternoon,Spring,3801,1747,INGLESIDE,3H15D,21703,21703,Following too closely prohibited,AA,Vehicle(s) Only Involved,31753,2,2,57658,1
45869,39435,4915618.0,2010-09-30 13:40:00,2010 September 30,13:40:00,2010,September,Thursday,10:01 am to 2:00 pm,13.0,0,Afternoon,Fall,3801,1549,TARAV,4B5I,21802(a),"21802(a,b)",Violation of right-of-way - entering through highway,AA,Vehicle(s) Only Involved,31754,9,2,57659,1
45870,42446,4083825.0,2009-01-29 20:45:00,2009 January 29,20:45:00,2009,January,Thursday,6:01 pm to 10:00 pm,20.0,0,Evening,Winter,3801,988,RICHM,3G14D,21954(a),21954(a),Pedestrians must yield right-of-way outside of crosswalks,BB,Vehicle-Pedestrian,31755,2,328,57123,2
45871,1306,4656720.0,2010-03-18 20:20:00,2010 March 18,20:20:00,2010,March,Thursday,6:01 pm to 10:00 pm,20.0,0,Evening,Spring,3801,518,,3H15D,22350,22350,Unsafe speed for prevailing conditions,FF,Bicycle Only,31756,2,12,57556,2
45872,27290,4677904.0,2010-04-15 10:32:00,2010 April 15,10:32:00,2010,April,Thursday,10:01 am to 2:00 pm,10.0,0,Morning,Spring,3801,1538,A,3A61,21453(a),"21453(a,c)",Red signal - driver or bicyclist responsibilities,CC,Vehicle-Bicycle,5828,2,1,57621,1
45873,40005,4075523.0,2008-12-05 07:03:00,2008 December 05,07:03:00,2008,December,Friday,6:01 am to 10:00 am,7.0,0,Morning,Winter,3801,1573,TARA,4B3I,21801(a),"21801(a,b)",Violation of right-of-way - left turn,AA,Vehicle(s) Only Involved,31757,2,2,57659,2
45874,833,4976111.0,2010-12-17 23:46:00,2010 December 17,23:46:00,2010,December,Friday,10:01 pm to 2:00 am,23.0,0,Night,Winter,3801,1528,BAYVI,3C4,22450(a),22450(a),Failure to stop at STOP sign,AA,Vehicle(s) Only Involved,6707,4,13,57659,1
45875,25287,4299260.0,2009-07-02 17:12:00,2009 July 02,17:12:00,2009,July,Thursday,2:01 pm to 6:00 pm,17.0,0,Evening,Summer,3801,01057,B,00B,22102,22102,Illegal U-turn in business district,AA,Vehicle(s) Only Involved,31758,2,1,57659,8
45876,25194,160602732.0,2016-07-26 18:25:00,2016 July 26,18:25:00,2016,July,Tuesday,6:01 pm to 10:00 pm,18.0,0,Evening,Summer,3801,4249,SOUTHERN,B1,22107,22107,Unsafe turn or lane change prohibited,CC,Vehicle-Bicycle,31759,2,1,57655,2
45877,22073,4987712.0,2011-01-13 13:55:00,2011 January 13,13:55:00,2011,January,Thursday,10:01 am to 2:00 pm,13.0,0,Afternoon,Winter,3801,821,NORTH,4B8F,21453(a),"21453(a,c)",Red signal - driver or bicyclist responsibilities,AA,Vehicle(s) Only Involved,3508,1,315,57659,1
45878,3700,4699544.0,2010-05-12 13:45:00,2010 May 12,13:45:00,2010,May,Wednesday,10:01 am to 2:00 pm,13.0,0,Afternoon,Spring,3801,1279,C,3C62,22450(a),22450(a),Failure to stop at STOP sign,AA,Vehicle(s) Only Involved,30631,2,1,57553,1
45879,35747,4490610.0,2009-11-29 08:53:00,2009 November 29,08:53:00,2009,November,Sunday,6:01 am to 10:00 am,8.0,1,Morning,Fall,3801,241,,4B3E,21801(a),"21801(a,b)",Violation of right-of-way - left turn,AA,Vehicle(s) Only Involved,7291,2,1,57659,1
45880,23939,4279213.0,2009-06-06 14:00:00,2009 June 06,14:00:00,2009,June,Saturday,10:01 am to 2:00 pm,14.0,1,Afternoon,Summer,3801,2348,SOUTH,03B,21658(a),"21658(a,b)",Lane straddling or failure to use specified lanes,AA,Vehicle(s) Only Involved,31760,2,1,57660,1
45881,34983,4107301.0,2009-02-22 20:34:00,2009 February 22,20:34:00,2009,February,Sunday,6:01 pm to 10:00 pm,20.0,1,Evening,Winter,3801,2367,A,3A11D,23152(a),23152(a-g),Driving under influence of alcohol and/or drugs,AA,Vehicle(s) Only Involved,31761,4,7,57564,1
45882,43282,4608321.0,2010-02-08 07:34:00,2010 February 08,07:34:00,2010,February,Monday,6:01 am to 10:00 am,7.0,0,Morning,Winter,3801,246,,4B4E,21658(a),"21658(a,b)",Lane straddling or failure to use specified lanes,AA,Vehicle(s) Only Involved,31762,2,2,57660,2
45883,15795,4490629.0,2009-11-23 17:18:00,2009 November 23,17:18:00,2009,November,Monday,2:01 pm to 6:00 pm,17.0,0,Evening,Fall,3801,01210,3J,3J43D,22350,22350,Unsafe speed for prevailing conditions,AA,Vehicle(s) Only Involved,6101,2,3,57659,1
45884,41062,150807497.0,2015-09-14 15:14:00,2015 September 14,15:14:00,2015,September,Monday,2:01 pm to 6:00 pm,15.0,0,Afternoon,Fall,3801,2132,TARAVAL,3114D,21804(a),"21804(a,b)",Entering highway from alley or driveway,CC,Vehicle-Bicycle,28961,3,103,57390,2
45885,5190,4807295.0,2010-07-17 23:01:00,2010 July 17,23:01:00,2010,July,Saturday,10:01 pm to 2:00 am,23.0,1,Night,Summer,3801,,INGLE,3H11E,22350,22350,Unsafe speed for prevailing conditions,AA,Vehicle(s) Only Involved,31763,30,12,57569,1
45886,35885,4114351.0,2009-02-13 15:16:00,2009 February 13,15:16:00,2009,February,Friday,2:01 pm to 6:00 pm,15.0,0,Afternoon,Winter,3801,2369,,3A3,22106,22106,Unsafe starting or backing on highway,BB,Vehicle-Pedestrian,31764,4,4,57649,1
45887,18188,3981539.0,2008-11-12 09:37:00,2008 November 12,09:37:00,2008,November,Wednesday,6:01 am to 10:00 am,9.0,0,Morning,Fall,3801,000779,NOTHE,3E62,22350,22350,Unsafe speed for prevailing conditions,CC,Vehicle-Bicycle,1332,1,1,57655,2
45888,13209,5082673.0,2011-02-01 15:52:00,2011 February 01,15:52:00,2011,February,Tuesday,2:01 pm to 6:00 pm,15.0,0,Afternoon,Winter,3801,351,SOUTH,3B3C,22107,22107,Unsafe turn or lane change prohibited,CC,Vehicle-Bicycle,31765,2,1,57655,2
45889,5402,4255950.0,2009-04-22 17:35:00,2009 April 22,17:35:00,2009,April,Wednesday,2:01 pm to 6:00 pm,17.0,0,Evening,Spring,3801,4215,BAYVI,002,22101(d),22101(d),Violation of a turn prohibition sign,AA,Vehicle(s) Only Involved,39027,2,1,57564,11
45890,43717,4766616.0,2010-06-29 12:35:00,2010 June 29,12:35:00,2010,June,Tuesday,10:01 am to 2:00 pm,12.0,0,Afternoon,Summer,3801,1430,RICHM,4B21,21802(a),"21802(a,b)",Violation of right-of-way - entering through highway,AA,Vehicle(s) Only Involved,31766,2,1,57659,14
45891,26198,4469321.0,2009-11-05 10:15:00,2009 November 05,10:15:00,2009,November,Thursday,10:01 am to 2:00 pm,10.0,0,Morning,Fall,3801,1723,A,,22350,22350,Unsafe speed for prevailing conditions,AA,Vehicle(s) Only Involved,31767,2,1,57658,1
45892,31644,4041427.0,2009-01-10 07:02:00,2009 January 10,07:02:00,2009,January,Saturday,6:01 am to 10:00 am,7.0,1,Morning,Winter,3801,01448,RICHM,4B31,21453(a),"21453(a,c)",Red signal - driver or bicyclist responsibilities,AA,Vehicle(s) Only Involved,29846,2,1,57659,1
45893,44259,4457011.0,2009-10-31 23:47:00,2009 October 31,23:47:00,2009,October,Saturday,10:01 pm to 2:00 am,23.0,1,Night,Fall,3801,927,G,3G5,21658(a),"21658(a,b)",Lane straddling or failure to use specified lanes,AA,Vehicle(s) Only Involved,31768,2,12,57660,1
45894,8871,4584574.0,2010-01-14 18:19:00,2010 January 14,18:19:00,2010,January,Thursday,6:01 pm to 10:00 pm,18.0,0,Evening,Winter,3801,821,,4B8F,21955,21955,Crossing between controlled intersections (Jaywalking),BB,Vehicle-Pedestrian,31769,1,12,57622,2
45895,9716,4199817.0,2009-03-12 18:48:00,2009 March 12,18:48:00,2009,March,Thursday,6:01 pm to 10:00 pm,18.0,0,Evening,Spring,3801,2389,MISSI,D16D,22106,22106,Unsafe starting or backing on highway,AA,Vehicle(s) Only Involved,31770,2,15,57659,16
45896,44693,4897067.0,2010-10-04 15:56:00,2010 October 04,15:56:00,2010,October,Monday,2:01 pm to 6:00 pm,15.0,0,Afternoon,Fall,3801,116,RICHM,3G13D,21954(a),21954(a),Pedestrians must yield right-of-way outside of crosswalks,BB,Vehicle-Pedestrian,31771,2,2,53413,1
45897,44859,4932756.0,2010-11-08 12:20:00,2010 November 08,12:20:00,2010,November,Monday,10:01 am to 2:00 pm,12.0,0,Afternoon,Fall,3801,1593,RICHM,4B2G,22350,22350,Unsafe speed for prevailing conditions,AA,Vehicle(s) Only Involved,31772,2,1,57658,8
45898,31455,4544100.0,2009-12-22 16:40:00,2009 December 22,16:40:00,2009,December,Tuesday,2:01 pm to 6:00 pm,16.0,0,Afternoon,Winter,3801,307,RICHM,4B8E,22350,22350,Unsafe speed for prevailing conditions,AA,Vehicle(s) Only Involved,31773,2,2,57658,8
45899,44390,4629533.0,2010-01-31 18:50:00,2010 January 31,18:50:00,2010,January,Sunday,6:01 pm to 10:00 pm,18.0,1,Evening,Winter,3801,1549,RICHM,4B51,23153(a),23153(a-g),Driving under influence causing injury,AA,Vehicle(s) Only Involved,31774,1,12,57658,1
45900,5929,170197604.0,2017-03-10 08:00:00,2017 March 10,08:00:00,2017,March,Friday,6:01 am to 10:00 am,8.0,0,Morning,Spring,3801,222,BAYVIEW,3C2,22350,22350,Unsafe speed for prevailing conditions,AA,Vehicle(s) Only Involved,31775,2,2,57658,2
45901,37398,4935339.0,2010-10-13 18:30:00,2010 October 13,18:30:00,2010,October,Wednesday,6:01 pm to 10:00 pm,18.0,0,Evening,Fall,3801,2206,3I,5,22350,22350,Unsafe speed for prevailing conditions,AA,Vehicle(s) Only Involved,31776,2,15,57658,3
45902,8502,4253403.0,2009-04-29 18:33:00,2009 April 29,18:33:00,2009,April,Wednesday,6:01 pm to 10:00 pm,18.0,0,Evening,Spring,3801,2082,BAYVI,4B6H,21802(a),"21802(a,b)",Violation of right-of-way - entering through highway,AA,Vehicle(s) Only Involved,34974,2,1,57659,8
45903,37256,4933620.0,2010-11-08 11:55:00,2010 November 08,11:55:00,2010,November,Monday,10:01 am to 2:00 pm,11.0,0,Morning,Fall,3801,1629,TARAV,3I62,21801(b),"21801(a,b)",Violation of right-of-way - left turn,AA,Vehicle(s) Only Involved,2911,2,81,57659,2
45904,44872,4805866.0,2010-07-03 10:25:00,2010 July 03,10:25:00,2010,July,Saturday,10:01 am to 2:00 pm,10.0,1,Morning,Summer,3801,1430,RICHM,4B21,21802(a),"21802(a,b)",Violation of right-of-way - entering through highway,AA,Vehicle(s) Only Involved,30729,2,1,57659,14
45905,28750,4677872.0,2010-04-11 16:44:00,2010 April 11,16:44:00,2010,April,Sunday,2:01 pm to 6:00 pm,16.0,1,Afternoon,Spring,3801,821,,4B8F,21453(a),"21453(a,c)",Red signal - driver or bicyclist responsibilities,AA,Vehicle(s) Only Involved,27473,1,1,57659,1
45906,33764,5012576.0,2010-12-23 21:00:00,2010 December 23,21:00:00,2010,December,Thursday,6:01 pm to 10:00 pm,21.0,0,Night,Winter,3801,1515,A,3A66,21950(a),"21950(a,c)",Driver or bicyclist to yield right-of-way at crosswalks,BB,Vehicle-Pedestrian,31777,1,34,57649,1
45907,28084,4361608.0,2009-08-12 10:00:00,2009 August 12,10:00:00,2009,August,Wednesday,6:01 am to 10:00 am,10.0,0,Morning,Summer,3801,1723,,,21453(a),"21453(a,c)",Red signal - driver or bicyclist responsibilities,AA,Vehicle(s) Only Involved,31778,2,1,57659,3
45908,41429,3979872.0,2008-11-08 22:46:00,2008 November 08,22:46:00,2008,November,Saturday,10:01 pm to 2:00 am,22.0,1,Night,Fall,3801,821,TARAV,4B8F,23153(a),23153(a-g),Driving under influence causing injury,AA,Vehicle(s) Only Involved,31779,1,7,57496,3
45909,31973,4199145.0,2009-03-06 15:00:00,2009 March 06,15:00:00,2009,March,Friday,2:01 pm to 6:00 pm,15.0,0,Afternoon,Spring,3801,2175,E,4B7E,21453(a),"21453(a,c)",Red signal - driver or bicyclist responsibilities,AA,Vehicle(s) Only Involved,24938,2,1,57659,1
45910,42907,4881903.0,2010-09-18 01:18:00,2010 September 18,01:18:00,2010,September,Saturday,10:01 pm to 2:00 am,1.0,1,Night,Fall,3801,275,PARK,3F14E,23152(a),23152(a-g),Driving under influence of alcohol and/or drugs,AA,Vehicle(s) Only Involved,10316,37,13,57658,17
45911,1145,3981540.0,2008-11-13 16:15:00,2008 November 13,16:15:00,2008,November,Thursday,2:01 pm to 6:00 pm,16.0,0,Afternoon,Fall,3801,A09474,INGLE,3H15E,21952,21952,Failure to yield right-of-way on sidewalk to pedestrian,BB,Vehicle-Pedestrian,31780,2,2,57649,2
45912,35662,4919410.0,2010-10-10 12:40:00,2010 October 10,12:40:00,2010,October,Sunday,10:01 am to 2:00 pm,12.0,1,Afternoon,Fall,3801,1792,NORTH,5,21703,21703,Following too closely prohibited,AA,Vehicle(s) Only Involved,30359,2,2,57658,8
45913,33037,3997285.0,2008-11-20 23:35:00,2008 November 20,23:35:00,2008,November,Thursday,10:01 pm to 2:00 am,23.0,0,Night,Fall,3801,449,SF,005,22350,22350,Unsafe speed for prevailing conditions,AA,Vehicle(s) Only Involved,31781,2,12,57569,2
45914,27050,5019536.0,2010-12-28 08:36:00,2010 December 28,08:36:00,2010,December,Tuesday,6:01 am to 10:00 am,8.0,0,Morning,Winter,3801,459,CENTR,4B1A,21456(b),"21456(a,b)",Pedestrian violation of walk or wait signals,BB,Vehicle-Pedestrian,31782,1,1,57622,2
45915,3794,4870183.0,2010-09-05 16:44:00,2010 September 05,16:44:00,2010,September,Sunday,2:01 pm to 6:00 pm,16.0,1,Afternoon,Fall,3801,458,INGLE,COH,21703,21703,Following too closely prohibited,AA,Vehicle(s) Only Involved,32242,2,30,57557,1
45916,25600,4739656.0,2010-06-14 10:45:00,2010 June 14,10:45:00,2010,June,Monday,10:01 am to 2:00 pm,10.0,0,Morning,Summer,3801,848,B,1,22102,22102,Illegal U-turn in business district,AA,Vehicle(s) Only Involved,31784,2,2,57659,1
45917,32729,4647205.0,2010-03-13 09:22:00,2010 March 13,09:22:00,2010,March,Saturday,6:01 am to 10:00 am,9.0,1,Morning,Spring,3801,874,NORTH,4B4H,21950(a),"21950(a,c)",Driver or bicyclist to yield right-of-way at crosswalks,BB,Vehicle-Pedestrian,31785,2,1,57476,1
45918,34383,4323967.0,2009-07-24 18:03:00,2009 July 24,18:03:00,2009,July,Friday,6:01 pm to 10:00 pm,18.0,0,Evening,Summer,3801,1866,CENT,4B7D,22106,22106,Unsafe starting or backing on highway,AA,Vehicle(s) Only Involved,31786,2,15,57584,1
45919,29342,4098588.0,2009-02-03 07:49:00,2009 February 03,07:49:00,2009,February,Tuesday,6:01 am to 10:00 am,7.0,0,Morning,Winter,3801,43,NORTH,3E61K,21453(a),"21453(a,c)",Red signal - driver or bicyclist responsibilities,AA,Vehicle(s) Only Involved,11040,2,1,57659,2
45920,32324,4690270.0,2010-04-23 12:15:00,2010 April 23,12:15:00,2010,April,Friday,10:01 am to 2:00 pm,12.0,0,Afternoon,Spring,3801,779,NORTH,3.00E+62,21453(a),"21453(a,c)",Red signal - driver or bicyclist responsibilities,AA,Vehicle(s) Only Involved,40559,2,1,57659,17
45921,6317,4822068.0,2010-07-31 18:28:00,2010 July 31,18:28:00,2010,July,Saturday,6:01 pm to 10:00 pm,18.0,1,Evening,Summer,3801,307,,3D60,22350,22350,Unsafe speed for prevailing conditions,AA,Vehicle(s) Only Involved,31787,2,1,57658,1
45922,15295,4717642.0,2010-05-27 18:34:00,2010 May 27,18:34:00,2010,May,Thursday,6:01 pm to 10:00 pm,18.0,0,Evening,Spring,3801,1195,,3B12C,22350,22350,Unsafe speed for prevailing conditions,AA,Vehicle(s) Only Involved,9758,2,1,57658,11
45923,12251,4635502.0,2010-02-11 09:30:00,2010 February 11,09:30:00,2010,February,Thursday,6:01 am to 10:00 am,9.0,0,Morning,Winter,3801,2226,MISSI,3D61K,22107,22107,Unsafe turn or lane change prohibited,CC,Vehicle-Bicycle,31788,11,1,57614,4
45924,44241,5066574.0,2011-02-08 07:55:00,2011 February 08,07:55:00,2011,February,Tuesday,6:01 am to 10:00 am,7.0,0,Morning,Winter,3801,1111,G,365A,22350,22350,Unsafe speed for prevailing conditions,AA,Vehicle(s) Only Involved,31789,2,2,57496,1
45925,39595,4548202.0,2009-12-16 13:28:00,2009 December 16,13:28:00,2009,December,Wednesday,10:01 am to 2:00 pm,13.0,0,Afternoon,Winter,3801,1629,TARAV,3I62,22350,22350,Unsafe speed for prevailing conditions,AA,Vehicle(s) Only Involved,31790,1,16,57658,8
45926,22283,4384491.0,2009-09-01 18:25:00,2009 September 01,18:25:00,2009,September,Tuesday,6:01 pm to 10:00 pm,18.0,0,Evening,Fall,3801,1267,PARK,44D,22517,22517,Opening door on traffic side when unsafe,CC,Vehicle-Bicycle,31791,2,2,57614,2
45927,38246,150778832.0,2015-09-05 04:43:00,2015 September 05,04:43:00,2015,September,Saturday,2:01 am to 6:00 am,4.0,1,Night,Fall,3801,974,CO 1,315E,21801(a),"21801(a,b)",Violation of right-of-way - left turn,AA,Vehicle(s) Only Involved,20086,2,3,57659,2
45928,28155,4199112.0,2009-03-15 01:55:00,2009 March 15,01:55:00,2009,March,Sunday,10:01 pm to 2:00 am,1.0,1,Night,Spring,3801,2279,COA,3A14E,21453(a),"21453(a,c)",Red signal - driver or bicyclist responsibilities,AA,Vehicle(s) Only Involved,26736,2,3,57585,14
45929,4429,4094790.0,2009-02-03 08:20:00,2009 February 03,08:20:00,2009,February,Tuesday,6:01 am to 10:00 am,8.0,0,Morning,Winter,3801,2424,INGLE,0H4,22100(b),"22100(a,b)",Turn at intersection from wrong position,AA,Vehicle(s) Only Involved,31792,2,2,57631,8
45930,30783,4548183.0,2009-12-10 08:30:00,2009 December 10,08:30:00,2009,December,Thursday,6:01 am to 10:00 am,8.0,0,Morning,Winter,3801,000779,,,22106,22106,Unsafe starting or backing on highway,AA,Vehicle(s) Only Involved,31793,1,2,57660,4
45931,40980,4395852.0,2009-09-04 08:45:00,2009 September 04,08:45:00,2009,September,Friday,6:01 am to 10:00 am,8.0,0,Morning,Fall,3801,2476,3I,3I12,22350,22350,Unsafe speed for prevailing conditions,AA,Vehicle(s) Only Involved,17137,1,1,57658,1
45932,29028,4739648.0,2010-06-11 16:34:00,2010 June 11,16:34:00,2010,June,Friday,2:01 pm to 6:00 pm,16.0,0,Afternoon,Summer,3801,2175,E,4B7E,21806(a),"21806(a,b)",Failure to yield to emergency vehicle,CC,Vehicle-Bicycle,39447,2,81,57621,4
45933,3125,4513421.0,2009-12-02 12:00:00,2009 December 02,12:00:00,2009,December,Wednesday,10:01 am to 2:00 pm,12.0,0,Afternoon,Winter,3801,02035,BAYVI,4B1C,22350,22350,Unsafe speed for prevailing conditions,BB,Vehicle-Pedestrian,31794,2,2,57476,1