collision_id,unique_id,case_id_pkey,collision_datetime,collision_date,collision_time,accident_year,month,day_of_week,time_cat,hour_of_day,is_weekend,time_of_day,season,juris,officer_id,reporting_district,beat_number,vz_pcf_code,vz_pcf_group,vz_pcf_description,dph_col_grp,dph_col_grp_description,location_id,weather_id,road_id,party_id,severity_id
46793,20421,4925177.0,2010-10-06 05:45:00,2010 October 06,05:45:00,2010,October,Wednesday,2:01 am to 6:00 am,5.0,0,Morning,Fall,3801,456,,3E11A,22107,22107,Unsafe turn or lane change prohibited,CC,Vehicle-Bicycle,1395,2,33,57374,1
46794,12605,4978839.0,2010-11-19 15:10:00,2010 November 19,15:10:00,2010,November,Friday,2:01 pm to 6:00 pm,15.0,0,Afternoon,Fall,3801,1887,MISSI,4B7B,21804(a),"21804(a,b)",Entering highway from alley or driveway,AA,Vehicle(s) Only Involved,32227,1,2,57659,8
46795,45198,4114349.0,2009-02-11 13:25:00,2009 February 11,13:25:00,2009,February,Wednesday,10:01 am to 2:00 pm,13.0,0,Afternoon,Winter,3801,1597,RICHM,3G62,22350,22350,Unsafe speed for prevailing conditions,AA,Vehicle(s) Only Involved,6212,2,16,57658,1
46796,6511,4391864.0,2009-09-18 06:05:00,2009 September 18,06:05:00,2009,September,Friday,6:01 am to 10:00 am,6.0,0,Morning,Fall,3801,2145,BAYVI,4B1B,22102,22102,Illegal U-turn in business district,AA,Vehicle(s) Only Involved,32228,2,1,57659,6
46797,20197,4648576.0,2010-03-29 00:40:00,2010 March 29,00:40:00,2010,March,Monday,10:01 pm to 2:00 am,0.0,0,Night,Spring,3801,1275,SOUTH,3B14E,22350,22350,Unsafe speed for prevailing conditions,BB,Vehicle-Pedestrian,26095,2,3,57649,4
46798,39317,4635415.0,2010-02-16 15:00:00,2010 February 16,15:00:00,2010,February,Tuesday,2:01 pm to 6:00 pm,15.0,0,Afternoon,Winter,3801,1230,PARKD,3F61,21453(a),"21453(a,c)",Red signal - driver or bicyclist responsibilities,CC,Vehicle-Bicycle,32229,2,1,57621,4
46799,41256,150823835.0,2015-09-19 20:22:00,2015 September 19,20:22:00,2015,September,Saturday,6:01 pm to 10:00 pm,20.0,1,Evening,Fall,3801,1362,RICHMOND,ONE,21801(a),"21801(a,b)",Violation of right-of-way - left turn,CC,Vehicle-Bicycle,31861,2,3,57633,4
46800,25893,4789180.0,2010-06-14 21:17:00,2010 June 14,21:17:00,2010,June,Monday,6:01 pm to 10:00 pm,21.0,0,Night,Summer,3801,1761,CENTR,2CAR,21453(a),"21453(a,c)",Red signal - driver or bicyclist responsibilities,BB,Vehicle-Pedestrian,8806,2,3,57123,2
46801,10564,5076076.0,2011-01-29 10:45:00,2011 January 29,10:45:00,2011,January,Saturday,10:01 am to 2:00 pm,10.0,1,Morning,Winter,3801,2328,,,21801(a),"21801(a,b)",Violation of right-of-way - left turn,CC,Vehicle-Bicycle,15911,2,1,57581,2
46802,36149,4957169.0,2010-11-04 17:51:00,2010 November 04,17:51:00,2010,November,Thursday,2:01 pm to 6:00 pm,17.0,0,Evening,Fall,3801,1939,INGLE,3H61K,21802(a),"21802(a,b)",Violation of right-of-way - entering through highway,AA,Vehicle(s) Only Involved,10911,2,33,57659,1
46803,38334,4584622.0,2010-01-08 09:26:00,2010 January 08,09:26:00,2010,January,Friday,6:01 am to 10:00 am,9.0,0,Morning,Winter,3801,4009,TARAV,3I12B,22350,22350,Unsafe speed for prevailing conditions,AA,Vehicle(s) Only Involved,32230,2,1,57658,2
46804,4662,5055473.0,2011-01-05 15:30:00,2011 January 05,15:30:00,2011,January,Wednesday,2:01 pm to 6:00 pm,15.0,0,Afternoon,Winter,3801,1939,INGLE,3H61K,22350,22350,Unsafe speed for prevailing conditions,AA,Vehicle(s) Only Involved,32231,2,2,57658,11
46805,12280,4094794.0,2009-02-04 07:38:00,2009 February 04,07:38:00,2009,February,Wednesday,6:01 am to 10:00 am,7.0,0,Morning,Winter,3801,2226,MISSI,3D61K,22350,22350,Unsafe speed for prevailing conditions,AA,Vehicle(s) Only Involved,27203,2,1,57658,11
46806,38387,4623214.0,2010-02-14 18:23:00,2010 February 14,18:23:00,2010,February,Sunday,6:01 pm to 10:00 pm,18.0,1,Evening,Winter,3801,554,,4B5H,21802(b),"21802(a,b)",Violation of right-of-way - entering through highway,AA,Vehicle(s) Only Involved,5695,2,12,57659,8
46807,39752,4629593.0,2010-01-03 10:45:00,2010 January 03,10:45:00,2010,January,Sunday,10:01 am to 2:00 pm,10.0,1,Morning,Winter,3801,625,I,3168,21802(a),"21802(a,b)",Violation of right-of-way - entering through highway,AA,Vehicle(s) Only Involved,20316,2,1,57659,1
46808,18456,5082661.0,2011-02-01 19:23:00,2011 February 01,19:23:00,2011,February,Tuesday,6:01 pm to 10:00 pm,19.0,0,Evening,Winter,3801,004178,SOUTH,3B15D,22350,22350,Unsafe speed for prevailing conditions,FF,Bicycle Only,21093,2,3,57253,1
46809,17333,4623371.0,2010-02-06 01:26:00,2010 February 06,01:26:00,2010,February,Saturday,10:01 pm to 2:00 am,1.0,1,Night,Winter,3801,4084,,,Unknown,Unknown,Unknown,FF,Bicycle Only,32232,4,13,57524,2
46810,19593,4585967.0,2010-01-30 02:22:00,2010 January 30,02:22:00,2010,January,Saturday,2:01 am to 6:00 am,2.0,1,Night,Winter,3801,2038,F,3F14E,21950(a),"21950(a,c)",Driver or bicyclist to yield right-of-way at crosswalks,BB,Vehicle-Pedestrian,6424,1,13,57649,1
46811,22420,4870086.0,2010-08-31 20:35:00,2010 August 31,20:35:00,2010,August,Tuesday,6:01 pm to 10:00 pm,20.0,0,Evening,Summer,3801,937,COF,4B8J,22350,22350,Unsafe speed for prevailing conditions,AA,Vehicle(s) Only Involved,23222,1,3,57659,1
46812,29544,4881862.0,2010-09-18 20:08:00,2010 September 18,20:08:00,2010,September,Saturday,6:01 pm to 10:00 pm,20.0,1,Evening,Fall,3801,4057,SF,3E12D,22450(a),22450(a),Failure to stop at STOP sign,BB,Vehicle-Pedestrian,32233,2,3,57649,1
46813,22371,4062932.0,2009-01-23 10:28:00,2009 January 23,10:28:00,2009,January,Friday,10:01 am to 2:00 pm,10.0,0,Morning,Winter,3801,1484,PARK,3F61,22350,22350,Unsafe speed for prevailing conditions,AA,Vehicle(s) Only Involved,32234,4,16,57658,1
46814,23635,4199822.0,2009-03-13 19:05:00,2009 March 13,19:05:00,2009,March,Friday,6:01 pm to 10:00 pm,19.0,0,Evening,Spring,3801,1402,3B,3B1D,22350,22350,Unsafe speed for prevailing conditions,AA,Vehicle(s) Only Involved,32235,2,2,57658,8
46815,35550,4789978.0,2010-06-21 18:03:00,2010 June 21,18:03:00,2010,June,Monday,6:01 pm to 10:00 pm,18.0,0,Evening,Summer,3801,443,,3E15D,21802(a),"21802(a,b)",Violation of right-of-way - entering through highway,CC,Vehicle-Bicycle,18367,2,2,57374,1
46816,21198,5429190.0,2011-11-25 14:40:00,2011 November 25,14:40:00,2011,November,Friday,2:01 pm to 6:00 pm,14.0,0,Afternoon,Fall,3801,2082,NORTH,3E62,22350,22350,Unsafe speed for prevailing conditions,CC,Vehicle-Bicycle,12697,1,1,57621,2
46817,4974,150734834.0,2015-08-22 16:05:00,2015 August 22,16:05:00,2015,August,Saturday,2:01 pm to 6:00 pm,16.0,1,Afternoon,Summer,3801,1501,INGLESIDE,3H,22350,22350,Unsafe speed for prevailing conditions,AA,Vehicle(s) Only Involved,32236,2,2,57557,12
46818,12829,4254289.0,2009-05-26 17:18:00,2009 May 26,17:18:00,2009,May,Tuesday,2:01 pm to 6:00 pm,17.0,0,Evening,Spring,3801,1030,MISSI,3D11D,21950(a),"21950(a,c)",Driver or bicyclist to yield right-of-way at crosswalks,BB,Vehicle-Pedestrian,32237,2,1,57649,1
46819,41111,4847768.0,2010-08-03 09:02:00,2010 August 03,09:02:00,2010,August,Tuesday,6:01 am to 10:00 am,9.0,0,Morning,Summer,3801,1629,TARAV,3I62,21755(a),21755(a),Unsafe passing on right shoulder,CC,Vehicle-Bicycle,32238,1,2,57655,1
46820,36591,150814834.0,2015-09-16 21:36:00,2015 September 16,21:36:00,2015,September,Wednesday,6:01 pm to 10:00 pm,21.0,0,Night,Fall,3801,40814,TARAVAL,4B81,21954(a),21954(a),Pedestrians must yield right-of-way outside of crosswalks,BB,Vehicle-Pedestrian,32239,1,13,57622,2
46821,15861,150695032.0,2015-08-10 07:56:00,2015 August 10,07:56:00,2015,August,Monday,6:01 am to 10:00 am,7.0,0,Morning,Summer,3801,646,SOUTHERN,3,21950(a),"21950(a,c)",Driver or bicyclist to yield right-of-way at crosswalks,BB,Vehicle-Pedestrian,1373,2,1,57649,1
46822,27540,4805845.0,2010-07-03 17:34:00,2010 July 03,17:34:00,2010,July,Saturday,2:01 pm to 6:00 pm,17.0,1,Evening,Summer,3801,1465,CENTR,4B8G,22350,22350,Unsafe speed for prevailing conditions,AA,Vehicle(s) Only Involved,32240,2,1,57658,1
46823,42109,5097571.0,2011-02-26 01:03:00,2011 February 26,01:03:00,2011,February,Saturday,10:01 pm to 2:00 am,1.0,1,Night,Winter,3801,1105,PARK,0103,22350,22350,Unsafe speed for prevailing conditions,EE,Bicycle-Parked Car,32241,2,61,57302,1
46824,14793,4483361.0,2009-11-16 09:05:00,2009 November 16,09:05:00,2009,November,Monday,6:01 am to 10:00 am,9.0,0,Morning,Fall,3801,1794,,3B60,21456(b),"21456(a,b)",Pedestrian violation of walk or wait signals,BB,Vehicle-Pedestrian,15837,2,1,57622,4
46825,28293,4245181.0,2009-04-05 06:35:00,2009 April 05,06:35:00,2009,April,Sunday,6:01 am to 10:00 am,6.0,1,Morning,Spring,3801,000714,CENTR,4B3D,22106,22106,Unsafe starting or backing on highway,BB,Vehicle-Pedestrian,2872,2,1,57649,6
46826,30905,4805883.0,2010-07-04 01:18:00,2010 July 04,01:18:00,2010,July,Sunday,10:01 pm to 2:00 am,1.0,1,Night,Summer,3801,1485,,,21801(a),"21801(a,b)",Violation of right-of-way - left turn,AA,Vehicle(s) Only Involved,5238,2,3,57659,1
46827,3793,4548182.0,2009-12-16 09:12:00,2009 December 16,09:12:00,2009,December,Wednesday,6:01 am to 10:00 am,9.0,0,Morning,Winter,3801,2358,COC,3C12A,21703,21703,Following too closely prohibited,AA,Vehicle(s) Only Involved,32242,4,4,57658,1
46828,8327,4268442.0,2009-06-05 12:44:00,2009 June 05,12:44:00,2009,June,Friday,10:01 am to 2:00 pm,12.0,0,Afternoon,Summer,3801,274,BAYVI,3C61,23152(a),23152(a-g),Driving under influence of alcohol and/or drugs,AA,Vehicle(s) Only Involved,32243,2,1,57237,1
46829,10777,4805907.0,2010-07-05 22:01:00,2010 July 05,22:01:00,2010,July,Monday,10:01 pm to 2:00 am,22.0,0,Night,Summer,3801,307,MSSN,3D60,22350,22350,Unsafe speed for prevailing conditions,CC,Vehicle-Bicycle,32244,1,3,57625,4
46830,16237,4788454.0,2010-06-05 23:05:00,2010 June 05,23:05:00,2010,June,Saturday,10:01 pm to 2:00 am,23.0,1,Night,Summer,3801,2270,SOUTH,5,Unknown,Unknown,Unknown,AA,Vehicle(s) Only Involved,5804,2,3,57660,1
46831,44247,4754114.0,2011-05-04 10:18:00,2011 May 04,10:18:00,2011,May,Wednesday,10:01 am to 2:00 pm,10.0,0,Morning,Spring,3801,1887,,,21802(a),"21802(a,b)",Violation of right-of-way - entering through highway,AA,Vehicle(s) Only Involved,14669,2,24,57659,1
46832,47263,190265855.0,2019-04-14 17:41:00,2019 April 14,17:41:00,2019,April,Sunday,2:01 pm to 6:00 pm,17.0,1,Evening,Spring,3801,624,Northern,3,21750,21750,Overtaking and passing unsafely,AA,Vehicle(s) Only Involved,14497,2,1,57660,1
46833,43515,5051491.0,2011-02-04 21:44:00,2011 February 04,21:44:00,2011,February,Friday,6:01 pm to 10:00 pm,21.0,0,Night,Winter,3801,2365,RICHM,3G13E,22106,22106,Unsafe starting or backing on highway,AA,Vehicle(s) Only Involved,32245,2,3,57660,1
46834,19854,4846003.0,2010-05-04 17:38:00,2010 May 04,17:38:00,2010,May,Tuesday,2:01 pm to 6:00 pm,17.0,0,Evening,Spring,3801,821,PARK,4B8F,21453(a),"21453(a,c)",Red signal - driver or bicyclist responsibilities,AA,Vehicle(s) Only Involved,40704,2,1,57659,1
46835,7907,5006397.0,2010-12-03 18:11:00,2010 December 03,18:11:00,2010,December,Friday,6:01 pm to 10:00 pm,18.0,0,Evening,Winter,3801,1030,MISSI,3D11D,21801(a),"21801(a,b)",Violation of right-of-way - left turn,CC,Vehicle-Bicycle,19427,2,3,57616,1
46836,37243,4198216.0,2009-04-14 09:25:00,2009 April 14,09:25:00,2009,April,Tuesday,6:01 am to 10:00 am,9.0,0,Morning,Spring,3801,2387,I,00S,21703,21703,Following too closely prohibited,CC,Vehicle-Bicycle,32246,2,2,56230,2
46837,34254,4140491.0,2009-02-28 15:01:00,2009 February 28,15:01:00,2009,February,Saturday,2:01 pm to 6:00 pm,15.0,1,Afternoon,Winter,3801,2369,CENTR,3A13C,22100(b),"22100(a,b)",Turn at intersection from wrong position,AA,Vehicle(s) Only Involved,10204,2,1,57659,2
46838,32016,4699268.0,2010-05-15 08:01:00,2010 May 15,08:01:00,2010,May,Saturday,6:01 am to 10:00 am,8.0,1,Morning,Spring,3801,241,COE,4B1E,21806(a),"21806(a,b)",Failure to yield to emergency vehicle,AA,Vehicle(s) Only Involved,23588,1,1,57659,1
46839,4626,4623501.0,2010-02-06 02:43:00,2010 February 06,02:43:00,2010,February,Saturday,2:01 am to 6:00 am,2.0,1,Night,Winter,3801,1998,INGLE,3H13E,22350,22350,Unsafe speed for prevailing conditions,AA,Vehicle(s) Only Involved,32247,4,7,57607,2
46840,6712,4717634.0,2010-05-30 18:35:00,2010 May 30,18:35:00,2010,May,Sunday,6:01 pm to 10:00 pm,18.0,1,Evening,Spring,3801,354,,3D11D,21453(a),"21453(a,c)",Red signal - driver or bicyclist responsibilities,AA,Vehicle(s) Only Involved,14572,2,1,57659,2
46841,7137,4882224.0,2010-09-08 12:59:00,2010 September 08,12:59:00,2010,September,Wednesday,10:01 am to 2:00 pm,12.0,0,Afternoon,Fall,3801,241,COH,4B1E,21955,21955,Crossing between controlled intersections (Jaywalking),BB,Vehicle-Pedestrian,32248,2,2,57622,2
46842,40910,150206714.0,2015-03-07 15:38:00,2015 March 07,15:38:00,2015,March,Saturday,2:01 pm to 6:00 pm,15.0,1,Afternoon,Spring,3801,2137,TARAVA L,2,21453(a),"21453(a,c)",Red signal - driver or bicyclist responsibilities,AA,Vehicle(s) Only Involved,35109,2,1,57659,1
46843,17124,4576958.0,2010-01-04 19:25:00,2010 January 04,19:25:00,2010,January,Monday,6:01 pm to 10:00 pm,19.0,0,Evening,Winter,3801,676,,4B6C,22350,22350,Unsafe speed for prevailing conditions,AA,Vehicle(s) Only Involved,20777,2,3,57569,1
46844,38157,4101074.0,2009-02-12 17:50:00,2009 February 12,17:50:00,2009,February,Thursday,2:01 pm to 6:00 pm,17.0,0,Evening,Winter,3801,2387,I,005,21658(a),"21658(a,b)",Lane straddling or failure to use specified lanes,CC,Vehicle-Bicycle,1499,2,3,57581,2
46845,7134,4822015.0,2010-07-30 21:11:00,2010 July 30,21:11:00,2010,July,Friday,6:01 pm to 10:00 pm,21.0,0,Night,Summer,3801,1653,,03H,21801(a),"21801(a,b)",Violation of right-of-way - left turn,AA,Vehicle(s) Only Involved,32249,1,3,57603,4
46846,41290,4107326.0,2009-02-21 13:50:00,2009 February 21,13:50:00,2009,February,Saturday,10:01 am to 2:00 pm,13.0,1,Afternoon,Winter,3801,213,COG,3G4A,22107,22107,Unsafe turn or lane change prohibited,AA,Vehicle(s) Only Involved,10639,2,1,57658,1
46847,33985,160140055.0,2016-02-16 19:57:00,2016 February 16,19:57:00,2016,February,Tuesday,6:01 pm to 10:00 pm,19.0,0,Evening,Winter,3801,380,CENTRAL,3,Unknown,Unknown,Unknown,AA,Vehicle(s) Only Involved,33098,3,6,57546,1
46848,16227,4333411.0,2009-07-20 18:50:00,2009 July 20,18:50:00,2009,July,Monday,6:01 pm to 10:00 pm,18.0,0,Evening,Summer,3801,1402,3B,3B5D,21453(a),"21453(a,c)",Red signal - driver or bicyclist responsibilities,AA,Vehicle(s) Only Involved,5804,1,1,57659,2
46849,33585,4639490.0,2010-03-07 01:45:00,2010 March 07,01:45:00,2010,March,Sunday,10:01 pm to 2:00 am,1.0,1,Night,Spring,3801,373,,3H62,Unknown,Unknown,Unknown,AA,Vehicle(s) Only Involved,32250,1,12,57191,8
46850,9483,4919402.0,2010-10-09 08:20:00,2010 October 09,08:20:00,2010,October,Saturday,6:01 am to 10:00 am,8.0,1,Morning,Fall,3801,1300,MISSI,0D3,22450(a),22450(a),Failure to stop at STOP sign,CC,Vehicle-Bicycle,15769,2,1,57581,1
46851,39212,4901651.0,2010-10-02 10:45:00,2010 October 02,10:45:00,2010,October,Saturday,10:01 am to 2:00 pm,10.0,1,Morning,Fall,3801,450,TARAV,2,21950(a),"21950(a,c)",Driver or bicyclist to yield right-of-way at crosswalks,BB,Vehicle-Pedestrian,32251,2,1,57649,1
46852,11665,4623513.0,2010-02-22 15:18:00,2010 February 22,15:18:00,2010,February,Monday,2:01 pm to 6:00 pm,15.0,0,Afternoon,Winter,3801,2458,3D44C,,22350,22350,Unsafe speed for prevailing conditions,AA,Vehicle(s) Only Involved,33022,2,1,57475,2
46853,5975,130682548.0,2013-08-17 05:49:00,2013 August 17,05:49:00,2013,August,Saturday,2:01 am to 6:00 am,5.0,1,Morning,Summer,3801,4192,BAYVIEW,,23153(a),23153(a-g),Driving under influence causing injury,AA,Vehicle(s) Only Involved,32252,8,3,57496,16
46854,44102,5076746.0,2011-01-23 18:40:00,2011 January 23,18:40:00,2011,January,Sunday,6:01 pm to 10:00 pm,18.0,1,Evening,Winter,3801,1579,,,22350,22350,Unsafe speed for prevailing conditions,AA,Vehicle(s) Only Involved,32253,2,3,57658,1
46855,8563,4199445.0,2009-04-11 10:17:00,2009 April 11,10:17:00,2009,April,Saturday,10:01 am to 2:00 pm,10.0,1,Morning,Spring,3801,2377,,3D14A,21950(a),"21950(a,c)",Driver or bicyclist to yield right-of-way at crosswalks,BB,Vehicle-Pedestrian,32254,2,2,57649,1
46856,30416,4915515.0,2010-09-18 09:50:00,2010 September 18,09:50:00,2010,September,Saturday,6:01 am to 10:00 am,9.0,1,Morning,Fall,3801,1073,,4B1F,21453(a),"21453(a,c)",Red signal - driver or bicyclist responsibilities,AA,Vehicle(s) Only Involved,12471,1,16,57659,13
46857,30754,4876648.0,2010-09-01 09:52:00,2010 September 01,09:52:00,2010,September,Wednesday,6:01 am to 10:00 am,9.0,0,Morning,Fall,3801,779,NORTH,3.00E+62,22107,22107,Unsafe turn or lane change prohibited,BB,Vehicle-Pedestrian,32255,2,45,57649,1
46858,5551,4996931.0,2010-12-26 09:08:00,2010 December 26,09:08:00,2010,December,Sunday,6:01 am to 10:00 am,9.0,1,Morning,Winter,3801,991,,4B1G,21954(a),21954(a),Pedestrians must yield right-of-way outside of crosswalks,BB,Vehicle-Pedestrian,8402,11,4,57622,1
46859,29026,3980984.0,2008-11-15 03:16:00,2008 November 15,03:16:00,2008,November,Saturday,2:01 am to 6:00 am,3.0,1,Night,Fall,3801,A10341,,3E12E,21453(a),"21453(a,c)",Red signal - driver or bicyclist responsibilities,AA,Vehicle(s) Only Involved,39447,2,3,57659,1
46860,19762,4318608.0,2009-07-20 22:25:00,2009 July 20,22:25:00,2009,July,Monday,10:01 pm to 2:00 am,22.0,0,Night,Summer,3801,408,PARK,3F43E,23153(a),23153(a-g),Driving under influence causing injury,AA,Vehicle(s) Only Involved,32256,2,3,57658,14
46861,12646,4315328.0,2009-07-12 17:05:00,2009 July 12,17:05:00,2009,July,Sunday,2:01 pm to 6:00 pm,17.0,1,Evening,Summer,3801,001846,MISSI,3D11D,21211(a),"21211(a,b)",Illegally impeding bicycle lanes,CC,Vehicle-Bicycle,32257,2,20,57660,2
46862,13236,150680970.0,2015-08-05 14:32:00,2015 August 05,14:32:00,2015,August,Wednesday,2:01 pm to 6:00 pm,14.0,0,Afternoon,Summer,3801,1994,SOUTHERN,4B4B,22350,22350,Unsafe speed for prevailing conditions,FF,Bicycle Only,32258,2,25,57253,2
46863,36527,4800665.0,2010-07-24 18:50:00,2010 July 24,18:50:00,2010,July,Saturday,6:01 pm to 10:00 pm,18.0,1,Evening,Summer,3801,868,31,4B5G,22350,22350,Unsafe speed for prevailing conditions,AA,Vehicle(s) Only Involved,32259,2,2,57658,8
46864,22459,4260684.0,2009-05-06 22:30:00,2009 May 06,22:30:00,2009,May,Wednesday,10:01 pm to 2:00 am,22.0,0,Night,Spring,3801,1584,PARK,4B5F,22350,22350,Unsafe speed for prevailing conditions,AA,Vehicle(s) Only Involved,22082,2,3,57658,11
46865,38230,4712350.0,2010-05-07 08:00:00,2010 May 07,08:00:00,2010,May,Friday,6:01 am to 10:00 am,8.0,0,Morning,Spring,3801,1629,TARAV,3I62,22350,22350,Unsafe speed for prevailing conditions,AA,Vehicle(s) Only Involved,32260,2,1,57658,1
46866,9066,4978856.0,2010-11-24 18:58:00,2010 November 24,18:58:00,2010,November,Wednesday,6:01 pm to 10:00 pm,18.0,0,Evening,Fall,3801,2089,MISSI,4B6B,21453(a),"21453(a,c)",Red signal - driver or bicyclist responsibilities,AA,Vehicle(s) Only Involved,40910,2,3,57659,1
46867,16514,4584621.0,2010-01-25 08:30:00,2010 January 25,08:30:00,2010,January,Monday,6:01 am to 10:00 am,8.0,0,Morning,Winter,3801,2118,SOUTH,00B,21950(a),"21950(a,c)",Driver or bicyclist to yield right-of-way at crosswalks,BB,Vehicle-Pedestrian,32261,4,16,57649,2
46868,31447,4840508.0,2010-08-09 12:44:00,2010 August 09,12:44:00,2010,August,Monday,10:01 am to 2:00 pm,12.0,0,Afternoon,Summer,3801,671,,,21453(a),"21453(a,c)",Red signal - driver or bicyclist responsibilities,AA,Vehicle(s) Only Involved,17758,2,1,57659,1
46869,45300,4407720.0,2009-09-18 15:40:00,2009 September 18,15:40:00,2009,September,Friday,2:01 pm to 6:00 pm,15.0,0,Afternoon,Fall,3801,1584,,4B5F,22517,22517,Opening door on traffic side when unsafe,CC,Vehicle-Bicycle,32262,2,40,57374,1
46870,8650,4629605.0,2010-02-08 08:30:00,2010 February 08,08:30:00,2010,February,Monday,6:01 am to 10:00 am,8.0,0,Morning,Winter,3801,2226,MISSI,3D61K,21954(b),21954(b),Failure of driver or bicyclist to exercise due care for safety of pedestrian on roadway,BB,Vehicle-Pedestrian,32263,11,1,57649,2
46871,38088,150739141.0,2015-08-24 00:30:00,2015 August 24,00:30:00,2015,August,Monday,10:01 pm to 2:00 am,0.0,0,Night,Summer,3801,4347,TARAVAL,980A,22350,22350,Unsafe speed for prevailing conditions,AA,Vehicle(s) Only Involved,33834,2,3,57607,1
46872,8936,150886043.0,2015-10-10 00:10:00,2015 October 10,00:10:00,2015,October,Saturday,10:01 pm to 2:00 am,0.0,1,Night,Fall,3801,1480,MISSION,3D13E,21954(a),21954(a),Pedestrians must yield right-of-way outside of crosswalks,BB,Vehicle-Pedestrian,32264,2,12,57622,2
46873,23551,5022565.0,2011-01-29 18:35:00,2011 January 29,18:35:00,2011,January,Saturday,6:01 pm to 10:00 pm,18.0,1,Evening,Winter,3801,651,4B6A,00B,21453(a),"21453(a,c)",Red signal - driver or bicyclist responsibilities,AA,Vehicle(s) Only Involved,9456,1,21,57659,2
46874,42966,4703200.0,2010-05-03 17:28:00,2010 May 03,17:28:00,2010,May,Monday,2:01 pm to 6:00 pm,17.0,0,Evening,Spring,3801,2122,,,22517,22517,Opening door on traffic side when unsafe,CC,Vehicle-Bicycle,32265,2,2,57614,8
46875,9610,4924485.0,2010-10-19 17:00:00,2010 October 19,17:00:00,2010,October,Tuesday,2:01 pm to 6:00 pm,17.0,0,Evening,Fall,3801,307,MISSI,3D60,21453(a),"21453(a,c)",Red signal - driver or bicyclist responsibilities,AA,Vehicle(s) Only Involved,997,2,1,57659,1
46876,10492,4915538.0,2010-09-27 09:40:00,2010 September 27,09:40:00,2010,September,Monday,6:01 am to 10:00 am,9.0,0,Morning,Fall,3801,747,MISSI,3D63,21801(a),"21801(a,b)",Violation of right-of-way - left turn,AA,Vehicle(s) Only Involved,32266,2,1,57603,2
46877,21980,4197137.0,2009-03-18 23:25:00,2009 March 18,23:25:00,2009,March,Wednesday,10:01 pm to 2:00 am,23.0,0,Night,Spring,3801,2426,,3E12E,21453(a),"21453(a,c)",Red signal - driver or bicyclist responsibilities,AA,Vehicle(s) Only Involved,29741,2,3,57659,8
46878,13395,4957168.0,2010-11-03 16:42:00,2010 November 03,16:42:00,2010,November,Wednesday,2:01 pm to 6:00 pm,16.0,0,Afternoon,Fall,3801,1522,MISSI,6,21453(a),"21453(a,c)",Red signal - driver or bicyclist responsibilities,CC,Vehicle-Bicycle,7387,2,1,57655,1
46879,43991,4080747.0,2009-01-03 19:41:00,2009 January 03,19:41:00,2009,January,Saturday,6:01 pm to 10:00 pm,19.0,1,Evening,Winter,3801,147,RICHM,3G14D,21950(b),21950(b),Pedestrian suddenly entering into vehicle path close enough to create an immediate hazard,BB,Vehicle-Pedestrian,32267,2,3,57566,1
46880,34364,3979662.0,2008-10-31 11:10:00,2008 October 31,11:10:00,2008,October,Friday,10:01 am to 2:00 pm,11.0,0,Morning,Fall,3801,2350,A,3A13A,22350,22350,Unsafe speed for prevailing conditions,BB,Vehicle-Pedestrian,32268,2,4,57649,1
46881,38098,4668132.0,2010-04-06 15:42:00,2010 April 06,15:42:00,2010,April,Tuesday,2:01 pm to 6:00 pm,15.0,0,Afternoon,Spring,3801,1682,SF,3I60,22106,22106,Unsafe starting or backing on highway,AA,Vehicle(s) Only Involved,32269,2,2,57607,1
46882,33742,4648426.0,2010-03-28 19:19:00,2010 March 28,19:19:00,2010,March,Sunday,6:01 pm to 10:00 pm,19.0,1,Evening,Spring,3801,2089,,4B8B,21801(a),"21801(a,b)",Violation of right-of-way - left turn,AA,Vehicle(s) Only Involved,4956,2,1,57659,3
46883,19044,4985285.0,2010-12-08 16:50:00,2010 December 08,16:50:00,2010,December,Wednesday,2:01 pm to 6:00 pm,16.0,0,Afternoon,Winter,3801,1584,NORTH,4B6E,21950(a),"21950(a,c)",Driver or bicyclist to yield right-of-way at crosswalks,BB,Vehicle-Pedestrian,37805,4,16,57649,1
46884,6364,150862968.0,2015-10-02 11:40:00,2015 October 02,11:40:00,2015,October,Friday,10:01 am to 2:00 pm,11.0,0,Morning,Fall,3801,2450,MISSION,3D44C,21453(a),"21453(a,c)",Red signal - driver or bicyclist responsibilities,AA,Vehicle(s) Only Involved,14543,2,1,57659,2
46885,23584,4976131.0,2010-12-18 20:51:00,2010 December 18,20:51:00,2010,December,Saturday,6:01 pm to 10:00 pm,20.0,1,Evening,Winter,3801,674,SOUTH,3B62,21453(a),"21453(a,c)",Red signal - driver or bicyclist responsibilities,AA,Vehicle(s) Only Involved,6964,1,13,57659,1
46886,962,4039827.0,2009-01-12 08:25:00,2009 January 12,08:25:00,2009,January,Monday,6:01 am to 10:00 am,8.0,0,Morning,Winter,3801,00017,INGLE,3H61K,21950(a),"21950(a,c)",Driver or bicyclist to yield right-of-way at crosswalks,BB,Vehicle-Pedestrian,32270,2,1,57649,1
46887,34561,4491609.0,2009-11-25 12:00:00,2009 November 25,12:00:00,2009,November,Wednesday,10:01 am to 2:00 pm,12.0,0,Afternoon,Fall,3801,1723,A,,21754,21754,Improper passing on right prohibited,CC,Vehicle-Bicycle,32271,2,1,57625,1