collision_id,unique_id,case_id_pkey,collision_datetime,collision_date,collision_time,accident_year,month,day_of_week,time_cat,hour_of_day,is_weekend,time_of_day,season,juris,officer_id,reporting_district,beat_number,vz_pcf_code,vz_pcf_group,vz_pcf_description,dph_col_grp,dph_col_grp_description,location_id,weather_id,road_id,party_id,severity_id
46888,11559,5197767.0,2011-05-25 12:43:00,2011 May 25,12:43:00,2011,May,Wednesday,10:01 am to 2:00 pm,12.0,0,Afternoon,Spring,3801,747,MISSI,901,Unknown,Unknown,Unknown,AA,Vehicle(s) Only Involved,32272,7,16,56341,1
46889,15945,4635435.0,2010-02-17 21:10:00,2010 February 17,21:10:00,2010,February,Wednesday,6:01 pm to 10:00 pm,21.0,0,Night,Winter,3801,729,SOUTH,4,Unknown,Unknown,Unknown,CC,Vehicle-Bicycle,32273,1,3,57639,2
46890,15715,5075774.0,2011-01-25 08:18:00,2011 January 25,08:18:00,2011,January,Tuesday,6:01 am to 10:00 am,8.0,0,Morning,Winter,3801,265,,,21802(a),"21802(a,b)",Violation of right-of-way - entering through highway,CC,Vehicle-Bicycle,12089,2,1,57581,2
46891,19489,4915630.0,2010-09-30 21:41:00,2010 September 30,21:41:00,2010,September,Thursday,6:01 pm to 10:00 pm,21.0,0,Night,Fall,3801,522,PARK,3F1E,22106,22106,Unsafe starting or backing on highway,CC,Vehicle-Bicycle,32274,1,7,57614,2
46892,43144,4549911.0,2009-12-18 08:36:00,2009 December 18,08:36:00,2009,December,Friday,6:01 am to 10:00 am,8.0,0,Morning,Winter,3801,459,,,22350,22350,Unsafe speed for prevailing conditions,AA,Vehicle(s) Only Involved,16480,2,1,57607,1
46893,6669,4141617.0,2009-02-22 04:39:00,2009 February 22,04:39:00,2009,February,Sunday,2:01 am to 6:00 am,4.0,1,Night,Winter,3801,454,D,3D108,23153(a),23153(a-g),Driving under influence causing injury,AA,Vehicle(s) Only Involved,31319,4,13,57585,1
46894,31665,4623386.0,2010-02-09 11:50:00,2010 February 09,11:50:00,2010,February,Tuesday,10:01 am to 2:00 pm,11.0,0,Morning,Winter,3801,1597,RICHM,3G62,21453(a),"21453(a,c)",Red signal - driver or bicyclist responsibilities,AA,Vehicle(s) Only Involved,24160,2,1,57659,1
46895,27362,4854950.0,2010-08-23 16:50:00,2010 August 23,16:50:00,2010,August,Monday,2:01 pm to 6:00 pm,16.0,0,Afternoon,Summer,3801,43,CENTR,3E61K,Unknown,Unknown,Unknown,BB,Vehicle-Pedestrian,12694,2,1,57525,2
46896,40722,4775329.0,2010-05-26 07:30:00,2010 May 26,07:30:00,2010,May,Wednesday,6:01 am to 10:00 am,7.0,0,Morning,Spring,3801,2434,,311,22350,22350,Unsafe speed for prevailing conditions,AA,Vehicle(s) Only Involved,32275,1,2,57658,1
46897,21997,4273420.0,2009-05-31 17:07:00,2009 May 31,17:07:00,2009,May,Sunday,2:01 pm to 6:00 pm,17.0,1,Evening,Spring,3801,1974,PARK,3F14D,22350,22350,Unsafe speed for prevailing conditions,AA,Vehicle(s) Only Involved,28541,2,1,57658,1
46898,24029,150661265.0,2015-07-29 21:07:00,2015 July 29,21:07:00,2015,July,Wednesday,6:01 pm to 10:00 pm,21.0,0,Night,Summer,3801,4326,CO B,2,Unknown,Unknown,Unknown,BB,Vehicle-Pedestrian,32276,2,3,54570,1
46899,41314,4215539.0,2009-04-19 18:45:00,2009 April 19,18:45:00,2009,April,Sunday,6:01 pm to 10:00 pm,18.0,1,Evening,Spring,3801,1607,COI,3I2D,22101(d),22101(d),Violation of a turn prohibition sign,AA,Vehicle(s) Only Involved,32277,2,3,57659,2
46900,17018,150849289.0,2015-09-28 07:48:00,2015 September 28,07:48:00,2015,September,Monday,6:01 am to 10:00 am,7.0,0,Morning,Fall,3801,1968,TENDERLOIN,3J12A,12500(a),12500(a),Unlawful to drive unless licensed,BB,Vehicle-Pedestrian,32278,2,33,57566,4
46901,17456,4812076.0,2010-07-23 22:08:00,2010 July 23,22:08:00,2010,July,Friday,10:01 pm to 2:00 am,22.0,0,Night,Summer,3801,,MISSI,3D11E,22350,22350,Unsafe speed for prevailing conditions,AA,Vehicle(s) Only Involved,32279,2,3,57658,1
46902,21984,5061080.0,2011-01-02 18:20:00,2011 January 02,18:20:00,2011,January,Sunday,6:01 pm to 10:00 pm,18.0,1,Evening,Winter,3801,1584,NORTH,4B6E,21453(a),"21453(a,c)",Red signal - driver or bicyclist responsibilities,AA,Vehicle(s) Only Involved,29741,2,3,57659,1
46903,20463,4989464.0,2010-12-05 15:38:00,2010 December 05,15:38:00,2010,December,Sunday,2:01 pm to 6:00 pm,15.0,1,Afternoon,Winter,3801,1087,,,22350,22350,Unsafe speed for prevailing conditions,BB,Vehicle-Pedestrian,32280,4,37,57649,8
46904,29905,4689472.0,2010-04-23 17:33:00,2010 April 23,17:33:00,2010,April,Friday,2:01 pm to 6:00 pm,17.0,0,Evening,Spring,3801,4051,NORTH,3E13D,Unknown,Unknown,Unknown,CC,Vehicle-Bicycle,14836,2,1,55192,2
46905,5724,3997431.0,2008-11-05 21:36:00,2008 November 05,21:36:00,2008,November,Wednesday,6:01 pm to 10:00 pm,21.0,0,Night,Fall,3801,1296,INGLE,3N11E,21950(a),"21950(a,c)",Driver or bicyclist to yield right-of-way at crosswalks,BB,Vehicle-Pedestrian,32281,2,3,57649,1
46906,34219,4689533.0,2010-04-24 10:08:00,2010 April 24,10:08:00,2010,April,Saturday,10:01 am to 2:00 pm,10.0,1,Morning,Spring,3801,1486,CENTR,3A3C,22350,22350,Unsafe speed for prevailing conditions,EE,Bicycle-Parked Car,32282,2,2,57302,4
46907,44894,4561389.0,2009-11-16 15:27:00,2009 November 16,15:27:00,2009,November,Monday,2:01 pm to 6:00 pm,15.0,0,Afternoon,Fall,3801,1597,,3G62,21453(a),"21453(a,c)",Red signal - driver or bicyclist responsibilities,AA,Vehicle(s) Only Involved,28150,2,1,57659,6
46908,8865,4969585.0,2010-12-16 11:26:00,2010 December 16,11:26:00,2010,December,Thursday,10:01 am to 2:00 pm,11.0,0,Morning,Winter,3801,1866,MISSI,4B7D,22350,22350,Unsafe speed for prevailing conditions,AA,Vehicle(s) Only Involved,32283,2,1,57658,54
46909,42800,4809006.0,2010-06-28 07:02:00,2010 June 28,07:02:00,2010,June,Monday,6:01 am to 10:00 am,7.0,0,Morning,Summer,3801,1593,RICHM,4B5I,21453(a),"21453(a,c)",Red signal - driver or bicyclist responsibilities,AA,Vehicle(s) Only Involved,38076,2,1,57659,8
46910,41483,4667792.0,2010-04-14 01:16:00,2010 April 14,01:16:00,2010,April,Wednesday,10:01 pm to 2:00 am,1.0,0,Night,Spring,3801,669,TARAV,3I13E,21802(a),"21802(a,b)",Violation of right-of-way - entering through highway,AA,Vehicle(s) Only Involved,27109,2,3,57659,1
46911,31859,5097588.0,2011-02-24 15:44:00,2011 February 24,15:44:00,2011,February,Thursday,2:01 pm to 6:00 pm,15.0,0,Afternoon,Winter,3801,868,3E,4B5G,22102,22102,Illegal U-turn in business district,AA,Vehicle(s) Only Involved,32284,4,16,57659,1
46912,38601,4077713.0,2008-12-01 15:40:00,2008 December 01,15:40:00,2008,December,Monday,2:01 pm to 6:00 pm,15.0,0,Afternoon,Winter,3801,1279,TARAV,4B6I,21951,21951,Overtaking vehicles or bicycles stopped for pedestrians,CC,Vehicle-Bicycle,32285,2,1,57581,2
46913,41671,4003392.0,2009-01-24 09:02:00,2009 January 24,09:02:00,2009,January,Saturday,6:01 am to 10:00 am,9.0,1,Morning,Winter,3801,2382,TARAV,3I13,21453(a),"21453(a,c)",Red signal - driver or bicyclist responsibilities,AA,Vehicle(s) Only Involved,40117,11,16,57659,1
46914,14904,4985402.0,2010-12-16 19:12:00,2010 December 16,19:12:00,2010,December,Thursday,6:01 pm to 10:00 pm,19.0,0,Evening,Winter,3801,,,3B60,22107,22107,Unsafe turn or lane change prohibited,AA,Vehicle(s) Only Involved,32286,4,13,57660,1
46915,39742,4469314.0,2009-11-07 07:27:00,2009 November 07,07:27:00,2009,November,Saturday,6:01 am to 10:00 am,7.0,1,Morning,Fall,3801,874,TARAV,4B4H,21954(a),21954(a),Pedestrians must yield right-of-way outside of crosswalks,BB,Vehicle-Pedestrian,32287,2,1,57622,4
46916,19376,4107310.0,2009-02-19 13:50:00,2009 February 19,13:50:00,2009,February,Thursday,10:01 am to 2:00 pm,13.0,0,Afternoon,Winter,3801,1437,PARK,F43C,Unknown,Unknown,Unknown,CC,Vehicle-Bicycle,32288,2,1,57468,2
46917,1162,150817634.0,2015-09-17 18:20:00,2015 September 17,18:20:00,2015,September,Thursday,6:01 pm to 10:00 pm,18.0,0,Evening,Fall,3801,2348,INGLESIDE,3H15D,22106,22106,Unsafe starting or backing on highway,AA,Vehicle(s) Only Involved,32289,2,1,57584,1
46918,7281,4812060.0,2010-07-25 13:33:00,2010 July 25,13:33:00,2010,July,Sunday,10:01 am to 2:00 pm,13.0,1,Afternoon,Summer,3801,2326,H,3H16C,22106,22106,Unsafe starting or backing on highway,AA,Vehicle(s) Only Involved,32290,2,2,57237,1
46919,29708,4805874.0,2010-07-11 00:30:00,2010 July 11,00:30:00,2010,July,Sunday,10:01 pm to 2:00 am,0.0,1,Night,Summer,3801,1602,NORTH,3E14E,22107,22107,Unsafe turn or lane change prohibited,AA,Vehicle(s) Only Involved,40355,2,3,57659,3
46920,39104,6221502.0,2012-12-15 18:40:00,2012 December 15,18:40:00,2012,December,Saturday,6:01 pm to 10:00 pm,18.0,1,Evening,Winter,3801,002345,TARAV,3I11D,Unknown,Unknown,Unknown,AA,Vehicle(s) Only Involved,32291,4,17,57653,2
46921,35537,4648579.0,2010-03-28 19:10:00,2010 March 28,19:10:00,2010,March,Sunday,6:01 pm to 10:00 pm,19.0,1,Evening,Spring,3801,190,NORTH,3E15D,21950(a),"21950(a,c)",Driver or bicyclist to yield right-of-way at crosswalks,BB,Vehicle-Pedestrian,32292,2,2,57525,1
46922,40026,4401563.0,2009-09-19 13:00:00,2009 September 19,13:00:00,2009,September,Saturday,10:01 am to 2:00 pm,13.0,1,Afternoon,Fall,3801,1484,PARK,3F61,22350,22350,Unsafe speed for prevailing conditions,AA,Vehicle(s) Only Involved,32293,11,2,57607,2
46923,10789,4585942.0,2010-01-29 08:12:00,2010 January 29,08:12:00,2010,January,Friday,6:01 am to 10:00 am,8.0,0,Morning,Winter,3801,747,,3D63,22103,22103,Illegal U-turn in residential district,CC,Vehicle-Bicycle,32294,1,1,57390,1
46924,32091,4480156.0,2009-12-01 16:00:00,2009 December 01,16:00:00,2009,December,Tuesday,2:01 pm to 6:00 pm,16.0,0,Afternoon,Winter,3801,1428,,,22350,22350,Unsafe speed for prevailing conditions,AA,Vehicle(s) Only Involved,32295,1,1,57660,8
46925,18050,4952139.0,2010-11-30 09:16:00,2010 November 30,09:16:00,2010,November,Tuesday,6:01 am to 10:00 am,9.0,0,Morning,Fall,3801,246,NORTH,4B2E,Unknown,Unknown,Unknown,FF,Bicycle Only,32296,2,2,57524,2
46926,19719,4861848.0,2010-08-30 10:51:00,2010 August 30,10:51:00,2010,August,Monday,10:01 am to 2:00 pm,10.0,0,Morning,Summer,3801,4194,,4CAR,21801(b),"21801(a,b)",Violation of right-of-way - left turn,CC,Vehicle-Bicycle,29798,2,131,56267,2
46927,44967,4822390.0,2010-08-01 17:11:00,2010 August 01,17:11:00,2010,August,Sunday,2:01 pm to 6:00 pm,17.0,1,Evening,Summer,3801,2122,G,4BD,22106,22106,Unsafe starting or backing on highway,AA,Vehicle(s) Only Involved,32297,1,2,57584,2
46928,36299,4352568.0,2009-08-16 00:45:00,2009 August 16,00:45:00,2009,August,Sunday,10:01 pm to 2:00 am,0.0,1,Night,Summer,3801,2258,3HING,3H13E,21453(a),"21453(a,c)",Red signal - driver or bicyclist responsibilities,AA,Vehicle(s) Only Involved,31438,2,3,57659,3
46929,36818,4925616.0,2010-10-09 13:12:00,2010 October 09,13:12:00,2010,October,Saturday,10:01 am to 2:00 pm,13.0,1,Afternoon,Fall,3801,1682,,3160,22350,22350,Unsafe speed for prevailing conditions,AA,Vehicle(s) Only Involved,8004,2,2,57658,12
46930,34627,4935191.0,2010-09-16 18:54:00,2010 September 16,18:54:00,2010,September,Thursday,6:01 pm to 10:00 pm,18.0,0,Evening,Fall,3801,2175,E,4B7E,21453(a),"21453(a,c)",Red signal - driver or bicyclist responsibilities,AA,Vehicle(s) Only Involved,36142,1,85,57659,1
46931,34705,4989430.0,2010-11-29 02:20:00,2010 November 29,02:20:00,2010,November,Monday,2:01 am to 6:00 am,2.0,0,Night,Fall,3801,1993,NORTH,3E14E,21950(a),"21950(a,c)",Driver or bicyclist to yield right-of-way at crosswalks,BB,Vehicle-Pedestrian,32298,2,3,57649,1
46932,7766,4881936.0,2010-09-13 18:06:00,2010 September 13,18:06:00,2010,September,Monday,6:01 pm to 10:00 pm,18.0,0,Evening,Fall,3801,307,MISSI,3D60,22350,22350,Unsafe speed for prevailing conditions,AA,Vehicle(s) Only Involved,32299,2,76,57658,1
46933,2913,4926079.0,2010-09-01 17:00:00,2010 September 01,17:00:00,2010,September,Wednesday,2:01 pm to 6:00 pm,17.0,0,Evening,Fall,3801,1279,C,3C62,21950(a),"21950(a,c)",Driver or bicyclist to yield right-of-way at crosswalks,BB,Vehicle-Pedestrian,32300,2,1,57649,6
46934,17233,3997208.0,2008-11-21 16:46:00,2008 November 21,16:46:00,2008,November,Friday,2:01 pm to 6:00 pm,16.0,0,Afternoon,Fall,3801,2358,COJ,3J43D,21950(a),"21950(a,c)",Driver or bicyclist to yield right-of-way at crosswalks,BB,Vehicle-Pedestrian,15087,2,33,57649,1
46935,37989,4199872.0,2009-04-06 09:25:00,2009 April 06,09:25:00,2009,April,Monday,6:01 am to 10:00 am,9.0,0,Morning,Spring,3801,1629,TARAV,3I62,Unknown,Unknown,Unknown,AA,Vehicle(s) Only Involved,11570,2,1,57585,8
46936,22676,4340614.0,2009-08-04 19:07:00,2009 August 04,19:07:00,2009,August,Tuesday,6:01 pm to 10:00 pm,19.0,0,Evening,Summer,3801,4159,SANFR,3F440,21453(d),21453(d),Red signal - pedestrian responsibilities,BB,Vehicle-Pedestrian,32034,2,1,57622,1
46937,30499,4371447.0,2009-07-23 15:35:00,2009 July 23,15:35:00,2009,July,Thursday,2:01 pm to 6:00 pm,15.0,0,Afternoon,Summer,3801,001057,E,00E,21658(a),"21658(a,b)",Lane straddling or failure to use specified lanes,AA,Vehicle(s) Only Involved,32301,2,1,57658,1
46938,42904,4384487.0,2009-09-01 15:55:00,2009 September 01,15:55:00,2009,September,Tuesday,2:01 pm to 6:00 pm,15.0,0,Afternoon,Fall,3801,2082,PARK,4B6H,21453(a),"21453(a,c)",Red signal - driver or bicyclist responsibilities,AA,Vehicle(s) Only Involved,10316,2,1,57659,1
46939,37177,140188677.0,2014-03-05 11:10:00,2014 March 05,11:10:00,2014,March,Wednesday,10:01 am to 2:00 pm,11.0,0,Morning,Spring,3801,2482,TARAVAL,3115B,21703,21703,Following too closely prohibited,AA,Vehicle(s) Only Involved,25465,1,1,57658,1
46940,3637,4290564.0,2009-06-01 15:22:00,2009 June 01,15:22:00,2009,June,Monday,2:01 pm to 6:00 pm,15.0,0,Afternoon,Summer,3801,379,BAYVI,0C2,21801(a),"21801(a,b)",Violation of right-of-way - left turn,AA,Vehicle(s) Only Involved,31265,2,1,57603,3
46941,4091,4811196.0,2010-07-27 12:29:00,2010 July 27,12:29:00,2010,July,Tuesday,10:01 am to 2:00 pm,12.0,0,Afternoon,Summer,3801,1043,,3H62,23152(a),23152(a-g),Driving under influence of alcohol and/or drugs,AA,Vehicle(s) Only Involved,32302,2,1,57584,2
46942,39236,3995478.0,2008-12-21 15:30:00,2008 December 21,15:30:00,2008,December,Sunday,2:01 pm to 6:00 pm,15.0,1,Afternoon,Winter,3801,1866,TARAV,4B7D,21650.1,21650.1,Bicycle to travel in same direction as vehicles,CC,Vehicle-Bicycle,32303,2,1,57621,2
46943,5049,4788430.0,2010-06-07 08:30:00,2010 June 07,08:30:00,2010,June,Monday,6:01 am to 10:00 am,8.0,0,Morning,Summer,3801,715,INGLE,3H4A,22350,22350,Unsafe speed for prevailing conditions,AA,Vehicle(s) Only Involved,32304,2,1,57658,1
46944,30319,4254864.0,2009-05-29 08:54:00,2009 May 29,08:54:00,2009,May,Friday,6:01 am to 10:00 am,8.0,0,Morning,Spring,3801,000094,NORTH,3E61K,22350,22350,Unsafe speed for prevailing conditions,CC,Vehicle-Bicycle,32305,2,2,57561,2
46945,28201,4820759.0,2010-07-29 18:10:00,2010 July 29,18:10:00,2010,July,Thursday,6:01 pm to 10:00 pm,18.0,0,Evening,Summer,3801,43,,3A4C,21804(a),"21804(a,b)",Entering highway from alley or driveway,AA,Vehicle(s) Only Involved,26950,2,2,57659,1
46946,44093,4968236.0,2010-11-22 13:00:00,2010 November 22,13:00:00,2010,November,Monday,10:01 am to 2:00 pm,13.0,0,Afternoon,Fall,3801,318,G,04A,21453(a),"21453(a,c)",Red signal - driver or bicyclist responsibilities,AA,Vehicle(s) Only Involved,6352,1,1,57659,1
46947,27589,140654468.0,2014-08-06 15:30:00,2014 August 06,15:30:00,2014,August,Wednesday,2:01 pm to 6:00 pm,15.0,0,Afternoon,Summer,3801,4349,CENTRAL,2 CAR,21453(d),21453(d),Red signal - pedestrian responsibilities,BB,Vehicle-Pedestrian,38653,2,1,57566,4
46948,9764,4860454.0,2010-08-18 12:00:00,2010 August 18,12:00:00,2010,August,Wednesday,10:01 am to 2:00 pm,12.0,0,Afternoon,Summer,3801,1467,,,21658(a),"21658(a,b)",Lane straddling or failure to use specified lanes,AA,Vehicle(s) Only Involved,32306,2,2,57660,1
46949,30455,4270869.0,2009-05-20 12:40:00,2009 May 20,12:40:00,2009,May,Wednesday,10:01 am to 2:00 pm,12.0,0,Afternoon,Spring,3801,00779,NORTH,3E62,22107,22107,Unsafe turn or lane change prohibited,CC,Vehicle-Bicycle,5624,2,1,57655,2
46950,21815,5076722.0,2011-01-14 10:46:00,2011 January 14,10:46:00,2011,January,Friday,10:01 am to 2:00 pm,10.0,0,Morning,Winter,3801,241,,,22517,22517,Opening door on traffic side when unsafe,CC,Vehicle-Bicycle,32307,2,2,57660,2
46951,16930,150820966.0,2015-09-18 21:25:00,2015 September 18,21:25:00,2015,September,Friday,6:01 pm to 10:00 pm,21.0,0,Night,Fall,3801,71,SOUTHERN,901,21703,21703,Following too closely prohibited,AA,Vehicle(s) Only Involved,5040,2,3,57658,8
46952,40745,4924735.0,2010-10-04 18:20:00,2010 October 04,18:20:00,2010,October,Monday,6:01 pm to 10:00 pm,18.0,0,Evening,Fall,3801,2206,TARAV,1,22350,22350,Unsafe speed for prevailing conditions,AA,Vehicle(s) Only Involved,32308,2,15,57658,1
46953,38165,4513112.0,2009-12-07 09:32:00,2009 December 07,09:32:00,2009,December,Monday,6:01 am to 10:00 am,9.0,0,Morning,Winter,3801,1629,TARAV,3I62,22350,22350,Unsafe speed for prevailing conditions,BB,Vehicle-Pedestrian,32309,11,16,57649,2
46954,30214,4601005.0,2010-01-17 11:16:00,2010 January 17,11:16:00,2010,January,Sunday,10:01 am to 2:00 pm,11.0,1,Morning,Winter,3801,43,NORTH,3E61K,21451(a),"21451(a,b)",Green signal - driver or bicyclist responsibilities,AA,Vehicle(s) Only Involved,39435,1,16,57659,8
46955,28748,4315283.0,2009-07-13 02:22:00,2009 July 13,02:22:00,2009,July,Monday,2:01 am to 6:00 am,2.0,0,Night,Summer,3801,997,E,3E12E,23153(a),23153(a-g),Driving under influence causing injury,AA,Vehicle(s) Only Involved,27473,2,3,57659,4
46956,12420,5048374.0,2010-12-23 14:00:00,2010 December 23,14:00:00,2010,December,Thursday,10:01 am to 2:00 pm,14.0,0,Afternoon,Winter,3801,747,MISSI,3D63,21801(b),"21801(a,b)",Violation of right-of-way - left turn,AA,Vehicle(s) Only Involved,10365,1,1,57603,1
46957,38946,5092793.0,2011-02-08 03:58:00,2011 February 08,03:58:00,2011,February,Tuesday,2:01 am to 6:00 am,3.0,0,Night,Winter,3801,1979,,3112E,21658(a),"21658(a,b)",Lane straddling or failure to use specified lanes,AA,Vehicle(s) Only Involved,32310,2,12,57584,14
46958,9477,4279582.0,2009-06-07 10:20:00,2009 June 07,10:20:00,2009,June,Sunday,10:01 am to 2:00 pm,10.0,1,Morning,Summer,3801,1101,COD,,22101(d),22101(d),Violation of a turn prohibition sign,AA,Vehicle(s) Only Involved,12105,2,1,57659,1
46959,6605,4279189.0,2009-06-21 18:58:00,2009 June 21,18:58:00,2009,June,Sunday,6:01 pm to 10:00 pm,18.0,1,Evening,Summer,3801,2089,,4B8B,22350,22350,Unsafe speed for prevailing conditions,AA,Vehicle(s) Only Involved,32311,2,1,57654,2
46960,1980,4876652.0,2010-09-07 15:28:00,2010 September 07,15:28:00,2010,September,Tuesday,2:01 pm to 6:00 pm,15.0,0,Afternoon,Fall,3801,768,INGLE,5,22450(a),22450(a),Failure to stop at STOP sign,BB,Vehicle-Pedestrian,32312,2,2,57649,1
46961,10477,4366454.0,2009-08-20 14:49:00,2009 August 20,14:49:00,2009,August,Thursday,2:01 pm to 6:00 pm,14.0,0,Afternoon,Summer,3801,2175,D,4B7E,22350,22350,Unsafe speed for prevailing conditions,AA,Vehicle(s) Only Involved,21998,2,1,57658,1
46962,27511,4843902.0,2010-08-14 23:25:00,2010 August 14,23:25:00,2010,August,Saturday,10:01 pm to 2:00 am,23.0,1,Night,Summer,3801,1869,CENTR,3A60,22101(d),22101(d),Violation of a turn prohibition sign,AA,Vehicle(s) Only Involved,40175,2,3,57660,3
46963,7290,4756009.0,2011-04-30 00:24:00,2011 April 30,00:24:00,2011,April,Saturday,10:01 pm to 2:00 am,0.0,1,Night,Spring,3801,659,,314D,22107,22107,Unsafe turn or lane change prohibited,AA,Vehicle(s) Only Involved,32313,2,198,57660,4
46964,27245,4648549.0,2010-03-29 09:55:00,2010 March 29,09:55:00,2010,March,Monday,6:01 am to 10:00 am,9.0,0,Morning,Spring,3801,1201,CENTR,3A62,22350,22350,Unsafe speed for prevailing conditions,FF,Bicycle Only,37116,4,74,57556,2
46965,16083,4195292.0,2009-03-21 02:21:00,2009 March 21,02:21:00,2009,March,Saturday,2:01 am to 6:00 am,2.0,1,Night,Spring,3801,674,SOUTH,3B11E,21954(a),21954(a),Pedestrians must yield right-of-way outside of crosswalks,BB,Vehicle-Pedestrian,32314,2,3,57622,4
46966,29790,5012766.0,2010-12-21 09:00:00,2010 December 21,09:00:00,2010,December,Tuesday,6:01 am to 10:00 am,9.0,0,Morning,Winter,3801,76,E,,21950(a),"21950(a,c)",Driver or bicyclist to yield right-of-way at crosswalks,BB,Vehicle-Pedestrian,18937,2,1,57649,2
46967,19281,4977857.0,2010-11-18 13:30:00,2010 November 18,13:30:00,2010,November,Thursday,10:01 am to 2:00 pm,13.0,0,Afternoon,Fall,3801,438,PARK,4B3F,21950(a),"21950(a,c)",Driver or bicyclist to yield right-of-way at crosswalks,BB,Vehicle-Pedestrian,32315,2,44,57649,2
46968,32708,4635364.0,2010-02-09 17:48:00,2010 February 09,17:48:00,2010,February,Tuesday,2:01 pm to 6:00 pm,17.0,0,Evening,Winter,3801,821,NORTH,4B8F,21801(a),"21801(a,b)",Violation of right-of-way - left turn,CC,Vehicle-Bicycle,4716,2,3,57581,1
46969,13966,140752363.0,2014-09-06 20:14:00,2014 September 06,20:14:00,2014,September,Saturday,6:01 pm to 10:00 pm,20.0,1,Evening,Fall,3801,2334,SOUTHERN,,Unknown,Unknown,Unknown,BB,Vehicle-Pedestrian,15585,2,3,57566,4
46970,27260,4355139.0,2009-08-11 13:56:00,2009 August 11,13:56:00,2009,August,Tuesday,10:01 am to 2:00 pm,13.0,0,Afternoon,Summer,3801,1446,,3A60,21703,21703,Following too closely prohibited,AA,Vehicle(s) Only Involved,32316,2,109,57658,1
46971,11254,4337395.0,2009-07-31 06:46:00,2009 July 31,06:46:00,2009,July,Friday,6:01 am to 10:00 am,6.0,0,Morning,Summer,3801,001973,MISSI,,21950(a),"21950(a,c)",Driver or bicyclist to yield right-of-way at crosswalks,BB,Vehicle-Pedestrian,32317,1,16,57649,1
46972,42576,4215470.0,2009-03-24 03:11:00,2009 March 24,03:11:00,2009,March,Tuesday,2:01 am to 6:00 am,3.0,0,Night,Spring,3801,1026,RICHM,3G4E,23152(a),23152(a-g),Driving under influence of alcohol and/or drugs,AA,Vehicle(s) Only Involved,32318,2,3,57569,1
46973,25082,4490757.0,2009-11-23 12:30:00,2009 November 23,12:30:00,2009,November,Monday,10:01 am to 2:00 pm,12.0,0,Afternoon,Fall,3801,805,J,,21955,21955,Crossing between controlled intersections (Jaywalking),BB,Vehicle-Pedestrian,32319,2,2,57280,1
46974,45406,150460233.0,2015-05-26 21:19:00,2015 May 26,21:19:00,2015,May,Tuesday,6:01 pm to 10:00 pm,21.0,0,Night,Spring,3801,1058,SOUTHERN,3B13E,22350,22350,Unsafe speed for prevailing conditions,AA,Vehicle(s) Only Involved,40965,2,3,57583,2
46975,36531,4192058.0,2009-03-19 17:50:00,2009 March 19,17:50:00,2009,March,Thursday,2:01 pm to 6:00 pm,17.0,0,Evening,Spring,3801,2347,TARAV,3I11D,22350,22350,Unsafe speed for prevailing conditions,AA,Vehicle(s) Only Involved,1133,2,1,57607,14
46976,19631,3990084.0,2008-12-05 18:10:00,2008 December 05,18:10:00,2008,December,Friday,6:01 pm to 10:00 pm,18.0,0,Evening,Winter,3801,4232,,,21750,21750,Overtaking and passing unsafely,CC,Vehicle-Bicycle,32320,2,12,56954,2
46977,24101,4677859.0,2010-04-23 11:56:00,2010 April 23,11:56:00,2010,April,Friday,10:01 am to 2:00 pm,11.0,0,Morning,Spring,3801,1794,,,21950(a),"21950(a,c)",Driver or bicyclist to yield right-of-way at crosswalks,BB,Vehicle-Pedestrian,34193,2,2,57649,1
46978,17716,4352580.0,2009-08-15 12:09:00,2009 August 15,12:09:00,2009,August,Saturday,10:01 am to 2:00 pm,12.0,1,Afternoon,Summer,3801,1049,D,00D,21453(a),"21453(a,c)",Red signal - driver or bicyclist responsibilities,AA,Vehicle(s) Only Involved,36055,2,1,57659,3
46979,40197,4689519.0,2010-04-23 16:09:00,2010 April 23,16:09:00,2010,April,Friday,2:01 pm to 6:00 pm,16.0,0,Afternoon,Spring,3801,4213,TARAV,3I2,22106,22106,Unsafe starting or backing on highway,AA,Vehicle(s) Only Involved,32321,2,1,57659,8
46980,30835,4673040.0,2010-04-06 12:40:00,2010 April 06,12:40:00,2010,April,Tuesday,10:01 am to 2:00 pm,12.0,0,Afternoon,Spring,3801,1593,NORTH,4B2G,21453(a),"21453(a,c)",Red signal - driver or bicyclist responsibilities,AA,Vehicle(s) Only Involved,20163,2,1,57659,5
46981,32114,4876668.0,2010-09-02 11:04:00,2010 September 02,11:04:00,2010,September,Thursday,10:01 am to 2:00 pm,11.0,0,Morning,Fall,3801,1538,3801,3A61,21950(a),"21950(a,c)",Driver or bicyclist to yield right-of-way at crosswalks,BB,Vehicle-Pedestrian,3303,2,1,57476,1
46982,2457,150876743.0,2015-10-07 01:08:00,2015 October 07,01:08:00,2015,October,Wednesday,10:01 pm to 2:00 am,1.0,0,Night,Fall,3801,1130,BAYVIER,5,22350,22350,Unsafe speed for prevailing conditions,AA,Vehicle(s) Only Involved,32322,2,12,57654,1
46983,2556,4514013.0,2009-12-03 18:00:00,2009 December 03,18:00:00,2009,December,Thursday,2:01 pm to 6:00 pm,18.0,0,Evening,Winter,3801,4108,,3C11D,22450(a),22450(a),Failure to stop at STOP sign,AA,Vehicle(s) Only Involved,14578,2,3,57660,1
46984,3777,5019563.0,2010-12-30 03:03:00,2010 December 30,03:03:00,2010,December,Thursday,2:01 am to 6:00 am,3.0,0,Night,Winter,3801,1088,BAYVI,3C2E,22350,22350,Unsafe speed for prevailing conditions,AA,Vehicle(s) Only Involved,32323,2,12,57654,1