collision_id,unique_id,case_id_pkey,collision_datetime,collision_date,collision_time,accident_year,month,day_of_week,time_cat,hour_of_day,is_weekend,time_of_day,season,juris,officer_id,reporting_district,beat_number,vz_pcf_code,vz_pcf_group,vz_pcf_description,dph_col_grp,dph_col_grp_description,location_id,weather_id,road_id,party_id,severity_id
48035,41622,4483800.0,2009-11-11 18:34:00,2009 November 11,18:34:00,2009,November,Wednesday,6:01 pm to 10:00 pm,18.0,0,Evening,Fall,3801,1975,TARAV,0I3,21801(a),"21801(a,b)",Violation of right-of-way - left turn,CC,Vehicle-Bicycle,32925,2,12,57581,2
48036,26681,4584594.0,2010-01-19 07:08:00,2010 January 19,07:08:00,2010,January,Tuesday,6:01 am to 10:00 am,7.0,0,Morning,Winter,3801,1736,B,4B2B,21950(a),"21950(a,c)",Driver or bicyclist to yield right-of-way at crosswalks,BB,Vehicle-Pedestrian,32926,4,16,57649,1
48037,40973,4959331.0,2010-11-01 16:19:00,2010 November 01,16:19:00,2010,November,Monday,2:01 pm to 6:00 pm,16.0,0,Afternoon,Fall,3801,659,TARAV,3I62,21802(a),"21802(a,b)",Violation of right-of-way - entering through highway,AA,Vehicle(s) Only Involved,22888,2,1,57659,14
48038,39027,4041494.0,2009-01-07 16:08:00,2009 January 07,16:08:00,2009,January,Wednesday,2:01 pm to 6:00 pm,16.0,0,Afternoon,Winter,3801,1279,TARAV,4B61,21954(a),21954(a),Pedestrians must yield right-of-way outside of crosswalks,BB,Vehicle-Pedestrian,32927,2,2,57622,1
48039,20228,4608353.0,2010-02-05 08:44:00,2010 February 05,08:44:00,2010,February,Friday,6:01 am to 10:00 am,8.0,0,Morning,Winter,3801,1819,,4B3A,21658(a),"21658(a,b)",Lane straddling or failure to use specified lanes,CC,Vehicle-Bicycle,5633,2,2,57655,1
48040,22263,4513413.0,2009-12-06 23:50:00,2009 December 06,23:50:00,2009,December,Sunday,10:01 pm to 2:00 am,23.0,1,Night,Winter,3801,02285,COF,3F14E,21950(a),"21950(a,c)",Driver or bicyclist to yield right-of-way at crosswalks,BB,Vehicle-Pedestrian,32928,4,13,57649,2
48041,4487,4933636.0,2010-11-12 08:18:00,2010 November 12,08:18:00,2010,November,Friday,6:01 am to 10:00 am,8.0,0,Morning,Fall,3801,736,H,3H104,21801(a),"21801(a,b)",Violation of right-of-way - left turn,AA,Vehicle(s) Only Involved,22927,2,1,57603,14
48042,26378,4659145.0,2010-02-03 17:45:00,2010 February 03,17:45:00,2010,February,Wednesday,2:01 pm to 6:00 pm,17.0,0,Evening,Winter,3801,821,,4B8F,22106,22106,Unsafe starting or backing on highway,BB,Vehicle-Pedestrian,32929,2,12,57649,1
48043,2173,4469318.0,2009-11-06 22:10:00,2009 November 06,22:10:00,2009,November,Friday,10:01 pm to 2:00 am,22.0,0,Night,Fall,3801,1057,H,00H,21950(a),"21950(a,c)",Driver or bicyclist to yield right-of-way at crosswalks,BB,Vehicle-Pedestrian,25635,2,3,57649,1
48044,7519,4805864.0,2010-07-08 14:00:00,2010 July 08,14:00:00,2010,July,Thursday,10:01 am to 2:00 pm,14.0,0,Afternoon,Summer,3801,1888,,03D,21453(a),"21453(a,c)",Red signal - driver or bicyclist responsibilities,CC,Vehicle-Bicycle,24157,2,1,57625,2
48045,8461,4114348.0,2009-02-16 13:00:00,2009 February 16,13:00:00,2009,February,Monday,10:01 am to 2:00 pm,13.0,0,Afternoon,Winter,3801,2226,MISSI,3D61K,21801(a),"21801(a,b)",Violation of right-of-way - left turn,AA,Vehicle(s) Only Involved,2763,1,1,57603,12
48046,6726,5012580.0,2010-12-22 15:51:00,2010 December 22,15:51:00,2010,December,Wednesday,2:01 pm to 6:00 pm,15.0,0,Afternoon,Winter,3801,747,MISSI,3D63,21954(a),21954(a),Pedestrians must yield right-of-way outside of crosswalks,BB,Vehicle-Pedestrian,32930,1,16,57622,4
48047,44197,4843778.0,2010-08-04 21:26:00,2010 August 04,21:26:00,2010,August,Wednesday,6:01 pm to 10:00 pm,21.0,0,Night,Summer,3801,177,RICHM,3G11E,21801(a),"21801(a,b)",Violation of right-of-way - left turn,AA,Vehicle(s) Only Involved,16027,2,3,57659,3
48048,8159,4254842.0,2009-05-20 10:07:00,2009 May 20,10:07:00,2009,May,Wednesday,10:01 am to 2:00 pm,10.0,0,Morning,Spring,3801,00874,INGLE,4B4H,22350,22350,Unsafe speed for prevailing conditions,AA,Vehicle(s) Only Involved,17035,2,1,57658,1
48049,18837,4279490.0,2009-05-18 19:23:00,2009 May 18,19:23:00,2009,May,Monday,6:01 pm to 10:00 pm,19.0,0,Evening,Spring,3801,2436,NORTH,3E11D,21750,21750,Overtaking and passing unsafely,AA,Vehicle(s) Only Involved,32931,1,15,57660,1
48050,45391,140926392.0,2014-11-01 15:40:00,2014 November 01,15:40:00,2014,November,Saturday,2:01 pm to 6:00 pm,15.0,1,Afternoon,Fall,3801,433,INGLESIDE,3H12C,22350,22350,Unsafe speed for prevailing conditions,CC,Vehicle-Bicycle,40965,1,2,57639,2
48051,23087,150781556.0,2015-09-06 02:43:00,2015 September 06,02:43:00,2015,September,Sunday,2:01 am to 6:00 am,2.0,1,Night,Fall,3801,1192,SOUTHERN,2 CAR,21453(a),"21453(a,c)",Red signal - driver or bicyclist responsibilities,AA,Vehicle(s) Only Involved,31119,2,3,57659,14
48052,10506,5076072.0,2011-01-30 23:02:00,2011 January 30,23:02:00,2011,January,Sunday,10:01 pm to 2:00 am,23.0,1,Night,Winter,3801,307,,,22350,22350,Unsafe speed for prevailing conditions,FF,Bicycle Only,32932,1,32,57253,2
48053,43029,4717646.0,2010-05-28 17:49:00,2010 May 28,17:49:00,2010,May,Friday,2:01 pm to 6:00 pm,17.0,0,Evening,Spring,3801,49,,3G13D,21658(a),"21658(a,b)",Lane straddling or failure to use specified lanes,CC,Vehicle-Bicycle,32933,2,2,57374,2
48054,12629,4544108.0,2009-12-23 09:16:00,2009 December 23,09:16:00,2009,December,Wednesday,6:01 am to 10:00 am,9.0,0,Morning,Winter,3801,2226,MISSI,3D61K,21717,21717,Turning across bicycle lane,CC,Vehicle-Bicycle,32934,2,1,57581,2
48055,14507,5082649.0,2011-02-03 16:30:00,2011 February 03,16:30:00,2011,February,Thursday,2:01 pm to 6:00 pm,16.0,0,Afternoon,Winter,3801,1275,SOUTH,3B15D,22350,22350,Unsafe speed for prevailing conditions,AA,Vehicle(s) Only Involved,32935,2,1,57658,13
48056,38602,4638621.0,2010-03-13 10:55:00,2010 March 13,10:55:00,2010,March,Saturday,10:01 am to 2:00 pm,10.0,1,Morning,Spring,3801,625,I,3168,21951,21951,Overtaking vehicles or bicycles stopped for pedestrians,BB,Vehicle-Pedestrian,32936,2,1,57649,2
48057,8172,4677896.0,2010-04-20 20:06:00,2010 April 20,20:06:00,2010,April,Tuesday,6:01 pm to 10:00 pm,20.0,0,Evening,Spring,3801,821,,4B8F,21453(a),"21453(a,c)",Red signal - driver or bicyclist responsibilities,AA,Vehicle(s) Only Involved,6435,1,163,57659,1
48058,2655,3979673.0,2008-10-12 17:40:00,2008 October 12,17:40:00,2008,October,Sunday,2:01 pm to 6:00 pm,17.0,1,Evening,Fall,3801,2366,,3C14D,21453(a),"21453(a,c)",Red signal - driver or bicyclist responsibilities,AA,Vehicle(s) Only Involved,32937,2,1,57659,14
48059,8163,4253401.0,2009-04-23 07:55:00,2009 April 23,07:55:00,2009,April,Thursday,6:01 am to 10:00 am,7.0,0,Morning,Spring,3801,1484,INGLE,3F61,21755(a),21755(a),Unsafe passing on right shoulder,CC,Vehicle-Bicycle,32938,1,2,51525,2
48060,41439,4870199.0,2010-09-07 16:05:00,2010 September 07,16:05:00,2010,September,Tuesday,2:01 pm to 6:00 pm,16.0,0,Afternoon,Fall,3801,1607,COI,03I,22107,22107,Unsafe turn or lane change prohibited,CC,Vehicle-Bicycle,32939,2,2,57614,2
48061,25936,4656760.0,2010-03-21 02:37:00,2010 March 21,02:37:00,2010,March,Sunday,2:01 am to 6:00 am,2.0,1,Night,Spring,3801,2377,COJ,3J13E,21703,21703,Following too closely prohibited,AA,Vehicle(s) Only Involved,6616,2,3,57658,1
48062,1923,4699370.0,2010-05-10 13:49:00,2010 May 10,13:49:00,2010,May,Monday,10:01 am to 2:00 pm,13.0,0,Afternoon,Spring,3801,1043,INGLE,3H62,Unknown,Unknown,Unknown,AA,Vehicle(s) Only Involved,25481,4,16,56679,1
48063,18132,4563041.0,2010-01-23 14:45:00,2010 January 23,14:45:00,2010,January,Saturday,2:01 pm to 6:00 pm,14.0,1,Afternoon,Winter,3801,1841,NORTH,3.00E+60,21802(a),"21802(a,b)",Violation of right-of-way - entering through highway,CC,Vehicle-Bicycle,29578,1,16,57621,1
48064,44794,4648457.0,2010-03-24 14:27:00,2010 March 24,14:27:00,2010,March,Wednesday,2:01 pm to 6:00 pm,14.0,0,Afternoon,Spring,3801,1597,,3G62,21802(a),"21802(a,b)",Violation of right-of-way - entering through highway,AA,Vehicle(s) Only Involved,34778,2,1,57659,8
48065,21592,4103016.0,2009-02-08 17:47:00,2009 February 08,17:47:00,2009,February,Sunday,2:01 pm to 6:00 pm,17.0,1,Evening,Winter,3801,2198,NORTH,3E12D,Unknown,Unknown,Unknown,AA,Vehicle(s) Only Involved,16185,4,284,57585,2
48066,87360,240741082.0,2024-11-29 17:51:00,2024 November 29,17:51:00,2024,November,Friday,2:01 pm to 6:00 pm,17.0,0,Evening,Fall,3801,2017,Mission,3D2D,21950(a),"21950(a,c)",Driver or bicyclist to yield right-of-way at crosswalks,BB,Vehicle-Pedestrian,32940,2,3,57649,1
48067,3595,150627455.0,2015-07-19 11:18:00,2015 July 19,11:18:00,2015,July,Sunday,10:01 am to 2:00 pm,11.0,1,Morning,Summer,3801,1116,BAYVIEW,3C62,22107,22107,Unsafe turn or lane change prohibited,AA,Vehicle(s) Only Involved,32941,2,1,57584,2
48068,37084,4032490.0,2008-12-06 01:30:00,2008 December 06,01:30:00,2008,December,Saturday,10:01 pm to 2:00 am,1.0,1,Night,Winter,3801,4153,,,21955,21955,Crossing between controlled intersections (Jaywalking),BB,Vehicle-Pedestrian,32942,2,3,57622,2
48069,1858,4881893.0,2010-09-14 17:40:00,2010 September 14,17:40:00,2010,September,Tuesday,2:01 pm to 6:00 pm,17.0,0,Evening,Fall,3801,2082,INGLE,4B6H,21650,21650,Failure to keep to right side of road,CC,Vehicle-Bicycle,32943,1,1,57621,2
48070,37558,3873301.0,2008-09-08 16:12:00,2008 September 08,16:12:00,2008,September,Monday,2:01 pm to 6:00 pm,16.0,0,Afternoon,Fall,3801,1649,INGLE,3H13D,22106,22106,Unsafe starting or backing on highway,AA,Vehicle(s) Only Involved,32944,2,2,57583,1
48071,17819,4199133.0,2009-03-29 13:57:00,2009 March 29,13:57:00,2009,March,Sunday,10:01 am to 2:00 pm,13.0,1,Afternoon,Spring,3801,2082,MISSI,4B6H,22350,22350,Unsafe speed for prevailing conditions,AA,Vehicle(s) Only Involved,4598,2,1,57658,3
48072,32307,4975634.0,2010-12-17 19:00:00,2010 December 17,19:00:00,2010,December,Friday,6:01 pm to 10:00 pm,19.0,0,Evening,Winter,3801,302,NORTH,3E48D,21950(a),"21950(a,c)",Driver or bicyclist to yield right-of-way at crosswalks,BB,Vehicle-Pedestrian,32945,4,13,57532,1
48073,15485,4932771.0,2010-11-08 00:30:00,2010 November 08,00:30:00,2010,November,Monday,10:01 pm to 2:00 am,0.0,0,Night,Fall,3801,1881,SOUTH,3B2E,21657,21657,Going against one-way traffic patterns,AA,Vehicle(s) Only Involved,32946,2,3,57659,1
48074,9429,140448506.0,2014-05-29 12:25:00,2014 May 29,12:25:00,2014,May,Thursday,10:01 am to 2:00 pm,12.0,0,Afternoon,Spring,3801,1375,MISSION,,22350,22350,Unsafe speed for prevailing conditions,FF,Bicycle Only,32947,8,2,57556,2
48075,18216,4352627.0,2009-08-16 13:41:00,2009 August 16,13:41:00,2009,August,Sunday,10:01 am to 2:00 pm,13.0,1,Afternoon,Summer,3801,1241,,,21658(a),"21658(a,b)",Lane straddling or failure to use specified lanes,AA,Vehicle(s) Only Involved,32948,2,2,57660,2
48076,39510,5012604.0,2010-12-14 16:16:00,2010 December 14,16:16:00,2010,December,Tuesday,2:01 pm to 6:00 pm,16.0,0,Afternoon,Winter,3801,4209,TARAV,3I11D,22350,22350,Unsafe speed for prevailing conditions,AA,Vehicle(s) Only Involved,32949,4,16,57569,2
48077,40882,4638151.0,2010-03-11 18:31:00,2010 March 11,18:31:00,2010,March,Thursday,6:01 pm to 10:00 pm,18.0,0,Evening,Spring,3801,1956,TARAV,3I11D,21802(a),"21802(a,b)",Violation of right-of-way - entering through highway,AA,Vehicle(s) Only Involved,27601,2,12,57659,14
48078,8075,150764665.0,2015-08-31 18:20:00,2015 August 31,18:20:00,2015,August,Monday,6:01 pm to 10:00 pm,18.0,0,Evening,Summer,3801,1430,MISSION,3D2D,21650.1,21650.1,Bicycle to travel in same direction as vehicles,CC,Vehicle-Bicycle,29451,2,1,57621,2
48079,23506,4384550.0,2009-09-04 14:08:00,2009 September 04,14:08:00,2009,September,Friday,2:01 pm to 6:00 pm,14.0,0,Afternoon,Fall,3801,001751,B,4B1B,21950(a),"21950(a,c)",Driver or bicyclist to yield right-of-way at crosswalks,BB,Vehicle-Pedestrian,32950,2,1,57649,1
48080,11711,4254870.0,2009-05-19 07:53:00,2009 May 19,07:53:00,2009,May,Tuesday,6:01 am to 10:00 am,7.0,0,Morning,Spring,3801,742,MISSI,06C,21801(a),"21801(a,b)",Violation of right-of-way - left turn,CC,Vehicle-Bicycle,6700,2,1,57374,1
48081,87351,240724981.0,2024-11-20 19:30:00,2024 November 20,19:30:00,2024,November,Wednesday,6:01 pm to 10:00 pm,19.0,0,Evening,Fall,3801,1198,Mission,1 CAR,21453(a),"21453(a,c)",Red signal - driver or bicyclist responsibilities,AA,Vehicle(s) Only Involved,12514,4,13,57603,1
48082,38388,4689549.0,2010-04-24 09:53:00,2010 April 24,09:53:00,2010,April,Saturday,6:01 am to 10:00 am,9.0,1,Morning,Spring,3801,874,TARAV,4B2H,22350,22350,Unsafe speed for prevailing conditions,AA,Vehicle(s) Only Involved,5695,2,1,57658,3
48083,29922,4098568.0,2009-02-01 14:30:00,2009 February 01,14:30:00,2009,February,Sunday,2:01 pm to 6:00 pm,14.0,1,Afternoon,Winter,3801,000043,NORTH,3E61K,21955,21955,Crossing between controlled intersections (Jaywalking),BB,Vehicle-Pedestrian,32951,2,2,57622,2
48084,29901,4395844.0,2009-09-03 21:33:00,2009 September 03,21:33:00,2009,September,Thursday,6:01 pm to 10:00 pm,21.0,0,Night,Fall,3801,449,,03E,21453(a),"21453(a,c)",Red signal - driver or bicyclist responsibilities,CC,Vehicle-Bicycle,14836,2,3,57025,2
48085,19471,4315258.0,2009-07-01 13:45:00,2009 July 01,13:45:00,2009,July,Wednesday,10:01 am to 2:00 pm,13.0,0,Afternoon,Summer,3801,1484,PARK,3F61,22350,22350,Unsafe speed for prevailing conditions,CC,Vehicle-Bicycle,32952,2,2,57561,2
48086,2236,4576915.0,2010-01-02 21:08:00,2010 January 02,21:08:00,2010,January,Saturday,6:01 pm to 10:00 pm,21.0,1,Night,Winter,3801,,,3H60,21453(a),"21453(a,c)",Red signal - driver or bicyclist responsibilities,AA,Vehicle(s) Only Involved,33086,2,3,57660,14
48087,32343,4384511.0,2009-09-02 16:28:00,2009 September 02,16:28:00,2009,September,Wednesday,2:01 pm to 6:00 pm,16.0,0,Afternoon,Fall,3801,2175,E,4B7E,22350,22350,Unsafe speed for prevailing conditions,AA,Vehicle(s) Only Involved,32953,2,2,57658,8
48088,27944,4245180.0,2009-03-10 10:04:00,2009 March 10,10:04:00,2009,March,Tuesday,10:01 am to 2:00 pm,10.0,0,Morning,Spring,3801,1446,,,21950(a),"21950(a,c)",Driver or bicyclist to yield right-of-way at crosswalks,BB,Vehicle-Pedestrian,32954,2,1,57649,6
48089,181,4254905.0,2009-05-13 06:40:00,2009 May 13,06:40:00,2009,May,Wednesday,6:01 am to 10:00 am,6.0,0,Morning,Spring,3801,01973,,,21453(a),"21453(a,c)",Red signal - driver or bicyclist responsibilities,AA,Vehicle(s) Only Involved,22756,2,1,57659,1
48090,39673,5102074.0,2011-02-12 09:58:00,2011 February 12,09:58:00,2011,February,Saturday,6:01 am to 10:00 am,9.0,1,Morning,Winter,3801,1629,TARAV,3I62,21954(a),21954(a),Pedestrians must yield right-of-way outside of crosswalks,BB,Vehicle-Pedestrian,32955,2,1,57622,2
48091,21638,4399314.0,2009-09-15 19:20:00,2009 September 15,19:20:00,2009,September,Tuesday,6:01 pm to 10:00 pm,19.0,0,Evening,Fall,3801,0676,NORTH,4B6C,22107,22107,Unsafe turn or lane change prohibited,AA,Vehicle(s) Only Involved,32956,2,12,57660,8
48092,31094,4957145.0,2010-11-01 13:13:00,2010 November 01,13:13:00,2010,November,Monday,10:01 am to 2:00 pm,13.0,0,Afternoon,Fall,3801,246,RICHM,4B2E,21801(a),"21801(a,b)",Violation of right-of-way - left turn,CC,Vehicle-Bicycle,12317,2,1,57390,1
48093,33411,150682001.0,2015-08-05 20:10:00,2015 August 05,20:10:00,2015,August,Wednesday,6:01 pm to 10:00 pm,20.0,0,Evening,Summer,3801,3,CENTRAL,4CAR,21950(a),"21950(a,c)",Driver or bicyclist to yield right-of-way at crosswalks,BB,Vehicle-Pedestrian,12273,2,3,57525,1
48094,6971,5019552.0,2010-12-28 17:54:00,2010 December 28,17:54:00,2010,December,Tuesday,2:01 pm to 6:00 pm,17.0,0,Evening,Winter,3801,962,INGLE,3H2D,21950(a),"21950(a,c)",Driver or bicyclist to yield right-of-way at crosswalks,BB,Vehicle-Pedestrian,422,4,13,57649,1
48095,40989,4840552.0,2010-08-08 16:39:00,2010 August 08,16:39:00,2010,August,Sunday,2:01 pm to 6:00 pm,16.0,1,Afternoon,Summer,3801,1498,,,21950(a),"21950(a,c)",Driver or bicyclist to yield right-of-way at crosswalks,BB,Vehicle-Pedestrian,32957,2,1,57649,1
48096,43524,4623409.0,2010-02-12 09:04:00,2010 February 12,09:04:00,2010,February,Friday,6:01 am to 10:00 am,9.0,0,Morning,Winter,3801,649,RICHM,3G64,21801(a),"21801(a,b)",Violation of right-of-way - left turn,AA,Vehicle(s) Only Involved,7149,4,16,57603,1
48097,20235,4652445.0,2010-03-31 12:55:00,2010 March 31,12:55:00,2010,March,Wednesday,10:01 am to 2:00 pm,12.0,0,Afternoon,Spring,3801,1794,SOUTH,3B60,22107,22107,Unsafe turn or lane change prohibited,CC,Vehicle-Bicycle,32958,1,2,57655,2
48098,26954,5012829.0,2010-12-22 15:20:00,2010 December 22,15:20:00,2010,December,Wednesday,2:01 pm to 6:00 pm,15.0,0,Afternoon,Winter,3801,2089,SOUTH,4B6B,21202(a),21202(a),Bicyclist at less than normal speed must keep to the right,CC,Vehicle-Bicycle,32959,1,16,53240,2
48099,14762,4253439.0,2009-04-22 12:07:00,2009 April 22,12:07:00,2009,April,Wednesday,10:01 am to 2:00 pm,12.0,0,Afternoon,Spring,3801,1149,COB,4B2B,22107,22107,Unsafe turn or lane change prohibited,CC,Vehicle-Bicycle,32960,2,2,57614,4
48100,40022,150752381.0,2015-08-27 21:56:00,2015 August 27,21:56:00,2015,August,Thursday,6:01 pm to 10:00 pm,21.0,0,Night,Summer,3801,255,3F,1,21658(a),"21658(a,b)",Lane straddling or failure to use specified lanes,AA,Vehicle(s) Only Involved,32961,2,39,57607,1
48101,41950,150806063.0,2015-09-14 07:26:00,2015 September 14,07:26:00,2015,September,Monday,6:01 am to 10:00 am,7.0,0,Morning,Fall,3801,654,PARK,3F1,21658(a),"21658(a,b)",Lane straddling or failure to use specified lanes,AA,Vehicle(s) Only Involved,32962,2,2,57576,1
48102,5345,3979661.0,2008-10-29 00:59:00,2008 October 29,00:59:00,2008,October,Wednesday,10:01 pm to 2:00 am,0.0,0,Night,Fall,3801,001088,,3CRE,22350,22350,Unsafe speed for prevailing conditions,AA,Vehicle(s) Only Involved,32963,2,12,57607,2
48103,42313,150867667.0,2015-10-03 19:35:00,2015 October 03,19:35:00,2015,October,Saturday,6:01 pm to 10:00 pm,19.0,1,Evening,Fall,3801,1160,CO G 3G15D,901,Unknown,Unknown,Unknown,AA,Vehicle(s) Only Involved,32964,2,12,57406,8
48104,30807,3977896.0,2008-10-19 14:20:00,2008 October 19,14:20:00,2008,October,Sunday,2:01 pm to 6:00 pm,14.0,1,Afternoon,Fall,3801,00779,NORTH,3E62,22350,22350,Unsafe speed for prevailing conditions,AA,Vehicle(s) Only Involved,32965,2,2,57658,11
48105,40341,4272319.0,2009-05-15 14:45:00,2009 May 15,14:45:00,2009,May,Friday,2:01 pm to 6:00 pm,14.0,0,Afternoon,Spring,3801,1484,PARK,3F61,22106,22106,Unsafe starting or backing on highway,AA,Vehicle(s) Only Involved,32966,2,40,57659,1
48106,33000,4903811.0,2010-10-01 08:52:00,2010 October 01,08:52:00,2010,October,Friday,6:01 am to 10:00 am,8.0,0,Morning,Fall,3801,649,RICHM,3G64,21650.1,21650.1,Bicycle to travel in same direction as vehicles,CC,Vehicle-Bicycle,32967,2,1,57625,1
48107,40996,4866612.0,2010-09-03 15:15:00,2010 September 03,15:15:00,2010,September,Friday,2:01 pm to 6:00 pm,15.0,0,Afternoon,Fall,3801,793,TARAV,3I2B,22517,22517,Opening door on traffic side when unsafe,CC,Vehicle-Bicycle,32968,2,2,54723,2
48108,14438,4515896.0,2009-12-08 12:10:00,2009 December 08,12:10:00,2009,December,Tuesday,10:01 am to 2:00 pm,12.0,0,Afternoon,Winter,3801,1794,,3B60,22107,22107,Unsafe turn or lane change prohibited,CC,Vehicle-Bicycle,32969,1,2,57639,2
48109,6092,4924779.0,2010-10-08 17:53:00,2010 October 08,17:53:00,2010,October,Friday,2:01 pm to 6:00 pm,17.0,0,Evening,Fall,3801,1159,COC,3C11D,22107,22107,Unsafe turn or lane change prohibited,AA,Vehicle(s) Only Involved,32970,2,1,57660,2
48110,5250,4775276.0,2010-05-21 21:22:00,2010 May 21,21:22:00,2010,May,Friday,6:01 pm to 10:00 pm,21.0,0,Night,Spring,3801,2282,BAYVI,3C11E,21950(a),"21950(a,c)",Driver or bicyclist to yield right-of-way at crosswalks,BB,Vehicle-Pedestrian,20099,2,12,57570,1
48111,12681,4114468.0,2009-02-12 02:12:00,2009 February 12,02:12:00,2009,February,Thursday,2:01 am to 6:00 am,2.0,0,Night,Winter,3801,1507,MISSI,001,22102,22102,Illegal U-turn in business district,AA,Vehicle(s) Only Involved,11185,4,13,57660,13
48112,56869,210793201.0,2021-12-01 14:35:00,2021 December 01,14:35:00,2021,December,Wednesday,2:01 pm to 6:00 pm,14.0,0,Afternoon,Winter,3801,50,Tenderloin,,21954(a),21954(a),Pedestrians must yield right-of-way outside of crosswalks,BB,Vehicle-Pedestrian,32971,2,2,57622,2
48113,38018,4840520.0,2010-08-15 04:54:00,2010 August 15,04:54:00,2010,August,Sunday,2:01 am to 6:00 am,4.0,1,Night,Summer,3801,4114,,,22350,22350,Unsafe speed for prevailing conditions,AA,Vehicle(s) Only Involved,32972,1,7,57654,2
48114,36542,4355188.0,2009-08-12 19:00:00,2009 August 12,19:00:00,2009,August,Wednesday,6:01 pm to 10:00 pm,19.0,0,Evening,Summer,3801,1584,TARAV,4B5F,22350,22350,Unsafe speed for prevailing conditions,AA,Vehicle(s) Only Involved,32973,2,2,57576,1
48115,44049,4551479.0,2009-12-26 11:15:00,2009 December 26,11:15:00,2009,December,Saturday,10:01 am to 2:00 pm,11.0,1,Morning,Winter,3801,2299,RICHM,3G4A,21453(a),"21453(a,c)",Red signal - driver or bicyclist responsibilities,AA,Vehicle(s) Only Involved,7976,1,1,57659,1
48116,13845,4968301.0,2010-11-17 19:53:00,2010 November 17,19:53:00,2010,November,Wednesday,6:01 pm to 10:00 pm,19.0,0,Evening,Fall,3801,2089,SOUTH,4B6B,21801(a),"21801(a,b)",Violation of right-of-way - left turn,AA,Vehicle(s) Only Involved,1887,2,3,57659,2
48117,3855,4279132.0,2009-06-07 11:13:00,2009 June 07,11:13:00,2009,June,Sunday,10:01 am to 2:00 pm,11.0,1,Morning,Summer,3801,712,H,001,21453(a),"21453(a,c)",Red signal - driver or bicyclist responsibilities,AA,Vehicle(s) Only Involved,27956,2,1,57659,11
48118,23337,4575559.0,2010-01-07 12:13:00,2010 January 07,12:13:00,2010,January,Thursday,10:01 am to 2:00 pm,12.0,0,Afternoon,Winter,3801,1794,SOUTH,3B60,21801(a),"21801(a,b)",Violation of right-of-way - left turn,AA,Vehicle(s) Only Involved,26893,2,1,57659,2
48119,11739,4689456.0,2010-04-21 18:56:00,2010 April 21,18:56:00,2010,April,Wednesday,6:01 pm to 10:00 pm,18.0,0,Evening,Spring,3801,2095,COD,3D13D,Unknown,Unknown,Unknown,CC,Vehicle-Bicycle,15257,2,1,57078,1
48120,45240,4032494.0,2008-12-12 16:36:00,2008 December 12,16:36:00,2008,December,Friday,2:01 pm to 6:00 pm,16.0,0,Afternoon,Winter,3801,00988,,3G13D,21451(a),"21451(a,b)",Green signal - driver or bicyclist responsibilities,AA,Vehicle(s) Only Involved,17522,2,128,57659,2
48121,20199,4886776.0,2010-08-31 22:00:00,2010 August 31,22:00:00,2010,August,Tuesday,6:01 pm to 10:00 pm,22.0,0,Night,Summer,3801,1201,SOUTH,3A62,20001(a),20001(a),Duty to stop when involved in accident with injury or death,BB,Vehicle-Pedestrian,26095,2,3,57532,2
48122,20727,150724807.0,2015-08-19 15:45:00,2015 August 19,15:45:00,2015,August,Wednesday,2:01 pm to 6:00 pm,15.0,0,Afternoon,Summer,3801,1362,NORTHERN,3E13D,Unknown,Unknown,Unknown,CC,Vehicle-Bicycle,5622,2,1,57614,1
48123,30049,4944525.0,2010-10-22 06:01:00,2010 October 22,06:01:00,2010,October,Friday,6:01 am to 10:00 am,6.0,0,Morning,Fall,3801,2476,3E,3E13E,21453(a),"21453(a,c)",Red signal - driver or bicyclist responsibilities,AA,Vehicle(s) Only Involved,2695,2,3,57659,1
48124,38779,4575567.0,2010-01-09 11:00:00,2010 January 09,11:00:00,2010,January,Saturday,10:01 am to 2:00 pm,11.0,1,Morning,Winter,3801,4152,CO.I,4,22517,22517,Opening door on traffic side when unsafe,CC,Vehicle-Bicycle,32974,1,2,51102,1
48125,10500,4789148.0,2010-06-19 18:45:00,2010 June 19,18:45:00,2010,June,Saturday,6:01 pm to 10:00 pm,18.0,1,Evening,Summer,3801,307,MISSI,3D60,21800(c),21800(a-c),Violation of right-of-way or uncontrolled intersection,AA,Vehicle(s) Only Involved,32975,2,1,57659,8
48126,15401,150826798.0,2015-09-20 20:40:00,2015 September 20,20:40:00,2015,September,Sunday,6:01 pm to 10:00 pm,20.0,1,Evening,Fall,3801,1230,SOUTHERN,3B12D,23153(a),23153(a-g),Driving under influence causing injury,CC,Vehicle-Bicycle,32976,2,12,57581,2
48127,18803,4843770.0,2010-08-06 18:51:00,2010 August 06,18:51:00,2010,August,Friday,6:01 pm to 10:00 pm,18.0,0,Evening,Summer,3801,401,SOUTH,3B61,22100(a),"22100(a,b)",Turn at intersection from wrong position,AA,Vehicle(s) Only Involved,22252,2,1,57659,2
48128,42275,4635376.0,2010-02-01 19:34:00,2010 February 01,19:34:00,2010,February,Monday,6:01 pm to 10:00 pm,19.0,0,Evening,Winter,3801,985,RICHM,3G60,21801(a),"21801(a,b)",Violation of right-of-way - left turn,CC,Vehicle-Bicycle,40839,2,3,57633,1
48129,24460,4077561.0,2008-12-13 11:20:00,2008 December 13,11:20:00,2008,December,Saturday,10:01 am to 2:00 pm,11.0,1,Morning,Winter,3801,2127,J,3J2,21955,21955,Crossing between controlled intersections (Jaywalking),BB,Vehicle-Pedestrian,32977,2,2,57622,1
48130,43487,3979462.0,2008-11-07 15:28:00,2008 November 07,15:28:00,2008,November,Friday,2:01 pm to 6:00 pm,15.0,0,Afternoon,Fall,3801,001607,RICHM,3GA4D,21703,21703,Following too closely prohibited,AA,Vehicle(s) Only Involved,32978,2,2,57658,1