collision_id,unique_id,case_id_pkey,collision_datetime,collision_date,collision_time,accident_year,month,day_of_week,time_cat,hour_of_day,is_weekend,time_of_day,season,juris,officer_id,reporting_district,beat_number,vz_pcf_code,vz_pcf_group,vz_pcf_description,dph_col_grp,dph_col_grp_description,location_id,weather_id,road_id,party_id,severity_id
48415,25650,4915455.0,2010-09-28 20:42:00,2010 September 28,20:42:00,2010,September,Tuesday,6:01 pm to 10:00 pm,20.0,0,Evening,Fall,3801,651,4B6A,00B,21200.5,21200.5,Bicyclist riding under the influence,FF,Bicycle Only,33139,2,3,57556,2
48416,31295,4854946.0,2010-08-21 15:20:00,2010 August 21,15:20:00,2010,August,Saturday,2:01 pm to 6:00 pm,15.0,1,Afternoon,Summer,3801,868,3G,4B5G,22350,22350,Unsafe speed for prevailing conditions,AA,Vehicle(s) Only Involved,33140,2,1,57583,1
48417,39734,3981532.0,2008-11-18 17:20:00,2008 November 18,17:20:00,2008,November,Tuesday,2:01 pm to 6:00 pm,17.0,0,Evening,Fall,3801,2330,CO1,3I13D,22350,22350,Unsafe speed for prevailing conditions,BB,Vehicle-Pedestrian,15232,1,12,57522,2
48418,14831,4290284.0,2009-06-26 19:10:00,2009 June 26,19:10:00,2009,June,Friday,6:01 pm to 10:00 pm,19.0,0,Evening,Summer,3801,002277,SOUTH,385D,22107,22107,Unsafe turn or lane change prohibited,AA,Vehicle(s) Only Involved,8299,2,1,57659,1
48419,36952,4199821.0,2009-03-12 08:40:00,2009 March 12,08:40:00,2009,March,Thursday,6:01 am to 10:00 am,8.0,0,Morning,Spring,3801,2271,TARAV,3I14,22450(a),22450(a),Failure to stop at STOP sign,AA,Vehicle(s) Only Involved,8274,2,1,57659,1
48420,21503,4470064.0,2009-10-10 12:16:00,2009 October 10,12:16:00,2009,October,Saturday,10:01 am to 2:00 pm,12.0,1,Afternoon,Fall,3801,649,,4B2D,21651(a),21651(a),Crossing dividing section on freeway prohibited,AA,Vehicle(s) Only Involved,15308,2,1,57603,15
48421,42111,4315230.0,2009-07-08 18:50:00,2009 July 08,18:50:00,2009,July,Wednesday,6:01 pm to 10:00 pm,18.0,0,Evening,Summer,3801,1584,PARK,4B5F,21954(a),21954(a),Pedestrians must yield right-of-way outside of crosswalks,BB,Vehicle-Pedestrian,33141,2,2,57622,1
48422,21184,150774200.0,2015-09-03 18:12:00,2015 September 03,18:12:00,2015,September,Thursday,6:01 pm to 10:00 pm,18.0,0,Evening,Fall,3801,1925,NORTHERN,3E12C,21950(a),"21950(a,c)",Driver or bicyclist to yield right-of-way at crosswalks,BB,Vehicle-Pedestrian,33142,2,2,57649,2
48423,636,4985401.0,2010-12-08 12:53:00,2010 December 08,12:53:00,2010,December,Wednesday,10:01 am to 2:00 pm,12.0,0,Afternoon,Winter,3801,1279,C,3C62,21453(a),"21453(a,c)",Red signal - driver or bicyclist responsibilities,AA,Vehicle(s) Only Involved,29214,4,16,57659,1
48424,32660,4579069.0,2010-01-09 16:45:00,2010 January 09,16:45:00,2010,January,Saturday,2:01 pm to 6:00 pm,16.0,1,Afternoon,Winter,3801,2175,E,4B7E,21950(a),"21950(a,c)",Driver or bicyclist to yield right-of-way at crosswalks,BB,Vehicle-Pedestrian,33143,1,1,57649,2
48425,42998,4925843.0,2010-10-17 01:59:00,2010 October 17,01:59:00,2010,October,Sunday,10:01 pm to 2:00 am,1.0,1,Night,Fall,3801,2042,RICHM,3G13E,23153(a),23153(a-g),Driving under influence causing injury,AA,Vehicle(s) Only Involved,33144,2,12,57659,5
48426,9269,4987724.0,2011-01-14 19:15:00,2011 January 14,19:15:00,2011,January,Friday,6:01 pm to 10:00 pm,19.0,0,Evening,Winter,3801,1114,BAYVI,3C11D,22107,22107,Unsafe turn or lane change prohibited,CC,Vehicle-Bicycle,33680,2,3,57581,1
48427,26243,4445634.0,2009-10-19 14:45:00,2009 October 19,14:45:00,2009,October,Monday,2:01 pm to 6:00 pm,14.0,0,Afternoon,Fall,3801,1428,CENTR,,21955,21955,Crossing between controlled intersections (Jaywalking),BB,Vehicle-Pedestrian,33145,4,4,57622,1
48428,47098,190382352.0,2019-05-29 10:28:00,2019 May 29,10:28:00,2019,May,Wednesday,10:01 am to 2:00 pm,10.0,0,Morning,Spring,3801,1357,Southern,3B45,22107,22107,Unsafe turn or lane change prohibited,AA,Vehicle(s) Only Involved,17003,2,2,57659,2
48429,14605,150874214.0,2015-10-06 08:54:00,2015 October 06,08:54:00,2015,October,Tuesday,6:01 am to 10:00 am,8.0,0,Morning,Fall,3801,4246,B,5,22350,22350,Unsafe speed for prevailing conditions,AA,Vehicle(s) Only Involved,6427,2,55,57583,4
48430,33718,4421458.0,2009-10-06 08:00:00,2009 October 06,08:00:00,2009,October,Tuesday,6:01 am to 10:00 am,8.0,0,Morning,Fall,3801,1864,,3A60,21703,21703,Following too closely prohibited,AA,Vehicle(s) Only Involved,33146,6,1,57658,1
48431,30602,5048370.0,2010-12-28 01:05:00,2010 December 28,01:05:00,2010,December,Tuesday,10:01 pm to 2:00 am,1.0,0,Night,Winter,3801,2436,NORTH,3E/E,21453(a),"21453(a,c)",Red signal - driver or bicyclist responsibilities,AA,Vehicle(s) Only Involved,10025,2,3,57659,1
48432,27788,4530293.0,2009-12-29 11:01:00,2009 December 29,11:01:00,2009,December,Tuesday,10:01 am to 2:00 pm,11.0,0,Morning,Winter,3801,1529,CENTR,3A61,21658(a),"21658(a,b)",Lane straddling or failure to use specified lanes,AA,Vehicle(s) Only Involved,33147,2,2,57659,1
48433,32226,4469270.0,2009-11-01 19:15:00,2009 November 01,19:15:00,2009,November,Sunday,6:01 pm to 10:00 pm,19.0,1,Evening,Fall,3801,000443,,3E14D,21453(a),"21453(a,c)",Red signal - driver or bicyclist responsibilities,AA,Vehicle(s) Only Involved,35719,2,3,57659,8
48434,3921,4254881.0,2009-05-27 17:02:00,2009 May 27,17:02:00,2009,May,Wednesday,2:01 pm to 6:00 pm,17.0,0,Evening,Spring,3801,A07856,,3C60,21650.1,21650.1,Bicycle to travel in same direction as vehicles,CC,Vehicle-Bicycle,19743,2,1,57621,1
48435,29343,4270861.0,2009-05-11 13:23:00,2009 May 11,13:23:00,2009,May,Monday,10:01 am to 2:00 pm,13.0,0,Afternoon,Spring,3801,246,NORTH,4B4E,21801(a),"21801(a,b)",Violation of right-of-way - left turn,AA,Vehicle(s) Only Involved,11040,2,1,57659,1
48436,27335,2434293.0,2005-09-23 17:00:00,2005 September 23,17:00:00,2005,September,Friday,2:01 pm to 6:00 pm,17.0,0,Evening,Fall,3801,1439,A,002,22350,22350,Unsafe speed for prevailing conditions,AA,Vehicle(s) Only Involved,33148,2,1,57658,14
48437,42043,4384515.0,2009-09-06 17:00:00,2009 September 06,17:00:00,2009,September,Sunday,2:01 pm to 6:00 pm,17.0,1,Evening,Fall,3801,4060,PARK,3F44C,22350,22350,Unsafe speed for prevailing conditions,AA,Vehicle(s) Only Involved,33149,2,2,57607,4
48438,28450,4668151.0,2010-04-12 14:40:00,2010 April 12,14:40:00,2010,April,Monday,2:01 pm to 6:00 pm,14.0,0,Afternoon,Spring,3801,1428,CENTR,,22517,22517,Opening door on traffic side when unsafe,CC,Vehicle-Bicycle,33150,2,2,57614,2
48439,24193,4083837.0,2009-01-27 19:07:00,2009 January 27,19:07:00,2009,January,Tuesday,6:01 pm to 10:00 pm,19.0,0,Evening,Winter,3801,2082,,4B6H,21456(b),"21456(a,b)",Pedestrian violation of walk or wait signals,BB,Vehicle-Pedestrian,33151,2,3,57622,3
48440,35498,4939657.0,2010-10-24 22:15:00,2010 October 24,22:15:00,2010,October,Sunday,10:01 pm to 2:00 am,22.0,1,Night,Fall,3801,2194,NORTH,3E15E,23152(a),23152(a-g),Driving under influence of alcohol and/or drugs,AA,Vehicle(s) Only Involved,33152,2,12,57576,1
48441,18,4366450.0,2009-08-23 10:40:00,2009 August 23,10:40:00,2009,August,Sunday,10:01 am to 2:00 pm,10.0,1,Morning,Summer,3801,01196,,,21650,21650,Failure to keep to right side of road,AA,Vehicle(s) Only Involved,33153,2,2,57584,1
48442,33803,4195288.0,2009-03-10 09:15:00,2009 March 10,09:15:00,2009,March,Tuesday,6:01 am to 10:00 am,9.0,0,Morning,Spring,3801,1637,3A,3A61,21950(a),"21950(a,c)",Driver or bicyclist to yield right-of-way at crosswalks,BB,Vehicle-Pedestrian,33154,2,1,57649,2
48443,40740,4924755.0,2010-10-04 19:08:00,2010 October 04,19:08:00,2010,October,Monday,6:01 pm to 10:00 pm,19.0,0,Evening,Fall,3801,2122,TARAV,4B6D,22350,22350,Unsafe speed for prevailing conditions,AA,Vehicle(s) Only Involved,33155,2,12,57658,1
48444,26020,4041399.0,2009-01-02 18:50:00,2009 January 02,18:50:00,2009,January,Friday,6:01 pm to 10:00 pm,18.0,0,Evening,Winter,3801,2082,,4B6H,22517,22517,Opening door on traffic side when unsafe,CC,Vehicle-Bicycle,33156,2,12,57614,2
48445,12221,4690274.0,2010-04-29 23:27:00,2010 April 29,23:27:00,2010,April,Thursday,10:01 pm to 2:00 am,23.0,0,Night,Spring,3801,1390,MISSI,3D16E,21658(a),"21658(a,b)",Lane straddling or failure to use specified lanes,AA,Vehicle(s) Only Involved,33157,2,3,57660,1
48446,11268,4703156.0,2010-05-07 11:54:00,2010 May 07,11:54:00,2010,May,Friday,10:01 am to 2:00 pm,11.0,0,Morning,Spring,3801,1979,,,21801(a),"21801(a,b)",Violation of right-of-way - left turn,CC,Vehicle-Bicycle,32104,2,2,57581,4
48447,2939,4055227.0,2009-01-11 01:45:00,2009 January 11,01:45:00,2009,January,Sunday,10:01 pm to 2:00 am,1.0,1,Night,Winter,3801,01114,BAYVI,3C62,Unknown,Unknown,Unknown,AA,Vehicle(s) Only Involved,8846,2,3,57585,8
48448,30666,4551463.0,2009-12-23 20:01:00,2009 December 23,20:01:00,2009,December,Wednesday,6:01 pm to 10:00 pm,20.0,0,Evening,Winter,3801,100,3E,,22107,22107,Unsafe turn or lane change prohibited,AA,Vehicle(s) Only Involved,33158,2,12,57660,1
48449,9362,4944330.0,2010-10-08 23:27:00,2010 October 08,23:27:00,2010,October,Friday,10:01 pm to 2:00 am,23.0,0,Night,Fall,3801,4084,MISSI,0D6,2800(a),2800(a),Refusal to obey a peace officer,AA,Vehicle(s) Only Involved,33159,2,3,57603,13
48450,31974,4924570.0,2010-10-16 19:37:00,2010 October 16,19:37:00,2010,October,Saturday,6:01 pm to 10:00 pm,19.0,1,Evening,Fall,3801,2159,NORTH,3E13D,21950(a),"21950(a,c)",Driver or bicyclist to yield right-of-way at crosswalks,BB,Vehicle-Pedestrian,24938,2,3,57649,1
48451,8872,4340610.0,2009-08-04 14:33:00,2009 August 04,14:33:00,2009,August,Tuesday,2:01 pm to 6:00 pm,14.0,0,Afternoon,Summer,3801,002122,D,4B8D,22350,22350,Unsafe speed for prevailing conditions,AA,Vehicle(s) Only Involved,33160,2,2,57658,8
48452,32003,170501005.0,2017-06-20 00:34:00,2017 June 20,00:34:00,2017,June,Tuesday,10:01 pm to 2:00 am,0.0,0,Night,Summer,3801,2353,NORTHERN,E4,Unknown,Unknown,Unknown,AA,Vehicle(s) Only Involved,23588,2,65,57585,1
48453,2014,4543430.0,2009-12-09 12:19:00,2009 December 09,12:19:00,2009,December,Wednesday,10:01 am to 2:00 pm,12.0,0,Afternoon,Winter,3801,1736,H,4B2H,22102,22102,Illegal U-turn in business district,AA,Vehicle(s) Only Involved,33161,1,2,57237,2
48454,2678,4648475.0,2010-03-24 16:19:00,2010 March 24,16:19:00,2010,March,Wednesday,2:01 pm to 6:00 pm,16.0,0,Afternoon,Spring,3801,1279,BAYVI,4B6I,21950(b),21950(b),Pedestrian suddenly entering into vehicle path close enough to create an immediate hazard,BB,Vehicle-Pedestrian,33162,2,1,57622,1
48455,41043,3995470.0,2008-12-12 14:55:00,2008 December 12,14:55:00,2008,December,Friday,2:01 pm to 6:00 pm,14.0,0,Afternoon,Winter,3801,4160,,03I,22350,22350,Unsafe speed for prevailing conditions,AA,Vehicle(s) Only Involved,33163,1,2,57658,1
48456,14972,4101716.0,2008-11-06 05:30:00,2008 November 06,05:30:00,2008,November,Thursday,2:01 am to 6:00 am,5.0,0,Morning,Fall,3801,UC53,,,Unknown,Unknown,Unknown,CC,Vehicle-Bicycle,6321,2,33,57650,1
48457,44792,4490754.0,2009-11-22 14:15:00,2009 November 22,14:15:00,2009,November,Sunday,2:01 pm to 6:00 pm,14.0,1,Afternoon,Fall,3801,2122,G,4B8D,21802(a),"21802(a,b)",Violation of right-of-way - entering through highway,AA,Vehicle(s) Only Involved,34778,2,1,57659,13
48458,35773,4014671.0,2008-12-29 14:05:00,2008 December 29,14:05:00,2008,December,Monday,2:01 pm to 6:00 pm,14.0,0,Afternoon,Winter,3801,1428,CENTR,,21801(a),"21801(a,b)",Violation of right-of-way - left turn,AA,Vehicle(s) Only Involved,15315,2,1,57659,2
48459,16333,4195934.0,2009-03-08 13:54:00,2009 March 08,13:54:00,2009,March,Sunday,10:01 am to 2:00 pm,13.0,1,Afternoon,Spring,3801,001973,SOUTH,,22350,22350,Unsafe speed for prevailing conditions,AA,Vehicle(s) Only Involved,33164,2,1,57658,1
48460,33158,4483418.0,2009-11-11 08:30:00,2009 November 11,08:30:00,2009,November,Wednesday,6:01 am to 10:00 am,8.0,0,Morning,Fall,3801,1723,A,,22350,22350,Unsafe speed for prevailing conditions,AA,Vehicle(s) Only Involved,33165,1,1,57654,1
48461,22679,4924763.0,2010-10-10 16:45:00,2010 October 10,16:45:00,2010,October,Sunday,2:01 pm to 6:00 pm,16.0,1,Afternoon,Fall,3801,537,PARK,3F14D,22100(b),"22100(a,b)",Turn at intersection from wrong position,AA,Vehicle(s) Only Involved,32034,2,1,57659,1
48462,30303,4107285.0,2009-02-23 00:58:00,2009 February 23,00:58:00,2009,February,Monday,10:01 pm to 2:00 am,0.0,0,Night,Winter,3801,2391,NORTH,3EBE,23153(a),23153(a-g),Driving under influence causing injury,AA,Vehicle(s) Only Involved,7501,4,13,57659,13
48463,28752,150705459.0,2015-08-13 10:22:00,2015 August 13,10:22:00,2015,August,Thursday,10:01 am to 2:00 pm,10.0,0,Morning,Summer,3801,1838,TENDERLOIN,3,21453(a),"21453(a,c)",Red signal - driver or bicyclist responsibilities,AA,Vehicle(s) Only Involved,33166,2,1,57659,2
48464,32037,4215458.0,2009-03-14 12:24:00,2009 March 14,12:24:00,2009,March,Saturday,10:01 am to 2:00 pm,12.0,1,Afternoon,Spring,3801,246,NORTH,4B4E,21950(a),"21950(a,c)",Driver or bicyclist to yield right-of-way at crosswalks,BB,Vehicle-Pedestrian,33167,2,1,57649,1
48465,21397,4253407.0,2009-04-29 07:55:00,2009 April 29,07:55:00,2009,April,Wednesday,6:01 am to 10:00 am,7.0,0,Morning,Spring,3801,000779,NORTH,3E62,Unknown,Unknown,Unknown,AA,Vehicle(s) Only Involved,39415,2,1,57557,1
48466,31879,4513142.0,2009-11-30 13:45:00,2009 November 30,13:45:00,2009,November,Monday,10:01 am to 2:00 pm,13.0,0,Afternoon,Fall,3801,804,NORTH,3E14A,Unknown,Unknown,Unknown,BB,Vehicle-Pedestrian,13727,2,1,57649,1
48467,31050,4976083.0,2010-12-16 18:57:00,2010 December 16,18:57:00,2010,December,Thursday,6:01 pm to 10:00 pm,18.0,0,Evening,Winter,3801,1337,PARKS,4B7F,21801(b),"21801(a,b)",Violation of right-of-way - left turn,AA,Vehicle(s) Only Involved,10877,1,3,57659,2
48468,35258,4076404.0,2008-12-17 12:53:00,2008 December 17,12:53:00,2008,December,Wednesday,10:01 am to 2:00 pm,12.0,0,Afternoon,Winter,3801,1643,,3E13C,22350,22350,Unsafe speed for prevailing conditions,AA,Vehicle(s) Only Involved,33168,2,1,57658,1
48469,3685,4623417.0,2010-02-12 18:25:00,2010 February 12,18:25:00,2010,February,Friday,6:01 pm to 10:00 pm,18.0,0,Evening,Winter,3801,1223,C,4,21804(b),"21804(a,b)",Entering highway from alley or driveway,AA,Vehicle(s) Only Involved,28572,2,12,57659,1
48470,17821,4352583.0,2009-08-15 18:25:00,2009 August 15,18:25:00,2009,August,Saturday,6:01 pm to 10:00 pm,18.0,1,Evening,Summer,3801,1030,CO D,3D11D,21801(a),"21801(a,b)",Violation of right-of-way - left turn,AA,Vehicle(s) Only Involved,4598,2,1,57659,2
48471,39836,4957105.0,2010-10-26 17:27:00,2010 October 26,17:27:00,2010,October,Tuesday,2:01 pm to 6:00 pm,17.0,0,Evening,Fall,3801,659,,3I62,21802(a),"21802(a,b)",Violation of right-of-way - entering through highway,AA,Vehicle(s) Only Involved,33169,2,1,57659,2
48472,36285,4041468.0,2009-01-14 06:10:00,2009 January 14,06:10:00,2009,January,Wednesday,6:01 am to 10:00 am,6.0,0,Morning,Winter,3801,00017,INGLE,3H61K,22350,22350,Unsafe speed for prevailing conditions,AA,Vehicle(s) Only Involved,33170,2,3,57607,1
48473,21836,5076676.0,2011-01-15 10:04:00,2011 January 15,10:04:00,2011,January,Saturday,10:01 am to 2:00 pm,10.0,1,Morning,Winter,3801,1446,,,21457(a),21457(a),Actions required at flashing red signal,AA,Vehicle(s) Only Involved,14407,2,19,57659,1
48474,13802,4818091.0,2010-07-27 09:00:00,2010 July 27,09:00:00,2010,July,Tuesday,6:01 am to 10:00 am,9.0,0,Morning,Summer,3801,1593,SOUTH,4B2G,22107,22107,Unsafe turn or lane change prohibited,CC,Vehicle-Bicycle,33171,2,2,57581,2
48475,42141,4976103.0,2010-12-16 15:10:00,2010 December 16,15:10:00,2010,December,Thursday,2:01 pm to 6:00 pm,15.0,0,Afternoon,Winter,3801,1599,RICHM,3G3A,22350,22350,Unsafe speed for prevailing conditions,CC,Vehicle-Bicycle,33172,2,1,57390,2
48476,28183,4807311.0,2010-07-10 10:34:00,2010 July 10,10:34:00,2010,July,Saturday,10:01 am to 2:00 pm,10.0,1,Morning,Summer,3801,241,COA,4B1E,21453(a),"21453(a,c)",Red signal - driver or bicyclist responsibilities,AA,Vehicle(s) Only Involved,6942,2,1,57659,1
48477,1949,4256089.0,2009-05-11 21:20:00,2009 May 11,21:20:00,2009,May,Monday,6:01 pm to 10:00 pm,21.0,0,Night,Spring,3801,2089,INGLE,4B8B,21950(a),"21950(a,c)",Driver or bicyclist to yield right-of-way at crosswalks,BB,Vehicle-Pedestrian,33173,2,3,57649,2
48478,15218,5097498.0,2011-02-09 13:05:00,2011 February 09,13:05:00,2011,February,Wednesday,10:01 am to 2:00 pm,13.0,0,Afternoon,Winter,3801,265,,3B61K,22107,22107,Unsafe turn or lane change prohibited,AA,Vehicle(s) Only Involved,33174,2,2,57660,1
48479,15206,5096161.0,2011-02-17 11:26:00,2011 February 17,11:26:00,2011,February,Thursday,10:01 am to 2:00 pm,11.0,0,Morning,Winter,3801,1794,SOUTH,3B60,22350,22350,Unsafe speed for prevailing conditions,AA,Vehicle(s) Only Involved,33175,4,16,57658,1
48480,11457,4712342.0,2010-05-16 14:05:00,2010 May 16,14:05:00,2010,May,Sunday,2:01 pm to 6:00 pm,14.0,1,Afternoon,Spring,3801,1549,,4B51,22106,22106,Unsafe starting or backing on highway,AA,Vehicle(s) Only Involved,33176,1,9,57659,2
48481,21835,4959311.0,2010-11-10 08:50:00,2010 November 10,08:50:00,2010,November,Wednesday,6:01 am to 10:00 am,8.0,0,Morning,Fall,3801,1947,NORTH,3E2A,21453(a),"21453(a,c)",Red signal - driver or bicyclist responsibilities,CC,Vehicle-Bicycle,14407,2,1,57581,2
48482,10391,5082685.0,2011-02-02 16:50:00,2011 February 02,16:50:00,2011,February,Wednesday,2:01 pm to 6:00 pm,16.0,0,Afternoon,Winter,3801,307,,3D60,21955,21955,Crossing between controlled intersections (Jaywalking),BB,Vehicle-Pedestrian,33177,2,1,57622,4
48483,13817,4361628.0,2009-08-20 18:20:00,2009 August 20,18:20:00,2009,August,Thursday,6:01 pm to 10:00 pm,18.0,0,Evening,Summer,3801,1962,,,21804(a),"21804(a,b)",Entering highway from alley or driveway,CC,Vehicle-Bicycle,33178,2,15,57621,1
48484,858,150808285.0,2015-09-14 19:14:00,2015 September 14,19:14:00,2015,September,Monday,6:01 pm to 10:00 pm,19.0,0,Evening,Fall,3801,505,INGLESIDE,8H5D,21804(a),"21804(a,b)",Entering highway from alley or driveway,AA,Vehicle(s) Only Involved,33179,1,16,57659,13
48485,11395,4677921.0,2010-04-15 18:57:00,2010 April 15,18:57:00,2010,April,Thursday,6:01 pm to 10:00 pm,18.0,0,Evening,Spring,3801,238,,3D16D,22350,22350,Unsafe speed for prevailing conditions,AA,Vehicle(s) Only Involved,5987,2,1,57583,2
48486,42032,4925425.0,2010-10-01 13:55:00,2010 October 01,13:55:00,2010,October,Friday,10:01 am to 2:00 pm,13.0,0,Afternoon,Fall,3801,4232,PARK,3F14C,22350,22350,Unsafe speed for prevailing conditions,AA,Vehicle(s) Only Involved,16526,2,2,57658,1
48487,43150,4077577.0,2008-12-15 18:26:00,2008 December 15,18:26:00,2008,December,Monday,6:01 pm to 10:00 pm,18.0,0,Evening,Winter,3801,1279,G,4B6I,21950(a),"21950(a,c)",Driver or bicyclist to yield right-of-way at crosswalks,BB,Vehicle-Pedestrian,33180,4,13,57649,1
48488,29178,4699536.0,2010-05-13 13:25:00,2010 May 13,13:25:00,2010,May,Thursday,10:01 am to 2:00 pm,13.0,0,Afternoon,Spring,3801,779,NORTH,3.00E+62,21801(a),"21801(a,b)",Violation of right-of-way - left turn,CC,Vehicle-Bicycle,14802,2,1,57581,4
48489,38393,4766612.0,2010-07-03 22:53:00,2010 July 03,22:53:00,2010,July,Saturday,10:01 pm to 2:00 am,22.0,1,Night,Summer,3801,2313,TARAV,3I15E,22350,22350,Unsafe speed for prevailing conditions,AA,Vehicle(s) Only Involved,33181,2,3,57569,3
48490,44480,4629538.0,2010-01-31 19:00:00,2010 January 31,19:00:00,2010,January,Sunday,6:01 pm to 10:00 pm,19.0,1,Evening,Winter,3801,1796,RICHM,3G14D,22350,22350,Unsafe speed for prevailing conditions,AA,Vehicle(s) Only Involved,38842,2,12,57660,1
48491,27429,4346929.0,2009-08-07 14:12:00,2009 August 07,14:12:00,2009,August,Friday,2:01 pm to 6:00 pm,14.0,0,Afternoon,Summer,3801,001057,B,00B,21950(a),"21950(a,c)",Driver or bicyclist to yield right-of-way at crosswalks,BB,Vehicle-Pedestrian,33183,2,1,57649,1
48492,15197,4445665.0,2009-10-19 11:51:00,2009 October 19,11:51:00,2009,October,Monday,10:01 am to 2:00 pm,11.0,0,Morning,Fall,3801,001460,B,3B4C,Unknown,Unknown,Unknown,CC,Vehicle-Bicycle,33184,2,4,57621,1
48493,26462,4807283.0,2010-07-08 13:22:00,2010 July 08,13:22:00,2010,July,Thursday,10:01 am to 2:00 pm,13.0,0,Afternoon,Summer,3801,1538,,3A61,21657,21657,Going against one-way traffic patterns,AA,Vehicle(s) Only Involved,33185,2,1,57603,2
48494,45404,150403186.0,2015-05-08 23:31:00,2015 May 08,23:31:00,2015,May,Friday,10:01 pm to 2:00 am,23.0,0,Night,Spring,3801,1295,TARAVAL,3115E,23153(a),23153(a-g),Driving under influence causing injury,AA,Vehicle(s) Only Involved,40965,2,3,57603,16
48495,31092,4677868.0,2010-04-15 19:16:00,2010 April 15,19:16:00,2010,April,Thursday,6:01 pm to 10:00 pm,19.0,0,Evening,Spring,3801,49,,03G,21453(a),"21453(a,c)",Red signal - driver or bicyclist responsibilities,AA,Vehicle(s) Only Involved,12317,2,33,57659,1
48496,16963,4140541.0,2009-02-24 12:01:00,2009 February 24,12:01:00,2009,February,Tuesday,10:01 am to 2:00 pm,12.0,0,Afternoon,Winter,3801,1446,,,22350,22350,Unsafe speed for prevailing conditions,AA,Vehicle(s) Only Involved,33186,2,2,57658,1
48497,626,150679989.0,2015-08-05 10:22:00,2015 August 05,10:22:00,2015,August,Wednesday,10:01 am to 2:00 pm,10.0,0,Morning,Summer,3801,771,BAY VIEW S,3C60,21453(a),"21453(a,c)",Red signal - driver or bicyclist responsibilities,CC,Vehicle-Bicycle,29214,2,1,57625,2
48498,45118,3992586.0,2008-11-30 11:20:00,2008 November 30,11:20:00,2008,November,Sunday,10:01 am to 2:00 pm,11.0,1,Morning,Fall,3801,1573,G,4B103,22350,22350,Unsafe speed for prevailing conditions,AA,Vehicle(s) Only Involved,33187,2,2,57658,1
48499,34027,4870191.0,2010-09-02 00:47:00,2010 September 02,00:47:00,2010,September,Thursday,10:01 pm to 2:00 am,0.0,0,Night,Fall,3801,1110,RICHM,3G62,22350,22350,Unsafe speed for prevailing conditions,AA,Vehicle(s) Only Involved,31914,2,3,57557,1
48500,14020,4564797.0,2010-01-07 15:11:00,2010 January 07,15:11:00,2010,January,Thursday,2:01 pm to 6:00 pm,15.0,0,Afternoon,Winter,3801,2175,B,4B7E,21451(a),"21451(a,b)",Green signal - driver or bicyclist responsibilities,BB,Vehicle-Pedestrian,33188,1,1,57649,2
48501,20452,150886441.0,2015-10-10 03:39:00,2015 October 10,03:39:00,2015,October,Saturday,2:01 am to 6:00 am,3.0,1,Night,Fall,3801,4301,NORTHERN,3E11E,21453(a),"21453(a,c)",Red signal - driver or bicyclist responsibilities,AA,Vehicle(s) Only Involved,19773,2,3,57659,1
48502,13885,150770606.0,2015-09-02 16:00:00,2015 September 02,16:00:00,2015,September,Wednesday,2:01 pm to 6:00 pm,16.0,0,Afternoon,Fall,3801,1460,,COB,22350,22350,Unsafe speed for prevailing conditions,AA,Vehicle(s) Only Involved,33189,2,2,57658,1
48503,34214,4968207.0,2010-11-26 13:57:00,2010 November 26,13:57:00,2010,November,Friday,10:01 am to 2:00 pm,13.0,0,Afternoon,Fall,3801,1515,A,3A66,22350,22350,Unsafe speed for prevailing conditions,AA,Vehicle(s) Only Involved,33190,2,24,57569,1
48504,36416,4094783.0,2009-02-06 19:59:00,2009 February 06,19:59:00,2009,February,Friday,6:01 pm to 10:00 pm,19.0,0,Evening,Winter,3801,1525,TARAV,6CAR,22350,22350,Unsafe speed for prevailing conditions,AA,Vehicle(s) Only Involved,9361,1,12,57659,1
48505,33313,150718151.0,2015-08-17 15:07:00,2015 August 17,15:07:00,2015,August,Monday,2:01 pm to 6:00 pm,15.0,0,Afternoon,Summer,3801,1288,CENTRAL,3A11B,22106,22106,Unsafe starting or backing on highway,AA,Vehicle(s) Only Involved,33191,2,1,57636,1
48506,7265,4395860.0,2009-09-02 15:39:00,2009 September 02,15:39:00,2009,September,Wednesday,2:01 pm to 6:00 pm,15.0,0,Afternoon,Fall,3801,A09861,INGLE,3H60,22350,22350,Unsafe speed for prevailing conditions,AA,Vehicle(s) Only Involved,33192,2,8,57658,1
48507,37143,4717638.0,2010-05-27 12:44:00,2010 May 27,12:44:00,2010,May,Thursday,10:01 am to 2:00 pm,12.0,0,Afternoon,Spring,3801,1629,,3162,22350,22350,Unsafe speed for prevailing conditions,AA,Vehicle(s) Only Involved,33193,11,1,57658,8
48508,38003,3981547.0,2008-11-16 15:40:00,2008 November 16,15:40:00,2008,November,Sunday,2:01 pm to 6:00 pm,15.0,1,Afternoon,Fall,3801,1866,TARAV,4B7D,22107,22107,Unsafe turn or lane change prohibited,CC,Vehicle-Bicycle,33194,2,1,57581,2
48509,13136,4635497.0,2010-02-03 01:25:00,2010 February 03,01:25:00,2010,February,Wednesday,10:01 pm to 2:00 am,1.0,0,Night,Winter,3801,4084,,,21950(a),"21950(a,c)",Driver or bicyclist to yield right-of-way at crosswalks,BB,Vehicle-Pedestrian,33195,2,3,57522,1
48510,21597,5055571.0,2011-01-10 11:30:00,2011 January 10,11:30:00,2011,January,Monday,10:01 am to 2:00 pm,11.0,0,Morning,Winter,3801,2082,,,21950(b),21950(b),Pedestrian suddenly entering into vehicle path close enough to create an immediate hazard,DD,Bicycle-Pedestrian,14109,2,1,56208,1