collision_id,unique_id,case_id_pkey,collision_datetime,collision_date,collision_time,accident_year,month,day_of_week,time_cat,hour_of_day,is_weekend,time_of_day,season,juris,officer_id,reporting_district,beat_number,vz_pcf_code,vz_pcf_group,vz_pcf_description,dph_col_grp,dph_col_grp_description,location_id,weather_id,road_id,party_id,severity_id
49847,16190,4638139.0,2010-03-10 18:48:00,2010 March 10,18:48:00,2010,March,Wednesday,6:01 pm to 10:00 pm,18.0,0,Evening,Spring,3801,868,3B60,4B5G,21650.1,21650.1,Bicycle to travel in same direction as vehicles,CC,Vehicle-Bicycle,33953,2,12,57621,1
49848,20675,3997364.0,2008-11-11 06:36:00,2008 November 11,06:36:00,2008,November,Tuesday,6:01 am to 10:00 am,6.0,0,Morning,Fall,3801,1862,,3E12A,21453(a),"21453(a,c)",Red signal - driver or bicyclist responsibilities,AA,Vehicle(s) Only Involved,7591,2,1,57659,1
49849,23152,4865599.0,2010-09-12 03:07:00,2010 September 12,03:07:00,2010,September,Sunday,2:01 am to 6:00 am,3.0,1,Night,Fall,3801,2478,SOUTH,3B13E,21955,21955,Crossing between controlled intersections (Jaywalking),BB,Vehicle-Pedestrian,6733,2,3,57622,4
49850,1592,4805857.0,2010-07-15 18:27:00,2010 July 15,18:27:00,2010,July,Thursday,6:01 pm to 10:00 pm,18.0,0,Evening,Summer,3801,3060,COH,3H13D,21950(a),"21950(a,c)",Driver or bicyclist to yield right-of-way at crosswalks,BB,Vehicle-Pedestrian,33954,2,1,57454,1
49851,43901,5066620.0,2011-02-02 09:45:00,2011 February 02,09:45:00,2011,February,Wednesday,6:01 am to 10:00 am,9.0,0,Morning,Winter,3801,1689,RICHM,05C,21453(a),"21453(a,c)",Red signal - driver or bicyclist responsibilities,AA,Vehicle(s) Only Involved,33955,2,1,57659,1
49852,32954,4667800.0,2010-04-12 16:09:00,2010 April 12,16:09:00,2010,April,Monday,2:01 pm to 6:00 pm,16.0,0,Afternoon,Spring,3801,2089,RICHM,4B8B,22350,22350,Unsafe speed for prevailing conditions,AA,Vehicle(s) Only Involved,33956,2,1,57654,2
49853,34795,4197140.0,2009-03-08 01:08:00,2009 March 08,01:08:00,2009,March,Sunday,10:01 pm to 2:00 am,1.0,1,Night,Spring,3801,123,NORTH,3E15E,22350,22350,Unsafe speed for prevailing conditions,AA,Vehicle(s) Only Involved,11383,2,3,57603,1
49854,26788,4915634.0,2010-09-29 11:53:00,2010 September 29,11:53:00,2010,September,Wednesday,10:01 am to 2:00 pm,11.0,0,Morning,Fall,3801,265,SOUTH,3.00E+60,22350,22350,Unsafe speed for prevailing conditions,AA,Vehicle(s) Only Involved,33957,2,2,57658,11
49855,28624,4483369.0,2009-11-17 23:31:00,2009 November 17,23:31:00,2009,November,Tuesday,10:01 pm to 2:00 am,23.0,0,Night,Fall,3801,2314,,,21950(a),"21950(a,c)",Driver or bicyclist to yield right-of-way at crosswalks,BB,Vehicle-Pedestrian,33958,1,3,57649,1
49856,27581,4901664.0,2010-10-03 19:12:00,2010 October 03,19:12:00,2010,October,Sunday,6:01 pm to 10:00 pm,19.0,1,Evening,Fall,3801,1420,SOUTH,4B5C,21703,21703,Following too closely prohibited,AA,Vehicle(s) Only Involved,33959,2,33,57658,8
49857,87211,240658255.0,2024-10-19 13:56:00,2024 October 19,13:56:00,2024,October,Saturday,10:01 am to 2:00 pm,13.0,1,Afternoon,Fall,3801,a20952,Ingleside,,21453(a),"21453(a,c)",Red signal - driver or bicyclist responsibilities,CC,Vehicle-Bicycle,33960,2,1,57621,1
49858,10104,4201856.0,2009-03-13 19:00:00,2009 March 13,19:00:00,2009,March,Friday,6:01 pm to 10:00 pm,19.0,0,Evening,Spring,3801,36,,,22106,22106,Unsafe starting or backing on highway,AA,Vehicle(s) Only Involved,7617,2,33,57658,1
49859,17722,4901640.0,2010-10-03 10:42:00,2010 October 03,10:42:00,2010,October,Sunday,10:01 am to 2:00 pm,10.0,1,Morning,Fall,3801,2145,MISSI,4B1B,21453(a),"21453(a,c)",Red signal - driver or bicyclist responsibilities,AA,Vehicle(s) Only Involved,36055,2,1,57659,4
49860,12433,4080650.0,2009-01-05 09:00:00,2009 January 05,09:00:00,2009,January,Monday,6:01 am to 10:00 am,9.0,0,Morning,Winter,3801,1579,COD,3D11A,21950(a),"21950(a,c)",Driver or bicyclist to yield right-of-way at crosswalks,BB,Vehicle-Pedestrian,33961,1,2,57649,1
49861,6442,4623594.0,2010-03-01 14:11:00,2010 March 01,14:11:00,2010,March,Monday,2:01 pm to 6:00 pm,14.0,0,Afternoon,Spring,3801,2458,MISSI,3D44C,21801(a),"21801(a,b)",Violation of right-of-way - left turn,AA,Vehicle(s) Only Involved,6046,1,1,57660,1
49862,3429,4407821.0,2009-09-22 10:19:00,2009 September 22,10:19:00,2009,September,Tuesday,10:01 am to 2:00 pm,10.0,0,Morning,Fall,3801,4231,BAYVI,002,21950(a),"21950(a,c)",Driver or bicyclist to yield right-of-way at crosswalks,BB,Vehicle-Pedestrian,33962,2,2,57649,1
49863,36371,4197179.0,2009-03-29 09:41:00,2009 March 29,09:41:00,2009,March,Sunday,6:01 am to 10:00 am,9.0,1,Morning,Spring,3801,00829,TARAV,4B4I,21453(c),"21453(a,c)",Red signal - driver or bicyclist responsibilities,AA,Vehicle(s) Only Involved,9380,2,1,57603,13
49864,41533,4944526.0,2010-10-12 15:20:00,2010 October 12,15:20:00,2010,October,Tuesday,2:01 pm to 6:00 pm,15.0,0,Afternoon,Fall,3801,625,I,3I63,21950(b),21950(b),Pedestrian suddenly entering into vehicle path close enough to create an immediate hazard,BB,Vehicle-Pedestrian,4241,2,1,57123,2
49865,26460,4712206.0,2010-06-04 08:00:00,2010 June 04,08:00:00,2010,June,Friday,6:01 am to 10:00 am,8.0,0,Morning,Summer,3801,1538,,3A61,21453(a),"21453(a,c)",Red signal - driver or bicyclist responsibilities,AA,Vehicle(s) Only Involved,5175,4,16,57659,8
49866,7606,4373927.0,2009-08-30 21:33:00,2009 August 30,21:33:00,2009,August,Sunday,6:01 pm to 10:00 pm,21.0,1,Night,Summer,3801,821,MISSI,4B107,23153(a),23153(a-g),Driving under influence causing injury,AA,Vehicle(s) Only Involved,23191,1,3,57659,8
49867,4959,4807360.0,2010-07-05 10:30:00,2010 July 05,10:30:00,2010,July,Monday,10:01 am to 2:00 pm,10.0,0,Morning,Summer,3801,1043,INGLE,3H62,22106,22106,Unsafe starting or backing on highway,AA,Vehicle(s) Only Involved,33963,2,2,57659,1
49868,17998,4514070.0,2009-12-03 17:41:00,2009 December 03,17:41:00,2009,December,Thursday,2:01 pm to 6:00 pm,17.0,0,Evening,Winter,3801,1192,MISSI,03D,Unknown,Unknown,Unknown,CC,Vehicle-Bicycle,17431,2,3,55448,2
49869,39093,4817392.0,2010-07-02 01:39:00,2010 July 02,01:39:00,2010,July,Friday,10:01 pm to 2:00 am,1.0,0,Night,Summer,3801,,,,21200(a),21200(a),Bicycle riding - general rights and responsibilities,CC,Vehicle-Bicycle,36664,2,3,57621,2
49870,40670,4347004.0,2009-08-07 12:25:00,2009 August 07,12:25:00,2009,August,Friday,10:01 am to 2:00 pm,12.0,0,Afternoon,Summer,3801,438,,4B3F,22517,22517,Opening door on traffic side when unsafe,EE,Bicycle-Parked Car,33964,2,2,55217,2
49871,38942,4656833.0,2010-03-19 16:21:00,2010 March 19,16:21:00,2010,March,Friday,2:01 pm to 6:00 pm,16.0,0,Afternoon,Spring,3801,4126,TARVA,4,21801(a),"21801(a,b)",Violation of right-of-way - left turn,AA,Vehicle(s) Only Involved,32310,2,1,57659,1
49872,868,4272248.0,2009-05-14 09:45:00,2009 May 14,09:45:00,2009,May,Thursday,6:01 am to 10:00 am,9.0,0,Morning,Spring,3801,519,INGLE,3H41A,21703,21703,Following too closely prohibited,AA,Vehicle(s) Only Involved,37427,2,1,57557,11
49873,36222,4978879.0,2010-11-14 10:32:00,2010 November 14,10:32:00,2010,November,Sunday,10:01 am to 2:00 pm,10.0,1,Morning,Fall,3801,1102,,00H,21802(a),"21802(a,b)",Violation of right-of-way - entering through highway,AA,Vehicle(s) Only Involved,7885,2,1,57659,1
49874,27250,4191149.0,2009-03-20 09:15:00,2009 March 20,09:15:00,2009,March,Friday,6:01 am to 10:00 am,9.0,0,Morning,Spring,3801,1723,A,,22107,22107,Unsafe turn or lane change prohibited,CC,Vehicle-Bicycle,33965,2,1,57625,2
49875,37601,4107314.0,2009-02-23 13:59:00,2009 February 23,13:59:00,2009,February,Monday,10:01 am to 2:00 pm,13.0,0,Afternoon,Winter,3801,2351,CO1,3114C,21658(a),"21658(a,b)",Lane straddling or failure to use specified lanes,AA,Vehicle(s) Only Involved,12869,1,2,57660,1
49876,15796,4677876.0,2010-04-15 15:45:00,2010 April 15,15:45:00,2010,April,Thursday,2:01 pm to 6:00 pm,15.0,0,Afternoon,Spring,3801,632,,0B4,21451(a),"21451(a,b)",Green signal - driver or bicyclist responsibilities,CC,Vehicle-Bicycle,6101,2,1,57581,1
49877,15395,150819232.0,2015-09-18 09:04:00,2015 September 18,09:04:00,2015,September,Friday,6:01 am to 10:00 am,9.0,0,Morning,Fall,3801,4182,SOUTHERN,3B3A,22350,22350,Unsafe speed for prevailing conditions,AA,Vehicle(s) Only Involved,13459,2,2,57658,1
49878,12893,4438645.0,2009-10-02 10:20:00,2009 October 02,10:20:00,2009,October,Friday,10:01 am to 2:00 pm,10.0,0,Morning,Fall,3801,438,,4B3F,Unknown,Unknown,Unknown,AA,Vehicle(s) Only Involved,33966,1,2,57660,2
49879,9748,5096209.0,2011-02-01 22:23:00,2011 February 01,22:23:00,2011,February,Tuesday,10:01 pm to 2:00 am,22.0,0,Night,Winter,3801,A07062,MISSI,3D60,22350,22350,Unsafe speed for prevailing conditions,AA,Vehicle(s) Only Involved,9354,1,13,57659,2
49880,20770,4361998.0,2009-08-19 22:27:00,2009 August 19,22:27:00,2009,August,Wednesday,10:01 pm to 2:00 am,22.0,0,Night,Summer,3801,1173,NORTH,3E12E,21801(a),"21801(a,b)",Violation of right-of-way - left turn,AA,Vehicle(s) Only Involved,5622,2,3,57585,1
49881,38225,4962748.0,2010-11-22 12:47:00,2010 November 22,12:47:00,2010,November,Monday,10:01 am to 2:00 pm,12.0,0,Afternoon,Fall,3801,1629,TARAV,3I62,21703,21703,Following too closely prohibited,AA,Vehicle(s) Only Involved,33967,11,1,57658,1
49882,31883,4968187.0,2010-11-12 12:13:00,2010 November 12,12:13:00,2010,November,Friday,10:01 am to 2:00 pm,12.0,0,Afternoon,Fall,3801,241,COE,4B1E,Unknown,Unknown,Unknown,BB,Vehicle-Pedestrian,33968,2,2,57566,1
49883,931,5066987.0,2011-01-30 13:50:00,2011 January 30,13:50:00,2011,January,Sunday,10:01 am to 2:00 pm,13.0,1,Afternoon,Winter,3801,1043,INGLE,3H62,22350,22350,Unsafe speed for prevailing conditions,AA,Vehicle(s) Only Involved,33969,4,4,57658,8
49884,23999,4699439.0,2010-05-12 08:08:00,2010 May 12,08:08:00,2010,May,Wednesday,6:01 am to 10:00 am,8.0,0,Morning,Spring,3801,265,SOUTH,3B61K,21750,21750,Overtaking and passing unsafely,AA,Vehicle(s) Only Involved,26269,2,1,57660,1
49885,13290,4515942.0,2009-12-01 17:15:00,2009 December 01,17:15:00,2009,December,Tuesday,2:01 pm to 6:00 pm,17.0,0,Evening,Winter,3801,1866,SOUTH,4B7D,21801(a),"21801(a,b)",Violation of right-of-way - left turn,CC,Vehicle-Bicycle,35522,4,13,57581,2
49886,15376,4370879.0,2009-08-23 02:15:00,2009 August 23,02:15:00,2009,August,Sunday,2:01 am to 6:00 am,2.0,1,Night,Summer,3801,674,SOUTH,3B14E,21453(a),"21453(a,c)",Red signal - driver or bicyclist responsibilities,BB,Vehicle-Pedestrian,33970,2,3,57649,1
49887,45017,4195284.0,2009-03-10 08:40:00,2009 March 10,08:40:00,2009,March,Tuesday,6:01 am to 10:00 am,8.0,0,Morning,Spring,3801,1597,RICHM,3G62,21950(a),"21950(a,c)",Driver or bicyclist to yield right-of-way at crosswalks,BB,Vehicle-Pedestrian,23772,2,1,57476,2
49888,37876,4254910.0,2009-05-21 11:22:00,2009 May 21,11:22:00,2009,May,Thursday,10:01 am to 2:00 pm,11.0,0,Morning,Spring,3801,1629,,3I62,Unknown,Unknown,Unknown,AA,Vehicle(s) Only Involved,33971,2,1,57557,2
49889,26613,4041351.0,2009-01-19 15:54:00,2009 January 19,15:54:00,2009,January,Monday,2:01 pm to 6:00 pm,15.0,0,Afternoon,Winter,3801,002089,SOYTH,4B8B,21950(a),"21950(a,c)",Driver or bicyclist to yield right-of-way at crosswalks,BB,Vehicle-Pedestrian,33972,2,44,57649,1
49890,37199,4809264.0,2010-06-30 17:00:00,2010 June 30,17:00:00,2010,June,Wednesday,2:01 pm to 6:00 pm,17.0,0,Evening,Summer,3801,659,TARAV,3I60,22350,22350,Unsafe speed for prevailing conditions,AA,Vehicle(s) Only Involved,33973,2,2,57658,8
49891,3990,150702665.0,2015-08-12 12:50:00,2015 August 12,12:50:00,2015,August,Wednesday,10:01 am to 2:00 pm,12.0,0,Afternoon,Summer,3801,1017,INGLESIDE,3H16C,21954(a),21954(a),Pedestrians must yield right-of-way outside of crosswalks,BB,Vehicle-Pedestrian,33974,2,2,57622,1
49892,87362,240749854.0,2024-12-04 10:03:00,2024 December 04,10:03:00,2024,December,Wednesday,10:01 am to 2:00 pm,10.0,0,Morning,Winter,3801,424,Northern,3E11A,22107,22107,Unsafe turn or lane change prohibited,CC,Vehicle-Bicycle,39882,2,1,57614,1
49893,18133,4915503.0,2010-09-22 20:43:00,2010 September 22,20:43:00,2010,September,Wednesday,6:01 pm to 10:00 pm,20.0,0,Evening,Fall,3801,346,NORTH,3.00E+01,22450(a),22450(a),Failure to stop at STOP sign,CC,Vehicle-Bicycle,29578,2,12,57621,1
49894,32669,4641452.0,2010-03-03 07:55:00,2010 March 03,07:55:00,2010,March,Wednesday,6:01 am to 10:00 am,7.0,0,Morning,Spring,3801,43,NORTH,3E61K,22350,22350,Unsafe speed for prevailing conditions,AA,Vehicle(s) Only Involved,33976,1,4,57658,1
49895,36193,150766984.0,2015-09-01 13:11:00,2015 September 01,13:11:00,2015,September,Tuesday,10:01 am to 2:00 pm,13.0,0,Afternoon,Fall,3801,1759,INGLESIDE,3H16C,21802(a),"21802(a,b)",Violation of right-of-way - entering through highway,AA,Vehicle(s) Only Involved,20013,2,1,57585,14
49896,36926,5012790.0,2010-12-20 15:30:00,2010 December 20,15:30:00,2010,December,Monday,2:01 pm to 6:00 pm,15.0,0,Afternoon,Winter,3801,2089,TARAV,4B6B,21802(a),"21802(a,b)",Violation of right-of-way - entering through highway,AA,Vehicle(s) Only Involved,33977,4,16,57659,1
49897,22375,4735955.0,2010-06-11 12:45:00,2010 June 11,12:45:00,2010,June,Friday,10:01 am to 2:00 pm,12.0,0,Afternoon,Summer,3801,438,,4B3F,22105,22105,Illegal U-turn on highway without unobstructed view,AA,Vehicle(s) Only Involved,2230,2,2,57553,2
49898,6120,4253387.0,2009-04-30 12:10:00,2009 April 30,12:10:00,2009,April,Thursday,10:01 am to 2:00 pm,12.0,0,Afternoon,Spring,3801,000274,BAYVI,3C61K,22350,22350,Unsafe speed for prevailing conditions,AA,Vehicle(s) Only Involved,33978,2,1,57659,1
49899,18033,5076730.0,2011-01-19 07:59:00,2011 January 19,07:59:00,2011,January,Wednesday,6:01 am to 10:00 am,7.0,0,Morning,Winter,3801,747,,,21955,21955,Crossing between controlled intersections (Jaywalking),FF,Bicycle Only,19820,2,1,50912,3
49900,23666,4985390.0,2010-12-17 03:25:00,2010 December 17,03:25:00,2010,December,Friday,2:01 am to 6:00 am,3.0,0,Night,Winter,3801,1603,SOUTH,3B13E,21457(a),21457(a),Actions required at flashing red signal,AA,Vehicle(s) Only Involved,10383,4,13,57660,1
49901,17355,4915732.0,2010-09-25 12:20:00,2010 September 25,12:20:00,2010,September,Saturday,10:01 am to 2:00 pm,12.0,1,Afternoon,Fall,3801,191,MISSI,4B2D,21950(a),"21950(a,c)",Driver or bicyclist to yield right-of-way at crosswalks,BB,Vehicle-Pedestrian,8469,2,1,57649,1
49902,9334,4077701.0,2008-12-10 15:43:00,2008 December 10,15:43:00,2008,December,Wednesday,2:01 pm to 6:00 pm,15.0,0,Afternoon,Winter,3801,2122,D,4B8D,21801(a),"21801(a,b)",Violation of right-of-way - left turn,AA,Vehicle(s) Only Involved,21615,2,1,57659,4
49903,33440,4260712.0,2009-05-08 21:30:00,2009 May 08,21:30:00,2009,May,Friday,6:01 pm to 10:00 pm,21.0,0,Night,Spring,3801,2478,CENTR,3A91,22350,22350,Unsafe speed for prevailing conditions,AA,Vehicle(s) Only Involved,38146,2,3,57659,1
49904,3491,4563024.0,2010-01-26 08:30:00,2010 January 26,08:30:00,2010,January,Tuesday,6:01 am to 10:00 am,8.0,0,Morning,Winter,3801,1539,3C,3C60,22450(a),22450(a),Failure to stop at STOP sign,AA,Vehicle(s) Only Involved,33979,7,1,57659,1
49905,31049,4355205.0,2009-08-02 13:22:00,2009 August 02,13:22:00,2009,August,Sunday,10:01 am to 2:00 pm,13.0,1,Afternoon,Summer,3801,001580,PARK,4B2F,21453(a),"21453(a,c)",Red signal - driver or bicyclist responsibilities,AA,Vehicle(s) Only Involved,10877,2,1,57585,8
49906,29004,4915661.0,2010-09-23 20:12:00,2010 September 23,20:12:00,2010,September,Thursday,6:01 pm to 10:00 pm,20.0,0,Evening,Fall,3801,4122,SF,0.00E+00,21703,21703,Following too closely prohibited,AA,Vehicle(s) Only Involved,13234,2,3,57658,1
49907,9821,4924727.0,2010-10-13 22:18:00,2010 October 13,22:18:00,2010,October,Wednesday,10:01 pm to 2:00 am,22.0,0,Night,Fall,3801,2351,MISSI,3D14D,21453(a),"21453(a,c)",Red signal - driver or bicyclist responsibilities,AA,Vehicle(s) Only Involved,37759,2,3,57659,11
49908,11146,4352620.0,2009-08-16 04:20:00,2009 August 16,04:20:00,2009,August,Sunday,2:01 am to 6:00 am,4.0,1,Night,Summer,3801,4084,MISSI,0D3,21954(a),21954(a),Pedestrians must yield right-of-way outside of crosswalks,BB,Vehicle-Pedestrian,33980,2,3,57622,2
49909,17928,4756148.0,2011-05-10 19:50:00,2011 May 10,19:50:00,2011,May,Tuesday,6:01 pm to 10:00 pm,19.0,0,Evening,Spring,3801,307,MISSI,3D60,21954(a),21954(a),Pedestrians must yield right-of-way outside of crosswalks,BB,Vehicle-Pedestrian,33981,1,2,57622,2
49910,40764,4057358.0,2008-12-17 12:59:00,2008 December 17,12:59:00,2008,December,Wednesday,10:01 am to 2:00 pm,12.0,0,Afternoon,Winter,3801,1573,TARAV,4B3I,21801(a),"21801(a,b)",Violation of right-of-way - left turn,AA,Vehicle(s) Only Involved,33982,2,2,57659,1
49911,21725,4968240.0,2010-11-21 12:20:00,2010 November 21,12:20:00,2010,November,Sunday,10:01 am to 2:00 pm,12.0,1,Afternoon,Fall,3801,289,,3E3A,21703,21703,Following too closely prohibited,AA,Vehicle(s) Only Involved,39469,7,47,57658,1
49912,5572,4816506.0,2010-07-21 15:20:00,2010 July 21,15:20:00,2010,July,Wednesday,2:01 pm to 6:00 pm,15.0,0,Afternoon,Summer,3801,379,BAYVI,0C2,22100(b),"22100(a,b)",Turn at intersection from wrong position,AA,Vehicle(s) Only Involved,36341,2,8,57660,1
49913,23258,4001473.0,2008-12-12 20:17:00,2008 December 12,20:17:00,2008,December,Friday,6:01 pm to 10:00 pm,20.0,0,Evening,Winter,3801,1866,SOUTH,4B7D,21451(a),"21451(a,b)",Green signal - driver or bicyclist responsibilities,AA,Vehicle(s) Only Involved,31071,2,3,57659,1
49914,36707,4959315.0,2010-11-09 21:38:00,2010 November 09,21:38:00,2010,November,Tuesday,6:01 pm to 10:00 pm,21.0,0,Night,Fall,3801,2345,TARAV,3I15E,22350,22350,Unsafe speed for prevailing conditions,AA,Vehicle(s) Only Involved,33983,4,61,57569,1
49915,44756,4384334.0,2009-08-31 14:20:00,2009 August 31,14:20:00,2009,August,Monday,2:01 pm to 6:00 pm,14.0,0,Afternoon,Summer,3801,651,4B6A,00G,Unknown,Unknown,Unknown,AA,Vehicle(s) Only Involved,24181,2,1,57585,11
49916,42549,3984266.0,2008-12-22 08:14:00,2008 December 22,08:14:00,2008,December,Monday,6:01 am to 10:00 am,8.0,0,Morning,Winter,3801,625,G,4B2G,22350,22350,Unsafe speed for prevailing conditions,AA,Vehicle(s) Only Involved,33984,2,153,57607,9
49917,27569,4300237.0,2009-06-29 21:59:00,2009 June 29,21:59:00,2009,June,Monday,6:01 pm to 10:00 pm,21.0,0,Night,Summer,3801,821,CENTR,4B8F,Unknown,Unknown,Unknown,AA,Vehicle(s) Only Involved,4314,1,3,57659,1
49918,36464,4395915.0,2009-09-09 16:10:00,2009 September 09,16:10:00,2009,September,Wednesday,2:01 pm to 6:00 pm,16.0,0,Afternoon,Fall,3801,1525,TARAV,3A60,22350,22350,Unsafe speed for prevailing conditions,AA,Vehicle(s) Only Involved,33985,2,2,57658,8
49919,32113,4333493.0,2009-07-29 22:31:00,2009 July 29,22:31:00,2009,July,Wednesday,10:01 pm to 2:00 am,22.0,0,Night,Summer,3801,569,CENTR,3A11E,21955,21955,Crossing between controlled intersections (Jaywalking),BB,Vehicle-Pedestrian,3303,2,3,57622,1
49920,5175,4197180.0,2009-03-04 19:30:00,2009 March 04,19:30:00,2009,March,Wednesday,6:01 pm to 10:00 pm,19.0,0,Evening,Spring,3801,01372,INGLE,3H12C,22350,22350,Unsafe speed for prevailing conditions,AA,Vehicle(s) Only Involved,33986,1,61,57658,1
49921,21914,4675764.0,2010-04-13 18:16:00,2010 April 13,18:16:00,2010,April,Tuesday,6:01 pm to 10:00 pm,18.0,0,Evening,Spring,3801,821,NORTH,4B8F,22106,22106,Unsafe starting or backing on highway,AA,Vehicle(s) Only Involved,33987,1,2,57658,8
49922,3798,4977889.0,2010-11-22 16:07:00,2010 November 22,16:07:00,2010,November,Monday,2:01 pm to 6:00 pm,16.0,0,Afternoon,Fall,3801,2082,BAYVI,4B6H,21950(a),"21950(a,c)",Driver or bicyclist to yield right-of-way at crosswalks,BB,Vehicle-Pedestrian,33988,1,1,57649,1
49923,14611,4915675.0,2010-09-30 08:45:00,2010 September 30,08:45:00,2010,September,Thursday,6:01 am to 10:00 am,8.0,0,Morning,Fall,3801,513,COC,3C12B,21956(a),21956(a),Pedestrian on roadway prohibited,DD,Bicycle-Pedestrian,6427,2,2,47199,2
49924,12647,4404916.0,2009-09-27 19:30:00,2009 September 27,19:30:00,2009,September,Sunday,6:01 pm to 10:00 pm,19.0,1,Evening,Fall,3801,1030,MISSI,3D11D,21658(a),"21658(a,b)",Lane straddling or failure to use specified lanes,AA,Vehicle(s) Only Involved,33989,2,15,57658,1
49925,44446,4542507.0,2009-12-20 17:34:00,2009 December 20,17:34:00,2009,December,Sunday,2:01 pm to 6:00 pm,17.0,1,Evening,Winter,3801,821,RICHM,4B8F,22350,22350,Unsafe speed for prevailing conditions,AA,Vehicle(s) Only Involved,33990,4,7,57658,1
49926,15058,150854432.0,2015-09-29 16:20:00,2015 September 29,16:20:00,2015,September,Tuesday,2:01 pm to 6:00 pm,16.0,0,Afternoon,Fall,3801,1620,SOUTHERN,3B11C,22350,22350,Unsafe speed for prevailing conditions,FF,Bicycle Only,6910,2,2,57556,2
49927,4565,4766906.0,2010-06-25 11:40:00,2010 June 25,11:40:00,2010,June,Friday,10:01 am to 2:00 pm,11.0,0,Morning,Summer,3801,2305,,,22107,22107,Unsafe turn or lane change prohibited,AA,Vehicle(s) Only Involved,11596,2,1,57659,8
49928,4808,4483804.0,2009-11-11 08:25:00,2009 November 11,08:25:00,2009,November,Wednesday,6:01 am to 10:00 am,8.0,0,Morning,Fall,3801,000874,INGLE,4B4H,21650,21650,Failure to keep to right side of road,CC,Vehicle-Bicycle,33991,2,1,57621,1
49929,30550,4215454.0,2009-03-14 09:27:00,2009 March 14,09:27:00,2009,March,Saturday,6:01 am to 10:00 am,9.0,1,Morning,Spring,3801,01580,,4B2F,21453(a),"21453(a,c)",Red signal - driver or bicyclist responsibilities,BB,Vehicle-Pedestrian,29690,2,1,57659,23
49930,27044,4840491.0,2010-08-13 08:30:00,2010 August 13,08:30:00,2010,August,Friday,6:01 am to 10:00 am,8.0,0,Morning,Summer,3801,1572,,,22350,22350,Unsafe speed for prevailing conditions,FF,Bicycle Only,21911,2,16,57556,2
49931,42186,4924562.0,2010-10-16 03:06:00,2010 October 16,03:06:00,2010,October,Saturday,2:01 am to 6:00 am,3.0,1,Night,Fall,3801,1110,RICHM,3G11E,21200(a),21200(a),Bicycle riding - general rights and responsibilities,CC,Vehicle-Bicycle,33992,2,3,57655,2
49932,44876,4215384.0,2009-04-14 15:30:00,2009 April 14,15:30:00,2009,April,Tuesday,2:01 pm to 6:00 pm,15.0,0,Afternoon,Spring,3801,307,RICHM,4B107,22517,22517,Opening door on traffic side when unsafe,AA,Vehicle(s) Only Involved,33993,2,2,57660,2
49933,40148,4876680.0,2010-09-01 22:00:00,2010 September 01,22:00:00,2010,September,Wednesday,6:01 pm to 10:00 pm,22.0,0,Night,Fall,3801,1576,TRAVA,2,22106,22106,Unsafe starting or backing on highway,BB,Vehicle-Pedestrian,33994,2,12,57649,2
49934,25790,4563077.0,2010-01-22 10:02:00,2010 January 22,10:02:00,2010,January,Friday,10:01 am to 2:00 pm,10.0,0,Morning,Winter,3801,1794,SOUTH,3B60,22350,22350,Unsafe speed for prevailing conditions,FF,Bicycle Only,33995,1,74,57556,2
49935,17881,160307073.0,2016-04-14 13:18:00,2016 April 14,13:18:00,2016,April,Thursday,10:01 am to 2:00 pm,13.0,0,Afternoon,Spring,3801,2450,,3D15C,22101(d),22101(d),Violation of a turn prohibition sign,AA,Vehicle(s) Only Involved,18531,2,1,55753,1
49936,30857,4513191.0,2009-11-30 18:59:00,2009 November 30,18:59:00,2009,November,Monday,6:01 pm to 10:00 pm,18.0,0,Evening,Fall,3801,2050,,3E14,22100(b),"22100(a,b)",Turn at intersection from wrong position,AA,Vehicle(s) Only Involved,4310,2,3,57191,1
49937,38580,4690278.0,2010-04-29 22:36:00,2010 April 29,22:36:00,2010,April,Thursday,10:01 pm to 2:00 am,22.0,0,Night,Spring,3801,1900,,,21800(c),21800(a-c),Violation of right-of-way or uncontrolled intersection,AA,Vehicle(s) Only Involved,18097,2,12,57659,2
49938,26859,4323882.0,2009-07-27 06:00:00,2009 July 27,06:00:00,2009,July,Monday,6:01 am to 10:00 am,6.0,0,Morning,Summer,3801,1873,B,1CAR,21950(a),"21950(a,c)",Driver or bicyclist to yield right-of-way at crosswalks,BB,Vehicle-Pedestrian,33996,2,33,57649,2
49939,22534,4805865.0,2010-07-09 01:21:00,2010 July 09,01:21:00,2010,July,Friday,10:01 pm to 2:00 am,1.0,0,Night,Summer,3801,1889,PARKC,3F13E,23152(a),23152(a-g),Driving under influence of alcohol and/or drugs,AA,Vehicle(s) Only Involved,33997,1,3,57658,3
49940,15417,4924550.0,2010-10-19 15:10:00,2010 October 19,15:10:00,2010,October,Tuesday,2:01 pm to 6:00 pm,15.0,0,Afternoon,Fall,3801,265,SOUTH,3B61K,22107,22107,Unsafe turn or lane change prohibited,CC,Vehicle-Bicycle,29431,2,2,57614,2
49941,928,4985281.0,2010-12-08 17:14:00,2010 December 08,17:14:00,2010,December,Wednesday,2:01 pm to 6:00 pm,17.0,0,Evening,Winter,3801,2350,,,21950(a),"21950(a,c)",Driver or bicyclist to yield right-of-way at crosswalks,BB,Vehicle-Pedestrian,32614,4,59,57522,1
49942,16652,4659146.0,2010-02-04 02:03:00,2010 February 04,02:03:00,2010,February,Thursday,2:01 am to 6:00 am,2.0,0,Night,Winter,3801,1881,SOUTH,3B62,21954(a),21954(a),Pedestrians must yield right-of-way outside of crosswalks,BB,Vehicle-Pedestrian,33998,2,3,57622,2