collision_id,unique_id,case_id_pkey,collision_datetime,collision_date,collision_time,accident_year,month,day_of_week,time_cat,hour_of_day,is_weekend,time_of_day,season,juris,officer_id,reporting_district,beat_number,vz_pcf_code,vz_pcf_group,vz_pcf_description,dph_col_grp,dph_col_grp_description,location_id,weather_id,road_id,party_id,severity_id
51374,2580,5963960.0,2012-08-30 13:35:00,2012 August 30,13:35:00,2012,August,Thursday,10:01 am to 2:00 pm,13.0,0,Afternoon,Summer,3801,1446,,,22450(a),22450(a),Failure to stop at STOP sign,AA,Vehicle(s) Only Involved,6831,2,19,57659,11
51375,6900,5590742.0,2012-02-04 17:43:00,2012 February 04,17:43:00,2012,February,Saturday,2:01 pm to 6:00 pm,17.0,1,Evening,Winter,3801,1939,INGLE,4B2H,23152(a),23152(a-g),Driving under influence of alcohol and/or drugs,AA,Vehicle(s) Only Involved,34868,2,1,57583,1
51376,36270,5685170.0,2012-03-24 16:55:00,2012 March 24,16:55:00,2012,March,Saturday,2:01 pm to 6:00 pm,16.0,1,Afternoon,Spring,3801,241,COH,4B3H,21453(a),"21453(a,c)",Red signal - driver or bicyclist responsibilities,AA,Vehicle(s) Only Involved,2175,4,16,57585,1
51377,16375,6046545.0,2012-12-19 19:02:00,2012 December 19,19:02:00,2012,December,Wednesday,6:01 pm to 10:00 pm,19.0,0,Evening,Winter,3801,2319,SOUTH,3B13D,21950(a),"21950(a,c)",Driver or bicyclist to yield right-of-way at crosswalks,BB,Vehicle-Pedestrian,6200,2,3,57649,1
51378,83353,230196431.0,2023-03-20 13:17:00,2023 March 20,13:17:00,2023,March,Monday,10:01 am to 2:00 pm,13.0,0,Afternoon,Spring,3801,307,Northern,3E13D,22106,22106,Unsafe starting or backing on highway,AA,Vehicle(s) Only Involved,34869,2,2,57584,8
51379,40948,5427544.0,2011-11-18 17:55:00,2011 November 18,17:55:00,2011,November,Friday,2:01 pm to 6:00 pm,17.0,0,Evening,Fall,3801,111,,4B3I,21950(a),"21950(a,c)",Driver or bicyclist to yield right-of-way at crosswalks,BB,Vehicle-Pedestrian,34870,4,7,57649,1
51380,53024,200351041.0,2020-06-10 17:38:00,2020 June 10,17:38:00,2020,June,Wednesday,2:01 pm to 6:00 pm,17.0,0,Evening,Summer,3801,1442,Ingleside,3H16D,21954(a),21954(a),Pedestrians must yield right-of-way outside of crosswalks,BB,Vehicle-Pedestrian,34871,2,2,57622,2
51381,78029,200013809.0,2020-01-06 13:50:00,2020 January 06,13:50:00,2020,January,Monday,10:01 am to 2:00 pm,13.0,0,Afternoon,Winter,3801,552,Southern,3B,22350,22350,Unsafe speed for prevailing conditions,AA,Vehicle(s) Only Involved,34872,2,1,57660,1
51382,83459,230028204.0,2023-01-12 20:40:00,2023 January 12,20:40:00,2023,January,Thursday,6:01 pm to 10:00 pm,20.0,0,Evening,Winter,3801,1198,Mission,,21804(a),"21804(a,b)",Entering highway from alley or driveway,AA,Vehicle(s) Only Involved,34873,2,12,57128,1
51383,8588,6049428.0,2012-10-28 20:40:00,2012 October 28,20:40:00,2012,October,Sunday,6:01 pm to 10:00 pm,20.0,1,Evening,Fall,3801,1030,MISSI,3D11D,22350,22350,Unsafe speed for prevailing conditions,BB,Vehicle-Pedestrian,34874,2,42,57649,2
51384,15427,5477588.0,2011-12-28 19:21:00,2011 December 28,19:21:00,2011,December,Wednesday,6:01 pm to 10:00 pm,19.0,0,Evening,Winter,3801,002484,SOUTH,3B3D,22107,22107,Unsafe turn or lane change prohibited,CC,Vehicle-Bicycle,34875,2,12,57614,1
51385,12454,6059259.0,2012-12-11 00:08:00,2012 December 11,00:08:00,2012,December,Tuesday,10:01 pm to 2:00 am,0.0,0,Night,Winter,3801,A07406,MISSI,3D12E,22107,22107,Unsafe turn or lane change prohibited,CC,Vehicle-Bicycle,39142,2,3,57614,1
51386,24811,5387193.0,2011-10-03 20:30:00,2011 October 03,20:30:00,2011,October,Monday,6:01 pm to 10:00 pm,20.0,0,Evening,Fall,3801,1633,,002,21950(a),"21950(a,c)",Driver or bicyclist to yield right-of-way at crosswalks,BB,Vehicle-Pedestrian,34876,7,13,57649,2
51387,11173,5554768.0,2012-01-23 15:30:00,2012 January 23,15:30:00,2012,January,Monday,2:01 pm to 6:00 pm,15.0,0,Afternoon,Winter,3801,1043,MISSI,4B1H,22517,22517,Opening door on traffic side when unsafe,CC,Vehicle-Bicycle,34877,2,1,57614,1
51388,11487,5291210.0,2011-08-19 14:30:00,2011 August 19,14:30:00,2011,August,Friday,2:01 pm to 6:00 pm,14.0,0,Afternoon,Summer,3801,000578,MISSI,4C101,21950(a),"21950(a,c)",Driver or bicyclist to yield right-of-way at crosswalks,BB,Vehicle-Pedestrian,34878,2,1,57649,6
51389,53402,200491932.0,2020-08-16 08:55:00,2020 August 16,08:55:00,2020,August,Sunday,6:01 am to 10:00 am,8.0,1,Morning,Summer,3801,1754,Bayview,3C11A,22106,22106,Unsafe starting or backing on highway,BB,Vehicle-Pedestrian,34879,2,2,57649,4
51390,19776,5276487.0,2011-07-21 14:26:00,2011 July 21,14:26:00,2011,July,Thursday,2:01 pm to 6:00 pm,14.0,0,Afternoon,Summer,3801,665,,4B5H,22350,22350,Unsafe speed for prevailing conditions,AA,Vehicle(s) Only Involved,34880,2,2,57584,3
51391,6066,5590784.0,2012-02-02 13:50:00,2012 February 02,13:50:00,2012,February,Thursday,10:01 am to 2:00 pm,13.0,0,Afternoon,Winter,3801,2278,BAYVI,1CN,22350,22350,Unsafe speed for prevailing conditions,AA,Vehicle(s) Only Involved,34881,2,2,57658,1
51392,1743,6059086.0,2012-10-06 09:03:00,2012 October 06,09:03:00,2012,October,Saturday,6:01 am to 10:00 am,9.0,1,Morning,Fall,3801,1659,INGLE,3H5,22107,22107,Unsafe turn or lane change prohibited,CC,Vehicle-Bicycle,34882,2,2,57581,1
51393,83148,230147569.0,2023-03-01 15:40:00,2023 March 01,15:40:00,2023,March,Wednesday,2:01 pm to 6:00 pm,15.0,0,Afternoon,Spring,3801,2268,Ingleside,3H13D,21954(a),21954(a),Pedestrians must yield right-of-way outside of crosswalks,BB,Vehicle-Pedestrian,34883,2,2,56666,2
51394,25870,5584217.0,2012-02-16 17:45:00,2012 February 16,17:45:00,2012,February,Thursday,2:01 pm to 6:00 pm,17.0,0,Evening,Winter,3801,1428,CENTR,0A2,21950(a),"21950(a,c)",Driver or bicyclist to yield right-of-way at crosswalks,BB,Vehicle-Pedestrian,36720,2,3,57649,1
51395,53858,200601222.0,2020-10-06 05:01:00,2020 October 06,05:01:00,2020,October,Tuesday,2:01 am to 6:00 am,5.0,0,Morning,Fall,3801,77,Bayview,3C13E,21658(a),"21658(a,b)",Lane straddling or failure to use specified lanes,AA,Vehicle(s) Only Involved,34884,2,12,57496,8
51396,46363,190090254.0,2019-02-05 15:10:00,2019 February 05,15:10:00,2019,February,Tuesday,2:01 pm to 6:00 pm,15.0,0,Afternoon,Winter,3801,1639,Traffic,SOUTHERN,7.2.12TC,7.2.12TC,"Local ordinance, bicycles prohibited from sidewalk",CC,Vehicle-Bicycle,34885,2,2,57621,1
51397,111,5873210.0,2011-08-16 09:13:00,2011 August 16,09:13:00,2011,August,Tuesday,6:01 am to 10:00 am,9.0,0,Morning,Summer,3801,1446,COC,3C60,22350,22350,Unsafe speed for prevailing conditions,AA,Vehicle(s) Only Involved,34886,2,4,57569,1
51398,8147,5107218.0,2011-03-03 07:46:00,2011 March 03,07:46:00,2011,March,Thursday,6:01 am to 10:00 am,7.0,0,Morning,Spring,3801,747,MISSI,901,22350,22350,Unsafe speed for prevailing conditions,AA,Vehicle(s) Only Involved,34887,1,16,56911,2
51399,41441,5692169.0,2012-04-05 18:55:00,2012 April 05,18:55:00,2012,April,Thursday,6:01 pm to 10:00 pm,18.0,0,Evening,Spring,3801,1979,TARAV,3I60,21950(a),"21950(a,c)",Driver or bicyclist to yield right-of-way at crosswalks,BB,Vehicle-Pedestrian,38242,2,33,57649,1
51400,57173,220032635.0,2021-01-15 15:39:00,2021 January 15,15:39:00,2021,January,Friday,2:01 pm to 6:00 pm,15.0,0,Afternoon,Winter,3801,1148,Mission,3D14D,21801(a),"21801(a,b)",Violation of right-of-way - left turn,AA,Vehicle(s) Only Involved,3064,2,1,57585,2
51401,83107,230088258.0,2023-02-06 22:28:00,2023 February 06,22:28:00,2023,February,Monday,10:01 pm to 2:00 am,22.0,0,Night,Winter,3801,#2497,Bayview,3C13E,22350,22350,Unsafe speed for prevailing conditions,AA,Vehicle(s) Only Involved,39166,2,39,57576,1
51402,5531,150891252.0,2015-10-11 19:15:00,2015 October 11,19:15:00,2015,October,Sunday,6:01 pm to 10:00 pm,19.0,1,Evening,Fall,3801,4264,BAYVIEW,3C12D,21956(a),21956(a),Pedestrian on roadway prohibited,BB,Vehicle-Pedestrian,34889,2,12,57280,1
51403,29485,5306648.0,2011-09-01 17:50:00,2011 September 01,17:50:00,2011,September,Thursday,2:01 pm to 6:00 pm,17.0,0,Evening,Fall,3801,821,,4B8F,21453(a),"21453(a,c)",Red signal - driver or bicyclist responsibilities,BB,Vehicle-Pedestrian,9415,2,1,57659,8
51404,32018,5342789.0,2011-08-08 19:36:00,2011 August 08,19:36:00,2011,August,Monday,6:01 pm to 10:00 pm,19.0,0,Evening,Summer,3801,002089,NORTH,3E66,21800(a),21800(a-c),Violation of right-of-way or uncontrolled intersection,AA,Vehicle(s) Only Involved,23588,2,1,57659,1
51405,52478,200181070.0,2020-03-11 15:21:00,2020 March 11,15:21:00,2020,March,Wednesday,2:01 pm to 6:00 pm,15.0,0,Afternoon,Spring,3801,1769,Northern,3E13D,22350,22350,Unsafe speed for prevailing conditions,AA,Vehicle(s) Only Involved,34890,2,2,56363,2
51406,54052,200651976.0,2020-10-29 07:04:00,2020 October 29,07:04:00,2020,October,Thursday,6:01 am to 10:00 am,7.0,0,Morning,Fall,3801,2118,Northern,3E16A,21453(a),"21453(a,c)",Red signal - driver or bicyclist responsibilities,AA,Vehicle(s) Only Involved,38253,2,44,57659,8
51407,41995,5762426.0,2012-06-27 12:00:00,2012 June 27,12:00:00,2012,June,Wednesday,10:01 am to 2:00 pm,12.0,0,Afternoon,Summer,3801,191,RICHM,4B1G,22517,22517,Opening door on traffic side when unsafe,EE,Bicycle-Parked Car,34891,2,2,55217,2
51408,85913,240388377.0,2024-06-21 21:50:00,2024 June 21,21:50:00,2024,June,Friday,6:01 pm to 10:00 pm,21.0,0,Night,Summer,3801,451,Mission,3D11E,21658(a),"21658(a,b,c)",Lane straddling or failure to use specified lanes,AA,Vehicle(s) Only Involved,34892,2,12,57603,4
51409,41116,6068083.0,2012-08-13 18:10:00,2012 August 13,18:10:00,2012,August,Monday,6:01 pm to 10:00 pm,18.0,0,Evening,Summer,3801,4137,TARAV,3I11D,Unknown,Unknown,Unknown,FF,Bicycle Only,34893,2,153,57524,1
51410,9098,5324502.0,2011-08-23 13:24:00,2011 August 23,13:24:00,2011,August,Tuesday,10:01 am to 2:00 pm,13.0,0,Afternoon,Summer,3801,1373,,001,22107,22107,Unsafe turn or lane change prohibited,AA,Vehicle(s) Only Involved,18854,2,1,57660,2
51411,87510,240771380.0,2024-12-14 18:22:00,2024 December 14,18:22:00,2024,December,Saturday,6:01 pm to 10:00 pm,18.0,1,Evening,Winter,3801,4200,Taraval,3I1D,21950(a),"21950(a,c)",Driver or bicyclist to yield right-of-way at crosswalks,BB,Vehicle-Pedestrian,34894,2,3,57649,1
51412,34897,5202048.0,2011-05-18 07:15:00,2011 May 18,07:15:00,2011,May,Wednesday,6:01 am to 10:00 am,7.0,0,Morning,Spring,3801,1515,A,3A66,21950(a),"21950(a,c)",Driver or bicyclist to yield right-of-way at crosswalks,BB,Vehicle-Pedestrian,34895,2,1,57649,1
51413,35225,5422774.0,2011-09-20 09:34:00,2011 September 20,09:34:00,2011,September,Tuesday,6:01 am to 10:00 am,9.0,0,Morning,Fall,3801,1819,NORTH,3E68,21453(a),"21453(a,c)",Red signal - driver or bicyclist responsibilities,AA,Vehicle(s) Only Involved,9094,2,1,57659,1
51414,20557,5225427.0,2011-06-17 16:20:00,2011 June 17,16:20:00,2011,June,Friday,2:01 pm to 6:00 pm,16.0,0,Afternoon,Summer,3801,1549,SOUTH,4B51,21453(a),"21453(a,c)",Red signal - driver or bicyclist responsibilities,AA,Vehicle(s) Only Involved,33344,2,1,57659,2
51415,19396,5910248.0,2012-10-29 12:03:00,2012 October 29,12:03:00,2012,October,Monday,10:01 am to 2:00 pm,12.0,0,Afternoon,Fall,3801,001324,PARK,4C4,21703,21703,Following too closely prohibited,AA,Vehicle(s) Only Involved,34896,2,40,56647,6
51416,18078,5153879.0,2011-04-04 18:10:00,2011 April 04,18:10:00,2011,April,Monday,6:01 pm to 10:00 pm,18.0,0,Evening,Spring,3801,202,PARK,3F2,21950(a),"21950(a,c)",Driver or bicyclist to yield right-of-way at crosswalks,BB,Vehicle-Pedestrian,7983,2,2,57649,1
51417,21569,5106138.0,2011-02-11 06:50:00,2011 February 11,06:50:00,2011,February,Friday,6:01 am to 10:00 am,6.0,0,Morning,Winter,3801,1456,NORTH,3E2A,21954(a),21954(a),Pedestrians must yield right-of-way outside of crosswalks,BB,Vehicle-Pedestrian,33526,2,47,57622,1
51418,83397,230236009.0,2023-04-05 12:38:00,2023 April 05,12:38:00,2023,April,Wednesday,10:01 am to 2:00 pm,12.0,0,Afternoon,Spring,3801,4286,Richmond,G2,21954(a),21954(a),Pedestrians must yield right-of-way outside of crosswalks,BB,Vehicle-Pedestrian,34897,2,2,57622,1
51419,52843,200261553.0,2020-04-26 17:46:00,2020 April 26,17:46:00,2020,April,Sunday,2:01 pm to 6:00 pm,17.0,1,Evening,Spring,3801,1642,Tenderloin,3J12D,21955,21955,Crossing between controlled intersections (Jaywalking),BB,Vehicle-Pedestrian,34898,2,1,49217,4
51420,85192,240039887.0,2024-01-18 19:13:00,2024 January 18,19:13:00,2024,January,Thursday,6:01 pm to 10:00 pm,19.0,0,Evening,Winter,3801,484,Northern,3E12D,21453(c),"21453(a,c)",Red signal - driver or bicyclist responsibilities,BB,Vehicle-Pedestrian,34899,2,3,57525,3
51421,41683,5254284.0,2011-06-23 07:00:00,2011 June 23,07:00:00,2011,June,Thursday,6:01 am to 10:00 am,7.0,0,Morning,Summer,3801,01593,TARAV,4B5I,21950(a),"21950(a,c)",Driver or bicyclist to yield right-of-way at crosswalks,BB,Vehicle-Pedestrian,34900,2,1,57649,1
51422,29550,5238943.0,2011-06-18 15:05:00,2011 June 18,15:05:00,2011,June,Saturday,2:01 pm to 6:00 pm,15.0,1,Afternoon,Summer,3801,2310,,,21954(a),21954(a),Pedestrians must yield right-of-way outside of crosswalks,BB,Vehicle-Pedestrian,34901,2,2,57622,1
51423,84052,230753940.0,2023-10-20 18:43:00,2023 October 20,18:43:00,2023,October,Friday,6:01 pm to 10:00 pm,18.0,0,Evening,Fall,3801,1994,Traffic,4B3C,21801(a),"21801(a,b)",Violation of right-of-way - left turn,AA,Vehicle(s) Only Involved,34902,2,15,57564,1
51424,25431,5739566.0,2012-05-24 15:30:00,2012 May 24,15:30:00,2012,May,Thursday,2:01 pm to 6:00 pm,15.0,0,Afternoon,Spring,3801,01324,SOUTH,4C4,Unknown,Unknown,Unknown,FF,Bicycle Only,28191,2,40,56707,1
51425,15374,6054738.0,2012-10-07 09:08:00,2012 October 07,09:08:00,2012,October,Sunday,6:01 am to 10:00 am,9.0,1,Morning,Fall,3801,000251,MAITB,4C3,21801(a),"21801(a,b)",Violation of right-of-way - left turn,CC,Vehicle-Bicycle,6410,2,1,57633,1
51426,39154,5272669.0,2011-07-12 22:34:00,2011 July 12,22:34:00,2011,July,Tuesday,10:01 pm to 2:00 am,22.0,0,Night,Summer,3801,002122,TARAV,4B6D,23153(a),23153(a-g),Driving under influence causing injury,AA,Vehicle(s) Only Involved,34903,9,13,57658,16
51427,53817,200590910.0,2020-10-01 11:00:00,2020 October 01,11:00:00,2020,October,Thursday,10:01 am to 2:00 pm,11.0,0,Morning,Fall,3801,1418,Taraval,3I5,21453(a),"21453(a,c)",Red signal - driver or bicyclist responsibilities,AA,Vehicle(s) Only Involved,37895,2,1,57659,14
51428,78192,200078013.0,2020-01-31 15:54:00,2020 January 31,15:54:00,2020,January,Friday,2:01 pm to 6:00 pm,15.0,0,Afternoon,Winter,3801,,Northern,3E16D,22107,22107,Unsafe turn or lane change prohibited,AA,Vehicle(s) Only Involved,34904,2,1,57659,1
51429,6002,5131817.0,2011-03-17 16:09:00,2011 March 17,16:09:00,2011,March,Thursday,2:01 pm to 6:00 pm,16.0,0,Afternoon,Spring,3801,1866,POTRE,4B7D,22101(d),22101(d),Violation of a turn prohibition sign,AA,Vehicle(s) Only Involved,17634,2,1,57659,1
51430,78276,200082951.0,2020-02-02 19:18:00,2020 February 02,19:18:00,2020,February,Sunday,6:01 pm to 10:00 pm,19.0,1,Evening,Winter,3801,1237,Central,3A14D,22107,22107,Unsafe turn or lane change prohibited,AA,Vehicle(s) Only Involved,34905,2,3,57660,4
51431,25482,5344197.0,2011-08-12 12:40:00,2011 August 12,12:40:00,2011,August,Friday,10:01 am to 2:00 pm,12.0,0,Afternoon,Summer,3801,1402,3B,3B1D,21950(a),"21950(a,c)",Driver or bicyclist to yield right-of-way at crosswalks,BB,Vehicle-Pedestrian,34906,3,6,57532,1
51432,1038,5774815.0,2012-07-30 18:31:00,2012 July 30,18:31:00,2012,July,Monday,6:01 pm to 10:00 pm,18.0,0,Evening,Summer,3801,1747,INGLE,3H15D,22450(a),22450(a),Failure to stop at STOP sign,AA,Vehicle(s) Only Involved,36356,2,2,57659,12
51433,11186,5414617.0,2011-10-25 11:51:00,2011 October 25,11:51:00,2011,October,Tuesday,10:01 am to 2:00 pm,11.0,0,Morning,Fall,3801,572,,,21804(a),"21804(a,b)",Entering highway from alley or driveway,AA,Vehicle(s) Only Involved,34907,2,2,57659,4
51434,21354,5392301.0,2011-11-12 10:19:00,2011 November 12,10:19:00,2011,November,Saturday,10:01 am to 2:00 pm,10.0,1,Morning,Fall,3801,1947,NORTH,3E11A,21453(a),"21453(a,c)",Red signal - driver or bicyclist responsibilities,AA,Vehicle(s) Only Involved,7191,2,1,57659,8
51435,28447,6059128.0,2012-11-02 10:30:00,2012 November 02,10:30:00,2012,November,Friday,10:01 am to 2:00 pm,10.0,0,Morning,Fall,3801,1428,CENTR,3A2,21658(a),"21658(a,b)",Lane straddling or failure to use specified lanes,CC,Vehicle-Bicycle,34908,2,2,57390,1
51436,86715,240616247.0,2024-10-01 08:53:00,2024 October 01,08:53:00,2024,October,Tuesday,6:01 am to 10:00 am,8.0,0,Morning,Fall,3801,963,Southern,3B52B,22350,22350,Unsafe speed for prevailing conditions,FF,Bicycle Only,34909,2,2,57341,1
51437,87385,240762599.0,2024-12-10 14:15:00,2024 December 10,14:15:00,2024,December,Tuesday,2:01 pm to 6:00 pm,14.0,0,Afternoon,Winter,3801,2750,Traffic,3C13A,22450(a),22450(a),Failure to stop at STOP sign,AA,Vehicle(s) Only Involved,12072,2,2,57660,1
51438,27075,5347806.0,2011-09-24 12:38:00,2011 September 24,12:38:00,2011,September,Saturday,10:01 am to 2:00 pm,12.0,1,Afternoon,Fall,3801,000874,SOUTH,3F61,21954(a),21954(a),Pedestrians must yield right-of-way outside of crosswalks,BB,Vehicle-Pedestrian,34910,2,2,57622,1
51439,31979,6049392.0,2012-10-30 13:22:00,2012 October 30,13:22:00,2012,October,Tuesday,10:01 am to 2:00 pm,13.0,0,Afternoon,Fall,3801,256,SANFR,3E48,21950(a),"21950(a,c)",Driver or bicyclist to yield right-of-way at crosswalks,BB,Vehicle-Pedestrian,24938,2,1,57649,1
51440,78120,200040705.0,2020-01-16 16:33:00,2020 January 16,16:33:00,2020,January,Thursday,2:01 pm to 6:00 pm,16.0,0,Afternoon,Winter,3801,141,Ingleside,3H15E,21950(a),"21950(a,c)",Driver or bicyclist to yield right-of-way at crosswalks,BB,Vehicle-Pedestrian,25461,2,16,54570,1
51441,78092,200108444.0,2020-02-12 16:19:00,2020 February 12,16:19:00,2020,February,Wednesday,2:01 pm to 6:00 pm,16.0,0,Afternoon,Winter,3801,1398,Traffic,,21453(a),"21453(a,c)",Red signal - driver or bicyclist responsibilities,BB,Vehicle-Pedestrian,26502,2,1,57649,16
51442,78326,200115239.0,2020-02-15 10:30:00,2020 February 15,10:30:00,2020,February,Saturday,10:01 am to 2:00 pm,10.0,1,Morning,Winter,3801,4132,Mission,5-CAR,21955(a),21955(a-b),Crossing between controlled intersections (Jaywalking),BB,Vehicle-Pedestrian,34911,2,2,57622,1
51443,36969,5347777.0,2011-09-17 08:39:00,2011 September 17,08:39:00,2011,September,Saturday,6:01 am to 10:00 am,8.0,1,Morning,Fall,3801,1629,TARAV,3I62,22450(a),22450(a),Failure to stop at STOP sign,CC,Vehicle-Bicycle,17209,2,1,57621,1
51444,9656,5387527.0,2011-10-18 19:05:00,2011 October 18,19:05:00,2011,October,Tuesday,6:01 pm to 10:00 pm,19.0,0,Evening,Fall,3801,1402,3B,3B1D,21950(a),"21950(a,c)",Driver or bicyclist to yield right-of-way at crosswalks,BB,Vehicle-Pedestrian,34912,2,12,57649,2
51445,52663,200135544.0,2020-02-22 21:52:00,2020 February 22,21:52:00,2020,February,Saturday,6:01 pm to 10:00 pm,21.0,1,Night,Winter,3801,979,Tenderloin,3J11E,21750,21750,Overtaking and passing unsafely,BB,Vehicle-Pedestrian,34913,2,3,57649,1
51446,77987,200030596.0,2020-01-13 07:58:00,2020 January 13,07:58:00,2020,January,Monday,6:01 am to 10:00 am,7.0,0,Morning,Winter,3801,1129,Taraval,6,21802(a),"21802(a,b)",Violation of right-of-way - entering through highway,CC,Vehicle-Bicycle,1763,2,1,57581,1
51447,13663,5681024.0,2012-03-24 19:05:00,2012 March 24,19:05:00,2012,March,Saturday,6:01 pm to 10:00 pm,19.0,1,Evening,Spring,3801,000995,MISSI,3D13D,21801(a),"21801(a,b)",Violation of right-of-way - left turn,AA,Vehicle(s) Only Involved,22595,4,13,57659,8
51448,85312,240198596.0,2024-03-28 20:25:00,2024 March 28,20:25:00,2024,March,Thursday,6:01 pm to 10:00 pm,20.0,0,Evening,Spring,3801,1148,Mission,3D15D,21950(a),"21950(a,c)",Driver or bicyclist to yield right-of-way at crosswalks,BB,Vehicle-Pedestrian,34914,2,12,57532,2
51449,78250,200125238.0,2020-02-19 07:44:00,2020 February 19,07:44:00,2020,February,Wednesday,6:01 am to 10:00 am,7.0,0,Morning,Winter,3801,1917,Taraval,3I16A,21804(a),"21804(a,b)",Entering highway from alley or driveway,AA,Vehicle(s) Only Involved,34915,2,8,57659,2
51450,42144,5303883.0,2011-08-22 03:15:00,2011 August 22,03:15:00,2011,August,Monday,2:01 am to 6:00 am,3.0,0,Night,Summer,3801,001435,RICHM,3G15E,22350,22350,Unsafe speed for prevailing conditions,FF,Bicycle Only,34916,2,3,57341,2
51451,16745,5342940.0,2011-09-05 11:30:00,2011 September 05,11:30:00,2011,September,Monday,10:01 am to 2:00 pm,11.0,0,Morning,Fall,3801,351,,3B4C,21453(a),"21453(a,c)",Red signal - driver or bicyclist responsibilities,AA,Vehicle(s) Only Involved,39896,2,1,57659,14
51452,14909,5303953.0,2011-08-03 09:15:00,2011 August 03,09:15:00,2011,August,Wednesday,6:01 am to 10:00 am,9.0,0,Morning,Summer,3801,1794,SOUTH,3B60,21658(a),"21658(a,b)",Lane straddling or failure to use specified lanes,AA,Vehicle(s) Only Involved,34917,2,2,57660,2
51453,8986,5769682.0,2012-07-11 01:59:00,2012 July 11,01:59:00,2012,July,Wednesday,10:01 pm to 2:00 am,1.0,0,Night,Summer,3801,123,MISSI,3D13E,22106,22106,Unsafe starting or backing on highway,AA,Vehicle(s) Only Involved,34918,1,3,57658,2
51454,38426,5858970.0,2012-09-02 04:07:00,2012 September 02,04:07:00,2012,September,Sunday,2:01 am to 6:00 am,4.0,1,Night,Fall,3801,A20084,TARA,3116E,22350,22350,Unsafe speed for prevailing conditions,AA,Vehicle(s) Only Involved,34919,9,7,57607,1
51455,53121,200377075.0,2020-06-23 15:15:00,2020 June 23,15:15:00,2020,June,Tuesday,2:01 pm to 6:00 pm,15.0,0,Afternoon,Summer,3801,1058,Ingleside,3H12D,22350,22350,Unsafe speed for prevailing conditions,AA,Vehicle(s) Only Involved,36952,2,1,57659,1
51456,87428,240779679.0,2024-12-18 18:32:00,2024 December 18,18:32:00,2024,December,Wednesday,6:01 pm to 10:00 pm,18.0,0,Evening,Winter,3801,359,Southern,3B61,22107,22107,Unsafe turn or lane change prohibited,AA,Vehicle(s) Only Involved,34921,2,337,57603,1
51457,1879,5135564.0,2011-03-25 18:00:00,2011 March 25,18:00:00,2011,March,Friday,2:01 pm to 6:00 pm,18.0,0,Evening,Spring,3801,1866,INGLE,4B7D,22350,22350,Unsafe speed for prevailing conditions,AA,Vehicle(s) Only Involved,34922,2,15,57658,1
51458,33533,5668802.0,2012-03-06 15:15:00,2012 March 06,15:15:00,2012,March,Tuesday,2:01 pm to 6:00 pm,15.0,0,Afternoon,Spring,3801,004036,CENTR,3A14D,Unknown,Unknown,Unknown,AA,Vehicle(s) Only Involved,34941,2,1,57557,1
51459,32909,5429172.0,2011-11-20 18:55:00,2011 November 20,18:55:00,2011,November,Sunday,6:01 pm to 10:00 pm,18.0,1,Evening,Fall,3801,1993,NORTH,3E15D,21453(a),"21453(a,c)",Red signal - driver or bicyclist responsibilities,AA,Vehicle(s) Only Involved,34923,2,3,57659,8
51460,24393,5760461.0,2012-06-01 18:30:00,2012 June 01,18:30:00,2012,June,Friday,6:01 pm to 10:00 pm,18.0,0,Evening,Summer,3801,1960,,,21453(a),"21453(a,c)",Red signal - driver or bicyclist responsibilities,AA,Vehicle(s) Only Involved,7246,2,1,57659,1
51461,23265,6067135.0,2012-09-12 11:15:00,2012 September 12,11:15:00,2012,September,Wednesday,10:01 am to 2:00 pm,11.0,0,Morning,Fall,3801,351,,3B2A,21954(a),21954(a),Pedestrians must yield right-of-way outside of crosswalks,BB,Vehicle-Pedestrian,34924,2,1,57622,1
51462,85844,240376861.0,2024-06-16 17:00:00,2024 June 16,17:00:00,2024,June,Sunday,2:01 pm to 6:00 pm,17.0,1,Evening,Summer,3801,1452,Mission,3D15D,23153(a),23153(a-g),Driving under influence causing injury,AA,Vehicle(s) Only Involved,34925,2,2,57660,17
51463,13602,5351997.0,2011-09-15 17:36:00,2011 September 15,17:36:00,2011,September,Thursday,2:01 pm to 6:00 pm,17.0,0,Evening,Fall,3801,1821,,,21451(a),"21451(a,b)",Green signal - driver or bicyclist responsibilities,CC,Vehicle-Bicycle,15236,2,1,57390,2
51464,26817,5328260.0,2011-09-26 15:21:00,2011 September 26,15:21:00,2011,September,Monday,2:01 pm to 6:00 pm,15.0,0,Afternoon,Fall,3801,740,COB,4C2,21950(a),"21950(a,c)",Driver or bicyclist to yield right-of-way at crosswalks,BB,Vehicle-Pedestrian,10251,2,1,57649,2
51465,35828,5142856.0,2011-04-09 22:39:00,2011 April 09,22:39:00,2011,April,Saturday,10:01 pm to 2:00 am,22.0,1,Night,Spring,3801,000199,CENTR,3A13E,22107,22107,Unsafe turn or lane change prohibited,AA,Vehicle(s) Only Involved,34926,2,3,57603,3
51466,14120,6049520.0,2012-03-01 08:57:00,2012 March 01,08:57:00,2012,March,Thursday,6:01 am to 10:00 am,8.0,0,Morning,Spring,3801,2319,SOUTH,3B4A,22107,22107,Unsafe turn or lane change prohibited,AA,Vehicle(s) Only Involved,38024,4,119,57066,1