collision_id,unique_id,case_id_pkey,collision_datetime,collision_date,collision_time,accident_year,month,day_of_week,time_cat,hour_of_day,is_weekend,time_of_day,season,juris,officer_id,reporting_district,beat_number,vz_pcf_code,vz_pcf_group,vz_pcf_description,dph_col_grp,dph_col_grp_description,location_id,weather_id,road_id,party_id,severity_id
52225,7222,5430863.0,2011-11-09 00:58:00,2011 November 09,00:58:00,2011,November,Wednesday,10:01 pm to 2:00 am,0.0,0,Night,Fall,3801,002347,,3H15E,21453(a),"21453(a,c)",Red signal - driver or bicyclist responsibilities,AA,Vehicle(s) Only Involved,40234,2,3,57659,17
52226,34285,5109377.0,2011-02-14 14:10:00,2011 February 14,14:10:00,2011,February,Monday,2:01 pm to 6:00 pm,14.0,0,Afternoon,Winter,3801,1428,,,21453(a),"21453(a,c)",Red signal - driver or bicyclist responsibilities,AA,Vehicle(s) Only Involved,33925,4,16,57659,2
52227,24864,5303864.0,2011-08-24 01:54:00,2011 August 24,01:54:00,2011,August,Wednesday,10:01 pm to 2:00 am,1.0,0,Night,Summer,3801,1550,COJ,3J13E,21453(a),"21453(a,c)",Red signal - driver or bicyclist responsibilities,CC,Vehicle-Bicycle,7460,2,3,57621,2
52228,85329,240193433.0,2024-03-26 22:07:00,2024 March 26,22:07:00,2024,March,Tuesday,10:01 pm to 2:00 am,22.0,0,Night,Spring,3801,2408,Mission,3D163,21955(a),21955(a-b),Crossing between controlled intersections (Jaywalking),CC,Vehicle-Bicycle,35407,2,12,57060,4
52229,31793,5112965.0,2011-03-04 17:30:00,2011 March 04,17:30:00,2011,March,Friday,2:01 pm to 6:00 pm,17.0,0,Evening,Spring,3801,693,NORTH,3E14D,22350,22350,Unsafe speed for prevailing conditions,BB,Vehicle-Pedestrian,36724,2,1,57649,1
52230,52805,200234845.0,2020-04-11 23:26:00,2020 April 11,23:26:00,2020,April,Saturday,10:01 pm to 2:00 am,23.0,1,Night,Spring,3801,4222,Ingleside,,22350,22350,Unsafe speed for prevailing conditions,AA,Vehicle(s) Only Involved,35408,4,7,57584,2
52231,28585,5197779.0,2011-05-22 14:20:00,2011 May 22,14:20:00,2011,May,Sunday,2:01 pm to 6:00 pm,14.0,1,Afternoon,Spring,3801,1428,CENTR,,21802(b),"21802(a,b)",Violation of right-of-way - entering through highway,AA,Vehicle(s) Only Involved,27530,2,1,57659,1
52232,83422,230145472.0,2023-02-28 18:03:00,2023 February 28,18:03:00,2023,February,Tuesday,6:01 pm to 10:00 pm,18.0,0,Evening,Winter,3801,1951,Southern,B1,21950(a),"21950(a,c)",Driver or bicyclist to yield right-of-way at crosswalks,AA,Vehicle(s) Only Involved,35409,4,13,57564,10
52233,83436,230500763.0,2023-07-18 21:37:00,2023 July 18,21:37:00,2023,July,Tuesday,6:01 pm to 10:00 pm,21.0,0,Night,Summer,3801,1144,Richmond,3G12E,22101(d),22101(d),Violating special traffic control markers,AA,Vehicle(s) Only Involved,35410,2,3,57659,8
52234,16984,6067151.0,2012-09-06 16:19:00,2012 September 06,16:19:00,2012,September,Thursday,2:01 pm to 6:00 pm,16.0,0,Afternoon,Fall,3801,2341,,3B52D,21954(a),21954(a),Pedestrians must yield right-of-way outside of crosswalks,BB,Vehicle-Pedestrian,35411,2,2,57622,1
52235,4809,5780432.0,2012-07-13 21:40:00,2012 July 13,21:40:00,2012,July,Friday,6:01 pm to 10:00 pm,21.0,0,Night,Summer,3801,1082,INGLE,3CAR,22350,22350,Unsafe speed for prevailing conditions,AA,Vehicle(s) Only Involved,35412,1,13,57658,1
52236,1499,5414585.0,2011-10-03 19:53:00,2011 October 03,19:53:00,2011,October,Monday,6:01 pm to 10:00 pm,19.0,0,Evening,Fall,3801,2271,,,21802(a),"21802(a,b)",Violation of right-of-way - entering through highway,AA,Vehicle(s) Only Involved,16776,4,7,57659,1
52237,1290,5254313.0,2011-06-24 17:16:00,2011 June 24,17:16:00,2011,June,Friday,2:01 pm to 6:00 pm,17.0,0,Evening,Summer,3801,01523,INGLE,05D,21453(a),"21453(a,c)",Red signal - driver or bicyclist responsibilities,CC,Vehicle-Bicycle,35413,2,1,57621,4
52238,32890,6049419.0,2012-10-22 17:14:00,2012 October 22,17:14:00,2012,October,Monday,2:01 pm to 6:00 pm,17.0,0,Evening,Fall,3801,2082,NORTH,3E62,21950(a),"21950(a,c)",Driver or bicyclist to yield right-of-way at crosswalks,BB,Vehicle-Pedestrian,35414,1,16,57649,1
52239,82220,230623490.0,2023-08-31 19:53:00,2023 August 31,19:53:00,2023,August,Thursday,6:01 pm to 10:00 pm,19.0,0,Evening,Summer,3801,564,Northern,3E15D,21950(a),"21950(a,c)",Driver or bicyclist to yield right-of-way at crosswalks,BB,Vehicle-Pedestrian,35415,2,33,57476,1
52240,44149,6059144.0,2012-11-11 13:17:00,2012 November 11,13:17:00,2012,November,Sunday,10:01 am to 2:00 pm,13.0,1,Afternoon,Fall,3801,1073,RICHM,4B2G,21801(a),"21801(a,b)",Violation of right-of-way - left turn,CC,Vehicle-Bicycle,35416,2,1,57390,1
52241,8143,5762394.0,2012-06-21 15:20:00,2012 June 21,15:20:00,2012,June,Thursday,2:01 pm to 6:00 pm,15.0,0,Afternoon,Summer,3801,413,INGLE,3H60,22350,22350,Unsafe speed for prevailing conditions,AA,Vehicle(s) Only Involved,32917,1,2,57658,1
52242,83029,230094114.0,2023-02-08 12:10:00,2023 February 08,12:10:00,2023,February,Wednesday,10:01 am to 2:00 pm,12.0,0,Afternoon,Winter,3801,4375,Traffic,4B1F,22350,22350,Unsafe speed for prevailing conditions,AA,Vehicle(s) Only Involved,35417,2,8,57607,4
52243,913,5664388.0,2012-03-12 08:55:00,2012 March 12,08:55:00,2012,March,Monday,6:01 am to 10:00 am,8.0,0,Morning,Spring,3801,1043,INGLE,4B1H,22106,22106,Unsafe starting or backing on highway,AA,Vehicle(s) Only Involved,35418,2,2,57659,8
52244,14980,5453541.0,2011-12-28 18:17:00,2011 December 28,18:17:00,2011,December,Wednesday,6:01 pm to 10:00 pm,18.0,0,Evening,Winter,3801,A11173,SOUTH,3B13C,22100(a),"22100(a,b)",Turn at intersection from wrong position,AA,Vehicle(s) Only Involved,6321,2,3,57660,13
52245,27618,5153867.0,2011-04-05 07:32:00,2011 April 05,07:32:00,2011,April,Tuesday,6:01 am to 10:00 am,7.0,0,Morning,Spring,3801,1201,CENTR,,21658(a),"21658(a,b)",Lane straddling or failure to use specified lanes,AA,Vehicle(s) Only Involved,35419,2,2,57237,2
52246,21183,5303855.0,2011-08-12 08:11:00,2011 August 12,08:11:00,2011,August,Friday,6:01 am to 10:00 am,8.0,0,Morning,Summer,3801,1337,PARKS,3F62,22350,22350,Unsafe speed for prevailing conditions,DD,Bicycle-Pedestrian,27518,1,1,57463,3
52247,11963,5254304.0,2011-06-29 18:35:00,2011 June 29,18:35:00,2011,June,Wednesday,6:01 pm to 10:00 pm,18.0,0,Evening,Summer,3801,00868,3D,4B5G,22102,22102,Illegal U-turn in business district,AA,Vehicle(s) Only Involved,35420,2,9,57659,2
52248,17915,5602718.0,2012-02-01 12:43:00,2012 February 01,12:43:00,2012,February,Wednesday,10:01 am to 2:00 pm,12.0,0,Afternoon,Winter,3801,747,MISSI,901,22100(b),"22100(a,b)",Turn at intersection from wrong position,AA,Vehicle(s) Only Involved,20490,2,1,57553,2
52249,24264,5455891.0,2012-01-23 06:30:00,2012 January 23,06:30:00,2012,January,Monday,6:01 am to 10:00 am,6.0,0,Morning,Winter,3801,2466,,,21950(a),"21950(a,c)",Driver or bicyclist to yield right-of-way at crosswalks,BB,Vehicle-Pedestrian,8705,7,13,57649,1
52250,33487,6067149.0,2012-08-16 16:58:00,2012 August 16,16:58:00,2012,August,Thursday,2:01 pm to 6:00 pm,16.0,0,Afternoon,Summer,3801,1515,,3A66,22517,22517,Opening door on traffic side when unsafe,CC,Vehicle-Bicycle,35421,2,1,57390,8
52251,41425,5585490.0,2012-02-16 14:18:00,2012 February 16,14:18:00,2012,February,Thursday,2:01 pm to 6:00 pm,14.0,0,Afternoon,Winter,3801,A10754,TARAV,1418,21954(a),21954(a),Pedestrians must yield right-of-way outside of crosswalks,BB,Vehicle-Pedestrian,35422,2,2,57622,1
52252,21729,5774942.0,2012-07-23 12:28:00,2012 July 23,12:28:00,2012,July,Monday,10:01 am to 2:00 pm,12.0,0,Afternoon,Summer,3801,965,NORTH,3E2A,Unknown,Unknown,Unknown,AA,Vehicle(s) Only Involved,39469,2,1,57585,1
52253,28546,5319697.0,2011-09-24 17:53:00,2011 September 24,17:53:00,2011,September,Saturday,2:01 pm to 6:00 pm,17.0,1,Evening,Fall,3801,1254,,,22107,22107,Unsafe turn or lane change prohibited,AA,Vehicle(s) Only Involved,35423,1,2,57659,12
52254,85105,240087541.0,2024-02-09 12:11:00,2024 February 09,12:11:00,2024,February,Friday,10:01 am to 2:00 pm,12.0,0,Afternoon,Winter,3801,1145,Southern,3B90,22517,22517,Opening door on traffic side when unsafe,AA,Vehicle(s) Only Involved,35424,2,1,57128,1
52255,82908,230051766.0,2023-01-22 18:37:00,2023 January 22,18:37:00,2023,January,Sunday,6:01 pm to 10:00 pm,18.0,1,Evening,Winter,3801,375,Bayview,3C13D,23153(a),23153(a-g),Driving under influence causing injury,AA,Vehicle(s) Only Involved,35425,2,3,57658,1
52256,18696,5111213.0,2011-02-16 08:30:00,2011 February 16,08:30:00,2011,February,Wednesday,6:01 am to 10:00 am,8.0,0,Morning,Winter,3801,1794,SOUTH,3B60,22107,22107,Unsafe turn or lane change prohibited,CC,Vehicle-Bicycle,37797,1,16,57614,2
52257,22077,5429714.0,2011-11-21 12:35:00,2011 November 21,12:35:00,2011,November,Monday,10:01 am to 2:00 pm,12.0,0,Afternoon,Fall,3801,1819,NORT,3E68,21453(a),"21453(a,c)",Red signal - driver or bicyclist responsibilities,AA,Vehicle(s) Only Involved,3508,2,1,57659,8
52258,20955,5590771.0,2012-02-24 10:15:00,2012 February 24,10:15:00,2012,February,Friday,10:01 am to 2:00 pm,10.0,0,Morning,Winter,3801,1353,COE,3E76,21801(a),"21801(a,b)",Violation of right-of-way - left turn,AA,Vehicle(s) Only Involved,9991,2,1,57659,8
52259,13314,5127681.0,2011-03-23 13:45:00,2011 March 23,13:45:00,2011,March,Wednesday,10:01 am to 2:00 pm,13.0,0,Afternoon,Spring,3801,1887,MISSI,4B7B,22350,22350,Unsafe speed for prevailing conditions,CC,Vehicle-Bicycle,35426,2,9,57621,2
52260,3681,5307863.0,2011-08-16 17:40:00,2011 August 16,17:40:00,2011,August,Tuesday,2:01 pm to 6:00 pm,17.0,0,Evening,Summer,3801,1709,BAYVI,3C60,22350,22350,Unsafe speed for prevailing conditions,AA,Vehicle(s) Only Involved,35427,1,2,57569,2
52261,15205,5762350.0,2012-06-26 13:32:00,2012 June 26,13:32:00,2012,June,Tuesday,10:01 am to 2:00 pm,13.0,0,Afternoon,Summer,3801,1460,,COB,22107,22107,Unsafe turn or lane change prohibited,CC,Vehicle-Bicycle,35428,2,2,57655,2
52262,85042,240129723.0,2024-02-27 19:00:00,2024 February 27,19:00:00,2024,February,Tuesday,6:01 pm to 10:00 pm,19.0,0,Evening,Winter,3801,438,Northern,3E14D,22517,22517,Opening door on traffic side when unsafe,AA,Vehicle(s) Only Involved,35429,2,3,57128,4
52263,19343,5394620.0,2011-10-05 21:25:00,2011 October 05,21:25:00,2011,October,Wednesday,6:01 pm to 10:00 pm,21.0,0,Night,Fall,3801,002218,PARK,3F13E,21802(a),"21802(a,b)",Violation of right-of-way - entering through highway,AA,Vehicle(s) Only Involved,29920,1,3,57659,1
52264,1606,5153896.0,2011-04-10 13:29:00,2011 April 10,13:29:00,2011,April,Sunday,10:01 am to 2:00 pm,13.0,1,Afternoon,Spring,3801,1043,INGLE,3H62,22106,22106,Unsafe starting or backing on highway,BB,Vehicle-Pedestrian,35430,2,1,57649,1
52265,41316,5281389.0,2011-07-28 09:01:00,2011 July 28,09:01:00,2011,July,Thursday,6:01 am to 10:00 am,9.0,0,Morning,Summer,3801,1465,,4B8G,21650.1,21650.1,Bicycle to travel in same direction as vehicles,CC,Vehicle-Bicycle,32277,2,1,57621,1
52266,4156,5662823.0,2012-03-13 08:06:00,2012 March 13,08:06:00,2012,March,Tuesday,6:01 am to 10:00 am,8.0,0,Morning,Spring,3801,1043,INGLE,4B11,21661,21661,Right-of-way rule - narrow grades,AA,Vehicle(s) Only Involved,35431,4,4,57603,8
52267,44734,5106082.0,2011-02-04 16:30:00,2011 February 04,16:30:00,2011,February,Friday,2:01 pm to 6:00 pm,16.0,0,Afternoon,Winter,3801,000868,,4B5G,Unknown,Unknown,Unknown,AA,Vehicle(s) Only Involved,24242,2,1,57585,4
52268,78096,200023002.0,2020-01-10 04:50:00,2020 January 10,04:50:00,2020,January,Friday,2:01 am to 6:00 am,4.0,0,Night,Winter,3801,377,Southern,3B12E,21453(c),"21453(a,c)",Red signal - driver or bicyclist responsibilities,CC,Vehicle-Bicycle,35432,2,3,57614,1
52269,54459,200785650.0,2020-12-28 19:00:00,2020 December 28,19:00:00,2020,December,Monday,6:01 pm to 10:00 pm,19.0,0,Evening,Winter,3801,2237,Ingleside,3H15D,21453(d),21453(d),Red signal - pedestrian responsibilities,BB,Vehicle-Pedestrian,26081,2,3,57622,1
52270,82193,230584353.0,2023-08-17 14:00:00,2023 August 17,14:00:00,2023,August,Thursday,10:01 am to 2:00 pm,14.0,0,Afternoon,Summer,3801,1759,Park,,22107,22107,Unsafe turn or lane change prohibited,CC,Vehicle-Bicycle,35433,2,2,56954,2
52271,10787,5342936.0,2011-09-03 19:54:00,2011 September 03,19:54:00,2011,September,Saturday,6:01 pm to 10:00 pm,19.0,1,Evening,Fall,3801,1821,MISSI,4B3D,22350,22350,Unsafe speed for prevailing conditions,AA,Vehicle(s) Only Involved,35434,2,196,57569,2
52272,52490,200191079.0,2020-03-15 18:44:00,2020 March 15,18:44:00,2020,March,Sunday,6:01 pm to 10:00 pm,18.0,1,Evening,Spring,3801,4118,Ingleside,3H16D,21801(a),"21801(a,b)",Violation of right-of-way - left turn,BB,Vehicle-Pedestrian,26135,1,1,57659,1
52273,82771,230366747.0,2023-05-27 19:42:00,2023 May 27,19:42:00,2023,May,Saturday,6:01 pm to 10:00 pm,19.0,1,Evening,Spring,3801,359,Taraval,3I2D,22350,22350,Unsafe speed for prevailing conditions,AA,Vehicle(s) Only Involved,35435,2,33,57658,1
52274,85150,240108818.0,2024-02-18 16:41:00,2024 February 18,16:41:00,2024,February,Sunday,2:01 pm to 6:00 pm,16.0,1,Afternoon,Winter,3801,246,Taraval,6 Car,22107,22107,Unsafe turn or lane change prohibited,AA,Vehicle(s) Only Involved,35436,4,16,57659,1
52275,35658,6058846.0,2012-03-25 11:29:00,2012 March 25,11:29:00,2012,March,Sunday,10:01 am to 2:00 pm,11.0,1,Morning,Spring,3801,1882,CENTR,3A61,22517,22517,Opening door on traffic side when unsafe,EE,Bicycle-Parked Car,35437,2,2,55217,1
52276,36578,6046447.0,2012-11-29 18:00:00,2012 November 29,18:00:00,2012,November,Thursday,2:01 pm to 6:00 pm,18.0,0,Evening,Fall,3801,002343,TARAV,3116D,22350,22350,Unsafe speed for prevailing conditions,BB,Vehicle-Pedestrian,35438,7,7,57660,1
52277,8716,5274414.0,2011-07-07 16:38:00,2011 July 07,16:38:00,2011,July,Thursday,2:01 pm to 6:00 pm,16.0,0,Afternoon,Summer,3801,2408,MISSI,3D13D,21453(a),"21453(a,c)",Red signal - driver or bicyclist responsibilities,AA,Vehicle(s) Only Involved,36616,2,1,57659,14
52278,86116,240447092.0,2024-07-17 17:55:00,2024 July 17,17:55:00,2024,July,Wednesday,2:01 pm to 6:00 pm,17.0,0,Evening,Summer,3801,HASSAN,Taraval,3I11D,21801(a),"21801(a,b)",Violation of right-of-way - left turn,AA,Vehicle(s) Only Involved,35439,2,2,57659,1
52279,85045,240174063.0,2024-03-18 15:45:00,2024 March 18,15:45:00,2024,March,Monday,2:01 pm to 6:00 pm,15.0,0,Afternoon,Spring,3801,2407,Mission,3D1D,21954(a),21954(a),Pedestrians must yield right-of-way outside of crosswalks,BB,Vehicle-Pedestrian,35440,2,1,57622,2
52280,29303,5349517.0,2011-07-02 21:34:00,2011 July 02,21:34:00,2011,July,Saturday,6:01 pm to 10:00 pm,21.0,1,Night,Summer,3801,2289,,,21801(a),"21801(a,b)",Violation of right-of-way - left turn,AA,Vehicle(s) Only Involved,8279,2,3,57603,3
52281,26981,5291208.0,2011-07-15 08:33:00,2011 July 15,08:33:00,2011,July,Friday,6:01 am to 10:00 am,8.0,0,Morning,Summer,3801,1794,SOUTH,3B60,21453(a),"21453(a,c)",Red signal - driver or bicyclist responsibilities,DD,Bicycle-Pedestrian,35441,1,1,57070,9
52282,33258,5130304.0,2011-03-30 08:55:00,2011 March 30,08:55:00,2011,March,Wednesday,6:01 am to 10:00 am,8.0,0,Morning,Spring,3801,1864,SUPER,3A4A,22106,22106,Unsafe starting or backing on highway,BB,Vehicle-Pedestrian,35442,2,232,57649,1
52283,39888,6040304.0,2012-10-17 12:00:00,2012 October 17,12:00:00,2012,October,Wednesday,10:01 am to 2:00 pm,12.0,0,Afternoon,Fall,3801,4209,TARAV,3I13B,21954(a),21954(a),Pedestrians must yield right-of-way outside of crosswalks,BB,Vehicle-Pedestrian,35443,2,1,57123,2
52284,41418,5225550.0,2011-05-10 08:30:00,2011 May 10,08:30:00,2011,May,Tuesday,6:01 am to 10:00 am,8.0,0,Morning,Spring,3801,1430,RICHM,4B2I,22350,22350,Unsafe speed for prevailing conditions,AA,Vehicle(s) Only Involved,35444,2,2,57658,14
52285,78111,200012293.0,2020-01-05 18:40:00,2020 January 05,18:40:00,2020,January,Sunday,6:01 pm to 10:00 pm,18.0,1,Evening,Winter,3801,4046,Northern,3E13D,21453(a),"21453(a,c)",Red signal - driver or bicyclist responsibilities,AA,Vehicle(s) Only Involved,26750,2,75,57659,1
52286,83816,230685440.0,2023-09-23 19:40:00,2023 September 23,19:40:00,2023,September,Saturday,6:01 pm to 10:00 pm,19.0,1,Evening,Fall,3801,2459,Southern,3B14D,22350,22350,Unsafe speed for prevailing conditions,BB,Vehicle-Pedestrian,35445,2,3,56666,1
52287,17146,6046480.0,2012-12-24 01:11:00,2012 December 24,01:11:00,2012,December,Monday,10:01 pm to 2:00 am,1.0,0,Night,Winter,3801,1881,SOUTH,3B5E,21453(d),21453(d),Red signal - pedestrian responsibilities,BB,Vehicle-Pedestrian,35446,2,3,57622,2
52288,12717,5762320.0,2012-06-07 13:17:00,2012 June 07,13:17:00,2012,June,Thursday,10:01 am to 2:00 pm,13.0,0,Afternoon,Summer,3801,30,NORTH,3E1A,22517,22517,Opening door on traffic side when unsafe,EE,Bicycle-Parked Car,35447,2,2,55217,1
52289,40461,5476560.0,2012-01-02 12:03:00,2012 January 02,12:03:00,2012,January,Monday,10:01 am to 2:00 pm,12.0,0,Afternoon,Winter,3801,561,,,21801(a),"21801(a,b)",Violation of right-of-way - left turn,AA,Vehicle(s) Only Involved,18242,2,2,57564,2
52290,32410,5432403.0,2011-11-16 13:15:00,2011 November 16,13:15:00,2011,November,Wednesday,10:01 am to 2:00 pm,13.0,0,Afternoon,Fall,3801,2263,NORTH,3E1C,22515(b),"22515(a, b)",Unattended vehicle requirements,AA,Vehicle(s) Only Involved,35448,2,2,51618,1
52291,78116,200032815.0,2020-01-13 21:50:00,2020 January 13,21:50:00,2020,January,Monday,6:01 pm to 10:00 pm,21.0,0,Night,Winter,3801,2491,Richmond,3G13E,21801(a),"21801(a,b)",Violation of right-of-way - left turn,AA,Vehicle(s) Only Involved,35449,4,13,57659,1
52292,82425,230369064.0,2023-05-28 22:05:00,2023 May 28,22:05:00,2023,May,Sunday,10:01 pm to 2:00 am,22.0,1,Night,Spring,3801,400,Southern,3B13E,Unknown,Unknown,Unknown,AA,Vehicle(s) Only Involved,35450,2,10,56568,2
52293,45259,6059075.0,2012-10-29 08:34:00,2012 October 29,08:34:00,2012,October,Monday,6:01 am to 10:00 am,8.0,0,Morning,Fall,3801,191,RICHM,4B1G,22450(a),22450(a),Failure to stop at STOP sign,CC,Vehicle-Bicycle,22078,1,16,57616,2
52294,15631,5333237.0,2011-09-08 07:02:00,2011 September 08,07:02:00,2011,September,Thursday,6:01 am to 10:00 am,7.0,0,Morning,Fall,3801,1887,SOUTH,4K1C,21657,21657,Going against one-way traffic patterns,AA,Vehicle(s) Only Involved,35451,2,2,57659,8
52295,82920,230056039.0,2023-01-24 12:55:00,2023 January 24,12:55:00,2023,January,Tuesday,10:01 am to 2:00 pm,12.0,0,Afternoon,Winter,3801,242,Northern,3,22107,22107,Unsafe turn or lane change prohibited,AA,Vehicle(s) Only Involved,2896,2,2,57128,1
52296,53690,200401072.0,2020-07-05 01:25:00,2020 July 05,01:25:00,2020,July,Sunday,10:01 pm to 2:00 am,1.0,1,Night,Summer,3801,2467,Bayview,3C91F,21453(b),21453(b),Red signal - driver or bicyclist responsibilities with right turn,AA,Vehicle(s) Only Involved,25054,2,3,57659,1
52297,85421,240013875.0,2024-01-06 23:27:00,2024 January 06,23:27:00,2024,January,Saturday,10:01 pm to 2:00 am,23.0,1,Night,Winter,3801,2479,Bayview,3C13E,22350,22350,Unsafe speed for prevailing conditions,AA,Vehicle(s) Only Involved,35029,2,3,57658,1
52298,38747,5161335.0,2011-04-18 19:23:00,2011 April 18,19:23:00,2011,April,Monday,6:01 pm to 10:00 pm,19.0,0,Evening,Spring,3801,1975,TARAV,0I3,21453(a),"21453(a,c)",Red signal - driver or bicyclist responsibilities,AA,Vehicle(s) Only Involved,36246,4,46,57553,2
52299,87457,240785535.0,2024-12-22 11:30:00,2024 December 22,11:30:00,2024,December,Sunday,10:01 am to 2:00 pm,11.0,1,Morning,Winter,3801,863,Mission,3D11C,21950(a),"21950(a,c)",Driver or bicyclist to yield right-of-way at crosswalks,BB,Vehicle-Pedestrian,41084,2,1,57649,4
52300,15275,5161391.0,2011-04-25 16:24:00,2011 April 25,16:24:00,2011,April,Monday,2:01 pm to 6:00 pm,16.0,0,Afternoon,Spring,3801,002089,SOUTH,4B6B,22107,22107,Unsafe turn or lane change prohibited,AA,Vehicle(s) Only Involved,35453,2,1,57660,14
52301,7923,5136912.0,2011-04-21 18:59:00,2011 April 21,18:59:00,2011,April,Thursday,6:01 pm to 10:00 pm,18.0,0,Evening,Spring,3801,1030,MISSI,3D11D,21703,21703,Following too closely prohibited,AA,Vehicle(s) Only Involved,24475,2,1,57658,1
52302,16370,5109304.0,2011-02-27 20:25:00,2011 February 27,20:25:00,2011,February,Sunday,6:01 pm to 10:00 pm,20.0,1,Evening,Winter,3801,2420,SOUTH,3B13D,21451(a),"21451(a,b)",Green signal - driver or bicyclist responsibilities,BB,Vehicle-Pedestrian,6200,2,3,57649,4
52303,23111,5868738.0,2012-08-19 02:07:00,2012 August 19,02:07:00,2012,August,Sunday,2:01 am to 6:00 am,2.0,1,Night,Summer,3801,20,SOUTH,005,21954(a),21954(a),Pedestrians must yield right-of-way outside of crosswalks,BB,Vehicle-Pedestrian,35454,2,12,57649,2
52304,29182,5590737.0,2012-02-05 10:45:00,2012 February 05,10:45:00,2012,February,Sunday,10:01 am to 2:00 pm,10.0,1,Morning,Winter,3801,2260,NORTH,3E1C,21453(a),"21453(a,c)",Red signal - driver or bicyclist responsibilities,AA,Vehicle(s) Only Involved,14802,2,1,57659,1
52305,17840,5780551.0,2012-07-14 18:01:00,2012 July 14,18:01:00,2012,July,Saturday,6:01 pm to 10:00 pm,18.0,1,Evening,Summer,3801,2175,D,4B6D,22350,22350,Unsafe speed for prevailing conditions,BB,Vehicle-Pedestrian,35455,2,2,57654,4
52306,78024,200009864.0,2020-01-04 18:10:00,2020 January 04,18:10:00,2020,January,Saturday,6:01 pm to 10:00 pm,18.0,1,Evening,Winter,3801,1669,Bayview,3C13D,22350,22350,Unsafe speed for prevailing conditions,BB,Vehicle-Pedestrian,35456,2,12,57649,1
52307,26437,5449724.0,2011-12-04 03:07:00,2011 December 04,03:07:00,2011,December,Sunday,2:01 am to 6:00 am,3.0,1,Night,Winter,3801,2262,CENTR,3A11E,21453(a),"21453(a,c)",Red signal - driver or bicyclist responsibilities,AA,Vehicle(s) Only Involved,33003,2,3,57659,1
52308,83724,230638370.0,2023-09-06 16:45:00,2023 September 06,16:45:00,2023,September,Wednesday,2:01 pm to 6:00 pm,16.0,0,Afternoon,Fall,3801,668,Northern,3E16D,21453(a),"21453(a,c)",Red signal - driver or bicyclist responsibilities,AA,Vehicle(s) Only Involved,35457,2,1,57660,1
52309,27475,5349505.0,2011-07-04 23:59:00,2011 July 04,23:59:00,2011,July,Monday,10:01 pm to 2:00 am,23.0,0,Night,Summer,3801,01010,CENTR,3A12E,Unknown,Unknown,Unknown,AA,Vehicle(s) Only Involved,12678,2,3,57406,8
52310,16493,5761998.0,2012-06-15 14:12:00,2012 June 15,14:12:00,2012,June,Friday,2:01 pm to 6:00 pm,14.0,0,Afternoon,Summer,3801,001324,,4C4,21950(a),"21950(a,c)",Driver or bicyclist to yield right-of-way at crosswalks,BB,Vehicle-Pedestrian,7543,2,1,57649,1
52311,21786,5116315.0,2011-03-03 12:10:00,2011 March 03,12:10:00,2011,March,Thursday,10:01 am to 2:00 pm,12.0,0,Afternoon,Spring,3801,821,,,22350,22350,Unsafe speed for prevailing conditions,AA,Vehicle(s) Only Involved,35458,2,2,57658,1
52312,84229,230379449.0,2023-06-01 22:39:00,2023 June 01,22:39:00,2023,June,Thursday,10:01 pm to 2:00 am,22.0,0,Night,Summer,3801,2498,Northern,3E11E,22350,22350,Unsafe speed for prevailing conditions,AA,Vehicle(s) Only Involved,35459,2,12,57658,1
52313,40716,5584918.0,2012-02-16 02:40:00,2012 February 16,02:40:00,2012,February,Thursday,2:01 am to 6:00 am,2.0,0,Night,Winter,3801,4153,TARAV,3I11E,21650.1,21650.1,Bicycle to travel in same direction as vehicles,CC,Vehicle-Bicycle,17285,2,3,57655,1
52314,41277,5691394.0,2012-04-01 19:49:00,2012 April 01,19:49:00,2012,April,Sunday,6:01 pm to 10:00 pm,19.0,1,Evening,Spring,3801,01376,RICHM,3D1D,21801(a),"21801(a,b)",Violation of right-of-way - left turn,AA,Vehicle(s) Only Involved,31861,1,3,57659,1
52315,15618,5681021.0,2012-03-23 22:50:00,2012 March 23,22:50:00,2012,March,Friday,10:01 pm to 2:00 am,22.0,0,Night,Spring,3801,4063,SOUTH,,21658(a),"21658(a,b)",Lane straddling or failure to use specified lanes,AA,Vehicle(s) Only Involved,35460,2,12,57659,1
52316,32237,5408115.0,2011-11-12 09:00:00,2011 November 12,09:00:00,2011,November,Saturday,6:01 am to 10:00 am,9.0,1,Morning,Fall,3801,76,,3E12E,21453(a),"21453(a,c)",Red signal - driver or bicyclist responsibilities,AA,Vehicle(s) Only Involved,35719,2,1,57659,1
52317,30467,6068092.0,2012-09-28 17:47:00,2012 September 28,17:47:00,2012,September,Friday,2:01 pm to 6:00 pm,17.0,0,Evening,Fall,3801,4051,NORTH,3E13D,21654(a),21654(a),Slow-moving vehicles or bicyclists keep to right edge of roadway,BB,Vehicle-Pedestrian,35461,1,2,57622,4
52318,84007,230751988.0,2023-10-19 22:42:00,2023 October 19,22:42:00,2023,October,Thursday,10:01 pm to 2:00 am,22.0,0,Night,Fall,3801,1480,Mission,3D15E,22350,22350,Unsafe speed for prevailing conditions,AA,Vehicle(s) Only Involved,35462,2,12,57654,10