collision_id,unique_id,case_id_pkey,collision_datetime,collision_date,collision_time,accident_year,month,day_of_week,time_cat,hour_of_day,is_weekend,time_of_day,season,juris,officer_id,reporting_district,beat_number,vz_pcf_code,vz_pcf_group,vz_pcf_description,dph_col_grp,dph_col_grp_description,location_id,weather_id,road_id,party_id,severity_id
52319,10831,5910245.0,2012-12-20 20:50:00,2012 December 20,20:50:00,2012,December,Thursday,6:01 pm to 10:00 pm,20.0,0,Evening,Winter,3801,001324,PARK,4C4,23152(a),23152(a-g),Driving under influence of alcohol and/or drugs,BB,Vehicle-Pedestrian,35463,2,29,57649,29
52320,27425,6067181.0,2012-08-22 16:20:00,2012 August 22,16:20:00,2012,August,Wednesday,2:01 pm to 6:00 pm,16.0,0,Afternoon,Summer,3801,1887,,4K1C,22350,22350,Unsafe speed for prevailing conditions,FF,Bicycle Only,35464,2,2,57253,2
52321,78260,200050710.0,2020-01-21 00:15:00,2020 January 21,00:15:00,2020,January,Tuesday,10:01 pm to 2:00 am,0.0,0,Night,Winter,3801,1045,Bayview,,21658(a),"21658(a,b)",Lane straddling or failure to use specified lanes,AA,Vehicle(s) Only Involved,35465,2,12,57660,1
52322,1301,5342112.0,2011-09-30 19:45:00,2011 September 30,19:45:00,2011,September,Friday,6:01 pm to 10:00 pm,19.0,0,Evening,Fall,3801,2342,,312,22350,22350,Unsafe speed for prevailing conditions,CC,Vehicle-Bicycle,35466,2,12,57625,2
52323,13024,5590783.0,2012-02-29 22:20:00,2012 February 29,22:20:00,2012,February,Wednesday,10:01 pm to 2:00 am,22.0,0,Night,Winter,3801,2358,BAYVI,3C11E,22107,22107,Unsafe turn or lane change prohibited,AA,Vehicle(s) Only Involved,35467,1,12,57607,2
52324,10757,5780489.0,2012-07-21 21:27:00,2012 July 21,21:27:00,2012,July,Saturday,6:01 pm to 10:00 pm,21.0,1,Night,Summer,3801,4084,,901,22350,22350,Unsafe speed for prevailing conditions,FF,Bicycle Only,35468,2,3,55213,2
52325,53119,200376328.0,2020-06-23 10:30:00,2020 June 23,10:30:00,2020,June,Tuesday,10:01 am to 2:00 pm,10.0,0,Morning,Summer,3801,1696,Northern,3E12A,22350,22350,Unsafe speed for prevailing conditions,AA,Vehicle(s) Only Involved,20847,2,1,57658,1
52326,40544,170199202.0,2017-03-10 17:35:00,2017 March 10,17:35:00,2017,March,Friday,2:01 pm to 6:00 pm,17.0,0,Evening,Spring,3801,2470,PARK,3F13D,21451(a),"21451(a,b)",Green signal - driver or bicyclist responsibilities,CC,Vehicle-Bicycle,21280,2,2,57621,1
52327,41431,5808610.0,2012-09-20 09:53:00,2012 September 20,09:53:00,2012,September,Thursday,6:01 am to 10:00 am,9.0,0,Morning,Fall,3801,A11405,TARAV,3160,22450(a),22450(a),Failure to stop at STOP sign,AA,Vehicle(s) Only Involved,21412,2,1,57660,8
52328,83302,230231269.0,2023-04-03 15:00:00,2023 April 03,15:00:00,2023,April,Monday,2:01 pm to 6:00 pm,15.0,0,Afternoon,Spring,3801,1420,Ingleside,3H11D,21453(a),"21453(a,c)",Red signal - driver or bicyclist responsibilities,AA,Vehicle(s) Only Involved,38404,2,1,57659,14
52329,85089,240068927.0,2024-01-31 14:07:00,2024 January 31,14:07:00,2024,January,Wednesday,2:01 pm to 6:00 pm,14.0,0,Afternoon,Winter,3801,2740,Taraval,I5,21703,21703,Following too closely prohibited,AA,Vehicle(s) Only Involved,35470,4,4,57658,1
52330,23102,5684929.0,2012-03-09 17:15:00,2012 March 09,17:15:00,2012,March,Friday,2:01 pm to 6:00 pm,17.0,0,Evening,Spring,3801,4180,B,03B,21950(a),"21950(a,c)",Driver or bicyclist to yield right-of-way at crosswalks,BB,Vehicle-Pedestrian,31119,2,33,57649,1
52331,13675,5135600.0,2011-03-11 08:10:00,2011 March 11,08:10:00,2011,March,Friday,6:01 am to 10:00 am,8.0,0,Morning,Spring,3801,1794,,,22107,22107,Unsafe turn or lane change prohibited,CC,Vehicle-Bicycle,35471,2,2,57581,2
52332,13733,5347814.0,2011-09-16 18:45:00,2011 September 16,18:45:00,2011,September,Friday,6:01 pm to 10:00 pm,18.0,0,Evening,Fall,3801,4246,3B,005,21750,21750,Overtaking and passing unsafely,AA,Vehicle(s) Only Involved,35472,2,1,57659,2
52333,17832,5274352.0,2011-07-07 14:55:00,2011 July 07,14:55:00,2011,July,Thursday,2:01 pm to 6:00 pm,14.0,0,Afternoon,Summer,3801,1152,D,00T,21703,21703,Following too closely prohibited,AA,Vehicle(s) Only Involved,4598,2,2,57658,1
52334,32419,5342948.0,2011-09-09 15:51:00,2011 September 09,15:51:00,2011,September,Friday,2:01 pm to 6:00 pm,15.0,0,Afternoon,Fall,3801,2082,NORTH,3E62,22106,22106,Unsafe starting or backing on highway,AA,Vehicle(s) Only Involved,35473,2,1,57659,1
52335,11133,6059068.0,2012-10-19 21:04:00,2012 October 19,21:04:00,2012,October,Friday,6:01 pm to 10:00 pm,21.0,0,Night,Fall,3801,1030,MISSI,3D11D,21658(a),"21658(a,b)",Lane straddling or failure to use specified lanes,CC,Vehicle-Bicycle,5645,2,3,57621,2
52336,17531,5683692.0,2012-03-20 23:11:00,2012 March 20,23:11:00,2012,March,Tuesday,10:01 pm to 2:00 am,23.0,0,Night,Spring,3801,4084,MISSI,,Unknown,Unknown,Unknown,AA,Vehicle(s) Only Involved,35474,1,12,57406,1
52337,53107,200243090.0,2020-04-16 10:00:00,2020 April 16,10:00:00,2020,April,Thursday,6:01 am to 10:00 am,10.0,0,Morning,Spring,3801,2488,Bayview,C2,21650,21650,Failure to keep to right side of road,AA,Vehicle(s) Only Involved,26318,2,1,57659,1
52338,38997,5760721.0,2012-06-29 08:25:00,2012 June 29,08:25:00,2012,June,Friday,6:01 am to 10:00 am,8.0,0,Morning,Summer,3801,1593,,421,22350,22350,Unsafe speed for prevailing conditions,AA,Vehicle(s) Only Involved,35475,2,16,57658,8
52339,78005,200004488.0,2020-01-02 17:37:00,2020 January 02,17:37:00,2020,January,Thursday,2:01 pm to 6:00 pm,17.0,0,Evening,Winter,3801,1766,Traffic,4B3C,22350,22350,Unsafe speed for prevailing conditions,AA,Vehicle(s) Only Involved,28587,2,3,57659,8
52340,23719,5414621.0,2011-10-19 22:40:00,2011 October 19,22:40:00,2011,October,Wednesday,10:01 pm to 2:00 am,22.0,0,Night,Fall,3801,4063,,,23152(a),23152(a-g),Driving under influence of alcohol and/or drugs,AA,Vehicle(s) Only Involved,26200,2,3,57658,1
52341,85076,240060917.0,2024-01-28 01:08:00,2024 January 28,01:08:00,2024,January,Sunday,10:01 pm to 2:00 am,1.0,1,Night,Winter,3801,2457,Southern,3B14E,Unknown,Unknown,Unknown,BB,Vehicle-Pedestrian,35405,2,39,57525,1
52342,85032,240170760.0,2024-03-17 00:45:00,2024 March 17,00:45:00,2024,March,Sunday,10:01 pm to 2:00 am,0.0,1,Night,Spring,3801,916,Bayview,3C13E,22350,22350,Unsafe speed for prevailing conditions,AA,Vehicle(s) Only Involved,35476,2,3,57607,2
52343,29540,6046436.0,2012-11-13 14:04:00,2012 November 13,14:04:00,2012,November,Tuesday,2:01 pm to 6:00 pm,14.0,0,Afternoon,Fall,3801,2082,NORTH,3E62,21954(a),21954(a),Pedestrians must yield right-of-way outside of crosswalks,BB,Vehicle-Pedestrian,35477,2,2,57622,2
52344,3489,5131829.0,2011-03-19 18:54:00,2011 March 19,18:54:00,2011,March,Saturday,6:01 pm to 10:00 pm,18.0,1,Evening,Spring,3801,1223,BAYVI,3C60,21750,21750,Overtaking and passing unsafely,AA,Vehicle(s) Only Involved,35478,4,4,57603,1
52345,26818,5762358.0,2012-06-27 09:07:00,2012 June 27,09:07:00,2012,June,Wednesday,6:01 am to 10:00 am,9.0,0,Morning,Summer,3801,3007,SOUTH,4C6,21801(a),"21801(a,b)",Violation of right-of-way - left turn,AA,Vehicle(s) Only Involved,10251,2,1,57659,1
52346,19794,5730286.0,2012-05-22 15:34:00,2012 May 22,15:34:00,2012,May,Tuesday,2:01 pm to 6:00 pm,15.0,0,Afternoon,Spring,3801,4288,PARK,3F3C,21801(a),"21801(a,b)",Violation of right-of-way - left turn,CC,Vehicle-Bicycle,5827,2,1,57390,1
52347,42655,5281459.0,2011-08-04 22:15:00,2011 August 04,22:15:00,2011,August,Thursday,10:01 pm to 2:00 am,22.0,0,Night,Summer,3801,00868,,4B5G,21954(a),21954(a),Pedestrians must yield right-of-way outside of crosswalks,BB,Vehicle-Pedestrian,35479,2,12,57622,2
52348,25980,5127390.0,2011-03-22 21:41:00,2011 March 22,21:41:00,2011,March,Tuesday,6:01 pm to 10:00 pm,21.0,0,Night,Spring,3801,2287,,3J60,21950(a),"21950(a,c)",Driver or bicyclist to yield right-of-way at crosswalks,BB,Vehicle-Pedestrian,35480,4,284,57649,2
52349,9996,5155208.0,2011-05-02 18:49:00,2011 May 02,18:49:00,2011,May,Monday,6:01 pm to 10:00 pm,18.0,0,Evening,Spring,3801,307,MISSI,3D60,22350,22350,Unsafe speed for prevailing conditions,AA,Vehicle(s) Only Involved,35481,2,1,57659,2
52350,18115,180168667.0,2018-03-04 13:25:00,2018 March 04,13:25:00,2018,March,Sunday,10:01 am to 2:00 pm,13.0,1,Afternoon,Spring,3801,1896,Park,4 CAR,Unknown,Unknown,Unknown,FF,Bicycle Only,35482,2,2,57524,2
52351,81996,230348507.0,2023-05-20 12:32:00,2023 May 20,12:32:00,2023,May,Saturday,10:01 am to 2:00 pm,12.0,1,Afternoon,Spring,3801,1936,Traffic,4B1D,21950(a),"21950(a,c)",Driver or bicyclist to yield right-of-way at crosswalks,BB,Vehicle-Pedestrian,35483,2,1,57649,4
52352,15598,5239037.0,2011-06-19 17:32:00,2011 June 19,17:32:00,2011,June,Sunday,2:01 pm to 6:00 pm,17.0,1,Evening,Summer,3801,1486,SSOUT,4B8J,21453(a),"21453(a,c)",Red signal - driver or bicyclist responsibilities,CC,Vehicle-Bicycle,1454,2,1,57621,2
52353,39818,5127701.0,2011-03-23 18:30:00,2011 March 23,18:30:00,2011,March,Wednesday,6:01 pm to 10:00 pm,18.0,0,Evening,Spring,3801,1746,COI,3I3E,22450(a),22450(a),Failure to stop at STOP sign,CC,Vehicle-Bicycle,35484,7,59,57621,2
52354,35818,6058810.0,2012-03-12 09:30:00,2012 March 12,09:30:00,2012,March,Monday,6:01 am to 10:00 am,9.0,0,Morning,Spring,3801,190,NORTH,3E5D,Unknown,Unknown,Unknown,CC,Vehicle-Bicycle,28388,2,2,55448,2
52355,53416,200501462.0,2020-08-20 13:45:00,2020 August 20,13:45:00,2020,August,Thursday,10:01 am to 2:00 pm,13.0,0,Afternoon,Summer,3801,1856,Southern,B4,21801(a),"21801(a,b)",Violation of right-of-way - left turn,AA,Vehicle(s) Only Involved,35485,2,1,57659,1
52356,52563,200214825.0,2020-03-30 08:30:00,2020 March 30,08:30:00,2020,March,Monday,6:01 am to 10:00 am,8.0,0,Morning,Spring,3801,2122,Mission,3D13A,22100(b),"22100(a,b)",Turn at intersection from wrong position,AA,Vehicle(s) Only Involved,35486,1,1,57659,1
52357,78307,200073784.0,2020-01-29 21:42:00,2020 January 29,21:42:00,2020,January,Wednesday,6:01 pm to 10:00 pm,21.0,0,Night,Winter,3801,1378,Bayview,3C13E,22350,22350,Unsafe speed for prevailing conditions,AA,Vehicle(s) Only Involved,35487,2,3,57660,8
52358,44257,5107269.0,2011-03-06 17:48:00,2011 March 06,17:48:00,2011,March,Sunday,2:01 pm to 6:00 pm,17.0,1,Evening,Spring,3801,1420,,4B5E,21801(a),"21801(a,b)",Violation of right-of-way - left turn,AA,Vehicle(s) Only Involved,35488,2,12,57659,8
52359,31577,5146472.0,2011-03-26 12:50:00,2011 March 26,12:50:00,2011,March,Saturday,10:01 am to 2:00 pm,12.0,1,Afternoon,Spring,3801,1608,RICHM,3G4A,21950(a),"21950(a,c)",Driver or bicyclist to yield right-of-way at crosswalks,BB,Vehicle-Pedestrian,35489,1,1,57476,1
52360,9282,5839126.0,2012-09-12 18:33:00,2012 September 12,18:33:00,2012,September,Wednesday,6:01 pm to 10:00 pm,18.0,0,Evening,Fall,3801,UC26,,,21453(a),"21453(a,c)",Red signal - driver or bicyclist responsibilities,AA,Vehicle(s) Only Involved,9323,2,33,57066,1
52361,40763,5888963.0,2012-08-03 08:20:00,2012 August 03,08:20:00,2012,August,Friday,6:01 am to 10:00 am,8.0,0,Morning,Summer,3801,225,,311A,21801(a),"21801(a,b)",Violation of right-of-way - left turn,AA,Vehicle(s) Only Involved,26339,1,1,57659,3
52362,87430,240780240.0,2024-12-19 07:31:00,2024 December 19,07:31:00,2024,December,Thursday,6:01 am to 10:00 am,7.0,0,Morning,Winter,3801,2395,Southern,3B12A,22350,22350,Unsafe speed for prevailing conditions,AA,Vehicle(s) Only Involved,35490,2,33,57658,1
52363,31022,5846666.0,2012-08-26 15:20:00,2012 August 26,15:20:00,2012,August,Sunday,2:01 pm to 6:00 pm,15.0,1,Afternoon,Summer,3801,4104,PARK,3F62,22350,22350,Unsafe speed for prevailing conditions,AA,Vehicle(s) Only Involved,28467,2,1,57658,1
52364,78201,200114316.0,2020-02-14 20:00:00,2020 February 14,20:00:00,2020,February,Friday,6:01 pm to 10:00 pm,20.0,0,Evening,Winter,3801,469,Mission,3D2D,22107,22107,Unsafe turn or lane change prohibited,AA,Vehicle(s) Only Involved,2712,2,3,57659,1
52365,34724,5111217.0,2011-02-25 18:34:00,2011 February 25,18:34:00,2011,February,Friday,6:01 pm to 10:00 pm,18.0,0,Evening,Winter,3801,821,NORTH,4B8F,21451(a),"21451(a,b)",Green signal - driver or bicyclist responsibilities,BB,Vehicle-Pedestrian,35491,2,3,57649,1
52366,40089,5161355.0,2011-04-18 22:52:00,2011 April 18,22:52:00,2011,April,Monday,10:01 pm to 2:00 am,22.0,0,Night,Spring,3801,264,TARAV,3I11E,22350,22350,Unsafe speed for prevailing conditions,AA,Vehicle(s) Only Involved,35492,6,13,57660,1
52367,87462,240789208.0,2024-12-24 16:30:00,2024 December 24,16:30:00,2024,December,Tuesday,2:01 pm to 6:00 pm,16.0,0,Afternoon,Winter,3801,1421,Richmond,3G5D,22450(a),22450(a),Failure to stop at STOP sign,AA,Vehicle(s) Only Involved,35493,2,1,57659,8
52368,78043,200063644.0,2020-01-26 09:14:00,2020 January 26,09:14:00,2020,January,Sunday,6:01 am to 10:00 am,9.0,1,Morning,Winter,3801,Esson #4331,Southern,3B13A,22350,22350,Unsafe speed for prevailing conditions,AA,Vehicle(s) Only Involved,21060,2,2,57585,14
52369,11001,5254249.0,2011-06-23 07:14:00,2011 June 23,07:14:00,2011,June,Thursday,6:01 am to 10:00 am,7.0,0,Morning,Summer,3801,1465,MISSI,4B1D,21453(a),"21453(a,c)",Red signal - driver or bicyclist responsibilities,AA,Vehicle(s) Only Involved,7772,2,1,57659,14
52370,45006,5154430.0,2011-03-31 04:25:00,2011 March 31,04:25:00,2011,March,Thursday,2:01 am to 6:00 am,4.0,0,Night,Spring,3801,931,G,3G14E,22350,22350,Unsafe speed for prevailing conditions,AA,Vehicle(s) Only Involved,35494,2,3,57607,2
52371,85354,240191631.0,2024-03-26 09:20:00,2024 March 26,09:20:00,2024,March,Tuesday,6:01 am to 10:00 am,9.0,0,Morning,Spring,3801,2289,Northern,4,21453(a),"21453(a,c)",Red signal - driver or bicyclist responsibilities,AA,Vehicle(s) Only Involved,35495,2,1,57659,1
52372,87533,240756956.0,2024-12-07 16:43:00,2024 December 07,16:43:00,2024,December,Saturday,2:01 pm to 6:00 pm,16.0,1,Afternoon,Winter,3801,2325,Central,PATROL,21750(a),21750,Overtaking and passing unsafely,AA,Vehicle(s) Only Involved,35024,2,3,57660,1
52373,30064,6046451.0,2012-11-28 16:59:00,2012 November 28,16:59:00,2012,November,Wednesday,2:01 pm to 6:00 pm,16.0,0,Afternoon,Fall,3801,2082,NORTH,3E62,21950(a),"21950(a,c)",Driver or bicyclist to yield right-of-way at crosswalks,BB,Vehicle-Pedestrian,35496,1,33,57649,1
52374,667,5682503.0,2012-03-26 10:55:00,2012 March 26,10:55:00,2012,March,Monday,10:01 am to 2:00 pm,10.0,0,Morning,Spring,3801,1430,BAYVI,3C62,22101(d),22101(d),Violation of a turn prohibition sign,AA,Vehicle(s) Only Involved,17993,2,1,57659,14
52375,13081,5774615.0,2012-07-07 18:29:00,2012 July 07,18:29:00,2012,July,Saturday,6:01 pm to 10:00 pm,18.0,1,Evening,Summer,3801,2276,BAYVI,3C1,21202(a),21202(a),Bicyclist at less than normal speed must keep to the right,CC,Vehicle-Bicycle,35497,2,1,57621,2
52376,87249,240743668.0,2024-12-01 11:22:00,2024 December 01,11:22:00,2024,December,Sunday,10:01 am to 2:00 pm,11.0,1,Morning,Winter,3801,200,Tenderloin,5,21657,21657,Going against one-way traffic patterns,CC,Vehicle-Bicycle,1386,2,1,57616,1
52377,29538,5774627.0,2012-07-06 11:28:00,2012 July 06,11:28:00,2012,July,Friday,10:01 am to 2:00 pm,11.0,0,Morning,Summer,3801,1087,NORTH,3E3C,22106,22106,Unsafe starting or backing on highway,BB,Vehicle-Pedestrian,35498,2,2,56131,2
52378,85014,240160670.0,2024-03-12 15:59:00,2024 March 12,15:59:00,2024,March,Tuesday,2:01 pm to 6:00 pm,15.0,0,Afternoon,Spring,3801,17,Ingleside,3H11D,21453(a),"21453(a,c)",Red signal - driver or bicyclist responsibilities,DD,Bicycle-Pedestrian,22823,2,1,57463,8
52379,82978,230414299.0,2023-06-16 07:37:00,2023 June 16,07:37:00,2023,June,Friday,6:01 am to 10:00 am,7.0,0,Morning,Summer,3801,1188,Ingleside,3H1A,21802(b),"21802(a,b)",Violation of right-of-way - entering through highway,AA,Vehicle(s) Only Involved,35499,2,1,57659,1
52380,82171,230131948.0,2023-02-23 07:09:00,2023 February 23,07:09:00,2023,February,Thursday,6:01 am to 10:00 am,7.0,0,Morning,Winter,3801,432,Mission,3D41A,22350,22350,Unsafe speed for prevailing conditions,AA,Vehicle(s) Only Involved,38487,4,16,57658,8
52381,82147,230072320.0,2023-01-30 18:30:00,2023 January 30,18:30:00,2023,January,Monday,6:01 pm to 10:00 pm,18.0,0,Evening,Winter,3801,2452,Central,3A11D,21450,21450,Use of colors for lighted traffic signals,BB,Vehicle-Pedestrian,35396,2,3,57649,1
52382,35882,5197852.0,2011-05-29 07:20:00,2011 May 29,07:20:00,2011,May,Sunday,6:01 am to 10:00 am,7.0,1,Morning,Spring,3801,527,A,3A3A,21453(a),"21453(a,c)",Red signal - driver or bicyclist responsibilities,AA,Vehicle(s) Only Involved,12546,2,1,57659,1
52383,81886,230086058.0,2023-02-05 01:07:00,2023 February 05,01:07:00,2023,February,Sunday,10:01 pm to 2:00 am,1.0,1,Night,Winter,3801,1750,Northern,E1,21453(a),"21453(a,c)",Red signal - driver or bicyclist responsibilities,AA,Vehicle(s) Only Involved,35501,4,13,57659,1
52384,84092,230751621.0,2023-10-19 20:18:00,2023 October 19,20:18:00,2023,October,Thursday,6:01 pm to 10:00 pm,20.0,0,Evening,Fall,3801,1660,Southern,3B5D,21801(a),"21801(a,b)",Violation of right-of-way - left turn,CC,Vehicle-Bicycle,35502,2,3,57581,4
52385,84739,240013922.0,2024-01-07 00:05:00,2024 January 07,00:05:00,2024,January,Sunday,10:01 pm to 2:00 am,0.0,1,Night,Winter,3801,4115,Southern,3B16E,21453(a),"21453(a,c)",Red signal - driver or bicyclist responsibilities,CC,Vehicle-Bicycle,5477,2,3,55448,17
52386,18000,5484637.0,2012-01-11 14:40:00,2012 January 11,14:40:00,2012,January,Wednesday,2:01 pm to 6:00 pm,14.0,0,Afternoon,Winter,3801,2175,,,Unknown,Unknown,Unknown,BB,Vehicle-Pedestrian,17431,2,44,57525,2
52387,77988,200039792.0,2020-01-16 16:15:00,2020 January 16,16:15:00,2020,January,Thursday,2:01 pm to 6:00 pm,16.0,0,Afternoon,Winter,3801,4356,Ingleside,3H16C,21950(a),"21950(a,c)",Driver or bicyclist to yield right-of-way at crosswalks,BB,Vehicle-Pedestrian,22499,2,4,57649,1
52388,29078,5130402.0,2011-04-01 14:41:00,2011 April 01,14:41:00,2011,April,Friday,2:01 pm to 6:00 pm,14.0,0,Afternoon,Spring,3801,30,NORTH,3E13A,22350,22350,Unsafe speed for prevailing conditions,AA,Vehicle(s) Only Involved,35503,2,2,57658,1
52389,7731,5161395.0,2011-04-26 16:58:00,2011 April 26,16:58:00,2011,April,Tuesday,2:01 pm to 6:00 pm,16.0,0,Afternoon,Spring,3801,307,MISSI,3D60,21801(b),"21801(a,b)",Violation of right-of-way - left turn,CC,Vehicle-Bicycle,40443,2,1,57621,2
52390,14053,6045831.0,2012-03-06 15:20:00,2012 March 06,15:20:00,2012,March,Tuesday,2:01 pm to 6:00 pm,15.0,0,Afternoon,Spring,3801,000578,,4C101,22450(a),22450(a),Failure to stop at STOP sign,CC,Vehicle-Bicycle,5309,2,1,57621,4
52391,5686,5349485.0,2011-07-09 23:13:00,2011 July 09,23:13:00,2011,July,Saturday,10:01 pm to 2:00 am,23.0,1,Night,Summer,3801,1420,BAYVI,4B5E,21801(a),"21801(a,b)",Violation of right-of-way - left turn,AA,Vehicle(s) Only Involved,17364,2,12,57659,8
52392,82049,230041955.0,2023-01-18 17:53:00,2023 January 18,17:53:00,2023,January,Wednesday,2:01 pm to 6:00 pm,17.0,0,Evening,Winter,3801,1260,Bayview,3C13D,Unknown,Unknown,Unknown,AA,Vehicle(s) Only Involved,35504,2,12,56833,1
52393,34569,5584902.0,2012-02-28 10:00:00,2012 February 28,10:00:00,2012,February,Tuesday,6:01 am to 10:00 am,10.0,0,Morning,Winter,3801,1055,COA,00A,Unknown,Unknown,Unknown,AA,Vehicle(s) Only Involved,35505,2,1,49445,1
52394,85036,240171564.0,2024-03-17 14:20:00,2024 March 17,14:20:00,2024,March,Sunday,2:01 pm to 6:00 pm,14.0,1,Afternoon,Spring,3801,1533,Northern,3E76,22350,22350,Unsafe speed for prevailing conditions,CC,Vehicle-Bicycle,36692,2,1,57621,2
52395,18857,5323104.0,2011-09-20 14:29:00,2011 September 20,14:29:00,2011,September,Tuesday,2:01 pm to 6:00 pm,14.0,0,Afternoon,Fall,3801,821,NORTH,4B8F,Unknown,Unknown,Unknown,AA,Vehicle(s) Only Involved,35506,2,2,57557,1
52396,78131,200052788.0,2020-01-21 18:00:00,2020 January 21,18:00:00,2020,January,Tuesday,2:01 pm to 6:00 pm,18.0,0,Evening,Winter,3801,1113,Park,3F13D,22450(a),22450(a),Failure to stop at STOP sign,BB,Vehicle-Pedestrian,35507,6,58,56666,1
52397,2568,6049379.0,2012-10-08 18:35:00,2012 October 08,18:35:00,2012,October,Monday,6:01 pm to 10:00 pm,18.0,0,Evening,Fall,3801,4247,BAYVI,3C15D,21954(a),21954(a),Pedestrians must yield right-of-way outside of crosswalks,BB,Vehicle-Pedestrian,35508,2,2,57622,1
52398,82784,230379110.0,2023-06-01 17:30:00,2023 June 01,17:30:00,2023,June,Thursday,2:01 pm to 6:00 pm,17.0,0,Evening,Summer,3801,1339,Traffic,4B3D,21651(b),21651(b),Wrong way driving,AA,Vehicle(s) Only Involved,37774,2,1,57490,2
52399,5662,5197783.0,2011-05-16 12:34:00,2011 May 16,12:34:00,2011,May,Monday,10:01 am to 2:00 pm,12.0,0,Afternoon,Spring,3801,874,POTER,4B2H,21650.1,21650.1,Bicycle to travel in same direction as vehicles,CC,Vehicle-Bicycle,4019,4,16,57616,1
52400,20425,5161431.0,2011-04-29 01:45:00,2011 April 29,01:45:00,2011,April,Friday,10:01 pm to 2:00 am,1.0,0,Night,Spring,3801,2394,NORTH,3E11E,22350,22350,Unsafe speed for prevailing conditions,AA,Vehicle(s) Only Involved,1395,2,3,57658,8
52401,791,5208452.0,2011-05-31 20:00:00,2011 May 31,20:00:00,2011,May,Tuesday,6:01 pm to 10:00 pm,20.0,0,Evening,Spring,3801,2175,C,4B6E,22350,22350,Unsafe speed for prevailing conditions,AA,Vehicle(s) Only Involved,35510,1,15,57496,2
52402,43978,6059208.0,2012-12-13 21:04:00,2012 December 13,21:04:00,2012,December,Thursday,6:01 pm to 10:00 pm,21.0,0,Night,Winter,3801,4314,RICHM,901,22450(a),22450(a),Failure to stop at STOP sign,CC,Vehicle-Bicycle,35511,1,3,57621,2
52403,36001,5761126.0,2012-07-15 16:35:00,2012 July 15,16:35:00,2012,July,Sunday,2:01 pm to 6:00 pm,16.0,1,Afternoon,Summer,3801,70,A,3A13D,21801(a),"21801(a,b)",Violation of right-of-way - left turn,AA,Vehicle(s) Only Involved,35512,2,2,57660,1
52404,82484,230833150.0,2023-11-25 22:30:00,2023 November 25,22:30:00,2023,November,Saturday,10:01 pm to 2:00 am,22.0,1,Night,Fall,3801,1740,Central,3A13D,22450(a),22450(a),Failure to stop at STOP sign,AA,Vehicle(s) Only Involved,35513,2,42,57659,14
52405,86742,240629375.0,2024-10-06 17:38:00,2024 October 06,17:38:00,2024,October,Sunday,2:01 pm to 6:00 pm,17.0,1,Evening,Fall,3801,4140,Tenderloin,3J12d,21800(a),21800(a-c),Violation of right-of-way or uncontrolled intersection,CC,Vehicle-Bicycle,5641,2,3,57621,1
52406,23342,5762825.0,2012-07-09 12:05:00,2012 July 09,12:05:00,2012,July,Monday,10:01 am to 2:00 pm,12.0,0,Afternoon,Summer,3801,1572,SOUTH,3B1A,21801(a),"21801(a,b)",Violation of right-of-way - left turn,AA,Vehicle(s) Only Involved,26893,2,1,57603,2
52407,83303,230239912.0,2023-04-06 20:10:00,2023 April 06,20:10:00,2023,April,Thursday,6:01 pm to 10:00 pm,20.0,0,Evening,Spring,3801,938,Ingleside,H2,21752(a),"21752(a,b,d)","Operating left of center - limited view or within 100 feet of bridge, viaduct, tunnel or within 100 feet or when traversing intersection - prohibited",AA,Vehicle(s) Only Involved,35514,2,12,57659,3
52408,28412,5585514.0,2012-02-08 10:44:00,2012 February 08,10:44:00,2012,February,Wednesday,10:01 am to 2:00 pm,10.0,0,Morning,Winter,3801,000251,TRAFF,4C3,21950(a),"21950(a,c)",Driver or bicyclist to yield right-of-way at crosswalks,BB,Vehicle-Pedestrian,12307,2,1,57649,1
52409,37891,5240346.0,2011-06-22 12:07:00,2011 June 22,12:07:00,2011,June,Wednesday,10:01 am to 2:00 pm,12.0,0,Afternoon,Summer,3801,001593,TARAV,3162,22350,22350,Unsafe speed for prevailing conditions,AA,Vehicle(s) Only Involved,35515,2,1,57658,1
52410,40683,6058795.0,2012-03-29 19:22:00,2012 March 29,19:22:00,2012,March,Thursday,6:01 pm to 10:00 pm,19.0,0,Evening,Spring,3801,1498,,3I1D,21950(a),"21950(a,c)",Driver or bicyclist to yield right-of-way at crosswalks,BB,Vehicle-Pedestrian,35516,2,33,57649,1
52411,41693,5109366.0,2011-02-20 11:30:00,2011 February 20,11:30:00,2011,February,Sunday,10:01 am to 2:00 pm,11.0,1,Morning,Winter,3801,4082,TARAV,3I4A,21806(a),"21806(a,b)",Failure to yield to emergency vehicle,AA,Vehicle(s) Only Involved,20480,2,1,57659,1
52412,42344,5303257.0,2011-08-12 22:43:00,2011 August 12,22:43:00,2011,August,Friday,10:01 pm to 2:00 am,22.0,0,Night,Summer,3801,1435,RICHM,3G15E,21950(a),"21950(a,c)",Driver or bicyclist to yield right-of-way at crosswalks,BB,Vehicle-Pedestrian,36357,2,3,57649,2
52413,18502,5116306.0,2011-03-09 16:59:00,2011 March 09,16:59:00,2011,March,Wednesday,2:01 pm to 6:00 pm,16.0,0,Afternoon,Spring,3801,00401,SOUTH,3B61,22350,22350,Unsafe speed for prevailing conditions,AA,Vehicle(s) Only Involved,35517,2,2,57658,8
52414,84386,230896788.0,2023-12-24 03:50:00,2023 December 24,03:50:00,2023,December,Sunday,2:01 am to 6:00 am,3.0,1,Night,Winter,3801,4325,Taraval,I6,21453(a),"21453(a,c)",Red signal - driver or bicyclist responsibilities,AA,Vehicle(s) Only Involved,35518,2,3,57659,14