collision_id,unique_id,case_id_pkey,collision_datetime,collision_date,collision_time,accident_year,month,day_of_week,time_cat,hour_of_day,is_weekend,time_of_day,season,juris,officer_id,reporting_district,beat_number,vz_pcf_code,vz_pcf_group,vz_pcf_description,dph_col_grp,dph_col_grp_description,location_id,weather_id,road_id,party_id,severity_id
52415,82495,230538855.0,2023-08-01 13:19:00,2023 August 01,13:19:00,2023,August,Tuesday,10:01 am to 2:00 pm,13.0,0,Afternoon,Summer,3801,2229,Tenderloin,,21954(a),21954(a),Pedestrians must yield right-of-way outside of crosswalks,BB,Vehicle-Pedestrian,5758,2,1,57622,1
52416,13625,5910266.0,2012-05-17 12:55:00,2012 May 17,12:55:00,2012,May,Thursday,10:01 am to 2:00 pm,12.0,0,Afternoon,Spring,3801,001324,MISSI,4C4,21955,21955,Crossing between controlled intersections (Jaywalking),BB,Vehicle-Pedestrian,35519,2,1,57280,6
52417,11557,5281361.0,2011-07-27 08:47:00,2011 July 27,08:47:00,2011,July,Wednesday,6:01 am to 10:00 am,8.0,0,Morning,Summer,3801,747,MISSI,901,Unknown,Unknown,Unknown,EE,Bicycle-Parked Car,35520,2,24,51298,1
52418,34156,6046549.0,2012-12-19 08:10:00,2012 December 19,08:10:00,2012,December,Wednesday,6:01 am to 10:00 am,8.0,0,Morning,Winter,3801,1864,A,3A4A,21453(b),21453(b),Red signal - driver or bicyclist responsibilities with right turn,BB,Vehicle-Pedestrian,33650,2,1,57649,1
52419,53538,200545391.0,2020-09-10 15:33:00,2020 September 10,15:33:00,2020,September,Thursday,2:01 pm to 6:00 pm,15.0,0,Afternoon,Fall,3801,33,Richmond,3,21703,21703,Following too closely prohibited,AA,Vehicle(s) Only Involved,35521,1,30,57658,1
52420,13293,5470640.0,2011-12-12 10:35:00,2011 December 12,10:35:00,2011,December,Monday,10:01 am to 2:00 pm,10.0,0,Morning,Winter,3801,UC53,,,22107,22107,Unsafe turn or lane change prohibited,AA,Vehicle(s) Only Involved,35522,2,2,57406,2
52421,39058,5433520.0,2011-11-02 12:00:00,2011 November 02,12:00:00,2011,November,Wednesday,10:01 am to 2:00 pm,12.0,0,Afternoon,Fall,3801,1138,CO1,3I4B,21650,21650,Failure to keep to right side of road,AA,Vehicle(s) Only Involved,4636,2,1,57603,1
52422,53528,200539510.0,2020-09-07 18:45:00,2020 September 07,18:45:00,2020,September,Monday,6:01 pm to 10:00 pm,18.0,0,Evening,Fall,3801,4108,Bayview,BAYVIEW,21703,21703,Following too closely prohibited,AA,Vehicle(s) Only Involved,35523,2,1,57658,1
52423,23631,5281290.0,2011-07-29 07:30:00,2011 July 29,07:30:00,2011,July,Friday,6:01 am to 10:00 am,7.0,0,Morning,Summer,3801,1794,SOUTH,3B60,21950(a),"21950(a,c)",Driver or bicyclist to yield right-of-way at crosswalks,BB,Vehicle-Pedestrian,35524,1,1,57649,1
52424,12961,5208064.0,2011-06-04 15:36:00,2011 June 04,15:36:00,2011,June,Saturday,2:01 pm to 6:00 pm,15.0,1,Afternoon,Summer,3801,11045196,PARK,3F12D,22350,22350,Unsafe speed for prevailing conditions,AA,Vehicle(s) Only Involved,35525,1,4,57658,1
52425,82732,230347894.0,2023-05-19 18:15:00,2023 May 19,18:15:00,2023,May,Friday,6:01 pm to 10:00 pm,18.0,0,Evening,Spring,3801,IMHOFF #8,Northern,3E11A,22106,22106,Unsafe starting or backing on highway,AA,Vehicle(s) Only Involved,35526,2,15,57659,1
52426,78040,200061999.0,2020-01-25 12:55:00,2020 January 25,12:55:00,2020,January,Saturday,10:01 am to 2:00 pm,12.0,1,Afternoon,Winter,3801,574,Mission,3D14A,22350,22350,Unsafe speed for prevailing conditions,AA,Vehicle(s) Only Involved,27142,2,1,57658,1
52427,44375,5762244.0,2012-06-07 18:01:00,2012 June 07,18:01:00,2012,June,Thursday,6:01 pm to 10:00 pm,18.0,0,Evening,Summer,3801,2145,RICHM,4B3G,21950(a),"21950(a,c)",Driver or bicyclist to yield right-of-way at crosswalks,BB,Vehicle-Pedestrian,22851,2,1,57649,2
52428,82116,230366452.0,2023-05-27 17:50:00,2023 May 27,17:50:00,2023,May,Saturday,2:01 pm to 6:00 pm,17.0,1,Evening,Spring,3801,4084,Traffic,4B4B,22350,22350,Unsafe speed for prevailing conditions,AA,Vehicle(s) Only Involved,35527,1,1,57660,4
52429,52794,200230633.0,2020-04-09 15:02:00,2020 April 09,15:02:00,2020,April,Thursday,2:01 pm to 6:00 pm,15.0,0,Afternoon,Spring,3801,#231,Bayview,901,21954(a),21954(a),Pedestrians must yield right-of-way outside of crosswalks,BB,Vehicle-Pedestrian,35528,2,2,57622,2
52430,82679,230317217.0,2023-05-07 12:13:00,2023 May 07,12:13:00,2023,May,Sunday,10:01 am to 2:00 pm,12.0,1,Afternoon,Spring,3801,1418,Taraval,I5,22350,22350,Unsafe speed for prevailing conditions,AA,Vehicle(s) Only Involved,35529,2,1,57659,11
52431,35109,5429758.0,2011-11-19 09:54:00,2011 November 19,09:54:00,2011,November,Saturday,6:01 am to 10:00 am,9.0,1,Morning,Fall,3801,1819,,3E68,22350,22350,Unsafe speed for prevailing conditions,AA,Vehicle(s) Only Involved,35530,2,2,57658,1
52432,77951,200009159.0,2020-01-04 13:38:00,2020 January 04,13:38:00,2020,January,Saturday,10:01 am to 2:00 pm,13.0,1,Afternoon,Winter,3801,195,Northern,,22101(d),22101(d),Violating special traffic control markers,AA,Vehicle(s) Only Involved,27148,2,1,57237,2
52433,31139,5209319.0,2011-06-03 14:17:00,2011 June 03,14:17:00,2011,June,Friday,2:01 pm to 6:00 pm,14.0,0,Afternoon,Summer,3801,649,RICHM,3G64,22106,22106,Unsafe starting or backing on highway,AA,Vehicle(s) Only Involved,35531,2,1,57659,1
52434,54204,200694073.0,2020-11-17 04:44:00,2020 November 17,04:44:00,2020,November,Tuesday,2:01 am to 6:00 am,4.0,0,Night,Fall,3801,382,Northern,3E15E,22350,22350,Unsafe speed for prevailing conditions,AA,Vehicle(s) Only Involved,35532,5,3,57658,8
52435,52370,200145612.0,2020-02-26 18:53:00,2020 February 26,18:53:00,2020,February,Wednesday,6:01 pm to 10:00 pm,18.0,0,Evening,Winter,3801,2122,Mission,5,21650,21650,Failure to keep to right side of road,CC,Vehicle-Bicycle,1563,2,3,57621,2
52436,24414,5303674.0,2011-08-18 15:39:00,2011 August 18,15:39:00,2011,August,Thursday,2:01 pm to 6:00 pm,15.0,0,Afternoon,Summer,3801,1838,TENDE,3J36A,22350,22350,Unsafe speed for prevailing conditions,AA,Vehicle(s) Only Involved,35533,2,76,57658,1
52437,52742,200199794.0,2020-03-20 16:59:00,2020 March 20,16:59:00,2020,March,Friday,2:01 pm to 6:00 pm,16.0,0,Afternoon,Spring,3801,643,Taraval,3I16D,21453(a),"21453(a,c)",Red signal - driver or bicyclist responsibilities,AA,Vehicle(s) Only Involved,23656,2,1,57659,8
52438,82397,230793601.0,2023-11-07 03:06:00,2023 November 07,03:06:00,2023,November,Tuesday,2:01 am to 6:00 am,3.0,0,Night,Fall,3801,255,Ingleside,3H15E,21703,21703,Following too closely prohibited,AA,Vehicle(s) Only Involved,35534,2,3,57658,8
52439,84564,230910883.0,2023-12-31 11:49:00,2023 December 31,11:49:00,2023,December,Sunday,10:01 am to 2:00 pm,11.0,1,Morning,Winter,3801,LAU 933,Ingleside,H5,22107,22107,Unsafe turn or lane change prohibited,AA,Vehicle(s) Only Involved,35535,2,2,57660,8
52440,53086,200371237.0,2020-06-20 16:19:00,2020 June 20,16:19:00,2020,June,Saturday,2:01 pm to 6:00 pm,16.0,1,Afternoon,Summer,3801,1845,Southern,3,21456(c),"21456(a,c)",Pedestrian violation of walk or wait signals,BB,Vehicle-Pedestrian,35536,2,1,57622,1
52441,84224,230045513.0,2023-01-20 08:53:00,2023 January 20,08:53:00,2023,January,Friday,6:01 am to 10:00 am,8.0,0,Morning,Winter,3801,432,Mission,3d41a,22350,22350,Unsafe speed for prevailing conditions,AA,Vehicle(s) Only Involved,35537,2,2,57584,2
52442,13012,5146489.0,2011-03-24 21:03:00,2011 March 24,21:03:00,2011,March,Thursday,6:01 pm to 10:00 pm,21.0,0,Night,Spring,3801,001419,PARK,1CAR,21950(a),"21950(a,c)",Driver or bicyclist to yield right-of-way at crosswalks,BB,Vehicle-Pedestrian,11380,1,13,57649,1
52443,16532,6059260.0,2012-12-17 23:00:00,2012 December 17,23:00:00,2012,December,Monday,10:01 pm to 2:00 am,23.0,0,Night,Winter,3801,315,SOUTH,,21200(a),21200(a),Bicycle riding - general rights and responsibilities,CC,Vehicle-Bicycle,40405,2,3,57616,2
52444,13951,5427559.0,2011-11-07 18:07:00,2011 November 07,18:07:00,2011,November,Monday,6:01 pm to 10:00 pm,18.0,0,Evening,Fall,3801,351,SOUTH,3B14C,21954(a),21954(a),Pedestrians must yield right-of-way outside of crosswalks,BB,Vehicle-Pedestrian,35538,2,3,57622,2
52445,54249,200708248.0,2020-11-23 13:42:00,2020 November 23,13:42:00,2020,November,Monday,10:01 am to 2:00 pm,13.0,0,Afternoon,Fall,3801,2124,Tenderloin,3J13C,22106,22106,Unsafe starting or backing on highway,AA,Vehicle(s) Only Involved,35539,2,45,57654,1
52446,52436,200178419.0,2020-03-10 16:30:00,2020 March 10,16:30:00,2020,March,Tuesday,2:01 pm to 6:00 pm,16.0,0,Afternoon,Spring,3801,2168,Central,3A4D,22450(a),22450(a),Failure to stop at STOP sign,BB,Vehicle-Pedestrian,35540,2,1,57649,1
52447,22910,5774886.0,2012-07-01 17:53:00,2012 July 01,17:53:00,2012,July,Sunday,2:01 pm to 6:00 pm,17.0,1,Evening,Summer,3801,4028,SOUTH,3B15SD,21453(a),"21453(a,c)",Red signal - driver or bicyclist responsibilities,AA,Vehicle(s) Only Involved,12542,1,1,57659,14
52448,43296,5327023.0,2011-09-28 09:06:00,2011 September 28,09:06:00,2011,September,Wednesday,6:01 am to 10:00 am,9.0,0,Morning,Fall,3801,1073,RICHM,4B2G,22107,22107,Unsafe turn or lane change prohibited,CC,Vehicle-Bicycle,35541,2,1,57614,1
52449,29072,5387194.0,2011-10-26 12:53:00,2011 October 26,12:53:00,2011,October,Wednesday,10:01 am to 2:00 pm,12.0,0,Afternoon,Fall,3801,2082,,,21950(a),"21950(a,c)",Driver or bicyclist to yield right-of-way at crosswalks,BB,Vehicle-Pedestrian,35542,2,1,57649,2
52450,43686,5351942.0,2011-09-11 22:20:00,2011 September 11,22:20:00,2011,September,Sunday,10:01 pm to 2:00 am,22.0,1,Night,Fall,3801,2380,,,21956(a),21956(a),Pedestrian on roadway prohibited,BB,Vehicle-Pedestrian,35543,2,3,57622,1
52451,39276,5429693.0,2011-11-22 20:22:00,2011 November 22,20:22:00,2011,November,Tuesday,6:01 pm to 10:00 pm,20.0,0,Evening,Fall,3801,2360,PARK,3F1D,22350,22350,Unsafe speed for prevailing conditions,AA,Vehicle(s) Only Involved,35544,2,3,57607,2
52452,53864,200601921.0,2020-10-06 11:43:00,2020 October 06,11:43:00,2020,October,Tuesday,10:01 am to 2:00 pm,11.0,0,Morning,Fall,3801,1856,Southern,B4,22107,22107,Unsafe turn or lane change prohibited,AA,Vehicle(s) Only Involved,20837,2,1,57490,4
52453,51941,190093173.0,2019-02-06 18:29:00,2019 February 06,18:29:00,2019,February,Wednesday,6:01 pm to 10:00 pm,18.0,0,Evening,Winter,3801,2056,Central,1,21453(a),"21453(a,c)",Red signal - driver or bicyclist responsibilities,AA,Vehicle(s) Only Involved,35545,2,3,57659,1
52454,53799,200505834.0,2020-08-22 18:00:00,2020 August 22,18:00:00,2020,August,Saturday,2:01 pm to 6:00 pm,18.0,1,Evening,Summer,3801,987,Mission,,22517,22517,Opening door on traffic side when unsafe,CC,Vehicle-Bicycle,35546,2,2,57614,1
52455,25835,6067194.0,2012-08-01 19:10:00,2012 August 01,19:10:00,2012,August,Wednesday,6:01 pm to 10:00 pm,19.0,0,Evening,Summer,3801,1515,A,3A66,21954(a),21954(a),Pedestrians must yield right-of-way outside of crosswalks,BB,Vehicle-Pedestrian,35547,2,44,57622,2
52456,86043,240388189.0,2024-06-21 20:15:00,2024 June 21,20:15:00,2024,June,Friday,6:01 pm to 10:00 pm,20.0,0,Evening,Summer,3801,2380,Southern,B4,22107,22107,Unsafe turn or lane change prohibited,AA,Vehicle(s) Only Involved,26069,2,1,57564,1
52457,24447,5590757.0,2012-02-07 08:45:00,2012 February 07,08:45:00,2012,February,Tuesday,6:01 am to 10:00 am,8.0,0,Morning,Winter,3801,849,J,3J60,21453(a),"21453(a,c)",Red signal - driver or bicyclist responsibilities,BB,Vehicle-Pedestrian,7529,4,16,57649,2
52458,32588,5127362.0,2011-03-22 07:47:00,2011 March 22,07:47:00,2011,March,Tuesday,6:01 am to 10:00 am,7.0,0,Morning,Spring,3801,246,NORTH,4B2E,22450(a),22450(a),Failure to stop at STOP sign,BB,Vehicle-Pedestrian,12832,2,1,57649,2
52459,38770,5145091.0,2011-04-11 14:07:00,2011 April 11,14:07:00,2011,April,Monday,2:01 pm to 6:00 pm,14.0,0,Afternoon,Spring,3801,618,TARAV,3114B,21703,21703,Following too closely prohibited,AA,Vehicle(s) Only Involved,11080,2,1,57658,1
52460,33393,5303270.0,2011-08-02 20:45:00,2011 August 02,20:45:00,2011,August,Tuesday,6:01 pm to 10:00 pm,20.0,0,Evening,Summer,3801,1639,CENTR,4B5A,21950(b),21950(b),Pedestrian suddenly entering into vehicle path close enough to create an immediate hazard,BB,Vehicle-Pedestrian,13355,2,3,57123,2
52461,23340,5161404.0,2011-04-27 12:48:00,2011 April 27,12:48:00,2011,April,Wednesday,10:01 am to 2:00 pm,12.0,0,Afternoon,Spring,3801,791,SOUTH,4B7J,21801(a),"21801(a,b)",Violation of right-of-way - left turn,AA,Vehicle(s) Only Involved,26893,2,1,57603,1
52462,82123,230035196.0,2023-01-15 23:00:00,2023 January 15,23:00:00,2023,January,Sunday,10:01 pm to 2:00 am,23.0,1,Night,Winter,3801,2463,Southern,3B15E,Unknown,Unknown,Unknown,AA,Vehicle(s) Only Involved,11813,4,91,57033,1
52463,15892,6054734.0,2012-10-04 12:39:00,2012 October 04,12:39:00,2012,October,Thursday,10:01 am to 2:00 pm,12.0,0,Afternoon,Fall,3801,000251,MAITB,4C3,22107,22107,Unsafe turn or lane change prohibited,EE,Bicycle-Parked Car,1373,2,1,57302,1
52464,83276,230873714.0,2023-12-13 17:00:00,2023 December 13,17:00:00,2023,December,Wednesday,2:01 pm to 6:00 pm,17.0,0,Evening,Winter,3801,1740,Central,3A13D,21955(a),21955(a-b),Crossing between controlled intersections (Jaywalking),BB,Vehicle-Pedestrian,11297,2,2,57622,1
52465,32071,5453529.0,2011-12-13 12:45:00,2011 December 13,12:45:00,2011,December,Tuesday,10:01 am to 2:00 pm,12.0,0,Afternoon,Winter,3801,127,NORTH,3E4C,21453(a),"21453(a,c)",Red signal - driver or bicyclist responsibilities,AA,Vehicle(s) Only Involved,9042,2,1,57659,13
52466,30874,5455925.0,2012-01-23 11:10:00,2012 January 23,11:10:00,2012,January,Monday,10:01 am to 2:00 pm,11.0,0,Morning,Winter,3801,1819,PARK,3E68,21806(a),"21806(a,b)",Failure to yield to emergency vehicle,AA,Vehicle(s) Only Involved,35548,2,1,57659,1
52467,84642,230890401.0,2023-12-21 08:40:00,2023 December 21,08:40:00,2023,December,Thursday,6:01 am to 10:00 am,8.0,0,Morning,Winter,3801,2163,Tenderloin,3J93A,22500(f),"22500(a-h,j,k)","Prohibition on stopping, parking, or leaving standing",BB,Vehicle-Pedestrian,35549,2,1,57649,1
52468,32822,5455966.0,2012-01-22 06:29:00,2012 January 22,06:29:00,2012,January,Sunday,6:01 am to 10:00 am,6.0,1,Morning,Winter,3801,965,NORTH,3E12A,21453(a),"21453(a,c)",Red signal - driver or bicyclist responsibilities,AA,Vehicle(s) Only Involved,5892,2,3,57659,1
52469,20205,5734879.0,2012-05-13 11:25:00,2012 May 13,11:25:00,2012,May,Sunday,10:01 am to 2:00 pm,11.0,1,Morning,Spring,3801,1887,SOUTH,4K1C,22101(d),22101(d),Violation of a turn prohibition sign,CC,Vehicle-Bicycle,26095,2,1,57581,2
52470,1214,5585498.0,2012-02-15 17:00:00,2012 February 15,17:00:00,2012,February,Wednesday,2:01 pm to 6:00 pm,17.0,0,Evening,Winter,3801,241,COH,4B3H,21950(b),21950(b),Pedestrian suddenly entering into vehicle path close enough to create an immediate hazard,BB,Vehicle-Pedestrian,4958,2,2,57123,1
52471,82602,230551998.0,2023-08-06 22:28:00,2023 August 06,22:28:00,2023,August,Sunday,10:01 pm to 2:00 am,22.0,1,Night,Summer,3801,2469,Southern,3B14E,21955(a),21955(a-b),Crossing between controlled intersections (Jaywalking),BB,Vehicle-Pedestrian,35550,2,21,57622,1
52472,54055,200652288.0,2020-11-11 19:54:00,2020 November 11,19:54:00,2020,November,Wednesday,6:01 pm to 10:00 pm,19.0,0,Evening,Fall,3801,214,Central,3A2,21657,21657,Going against one-way traffic patterns,AA,Vehicle(s) Only Involved,4170,2,12,57467,2
52473,38833,5109417.0,2011-02-22 11:20:00,2011 February 22,11:20:00,2011,February,Tuesday,10:01 am to 2:00 pm,11.0,0,Morning,Winter,3801,625,I,3I63,21950(a),"21950(a,c)",Driver or bicyclist to yield right-of-way at crosswalks,BB,Vehicle-Pedestrian,35551,2,1,57649,1
52474,54176,200686581.0,2020-11-13 16:16:00,2020 November 13,16:16:00,2020,November,Friday,2:01 pm to 6:00 pm,16.0,0,Afternoon,Fall,3801,306,Bayview,3C46,22350,22350,Unsafe speed for prevailing conditions,AA,Vehicle(s) Only Involved,40349,4,16,57659,8
52475,43400,5429173.0,2011-11-26 17:45:00,2011 November 26,17:45:00,2011,November,Saturday,2:01 pm to 6:00 pm,17.0,1,Evening,Fall,3801,000798,G,3GSK,21802(a),"21802(a,b)",Violation of right-of-way - entering through highway,CC,Vehicle-Bicycle,35552,2,33,57581,1
52476,11980,5274343.0,2011-07-14 00:01:00,2011 July 14,00:01:00,2011,July,Thursday,10:01 pm to 2:00 am,0.0,0,Night,Summer,3801,1364,MISSI,3D15E,22106,22106,Unsafe starting or backing on highway,CC,Vehicle-Bicycle,35553,2,12,57614,2
52477,2780,6067136.0,2012-08-22 16:42:00,2012 August 22,16:42:00,2012,August,Wednesday,2:01 pm to 6:00 pm,16.0,0,Afternoon,Summer,3801,1540,BAYVI,3C71,21453(a),"21453(a,c)",Red signal - driver or bicyclist responsibilities,CC,Vehicle-Bicycle,35554,2,1,57625,1
52478,30708,5358776.0,2011-09-18 12:11:00,2011 September 18,12:11:00,2011,September,Sunday,10:01 am to 2:00 pm,12.0,1,Afternoon,Fall,3801,821,NORTH,4B8F,21453(a),"21453(a,c)",Red signal - driver or bicyclist responsibilities,AA,Vehicle(s) Only Involved,30713,2,1,57659,1
52479,11930,6068126.0,2012-08-03 22:40:00,2012 August 03,22:40:00,2012,August,Friday,10:01 pm to 2:00 am,22.0,0,Night,Summer,3801,1821,MISSI,483D,21955,21955,Crossing between controlled intersections (Jaywalking),BB,Vehicle-Pedestrian,35555,2,3,57622,2
52480,13452,5554780.0,2012-01-26 10:53:00,2012 January 26,10:53:00,2012,January,Thursday,10:01 am to 2:00 pm,10.0,0,Morning,Winter,3801,747,MISSI,901,21801(a),"21801(a,b)",Violation of right-of-way - left turn,AA,Vehicle(s) Only Involved,27879,1,1,57659,1
52481,10684,5584957.0,2012-02-10 23:24:00,2012 February 10,23:24:00,2012,February,Friday,10:01 pm to 2:00 am,23.0,0,Night,Winter,3801,2095,COD,3D13E,21801(a),"21801(a,b)",Violation of right-of-way - left turn,CC,Vehicle-Bicycle,27463,7,13,57621,1
52482,83887,230718944.0,2023-10-06 17:25:00,2023 October 06,17:25:00,2023,October,Friday,2:01 pm to 6:00 pm,17.0,0,Evening,Fall,3801,2401,Southern,3B13D,22450(a),22450(a),Failure to stop at STOP sign,CC,Vehicle-Bicycle,35556,2,1,57581,1
52483,3157,5592615.0,2012-01-30 19:04:00,2012 January 30,19:04:00,2012,January,Monday,6:01 pm to 10:00 pm,19.0,0,Evening,Winter,3801,2321,BAYVI,,21650,21650,Failure to keep to right side of road,AA,Vehicle(s) Only Involved,35557,2,3,57660,2
52484,4815,5590024.0,2012-02-25 14:22:00,2012 February 25,14:22:00,2012,February,Saturday,2:01 pm to 6:00 pm,14.0,1,Afternoon,Winter,3801,1043,INGLE,4B1H,21950(b),21950(b),Pedestrian suddenly entering into vehicle path close enough to create an immediate hazard,BB,Vehicle-Pedestrian,35558,2,2,57622,2
52485,7882,6067175.0,2012-09-03 13:40:00,2012 September 03,13:40:00,2012,September,Monday,10:01 am to 2:00 pm,13.0,0,Afternoon,Fall,3801,747,,,21954(a),21954(a),Pedestrians must yield right-of-way outside of crosswalks,BB,Vehicle-Pedestrian,35559,2,1,57622,2
52486,11108,5365470.0,2011-09-24 00:04:00,2011 September 24,00:04:00,2011,September,Saturday,10:01 pm to 2:00 am,0.0,1,Night,Fall,3801,1480,MISSI,3D11E,21453(a),"21453(a,c)",Red signal - driver or bicyclist responsibilities,AA,Vehicle(s) Only Involved,27726,2,34,57659,13
52487,34441,5682483.0,2012-03-02 08:50:00,2012 March 02,08:50:00,2012,March,Friday,6:01 am to 10:00 am,8.0,0,Morning,Spring,3801,2108,,0LA,21658(a),"21658(a,b)",Lane straddling or failure to use specified lanes,AA,Vehicle(s) Only Involved,35560,2,2,57660,1
52488,23123,5202068.0,2011-05-20 17:47:00,2011 May 20,17:47:00,2011,May,Friday,2:01 pm to 6:00 pm,17.0,0,Evening,Spring,3801,1420,SOUTH,4B5E,21955,21955,Crossing between controlled intersections (Jaywalking),BB,Vehicle-Pedestrian,35561,2,2,57622,1
52489,53211,200406470.0,2020-07-07 13:19:00,2020 July 07,13:19:00,2020,July,Tuesday,10:01 am to 2:00 pm,13.0,0,Afternoon,Summer,3801,4084,Traffic,4B4B,Other Improper Driving,Other Than Driver,Unknown,AA,Vehicle(s) Only Involved,35562,2,1,57033,2
52490,46998,190281027.0,2019-04-20 11:33:00,2019 April 20,11:33:00,2019,April,Saturday,10:01 am to 2:00 pm,11.0,1,Morning,Spring,3801,1620,Bayview,3C11A,21954(a),21954(a),Pedestrians must yield right-of-way outside of crosswalks,CC,Vehicle-Bicycle,35563,2,2,57621,2
52491,36975,5472485.0,2011-12-18 16:28:00,2011 December 18,16:28:00,2011,December,Sunday,2:01 pm to 6:00 pm,16.0,1,Afternoon,Winter,3801,2030,,03I,21703,21703,Following too closely prohibited,AA,Vehicle(s) Only Involved,35564,2,15,57658,1
52492,6194,5427743.0,2011-11-01 02:54:00,2011 November 01,02:54:00,2011,November,Tuesday,2:01 am to 6:00 am,2.0,0,Night,Fall,3801,001159,COC,3C13E,21954(a),21954(a),Pedestrians must yield right-of-way outside of crosswalks,BB,Vehicle-Pedestrian,35565,2,12,57590,1
52493,3046,6039471.0,2012-10-17 19:16:00,2012 October 17,19:16:00,2012,October,Wednesday,6:01 pm to 10:00 pm,19.0,0,Evening,Fall,3801,2066,BAYVI,3C4D,22350,22350,Unsafe speed for prevailing conditions,BB,Vehicle-Pedestrian,27953,2,12,57649,2
52494,83365,230488460.0,2023-07-14 08:15:00,2023 July 14,08:15:00,2023,July,Friday,6:01 am to 10:00 am,8.0,0,Morning,Summer,3801,1297,Park,3F13A,22517,22517,Opening door on traffic side when unsafe,EE,Bicycle-Parked Car,35566,2,2,57227,2
52495,7487,5590796.0,2012-02-01 05:27:00,2012 February 01,05:27:00,2012,February,Wednesday,2:01 am to 6:00 am,5.0,0,Morning,Winter,3801,4084,MISSI,901,21954(a),21954(a),Pedestrians must yield right-of-way outside of crosswalks,BB,Vehicle-Pedestrian,35567,4,339,56779,2
52496,53053,200366307.0,2020-06-18 08:10:00,2020 June 18,08:10:00,2020,June,Thursday,6:01 am to 10:00 am,8.0,0,Morning,Summer,3801,4333,Northern,3E12A,22107,22107,Unsafe turn or lane change prohibited,CC,Vehicle-Bicycle,22055,2,2,57581,1
52497,83831,230692912.0,2023-09-27 16:33:00,2023 September 27,16:33:00,2023,September,Wednesday,2:01 pm to 6:00 pm,16.0,0,Afternoon,Fall,3801,2408,Mission,3D14D,21658(a),"21658(a,b,c)",Lane straddling or failure to use specified lanes,AA,Vehicle(s) Only Involved,24592,2,1,57603,1
52498,12861,5414566.0,2011-10-22 00:48:00,2011 October 22,00:48:00,2011,October,Saturday,10:01 pm to 2:00 am,0.0,1,Night,Fall,3801,002038,,,22350,22350,Unsafe speed for prevailing conditions,AA,Vehicle(s) Only Involved,35568,2,32,57584,22
52499,22801,5347743.0,2011-09-20 15:55:00,2011 September 20,15:55:00,2011,September,Tuesday,2:01 pm to 6:00 pm,15.0,0,Afternoon,Fall,3801,191,PARK,4BIG,22350,22350,Unsafe speed for prevailing conditions,AA,Vehicle(s) Only Involved,35569,2,1,57658,1
52500,52476,200180997.0,2020-03-11 15:20:00,2020 March 11,15:20:00,2020,March,Wednesday,2:01 pm to 6:00 pm,15.0,0,Afternoon,Spring,3801,1784,Tenderloin,3J4C,21950(a),"21950(a,c)",Driver or bicyclist to yield right-of-way at crosswalks,BB,Vehicle-Pedestrian,35570,2,1,57649,1
52501,42428,5794126.0,2012-07-07 06:40:00,2012 July 07,06:40:00,2012,July,Saturday,6:01 am to 10:00 am,6.0,1,Morning,Summer,3801,1073,RICHM,4B2G,21703,21703,Following too closely prohibited,AA,Vehicle(s) Only Involved,32515,2,33,57658,8
52502,83644,230604092.0,2023-08-24 15:34:00,2023 August 24,15:34:00,2023,August,Thursday,2:01 pm to 6:00 pm,15.0,0,Afternoon,Summer,3801,2390,Mission,3D16D,21804(a),"21804(a,b)",Entering highway from alley or driveway,AA,Vehicle(s) Only Involved,35571,2,2,57660,2
52503,84152,230445391.0,2023-06-27 22:57:00,2023 June 27,22:57:00,2023,June,Tuesday,10:01 pm to 2:00 am,22.0,0,Night,Summer,3801,2237,Taraval,I,23152(a),23152(a-g),Driving under influence of alcohol and/or drugs,AA,Vehicle(s) Only Involved,35572,6,12,57569,1
52504,42201,6049485.0,2012-10-06 09:14:00,2012 October 06,09:14:00,2012,October,Saturday,6:01 am to 10:00 am,9.0,1,Morning,Fall,3801,940,RICHM,3G3A,21954(a),21954(a),Pedestrians must yield right-of-way outside of crosswalks,DD,Bicycle-Pedestrian,35573,2,8,54013,3
52505,45244,5272681.0,2011-07-22 23:45:00,2011 July 22,23:45:00,2011,July,Friday,10:01 pm to 2:00 am,23.0,0,Night,Summer,3801,001435,RICHM,3G14E,22101(d),22101(d),Violation of a turn prohibition sign,AA,Vehicle(s) Only Involved,17522,2,3,57603,17
52506,15328,5358744.0,2011-09-25 03:17:00,2011 September 25,03:17:00,2011,September,Sunday,2:01 am to 6:00 am,3.0,1,Night,Fall,3801,315,SOUTH,,21955,21955,Crossing between controlled intersections (Jaywalking),BB,Vehicle-Pedestrian,35574,2,12,56779,4
52507,5126,5209231.0,2011-05-22 19:35:00,2011 May 22,19:35:00,2011,May,Sunday,6:01 pm to 10:00 pm,19.0,1,Evening,Spring,3801,1145,INGLE,3H16D,21801(a),"21801(a,b)",Violation of right-of-way - left turn,CC,Vehicle-Bicycle,35575,5,2,57581,1
52508,27780,5733280.0,2012-05-11 15:45:00,2012 May 11,15:45:00,2012,May,Friday,2:01 pm to 6:00 pm,15.0,0,Afternoon,Spring,3801,1882,CENTR,3A61,20001(a),20001(a),Duty to stop when involved in accident with injury or death,AA,Vehicle(s) Only Involved,35576,2,2,57654,1