collision_id,unique_id,case_id_pkey,collision_datetime,collision_date,collision_time,accident_year,month,day_of_week,time_cat,hour_of_day,is_weekend,time_of_day,season,juris,officer_id,reporting_district,beat_number,vz_pcf_code,vz_pcf_group,vz_pcf_description,dph_col_grp,dph_col_grp_description,location_id,weather_id,road_id,party_id,severity_id
52603,82128,230395730.0,2023-06-08 18:45:00,2023 June 08,18:45:00,2023,June,Thursday,6:01 pm to 10:00 pm,18.0,0,Evening,Summer,3801,312,Taraval,3-CAR,21801(a),"21801(a,b)",Violation of right-of-way - left turn,AA,Vehicle(s) Only Involved,35629,2,2,57660,8
52604,42276,5328397.0,2011-09-28 07:25:00,2011 September 28,07:25:00,2011,September,Wednesday,6:01 am to 10:00 am,7.0,0,Morning,Fall,3801,191,RICHM,4BIG,21950(a),"21950(a,c)",Driver or bicyclist to yield right-of-way at crosswalks,BB,Vehicle-Pedestrian,40839,2,1,57649,4
52605,87493,240797988.0,2024-12-29 23:58:00,2024 December 29,23:58:00,2024,December,Sunday,10:01 pm to 2:00 am,23.0,1,Night,Winter,3801,2711,Mission,3D11E,21801(b),"21801(a,b)",Violation of right-of-way - left turn,AA,Vehicle(s) Only Involved,35630,2,21,57235,2
52606,78118,200002943.0,2020-01-02 07:37:00,2020 January 02,07:37:00,2020,January,Thursday,6:01 am to 10:00 am,7.0,0,Morning,Winter,3801,1730,Traffic,4B1H,21954(a),21954(a),Pedestrians must yield right-of-way outside of crosswalks,BB,Vehicle-Pedestrian,25016,2,2,57622,4
52607,20203,5364113.0,2011-08-29 02:00:00,2011 August 29,02:00:00,2011,August,Monday,10:01 pm to 2:00 am,2.0,0,Night,Summer,3801,2293,SOUTH,3B14E,21955,21955,Crossing between controlled intersections (Jaywalking),BB,Vehicle-Pedestrian,26095,2,3,57622,2
52608,39071,5209893.0,2011-04-05 18:43:00,2011 April 05,18:43:00,2011,April,Tuesday,6:01 pm to 10:00 pm,18.0,0,Evening,Spring,3801,659,,3I4D,22350,22350,Unsafe speed for prevailing conditions,AA,Vehicle(s) Only Involved,35631,2,1,57658,1
52609,78106,200116550.0,2020-02-15 20:17:00,2020 February 15,20:17:00,2020,February,Saturday,6:01 pm to 10:00 pm,20.0,1,Evening,Winter,3801,1872,Northern,3E62,21453(d),21453(d),Red signal - pedestrian responsibilities,BB,Vehicle-Pedestrian,20050,2,3,57622,4
52610,45140,5162102.0,2011-04-27 06:32:00,2011 April 27,06:32:00,2011,April,Wednesday,6:01 am to 10:00 am,6.0,0,Morning,Spring,3801,1446,,,22103,22103,Illegal U-turn in residential district,CC,Vehicle-Bicycle,35632,2,23,57581,1
52611,19803,5349064.0,2011-07-18 07:28:00,2011 July 18,07:28:00,2011,July,Monday,6:01 am to 10:00 am,7.0,0,Morning,Summer,3801,671,PARK,4B2F,22100(a),"22100(a,b)",Turn at intersection from wrong position,AA,Vehicle(s) Only Involved,20869,2,1,57237,1
52612,11397,5146533.0,2011-03-27 01:43:00,2011 March 27,01:43:00,2011,March,Sunday,10:01 pm to 2:00 am,1.0,1,Night,Spring,3801,1030,MISSI,3D11D,22350,22350,Unsafe speed for prevailing conditions,AA,Vehicle(s) Only Involved,5987,2,3,57569,3
52613,78146,200097239.0,2020-02-08 10:04:00,2020 February 08,10:04:00,2020,February,Saturday,10:01 am to 2:00 pm,10.0,1,Morning,Winter,3801,1557,Southern,3B13A,21453(a),"21453(a,c)",Red signal - driver or bicyclist responsibilities,AA,Vehicle(s) Only Involved,20837,2,1,57659,13
52614,20504,5328303.0,2011-09-28 06:39:00,2011 September 28,06:39:00,2011,September,Wednesday,6:01 am to 10:00 am,6.0,0,Morning,Fall,3801,30,,3E1A,22350,22350,Unsafe speed for prevailing conditions,AA,Vehicle(s) Only Involved,35633,2,15,57557,1
52615,4298,6046485.0,2012-12-24 20:29:00,2012 December 24,20:29:00,2012,December,Monday,6:01 pm to 10:00 pm,20.0,0,Evening,Winter,3801,001523,INGLE,3CAR,21950(a),"21950(a,c)",Driver or bicyclist to yield right-of-way at crosswalks,BB,Vehicle-Pedestrian,27531,2,3,57649,2
52616,27467,5131991.0,2011-03-22 15:30:00,2011 March 22,15:30:00,2011,March,Tuesday,2:01 pm to 6:00 pm,15.0,0,Afternoon,Spring,3801,1887,SOUTH,4B7B,22350,22350,Unsafe speed for prevailing conditions,AA,Vehicle(s) Only Involved,35634,1,4,57569,1
52617,4729,5109288.0,2011-02-28 16:40:00,2011 February 28,16:40:00,2011,February,Monday,2:01 pm to 6:00 pm,16.0,0,Afternoon,Winter,3801,1549,INGLE,4B61,21950(a),"21950(a,c)",Driver or bicyclist to yield right-of-way at crosswalks,BB,Vehicle-Pedestrian,2926,2,54,57649,2
52618,3642,6049404.0,2012-10-23 09:05:00,2012 October 23,09:05:00,2012,October,Tuesday,6:01 am to 10:00 am,9.0,0,Morning,Fall,3801,1446,,COC,21950(a),"21950(a,c)",Driver or bicyclist to yield right-of-way at crosswalks,BB,Vehicle-Pedestrian,31265,2,1,57649,4
52619,34500,5684956.0,2012-03-04 17:55:00,2012 March 04,17:55:00,2012,March,Sunday,2:01 pm to 6:00 pm,17.0,1,Evening,Spring,3801,1428,CENTR,3A4,21658(b),"21658(a,b)",Lane straddling or failure to use specified lanes,AA,Vehicle(s) Only Involved,35635,2,12,57660,1
52620,87551,240784593.0,2024-12-21 17:50:00,2024 December 21,17:50:00,2024,December,Saturday,2:01 pm to 6:00 pm,17.0,1,Evening,Winter,3801,746,Ingleside,3H13D,21453(b),21453(b),Red signal - driver or bicyclist responsibilities with right turn,BB,Vehicle-Pedestrian,35636,4,91,57123,1
52621,25902,6068110.0,2012-08-08 21:24:00,2012 August 08,21:24:00,2012,August,Wednesday,6:01 pm to 10:00 pm,21.0,0,Night,Summer,3801,2287,TENDE,3J60,22106,22106,Unsafe starting or backing on highway,BB,Vehicle-Pedestrian,35637,2,12,57649,1
52622,53297,200447587.0,2020-07-26 19:15:00,2020 July 26,19:15:00,2020,July,Sunday,6:01 pm to 10:00 pm,19.0,1,Evening,Summer,3801,33,Richmond,3,21658(a),"21658(a,b)",Lane straddling or failure to use specified lanes,AA,Vehicle(s) Only Involved,35638,2,2,57654,1
52623,21852,6049415.0,2012-10-22 14:16:00,2012 October 22,14:16:00,2012,October,Monday,2:01 pm to 6:00 pm,14.0,0,Afternoon,Fall,3801,2082,NORTH,3E62,21950(a),"21950(a,c)",Driver or bicyclist to yield right-of-way at crosswalks,BB,Vehicle-Pedestrian,35639,1,1,57649,2
52624,84295,230857702.0,2023-12-06 17:13:00,2023 December 06,17:13:00,2023,December,Wednesday,2:01 pm to 6:00 pm,17.0,0,Evening,Winter,3801,312,Taraval,1-Car,22107,22107,Unsafe turn or lane change prohibited,AA,Vehicle(s) Only Involved,35640,4,110,57660,2
52625,21473,6059220.0,2012-12-10 09:06:00,2012 December 10,09:06:00,2012,December,Monday,6:01 am to 10:00 am,9.0,0,Morning,Winter,3801,4083,NORTH,2CAR,22350,22350,Unsafe speed for prevailing conditions,CC,Vehicle-Bicycle,35641,2,1,57025,2
52626,81968,230009975.0,2023-01-05 07:28:00,2023 January 05,07:28:00,2023,January,Thursday,6:01 am to 10:00 am,7.0,0,Morning,Winter,3801,4356,Ingleside,3H15A,Unknown,Unknown,Unknown,AA,Vehicle(s) Only Involved,3604,1,16,57585,10
52627,26418,5153889.0,2011-04-05 18:50:00,2011 April 05,18:50:00,2011,April,Tuesday,6:01 pm to 10:00 pm,18.0,0,Evening,Spring,3801,782,,3A11D,Unknown,Unknown,Unknown,CC,Vehicle-Bicycle,35642,2,1,55601,1
52628,9825,5762381.0,2012-06-28 19:40:00,2012 June 28,19:40:00,2012,June,Thursday,6:01 pm to 10:00 pm,19.0,0,Evening,Summer,3801,2261,,,21453(a),"21453(a,c)",Red signal - driver or bicyclist responsibilities,AA,Vehicle(s) Only Involved,37759,2,16,57659,4
52629,16328,5737903.0,2012-05-11 14:36:00,2012 May 11,14:36:00,2012,May,Friday,2:01 pm to 6:00 pm,14.0,0,Afternoon,Spring,3801,1973,SOUTH,,21954(b),21954(b),Failure of driver or bicyclist to exercise due care for safety of pedestrian on roadway,BB,Vehicle-Pedestrian,35643,2,1,57649,1
52630,7182,5762366.0,2012-06-30 22:05:00,2012 June 30,22:05:00,2012,June,Saturday,10:01 pm to 2:00 am,22.0,1,Night,Summer,3801,241,COH,4B3H,21955,21955,Crossing between controlled intersections (Jaywalking),BB,Vehicle-Pedestrian,35644,1,13,57622,2
52631,17965,5116287.0,2011-03-13 03:30:00,2011 March 13,03:30:00,2011,March,Sunday,2:01 am to 6:00 am,3.0,1,Night,Spring,3801,1344,,,21453(d),21453(d),Red signal - pedestrian responsibilities,BB,Vehicle-Pedestrian,33398,2,3,57123,2
52632,19596,5153856.0,2011-04-05 17:28:00,2011 April 05,17:28:00,2011,April,Tuesday,2:01 pm to 6:00 pm,17.0,0,Evening,Spring,3801,202,PARK,3F4,22350,22350,Unsafe speed for prevailing conditions,CC,Vehicle-Bicycle,6424,2,1,57625,1
52633,20151,5200268.0,2011-05-16 16:25:00,2011 May 16,16:25:00,2011,May,Monday,2:01 pm to 6:00 pm,16.0,0,Afternoon,Spring,3801,000401,SOUTH,3B61,21453(a),"21453(a,c)",Red signal - driver or bicyclist responsibilities,AA,Vehicle(s) Only Involved,38359,4,16,57585,1
52634,12312,5780456.0,2012-07-14 01:03:00,2012 July 14,01:03:00,2012,July,Saturday,10:01 pm to 2:00 am,1.0,1,Night,Summer,3801,4084,MISSI,901,22350,22350,Unsafe speed for prevailing conditions,EE,Bicycle-Parked Car,35645,9,13,51996,2
52635,83702,230508961.0,2023-07-21 15:00:00,2023 July 21,15:00:00,2023,July,Friday,2:01 pm to 6:00 pm,15.0,0,Afternoon,Summer,3801,1052,Richmond,3G15D,22350,22350,Unsafe speed for prevailing conditions,AA,Vehicle(s) Only Involved,35072,3,1,57658,1
52636,19909,6059044.0,2012-10-14 12:15:00,2012 October 14,12:15:00,2012,October,Sunday,10:01 am to 2:00 pm,12.0,1,Afternoon,Fall,3801,1389,F,3F13A,21658(a),"21658(a,b)",Lane straddling or failure to use specified lanes,CC,Vehicle-Bicycle,16543,2,1,57655,1
52637,82042,230419186.0,2023-06-17 06:00:00,2023 June 17,06:00:00,2023,June,Saturday,6:01 am to 10:00 am,6.0,1,Morning,Summer,3801,899,Northern,3E11A,22350,22350,Unsafe speed for prevailing conditions,BB,Vehicle-Pedestrian,35646,2,2,57649,2
52638,20839,5188068.0,2011-05-11 07:21:00,2011 May 11,07:21:00,2011,May,Wednesday,6:01 am to 10:00 am,7.0,0,Morning,Spring,3801,241,COE,4B1E,21453(a),"21453(a,c)",Red signal - driver or bicyclist responsibilities,AA,Vehicle(s) Only Involved,9893,1,1,57659,1
52639,17892,5684900.0,2012-03-09 20:45:00,2012 March 09,20:45:00,2012,March,Friday,6:01 pm to 10:00 pm,20.0,0,Evening,Spring,3801,1328,MISSI,3D15E,21801(a),"21801(a,b)",Violation of right-of-way - left turn,AA,Vehicle(s) Only Involved,18531,2,3,57659,1
52640,82583,230547646.0,2023-08-04 10:23:00,2023 August 04,10:23:00,2023,August,Friday,10:01 am to 2:00 pm,10.0,0,Morning,Summer,3801,1631,Southern,3B12A,22350,22350,Unsafe speed for prevailing conditions,AA,Vehicle(s) Only Involved,35647,2,1,57607,17
52641,82569,230515104.0,2023-07-24 05:00:00,2023 July 24,05:00:00,2023,July,Monday,2:01 am to 6:00 am,5.0,0,Morning,Summer,3801,2126,Central,,21950(e)(2),"21950(b, e(2))",Pedestrian responsibility of using due care for their safety,BB,Vehicle-Pedestrian,35648,2,3,57123,1
52642,2789,5584939.0,2012-02-25 19:35:00,2012 February 25,19:35:00,2012,February,Saturday,6:01 pm to 10:00 pm,19.0,1,Evening,Winter,3801,001867,,,22106,22106,Unsafe starting or backing on highway,AA,Vehicle(s) Only Involved,35649,2,12,57659,14
52643,5986,5760951.0,2012-06-14 15:00:00,2012 June 14,15:00:00,2012,June,Thursday,2:01 pm to 6:00 pm,15.0,0,Afternoon,Summer,3801,1446,,,21658(a),"21658(a,b)",Lane straddling or failure to use specified lanes,AA,Vehicle(s) Only Involved,35650,2,2,57660,1
52644,40444,5153900.0,2011-04-06 07:30:00,2011 April 06,07:30:00,2011,April,Wednesday,6:01 am to 10:00 am,7.0,0,Morning,Spring,3801,1430,TARAV,4B21,21453(d),21453(d),Red signal - pedestrian responsibilities,BB,Vehicle-Pedestrian,33664,2,1,57622,2
52645,86674,240611162.0,2024-09-28 17:24:00,2024 September 28,17:24:00,2024,September,Saturday,2:01 pm to 6:00 pm,17.0,1,Evening,Fall,3801,1845,Taraval,3I15D,21800(a),21800(a-c),Violation of right-of-way or uncontrolled intersection,AA,Vehicle(s) Only Involved,35091,1,1,57659,2
52646,45035,5760409.0,2012-06-02 11:40:00,2012 June 02,11:40:00,2012,June,Saturday,10:01 am to 2:00 pm,11.0,1,Morning,Summer,3801,191,RICHM,4B1G,22350,22350,Unsafe speed for prevailing conditions,AA,Vehicle(s) Only Involved,35651,2,1,57658,8
52647,82522,230486599.0,2023-07-13 17:00:00,2023 July 13,17:00:00,2023,July,Thursday,2:01 pm to 6:00 pm,17.0,0,Evening,Summer,3801,2400,Bayview,3-CAR,21752(d),"21752(a,b,d)","Operating left of center - limited view or within 100 feet of bridge, viaduct, tunnel or within 100 feet or when traversing intersection - prohibited",CC,Vehicle-Bicycle,35652,2,1,57621,4
52648,52390,200154544.0,2020-03-01 06:00:00,2020 March 01,06:00:00,2020,March,Sunday,6:01 am to 10:00 am,6.0,1,Morning,Spring,3801,2337,Ingleside,3H1A,21955,21955,Crossing between controlled intersections (Jaywalking),BB,Vehicle-Pedestrian,35653,2,29,57622,1
52649,46829,190179836.0,2019-03-12 18:38:00,2019 March 12,18:38:00,2019,March,Tuesday,6:01 pm to 10:00 pm,18.0,0,Evening,Spring,3801,11,Central,3D,21950(a),"21950(a,c)",Driver or bicyclist to yield right-of-way at crosswalks,BB,Vehicle-Pedestrian,35654,2,1,57649,17
52650,26616,5303907.0,2011-08-04 20:11:00,2011 August 04,20:11:00,2011,August,Thursday,6:01 pm to 10:00 pm,20.0,0,Evening,Summer,3801,1881,SOUTH,3B62,Unknown,Unknown,Unknown,EE,Bicycle-Parked Car,35655,2,3,49679,4
52651,77890,200053485.0,2020-01-22 06:21:00,2020 January 22,06:21:00,2020,January,Wednesday,6:01 am to 10:00 am,6.0,0,Morning,Winter,3801,1371,Mission,6,21800(a),21800(a-c),Violation of right-of-way or uncontrolled intersection,CC,Vehicle-Bicycle,35656,2,13,57581,1
52652,23874,5130469.0,2011-04-01 23:35:00,2011 April 01,23:35:00,2011,April,Friday,10:01 pm to 2:00 am,23.0,0,Night,Spring,3801,A20084,B,001,21453(d),21453(d),Red signal - pedestrian responsibilities,BB,Vehicle-Pedestrian,35657,2,3,57622,1
52653,87528,240735433.0,2024-11-26 15:16:00,2024 November 26,15:16:00,2024,November,Tuesday,2:01 pm to 6:00 pm,15.0,0,Afternoon,Fall,3801,#2437,Bayview,3C60,22517,22517,Opening door on traffic side when unsafe,AA,Vehicle(s) Only Involved,35658,2,1,57660,1
52654,89,5208198.0,2011-05-21 11:00:00,2011 May 21,11:00:00,2011,May,Saturday,10:01 am to 2:00 pm,11.0,1,Morning,Spring,3801,1279,C,3C62,22350,22350,Unsafe speed for prevailing conditions,AA,Vehicle(s) Only Involved,35659,2,2,57660,1
52655,19900,5106130.0,2011-02-10 11:25:00,2011 February 10,11:25:00,2011,February,Thursday,10:01 am to 2:00 pm,11.0,0,Morning,Winter,3801,438,PARK,4B3F,21453(a),"21453(a,c)",Red signal - driver or bicyclist responsibilities,BB,Vehicle-Pedestrian,35660,2,1,57649,2
52656,26397,6054385.0,2012-03-01 11:00:00,2012 March 01,11:00:00,2012,March,Thursday,10:01 am to 2:00 pm,11.0,0,Morning,Spring,3801,000251,,4C3,22100(a),"22100(a,b)",Turn at intersection from wrong position,CC,Vehicle-Bicycle,24805,4,16,57581,1
52657,42965,5347700.0,2011-09-21 10:20:00,2011 September 21,10:20:00,2011,September,Wednesday,10:01 am to 2:00 pm,10.0,0,Morning,Fall,3801,191,RICHA,4BIG,21801(a),"21801(a,b)",Violation of right-of-way - left turn,CC,Vehicle-Bicycle,7746,2,1,57581,1
52658,21670,5431413.0,2011-11-04 13:05:00,2011 November 04,13:05:00,2011,November,Friday,10:01 am to 2:00 pm,13.0,0,Afternoon,Fall,3801,2082,NORTH,3E62,21954(a),21954(a),Pedestrians must yield right-of-way outside of crosswalks,BB,Vehicle-Pedestrian,35661,2,44,57622,2
52659,82571,230452669.0,2023-06-30 19:36:00,2023 June 30,19:36:00,2023,June,Friday,6:01 pm to 10:00 pm,19.0,0,Evening,Summer,3801,1696,Northern,3E15D,22350,22350,Unsafe speed for prevailing conditions,AA,Vehicle(s) Only Involved,11055,2,1,57583,17
52660,23101,5112977.0,2011-03-04 19:12:00,2011 March 04,19:12:00,2011,March,Friday,6:01 pm to 10:00 pm,19.0,0,Evening,Spring,3801,2460,SOUTH,3B15D,21950(a),"21950(a,c)",Driver or bicyclist to yield right-of-way at crosswalks,BB,Vehicle-Pedestrian,31119,2,33,57649,1
52661,43368,5427529.0,2011-11-18 18:56:00,2011 November 18,18:56:00,2011,November,Friday,6:01 pm to 10:00 pm,18.0,0,Evening,Fall,3801,02380,RICHM,3G62,21950(a),"21950(a,c)",Driver or bicyclist to yield right-of-way at crosswalks,BB,Vehicle-Pedestrian,31945,4,13,57649,2
52662,78235,200038904.0,2020-01-16 09:14:00,2020 January 16,09:14:00,2020,January,Thursday,6:01 am to 10:00 am,9.0,0,Morning,Winter,3801,2375,Richmond,3G60,22350,22350,Unsafe speed for prevailing conditions,AA,Vehicle(s) Only Involved,35662,4,16,56363,1
52663,32541,5114054.0,2011-02-13 15:41:00,2011 February 13,15:41:00,2011,February,Sunday,2:01 pm to 6:00 pm,15.0,1,Afternoon,Winter,3801,2082,NORTH,3E62,22350,22350,Unsafe speed for prevailing conditions,AA,Vehicle(s) Only Involved,35663,2,1,57658,1
52664,53995,200638269.0,2020-10-22 16:03:00,2020 October 22,16:03:00,2020,October,Thursday,2:01 pm to 6:00 pm,16.0,0,Afternoon,Fall,3801,1741,Bayview,3C12D,22350,22350,Unsafe speed for prevailing conditions,AA,Vehicle(s) Only Involved,35664,2,1,57658,8
52665,83086,230128672.0,2023-02-21 19:40:00,2023 February 21,19:40:00,2023,February,Tuesday,6:01 pm to 10:00 pm,19.0,0,Evening,Winter,3801,a09968,Park,3F13D,22350,22350,Unsafe speed for prevailing conditions,AA,Vehicle(s) Only Involved,35665,5,3,57583,1
52666,82558,230491720.0,2023-07-15 10:15:00,2023 July 15,10:15:00,2023,July,Saturday,10:01 am to 2:00 pm,10.0,1,Morning,Summer,3801,397,Central,3A11C,21801(a),"21801(a,b)",Violation of right-of-way - left turn,AA,Vehicle(s) Only Involved,35666,2,1,57660,1
52667,30952,6054327.0,2012-03-09 10:07:00,2012 March 09,10:07:00,2012,March,Friday,10:01 am to 2:00 pm,10.0,0,Morning,Spring,3801,002179,,3J62,21950(a),"21950(a,c)",Driver or bicyclist to yield right-of-way at crosswalks,BB,Vehicle-Pedestrian,32346,2,1,57649,1
52668,19600,5692213.0,2012-04-02 10:51:00,2012 April 02,10:51:00,2012,April,Monday,10:01 am to 2:00 pm,10.0,0,Morning,Spring,3801,00874,PARK,3F61,22350,22350,Unsafe speed for prevailing conditions,CC,Vehicle-Bicycle,6424,2,1,57561,4
52669,7042,5209721.0,2011-05-21 19:23:00,2011 May 21,19:23:00,2011,May,Saturday,6:01 pm to 10:00 pm,19.0,1,Evening,Spring,3801,1047,,001,21802(a),"21802(a,b)",Violation of right-of-way - entering through highway,CC,Vehicle-Bicycle,35667,2,2,57374,1
52670,53400,200493449.0,2020-08-16 22:22:00,2020 August 16,22:22:00,2020,August,Sunday,10:01 pm to 2:00 am,22.0,1,Night,Summer,3801,4136,Richmond,3G13E,22101(d),22101(d),Violating special traffic control markers,AA,Vehicle(s) Only Involved,2101,2,3,57553,2
52671,83598,230593633.0,2023-08-20 23:02:00,2023 August 20,23:02:00,2023,August,Sunday,10:01 pm to 2:00 am,23.0,1,Night,Summer,3801,1217,Mission,,21804(a),"21804(a,b)",Entering highway from alley or driveway,CC,Vehicle-Bicycle,35668,2,3,57621,2
52672,3682,5430847.0,2011-11-16 08:30:00,2011 November 16,08:30:00,2011,November,Wednesday,6:01 am to 10:00 am,8.0,0,Morning,Fall,3801,648,C,004,22106,22106,Unsafe starting or backing on highway,AA,Vehicle(s) Only Involved,35669,2,2,57658,1
52673,44825,5681028.0,2012-03-23 18:28:00,2012 March 23,18:28:00,2012,March,Friday,6:01 pm to 10:00 pm,18.0,0,Evening,Spring,3801,2145,RICHM,4B3G,21453(a),"21453(a,c)",Red signal - driver or bicyclist responsibilities,AA,Vehicle(s) Only Involved,37298,2,33,57659,1
52674,32328,5477345.0,2011-12-24 19:47:00,2011 December 24,19:47:00,2011,December,Saturday,6:01 pm to 10:00 pm,19.0,1,Evening,Winter,3801,821,NORTH,4B8F,21453(a),"21453(a,c)",Red signal - driver or bicyclist responsibilities,AA,Vehicle(s) Only Involved,40559,2,21,57659,1
52675,22590,5762725.0,2012-06-21 07:30:00,2012 June 21,07:30:00,2012,June,Thursday,6:01 am to 10:00 am,7.0,0,Morning,Summer,3801,186,PARK,3F4A,22350,22350,Unsafe speed for prevailing conditions,AA,Vehicle(s) Only Involved,35670,2,2,57658,1
52676,16758,5205294.0,2011-05-12 08:30:00,2011 May 12,08:30:00,2011,May,Thursday,6:01 am to 10:00 am,8.0,0,Morning,Spring,3801,000731,SOUTH,3B60,21950(a),"21950(a,c)",Driver or bicyclist to yield right-of-way at crosswalks,DD,Bicycle-Pedestrian,35671,2,1,57463,2
52677,85378,240195768.0,2024-03-27 18:16:00,2024 March 27,18:16:00,2024,March,Wednesday,6:01 pm to 10:00 pm,18.0,0,Evening,Spring,3801,837,Central,3A13D,Unknown,Unknown,Unknown,AA,Vehicle(s) Only Involved,35672,2,2,56689,1
52678,54346,200745494.0,2020-12-10 16:22:00,2020 December 10,16:22:00,2020,December,Thursday,2:01 pm to 6:00 pm,16.0,0,Afternoon,Winter,3801,472,Taraval,3I15D,22350,22350,Unsafe speed for prevailing conditions,AA,Vehicle(s) Only Involved,5685,2,1,57607,1
52679,87371,240628816.0,2024-10-06 14:24:00,2024 October 06,14:24:00,2024,October,Sunday,2:01 pm to 6:00 pm,14.0,1,Afternoon,Fall,3801,2151,Park,3F13A,21954(a),21954(a),Pedestrians must yield right-of-way outside of crosswalks,BB,Vehicle-Pedestrian,35673,2,1,57123,1
52680,84733,240007969.0,2024-01-04 13:19:00,2024 January 04,13:19:00,2024,January,Thursday,10:01 am to 2:00 pm,13.0,0,Afternoon,Winter,3801,310,Southern,3B47,21453(a),"21453(a,c)",Red signal - driver or bicyclist responsibilities,AA,Vehicle(s) Only Involved,37406,2,1,57490,1
52681,8492,5579052.0,2012-02-07 08:27:00,2012 February 07,08:27:00,2012,February,Tuesday,6:01 am to 10:00 am,8.0,0,Morning,Winter,3801,4130,MISSI,3D73,22106,22106,Unsafe starting or backing on highway,AA,Vehicle(s) Only Involved,35674,1,4,57584,8
52682,83860,230703359.0,2023-09-30 16:01:00,2023 September 30,16:01:00,2023,September,Saturday,2:01 pm to 6:00 pm,16.0,1,Afternoon,Fall,3801,Williams #364,Southern,3B16D,22350,22350,Unsafe speed for prevailing conditions,AA,Vehicle(s) Only Involved,6427,2,2,57583,4
52683,16694,6049288.0,2012-12-21 19:58:00,2012 December 21,19:58:00,2012,December,Friday,6:01 pm to 10:00 pm,19.0,0,Evening,Winter,3801,1515,B,3A66,21651(a),21651(a),Crossing dividing section on freeway prohibited,BB,Vehicle-Pedestrian,35675,4,13,57649,2
52684,35559,5762312.0,2012-06-07 16:35:00,2012 June 07,16:35:00,2012,June,Thursday,2:01 pm to 6:00 pm,16.0,0,Afternoon,Summer,3801,821,NORTH,4B8F,21954(a),21954(a),Pedestrians must yield right-of-way outside of crosswalks,BB,Vehicle-Pedestrian,35676,2,2,57280,2
52685,3273,5477290.0,2011-12-02 22:57:00,2011 December 02,22:57:00,2011,December,Friday,10:01 pm to 2:00 am,22.0,0,Night,Winter,3801,2349,BAYVI,3C13D,22106,22106,Unsafe starting or backing on highway,AA,Vehicle(s) Only Involved,35677,2,12,57660,2
52686,28659,5106154.0,2011-02-12 11:41:00,2011 February 12,11:41:00,2011,February,Saturday,10:01 am to 2:00 pm,11.0,1,Morning,Winter,3801,1201,CENTR,3A62,21950(b),21950(b),Pedestrian suddenly entering into vehicle path close enough to create an immediate hazard,BB,Vehicle-Pedestrian,35678,2,1,57590,2
52687,36898,5910249.0,2012-10-09 18:09:00,2012 October 09,18:09:00,2012,October,Tuesday,6:01 pm to 10:00 pm,18.0,0,Evening,Fall,3801,000251,MAIT,4C3,22350,22350,Unsafe speed for prevailing conditions,AA,Vehicle(s) Only Involved,34742,2,3,57659,6
52688,24523,6049323.0,2012-12-17 11:40:00,2012 December 17,11:40:00,2012,December,Monday,10:01 am to 2:00 pm,11.0,0,Morning,Winter,3801,4171,TENDE,02J,22106,22106,Unsafe starting or backing on highway,BB,Vehicle-Pedestrian,35679,1,4,57649,1
52689,26977,6067125.0,2012-08-01 12:57:00,2012 August 01,12:57:00,2012,August,Wednesday,10:01 am to 2:00 pm,12.0,0,Afternoon,Summer,3801,003007,,4C6,22350,22350,Unsafe speed for prevailing conditions,BB CC,Vehicle-Bicycle-Pedestrian,27730,2,1,53535,2
52690,42677,5777995.0,2012-08-08 06:50:00,2012 August 08,06:50:00,2012,August,Wednesday,6:01 am to 10:00 am,6.0,0,Morning,Summer,3801,191,,4B1G,21802(a),"21802(a,b)",Violation of right-of-way - entering through highway,AA,Vehicle(s) Only Involved,7884,2,1,57603,2
52691,26166,6049440.0,2012-10-27 12:59:00,2012 October 27,12:59:00,2012,October,Saturday,10:01 am to 2:00 pm,12.0,1,Afternoon,Fall,3801,1439,TENDE,002,21950(a),"21950(a,c)",Driver or bicyclist to yield right-of-way at crosswalks,BB,Vehicle-Pedestrian,35680,2,1,57649,1
52692,26371,5289833.0,2011-08-04 01:45:00,2011 August 04,01:45:00,2011,August,Thursday,10:01 pm to 2:00 am,1.0,0,Night,Summer,3801,02003,CENTR,3A12E,21950(a),"21950(a,c)",Driver or bicyclist to yield right-of-way at crosswalks,BB,Vehicle-Pedestrian,9366,2,3,57649,1
52693,32537,5421047.0,2011-10-18 20:37:00,2011 October 18,20:37:00,2011,October,Tuesday,6:01 pm to 10:00 pm,20.0,0,Evening,Fall,3801,2476,3E,3E14D,23153(a),23153(a-g),Driving under influence causing injury,AA,Vehicle(s) Only Involved,27820,2,3,57658,1
52694,12021,6059054.0,2012-10-26 18:18:00,2012 October 26,18:18:00,2012,October,Friday,6:01 pm to 10:00 pm,18.0,0,Evening,Fall,3801,A10964,MISSI,3D15D,21658(a),"21658(a,b)",Lane straddling or failure to use specified lanes,CC,Vehicle-Bicycle,691,2,1,57614,1
52695,19032,5866600.0,2012-08-08 17:35:00,2012 August 08,17:35:00,2012,August,Wednesday,2:01 pm to 6:00 pm,17.0,0,Evening,Summer,3801,821,NORTH,4B8F,22107,22107,Unsafe turn or lane change prohibited,CC,Vehicle-Bicycle,35397,2,2,57621,1
52696,5355,6067157.0,2012-08-26 20:55:00,2012 August 26,20:55:00,2012,August,Sunday,6:01 pm to 10:00 pm,20.0,1,Evening,Summer,3801,4108,,3C11D,22450(a),22450(a),Failure to stop at STOP sign,CC,Vehicle-Bicycle,11822,2,12,57581,2