collision_id,unique_id,case_id_pkey,collision_datetime,collision_date,collision_time,accident_year,month,day_of_week,time_cat,hour_of_day,is_weekend,time_of_day,season,juris,officer_id,reporting_district,beat_number,vz_pcf_code,vz_pcf_group,vz_pcf_description,dph_col_grp,dph_col_grp_description,location_id,weather_id,road_id,party_id,severity_id
53078,43934,5579317.0,2012-01-29 13:15:00,2012 January 29,13:15:00,2012,January,Sunday,10:01 am to 2:00 pm,13.0,1,Afternoon,Winter,3801,2042,RICHM,3G00,22106,22106,Unsafe starting or backing on highway,BB,Vehicle-Pedestrian,35907,2,2,57649,1
53079,10247,6046538.0,2012-12-05 06:55:00,2012 December 05,06:55:00,2012,December,Wednesday,6:01 am to 10:00 am,6.0,0,Morning,Winter,3801,747,MISSI,901,21950(a),"21950(a,c)",Driver or bicyclist to yield right-of-way at crosswalks,BB,Vehicle-Pedestrian,35908,4,13,57649,2
53080,16491,5116243.0,2011-03-09 12:17:00,2011 March 09,12:17:00,2011,March,Wednesday,10:01 am to 2:00 pm,12.0,0,Afternoon,Spring,3801,265,,,22350,22350,Unsafe speed for prevailing conditions,AA,Vehicle(s) Only Involved,7543,2,1,57658,8
53081,83007,230089400.0,2023-02-06 13:25:00,2023 February 06,13:25:00,2023,February,Monday,10:01 am to 2:00 pm,13.0,0,Afternoon,Winter,3801,1003,Ingleside,3 Car,21755(a),21755(a),Unsafe passing on right shoulder,CC,Vehicle-Bicycle,35909,2,2,57614,2
53082,19527,6068115.0,2012-08-11 08:58:00,2012 August 11,08:58:00,2012,August,Saturday,6:01 am to 10:00 am,8.0,1,Morning,Summer,3801,0874,PARK,3F61,Unknown,Unknown,Unknown,CC,Vehicle-Bicycle,35910,2,1,55448,1
53083,8471,5760326.0,2012-06-07 21:11:00,2012 June 07,21:11:00,2012,June,Thursday,6:01 pm to 10:00 pm,21.0,0,Night,Summer,3801,1821,,4B3D,22350,22350,Unsafe speed for prevailing conditions,AA,Vehicle(s) Only Involved,2763,2,3,57583,1
53084,53325,200461060.0,2020-08-01 19:49:00,2020 August 01,19:49:00,2020,August,Saturday,6:01 pm to 10:00 pm,19.0,1,Evening,Summer,3801,1736,Northern,3E14D,22350,22350,Unsafe speed for prevailing conditions,EE,Bicycle-Parked Car,35911,2,1,51996,2
53085,84054,230778249.0,2023-10-31 14:40:00,2023 October 31,14:40:00,2023,October,Tuesday,2:01 pm to 6:00 pm,14.0,0,Afternoon,Fall,3801,641,Bayview,3C13A,21650,21650,Failure to keep to right side of road,AA,Vehicle(s) Only Involved,35912,2,2,57660,2
53086,23782,6049408.0,2012-10-23 01:01:00,2012 October 23,01:01:00,2012,October,Tuesday,10:01 pm to 2:00 am,1.0,0,Night,Fall,3801,A20303,SOUTH,002,21954(a),21954(a),Pedestrians must yield right-of-way outside of crosswalks,BB,Vehicle-Pedestrian,37659,1,7,57590,1
53087,85479,240119871.0,2024-03-11 05:20:00,2024 March 11,05:20:00,2024,March,Monday,2:01 am to 6:00 am,5.0,0,Morning,Spring,3801,1732,Tenderloin,,22350,22350,Unsafe speed for prevailing conditions,AA,Vehicle(s) Only Involved,39978,2,3,57583,8
53088,83957,230455798.0,2023-07-02 04:53:00,2023 July 02,04:53:00,2023,July,Sunday,2:01 am to 6:00 am,4.0,1,Night,Summer,3801,1207,Tenderloin,J3,21703,21703,Following too closely prohibited,AA,Vehicle(s) Only Involved,35914,2,12,57658,1
53089,36121,5739477.0,2012-06-17 13:35:00,2012 June 17,13:35:00,2012,June,Sunday,10:01 am to 2:00 pm,13.0,1,Afternoon,Summer,3801,1342,,3E5C,21950(a),"21950(a,c)",Driver or bicyclist to yield right-of-way at crosswalks,BB,Vehicle-Pedestrian,9793,2,2,57649,1
53090,85295,240174239.0,2024-03-18 16:41:00,2024 March 18,16:41:00,2024,March,Monday,2:01 pm to 6:00 pm,16.0,0,Afternoon,Spring,3801,2154,Taraval,5,22107,22107,Unsafe turn or lane change prohibited,CC,Vehicle-Bicycle,35915,2,2,57390,1
53091,52690,200153063.0,2020-02-29 14:30:00,2020 February 29,14:30:00,2020,February,Saturday,2:01 pm to 6:00 pm,14.0,1,Afternoon,Winter,3801,182,Bayview,3C,22450(a),22450(a),Failure to stop at STOP sign,AA,Vehicle(s) Only Involved,4785,2,2,57659,14
53092,34925,5180181.0,2011-05-12 15:00:00,2011 May 12,15:00:00,2011,May,Thursday,2:01 pm to 6:00 pm,15.0,0,Afternoon,Spring,3801,1096,NORTH,3ESD,22350,22350,Unsafe speed for prevailing conditions,AA,Vehicle(s) Only Involved,7027,2,1,57658,1
53093,82435,230403167.0,2023-06-11 21:40:00,2023 June 11,21:40:00,2023,June,Sunday,6:01 pm to 10:00 pm,21.0,1,Night,Summer,3801,1179,Bayview,3C11ED,21650.1,21650.1,Bicycle to travel in same direction as vehicles,FF,Bicycle Only,35916,9,12,56034,4
53094,9257,6048930.0,2012-11-24 11:20:00,2012 November 24,11:20:00,2012,November,Saturday,10:01 am to 2:00 pm,11.0,1,Morning,Fall,3801,2370,BAYVI,3C12B,22106,22106,Unsafe starting or backing on highway,BB,Vehicle-Pedestrian,35917,2,2,57649,1
53095,40974,5112993.0,2011-03-03 14:30:00,2011 March 03,14:30:00,2011,March,Thursday,2:01 pm to 6:00 pm,14.0,0,Afternoon,Spring,3801,1866,TARAV,4B7D,21802(a),"21802(a,b)",Violation of right-of-way - entering through highway,AA,Vehicle(s) Only Involved,22888,2,1,57564,4
53096,42387,5238691.0,2011-05-16 22:45:00,2011 May 16,22:45:00,2011,May,Monday,10:01 pm to 2:00 am,22.0,0,Night,Spring,3801,01110,RICHM,3G13E,22101(d),22101(d),Violation of a turn prohibition sign,CC,Vehicle-Bicycle,41106,4,13,57581,2
53097,15190,6064990.0,2012-05-09 09:03:00,2012 May 09,09:03:00,2012,May,Wednesday,6:01 am to 10:00 am,9.0,0,Morning,Spring,3801,351,,3B2A,21453(b),21453(b),Red signal - driver or bicyclist responsibilities with right turn,BB,Vehicle-Pedestrian,40859,2,1,57649,2
53098,13549,6059087.0,2012-10-30 19:28:00,2012 October 30,19:28:00,2012,October,Tuesday,6:01 pm to 10:00 pm,19.0,0,Evening,Fall,3801,2319,B,,22100(b),"22100(a,b)",Turn at intersection from wrong position,CC,Vehicle-Bicycle,1905,2,3,57655,2
53099,17068,5762377.0,2012-06-29 09:20:00,2012 June 29,09:20:00,2012,June,Friday,6:01 am to 10:00 am,9.0,0,Morning,Summer,3801,2099,SOUTH,3B60,22350,22350,Unsafe speed for prevailing conditions,AA,Vehicle(s) Only Involved,35918,2,15,57660,1
53100,20013,5180218.0,2011-05-07 19:49:00,2011 May 07,19:49:00,2011,May,Saturday,6:01 pm to 10:00 pm,19.0,1,Evening,Spring,3801,1486,05072,3E60,21453(a),"21453(a,c)",Red signal - driver or bicyclist responsibilities,AA,Vehicle(s) Only Involved,38874,2,33,57659,4
53101,13454,5364129.0,2011-08-31 18:00:00,2011 August 31,18:00:00,2011,August,Wednesday,2:01 pm to 6:00 pm,18.0,0,Evening,Summer,3801,2270,SOUTH,4CAR,22517,22517,Opening door on traffic side when unsafe,EE,Bicycle-Parked Car,35919,2,2,57227,2
53102,15544,6067141.0,2012-08-18 12:39:00,2012 August 18,12:39:00,2012,August,Saturday,10:01 am to 2:00 pm,12.0,1,Afternoon,Summer,3801,269,,004,Unknown,Unknown,Unknown,CC,Vehicle-Bicycle,35920,2,2,53918,1
53103,82858,230428557.0,2023-06-21 19:49:00,2023 June 21,19:49:00,2023,June,Wednesday,6:01 pm to 10:00 pm,19.0,0,Evening,Summer,3801,649,Ingleside,,22450(a),22450(a),Failure to stop at STOP sign,AA,Vehicle(s) Only Involved,2363,2,1,57659,1
53104,87389,240767602.0,2024-12-12 16:51:00,2024 December 12,16:51:00,2024,December,Thursday,2:01 pm to 6:00 pm,16.0,0,Afternoon,Winter,3801,2459,Southern,3B15D,Unknown,Unknown,Unknown,AA,Vehicle(s) Only Involved,35921,1,46,56623,1
53105,2982,5585486.0,2012-02-17 16:58:00,2012 February 17,16:58:00,2012,February,Friday,2:01 pm to 6:00 pm,16.0,0,Afternoon,Winter,3801,704,,,22350,22350,Unsafe speed for prevailing conditions,AA,Vehicle(s) Only Involved,4412,1,1,57659,1
53106,76731,220001147.0,2023-01-01 13:14:00,2023 January 01,13:14:00,2023,January,Sunday,10:01 am to 2:00 pm,13.0,1,Afternoon,Winter,3801,1620,Richmond,3G13C,21950(a),"21950(a,c)",Driver or bicyclist to yield right-of-way at crosswalks,BB,Vehicle-Pedestrian,35922,2,1,57649,1
53107,36688,5153883.0,2011-04-01 14:50:00,2011 April 01,14:50:00,2011,April,Friday,2:01 pm to 6:00 pm,14.0,0,Afternoon,Spring,3801,1549,TARAV,4B51,Unknown,Unknown,Unknown,AA,Vehicle(s) Only Involved,35923,2,2,57255,1
53108,52990,200342222.0,2020-06-06 09:32:00,2020 June 06,09:32:00,2020,June,Saturday,6:01 am to 10:00 am,9.0,1,Morning,Summer,3801,2310,Northern,3E14A,21751,21751,Passing without sufficient clearance,AA,Vehicle(s) Only Involved,35924,2,1,57660,1
53109,78247,200019744.0,2020-01-08 18:30:00,2020 January 08,18:30:00,2020,January,Wednesday,6:01 pm to 10:00 pm,18.0,0,Evening,Winter,3801,917,Traffic,4B5E,21954(b),21954(b),Failure of driver or bicyclist to exercise due care for safety of pedestrian on roadway,BB,Vehicle-Pedestrian,35925,2,3,57649,1
53110,28792,5274446.0,2011-07-03 12:40:00,2011 July 03,12:40:00,2011,July,Sunday,10:01 am to 2:00 pm,12.0,1,Afternoon,Summer,3801,2082,NORTH,3E62,21453(a),"21453(a,c)",Red signal - driver or bicyclist responsibilities,AA,Vehicle(s) Only Involved,32922,2,1,57659,8
53111,40238,5455846.0,2012-01-06 09:25:00,2012 January 06,09:25:00,2012,January,Friday,6:01 am to 10:00 am,9.0,0,Morning,Winter,3801,001593,TARA,4B21,21802(a),"21802(a,b)",Violation of right-of-way - entering through highway,AA,Vehicle(s) Only Involved,36441,2,1,57659,1
53112,29958,5810536.0,2012-08-22 17:05:00,2012 August 22,17:05:00,2012,August,Wednesday,2:01 pm to 6:00 pm,17.0,0,Evening,Summer,3801,2082,NORTH,3E62,22100(b),"22100(a,b)",Turn at intersection from wrong position,AA,Vehicle(s) Only Involved,9108,2,1,57659,2
53113,3538,5762307.0,2012-06-16 14:25:00,2012 June 16,14:25:00,2012,June,Saturday,2:01 pm to 6:00 pm,14.0,1,Afternoon,Summer,3801,793,BAYVI,3C12B,21453(a),"21453(a,c)",Red signal - driver or bicyclist responsibilities,AA,Vehicle(s) Only Involved,35926,2,1,57659,8
53114,34666,5161308.0,2011-04-19 16:48:00,2011 April 19,16:48:00,2011,April,Tuesday,2:01 pm to 6:00 pm,16.0,0,Afternoon,Spring,3801,2175,E,4B6E,22106,22106,Unsafe starting or backing on highway,AA,Vehicle(s) Only Involved,35927,1,1,57553,1
53115,87465,240790835.0,2024-12-26 06:42:00,2024 December 26,06:42:00,2024,December,Thursday,6:01 am to 10:00 am,6.0,0,Morning,Winter,3801,2110,Northern,3,21950(a),"21950(a,c)",Driver or bicyclist to yield right-of-way at crosswalks,BB,Vehicle-Pedestrian,35928,4,13,57649,1
53116,83549,230563341.0,2023-08-10 08:50:00,2023 August 10,08:50:00,2023,August,Thursday,6:01 am to 10:00 am,8.0,0,Morning,Summer,3801,2190,Ingleside,3H13A,22450(a),22450(a),Failure to stop at STOP sign,AA,Vehicle(s) Only Involved,35929,2,1,57585,13
53117,53926,200619322.0,2020-10-14 11:02:00,2020 October 14,11:02:00,2020,October,Wednesday,10:01 am to 2:00 pm,11.0,0,Morning,Fall,3801,#8,Northern,3E11A,22106,22106,Unsafe starting or backing on highway,AA,Vehicle(s) Only Involved,35930,2,2,57659,3
53118,82888,230311106.0,2023-05-04 21:51:00,2023 May 04,21:51:00,2023,May,Thursday,6:01 pm to 10:00 pm,21.0,0,Night,Spring,3801,2288,Ingleside,3H15E,22107,22107,Unsafe turn or lane change prohibited,AA,Vehicle(s) Only Involved,35636,2,3,57659,2
53119,33972,5724448.0,2012-04-05 20:30:00,2012 April 05,20:30:00,2012,April,Thursday,6:01 pm to 10:00 pm,20.0,0,Evening,Spring,3801,510,CENTR,3A3D,22107,22107,Unsafe turn or lane change prohibited,CC,Vehicle-Bicycle,35931,2,12,57581,1
53120,82795,230021628.0,2023-01-10 11:06:00,2023 January 10,11:06:00,2023,January,Tuesday,10:01 am to 2:00 pm,11.0,0,Morning,Winter,3801,396,Bayview,3C5,21453(a),"21453(a,c)",Red signal - driver or bicyclist responsibilities,AA,Vehicle(s) Only Involved,35932,2,16,57659,31
53121,21990,5300018.0,2011-09-07 16:06:00,2011 September 07,16:06:00,2011,September,Wednesday,2:01 pm to 6:00 pm,16.0,0,Afternoon,Fall,3801,2082,,3E62,Unknown,Unknown,Unknown,AA,Vehicle(s) Only Involved,35933,2,1,57406,8
53122,4928,5737843.0,2012-05-19 10:50:00,2012 May 19,10:50:00,2012,May,Saturday,10:01 am to 2:00 pm,10.0,1,Morning,Spring,3801,1196,INGLE,3H1A,21950(a),"21950(a,c)",Driver or bicyclist to yield right-of-way at crosswalks,BB,Vehicle-Pedestrian,27091,2,1,57649,2
53123,36191,5761154.0,2012-07-10 09:00:00,2012 July 10,09:00:00,2012,July,Tuesday,6:01 am to 10:00 am,9.0,0,Morning,Summer,3801,4083,3H15A,005,22350,22350,Unsafe speed for prevailing conditions,AA,Vehicle(s) Only Involved,35934,2,2,57658,2
53124,82973,230076742.0,2023-02-01 13:39:00,2023 February 01,13:39:00,2023,February,Wednesday,10:01 am to 2:00 pm,13.0,0,Afternoon,Winter,3801,748,Central,A3,21950(a),"21950(a,c)",Driver or bicyclist to yield right-of-way at crosswalks,BB,Vehicle-Pedestrian,35935,2,1,57649,1
53125,15801,5739550.0,2012-05-07 11:57:00,2012 May 07,11:57:00,2012,May,Monday,10:01 am to 2:00 pm,11.0,0,Morning,Spring,3801,00251,TRAFF,4C3,21453(a),"21453(a,c)",Red signal - driver or bicyclist responsibilities,CC,Vehicle-Bicycle,6101,2,1,57625,1
53126,32239,5732757.0,2012-04-26 12:29:00,2012 April 26,12:29:00,2012,April,Thursday,10:01 am to 2:00 pm,12.0,0,Afternoon,Spring,3801,1342,,3E60,22107,22107,Unsafe turn or lane change prohibited,AA,Vehicle(s) Only Involved,35719,2,1,57659,3
53127,85920,240394954.0,2024-06-25 06:31:00,2024 June 25,06:31:00,2024,June,Tuesday,6:01 am to 10:00 am,6.0,0,Morning,Summer,3801,1819,Northern,2 car,21453(a),"21453(a,c)",Red signal - driver or bicyclist responsibilities,AA,Vehicle(s) Only Involved,11055,2,1,57659,8
53128,82263,230680569.0,2023-09-22 23:44:00,2023 September 22,23:44:00,2023,September,Friday,10:01 pm to 2:00 am,23.0,0,Night,Fall,3801,2142,Ingleside,3H11E,Unknown,Unknown,Unknown,BB,Vehicle-Pedestrian,35936,2,3,57525,2
53129,14690,5231028.0,2011-06-06 03:50:00,2011 June 06,03:50:00,2011,June,Monday,2:01 am to 6:00 am,3.0,0,Night,Summer,3801,1728,SOUTH,,21954(a),21954(a),Pedestrians must yield right-of-way outside of crosswalks,BB,Vehicle-Pedestrian,5250,2,3,57622,1
53130,37763,5306700.0,2011-08-19 16:50:00,2011 August 19,16:50:00,2011,August,Friday,2:01 pm to 6:00 pm,16.0,0,Afternoon,Summer,3801,001682,,3I60,21658(a),"21658(a,b)",Lane straddling or failure to use specified lanes,AA,Vehicle(s) Only Involved,35937,1,2,57564,1
53131,83435,230500707.0,2023-07-18 21:02:00,2023 July 18,21:02:00,2023,July,Tuesday,6:01 pm to 10:00 pm,21.0,0,Night,Summer,3801,835,Northern,4,21453(a),"21453(a,c)",Red signal - driver or bicyclist responsibilities,AA,Vehicle(s) Only Involved,35938,2,3,57659,1
53132,12601,5109987.0,2011-03-01 18:45:00,2011 March 01,18:45:00,2011,March,Tuesday,6:01 pm to 10:00 pm,18.0,0,Evening,Spring,3801,A09141,D,3D60,21950(a),"21950(a,c)",Driver or bicyclist to yield right-of-way at crosswalks,BB,Vehicle-Pedestrian,35939,2,3,57649,1
53133,37769,5142881.0,2011-04-11 18:48:00,2011 April 11,18:48:00,2011,April,Monday,6:01 pm to 10:00 pm,18.0,0,Evening,Spring,3801,4137,TARVA,315,21650,21650,Failure to keep to right side of road,AA,Vehicle(s) Only Involved,35940,2,101,57603,13
53134,40116,5342729.0,2011-08-27 09:15:00,2011 August 27,09:15:00,2011,August,Saturday,6:01 am to 10:00 am,9.0,1,Morning,Summer,3801,110754,TARAV,,21453(d),21453(d),Red signal - pedestrian responsibilities,BB,Vehicle-Pedestrian,35941,1,1,57622,4
53135,84781,240036504.0,2024-01-17 11:37:00,2024 January 17,11:37:00,2024,January,Wednesday,10:01 am to 2:00 pm,11.0,0,Morning,Winter,3801,2499,Taraval,3I12A,21802(a),"21802(a,b)",Violation of right-of-way - entering through highway,AA,Vehicle(s) Only Involved,35942,2,40,57659,8
53136,26874,5160269.0,2011-04-22 07:47:00,2011 April 22,07:47:00,2011,April,Friday,6:01 am to 10:00 am,7.0,0,Morning,Spring,3801,1572,B,3B1A,21755(a),21755(a),Unsafe passing on right shoulder,AA,Vehicle(s) Only Involved,35943,2,1,57660,1
53137,11612,5128926.0,2011-04-12 15:45:00,2011 April 12,15:45:00,2011,April,Tuesday,2:01 pm to 6:00 pm,15.0,0,Afternoon,Spring,3801,651,4B6J,00D,21950(a),"21950(a,c)",Driver or bicyclist to yield right-of-way at crosswalks,BB,Vehicle-Pedestrian,35944,2,1,57649,2
53138,87415,240775605.0,2024-12-16 09:00:00,2024 December 16,09:00:00,2024,December,Monday,6:01 am to 10:00 am,9.0,0,Morning,Winter,3801,17,Ingleside,3H13D,22450(a),22450(a),Failure to stop at STOP sign,AA,Vehicle(s) Only Involved,35945,4,4,57660,1
53139,84168,230446907.0,2023-06-28 13:55:00,2023 June 28,13:55:00,2023,June,Wednesday,10:01 am to 2:00 pm,13.0,0,Afternoon,Summer,3801,4325,Taraval,5,21950(a),"21950(a,c)",Driver or bicyclist to yield right-of-way at crosswalks,BB,Vehicle-Pedestrian,35946,1,1,57532,1
53140,22512,5484356.0,2012-01-10 19:02:00,2012 January 10,19:02:00,2012,January,Tuesday,6:01 pm to 10:00 pm,19.0,0,Evening,Winter,3801,2077,,,22350,22350,Unsafe speed for prevailing conditions,AA,Vehicle(s) Only Involved,41095,2,3,57659,1
53141,38196,5328320.0,2011-09-27 08:30:00,2011 September 27,08:30:00,2011,September,Tuesday,6:01 am to 10:00 am,8.0,0,Morning,Fall,3801,625,I,4BI1,21950(a),"21950(a,c)",Driver or bicyclist to yield right-of-way at crosswalks,BB,Vehicle-Pedestrian,35947,2,1,57649,2
53142,87531,240691261.0,2024-11-04 08:30:00,2024 November 04,08:30:00,2024,November,Monday,6:01 am to 10:00 am,8.0,0,Morning,Fall,3801,424,Northern,3E12A,21453(a),"21453(a,c)",Red signal - driver or bicyclist responsibilities,AA,Vehicle(s) Only Involved,9415,2,1,57659,1
53143,36534,5602714.0,2012-02-01 13:48:00,2012 February 01,13:48:00,2012,February,Wednesday,10:01 am to 2:00 pm,13.0,0,Afternoon,Winter,3801,111,CO1,4B31,21651(a),21651(a),Crossing dividing section on freeway prohibited,AA,Vehicle(s) Only Involved,35948,2,2,57660,1
53144,34864,5349453.0,2011-07-10 17:48:00,2011 July 10,17:48:00,2011,July,Sunday,2:01 pm to 6:00 pm,17.0,1,Evening,Summer,3801,821,NORTH,3E61,21453(a),"21453(a,c)",Red signal - driver or bicyclist responsibilities,AA,Vehicle(s) Only Involved,35949,2,1,57659,1
53145,87536,240775194.0,2024-12-16 17:44:00,2024 December 16,17:44:00,2024,December,Monday,2:01 pm to 6:00 pm,17.0,0,Evening,Winter,3801,1702,Richmond,3G3D,21453(a),"21453(a,c)",Red signal - driver or bicyclist responsibilities,BB,Vehicle-Pedestrian,35950,2,13,57649,4
53146,11790,6059141.0,2012-10-16 18:54:00,2012 October 16,18:54:00,2012,October,Tuesday,6:01 pm to 10:00 pm,18.0,0,Evening,Fall,3801,1265,MISSI,COD,21658(a),"21658(a,b)",Lane straddling or failure to use specified lanes,CC,Vehicle-Bicycle,35951,2,42,57374,1
53147,3397,6067164.0,2012-09-11 19:40:00,2012 September 11,19:40:00,2012,September,Tuesday,6:01 pm to 10:00 pm,19.0,0,Evening,Fall,3801,2311,BAYVI,3C13D,21956(a),21956(a),Pedestrian on roadway prohibited,BB,Vehicle-Pedestrian,35952,2,12,57622,1
53148,34612,5238923.0,2011-06-15 18:29:00,2011 June 15,18:29:00,2011,June,Wednesday,6:01 pm to 10:00 pm,18.0,0,Evening,Summer,3801,821,NORTH,3E61,21950(a),"21950(a,c)",Driver or bicyclist to yield right-of-way at crosswalks,BB,Vehicle-Pedestrian,35953,2,1,57649,2
53149,82102,230005111.0,2023-01-03 08:41:00,2023 January 03,08:41:00,2023,January,Tuesday,6:01 am to 10:00 am,8.0,0,Morning,Winter,3801,4305,Northern,,22101(d),22101(d),Violating special traffic control markers,AA,Vehicle(s) Only Involved,5408,2,1,56911,1
53150,84713,240000189.0,2024-01-01 01:30:00,2024 January 01,01:30:00,2024,January,Monday,10:01 pm to 2:00 am,1.0,0,Night,Winter,3801,2023,Park,2,22350,22350,Unsafe speed for prevailing conditions,AA,Vehicle(s) Only Involved,35954,2,12,57607,2
53151,78121,200049371.0,2020-01-20 15:00:00,2020 January 20,15:00:00,2020,January,Monday,2:01 pm to 6:00 pm,15.0,0,Afternoon,Winter,3801,986,Taraval,3I16B,21954(a),21954(a),Pedestrians must yield right-of-way outside of crosswalks,BB,Vehicle-Pedestrian,35955,2,2,57590,2
53152,22773,5303653.0,2011-08-12 18:29:00,2011 August 12,18:29:00,2011,August,Friday,6:01 pm to 10:00 pm,18.0,0,Evening,Summer,3801,1437,PARK,004,22350,22350,Unsafe speed for prevailing conditions,AA,Vehicle(s) Only Involved,35956,2,2,57659,1
53153,21368,5281299.0,2011-07-19 14:41:00,2011 July 19,14:41:00,2011,July,Tuesday,2:01 pm to 6:00 pm,14.0,0,Afternoon,Summer,3801,2082,NORTH,3E62,21950(a),"21950(a,c)",Driver or bicyclist to yield right-of-way at crosswalks,BB,Vehicle-Pedestrian,35957,2,1,57649,1
53154,5274,6049437.0,2012-11-01 06:30:00,2012 November 01,06:30:00,2012,November,Thursday,6:01 am to 10:00 am,6.0,0,Morning,Fall,3801,4188,BAYVI,3C3A,21950(b),21950(b),Pedestrian suddenly entering into vehicle path close enough to create an immediate hazard,BB,Vehicle-Pedestrian,35958,4,46,57622,2
53155,14982,5760469.0,2012-06-01 22:10:00,2012 June 01,22:10:00,2012,June,Friday,10:01 pm to 2:00 am,22.0,0,Night,Summer,3801,4063,,,21456(b),"21456(a,b)",Pedestrian violation of walk or wait signals,BB,Vehicle-Pedestrian,6321,2,3,57280,2
53156,22440,6059136.0,2012-11-01 15:12:00,2012 November 01,15:12:00,2012,November,Thursday,2:01 pm to 6:00 pm,15.0,0,Afternoon,Fall,3801,1666,PARK,3CAR,22450(a),22450(a),Failure to stop at STOP sign,CC,Vehicle-Bicycle,37956,2,1,57625,1
53157,84991,240147628.0,2024-03-06 17:30:00,2024 March 06,17:30:00,2024,March,Wednesday,2:01 pm to 6:00 pm,17.0,0,Evening,Spring,3801,1251,Bayview,3C12D,21804(a),"21804(a,b)",Entering highway from alley or driveway,AA,Vehicle(s) Only Involved,35959,2,2,57659,1
53158,30393,5774827.0,2012-07-01 18:57:00,2012 July 01,18:57:00,2012,July,Sunday,6:01 pm to 10:00 pm,18.0,1,Evening,Summer,3801,2082,NORTH,3E62,21658(a),"21658(a,b)",Lane straddling or failure to use specified lanes,AA,Vehicle(s) Only Involved,35960,1,146,57237,3
53159,33055,5358752.0,2011-09-25 18:20:00,2011 September 25,18:20:00,2011,September,Sunday,6:01 pm to 10:00 pm,18.0,1,Evening,Fall,3801,2122,D,4B4D,21950(a),"21950(a,c)",Driver or bicyclist to yield right-of-way at crosswalks,BB,Vehicle-Pedestrian,35961,2,1,57649,2
53160,11448,5267348.0,2011-07-08 09:16:00,2011 July 08,09:16:00,2011,July,Friday,6:01 am to 10:00 am,9.0,0,Morning,Summer,3801,4130,MISSI,3D15A,21954(a),21954(a),Pedestrians must yield right-of-way outside of crosswalks,BB,Vehicle-Pedestrian,35962,2,2,57622,2
53161,82612,230556590.0,2023-08-07 15:40:00,2023 August 07,15:40:00,2023,August,Monday,2:01 pm to 6:00 pm,15.0,0,Afternoon,Summer,3801,#2450,Mission,3X74,21703,21703,Following too closely prohibited,AA,Vehicle(s) Only Involved,35963,2,2,57658,1
53162,9144,5274372.0,2011-07-02 13:48:00,2011 July 02,13:48:00,2011,July,Saturday,10:01 am to 2:00 pm,13.0,1,Afternoon,Summer,3801,2391,COMPA,3C11C,22450(a),22450(a),Failure to stop at STOP sign,CC,Vehicle-Bicycle,35964,2,1,57621,2
53163,87443,240783642.0,2024-12-21 00:07:00,2024 December 21,00:07:00,2024,December,Saturday,10:01 pm to 2:00 am,0.0,1,Night,Winter,3801,1857,Southern,3B14E,22100(b),"22100(a,b)",Turn at intersection from wrong position,AA,Vehicle(s) Only Involved,2381,2,3,57660,3
53164,24560,5427487.0,2011-11-19 20:20:00,2011 November 19,20:20:00,2011,November,Saturday,6:01 pm to 10:00 pm,20.0,1,Evening,Fall,3801,1016,COJ,3J110,21950(a),"21950(a,c)",Driver or bicyclist to yield right-of-way at crosswalks,BB,Vehicle-Pedestrian,36505,4,13,57454,1
53165,20996,5774938.0,2012-07-23 16:00:00,2012 July 23,16:00:00,2012,July,Monday,2:01 pm to 6:00 pm,16.0,0,Afternoon,Summer,3801,001993,COE,3E11D,21453(a),"21453(a,c)",Red signal - driver or bicyclist responsibilities,CC,Vehicle-Bicycle,34610,2,1,57625,2
53166,82012,230329353.0,2023-05-12 09:40:00,2023 May 12,09:40:00,2023,May,Friday,6:01 am to 10:00 am,9.0,0,Morning,Spring,3801,899,Northern,3E13A,22106,22106,Unsafe starting or backing on highway,AA,Vehicle(s) Only Involved,35965,2,2,57659,2
53167,82092,230001147.0,2023-01-01 13:14:00,2023 January 01,13:14:00,2023,January,Sunday,10:01 am to 2:00 pm,13.0,1,Afternoon,Winter,3801,1620,Richmond,3G13C,21950(a),"21950(a,c)",Driver or bicyclist to yield right-of-way at crosswalks,BB,Vehicle-Pedestrian,35922,2,1,57649,1
53168,31977,5760472.0,2012-06-23 11:53:00,2012 June 23,11:53:00,2012,June,Saturday,10:01 am to 2:00 pm,11.0,1,Morning,Summer,3801,256,NORTH,3E48,21950(b),21950(b),Pedestrian suddenly entering into vehicle path close enough to create an immediate hazard,BB,Vehicle-Pedestrian,24938,2,1,57622,1
53169,41157,5160451.0,2011-04-22 16:15:00,2011 April 22,16:15:00,2011,April,Friday,2:01 pm to 6:00 pm,16.0,0,Afternoon,Spring,3801,4200,TARAV,3113D.,22350,22350,Unsafe speed for prevailing conditions,AA,Vehicle(s) Only Involved,7792,2,2,57583,2
53170,83085,230127668.0,2023-02-21 12:46:00,2023 February 21,12:46:00,2023,February,Tuesday,10:01 am to 2:00 pm,12.0,0,Afternoon,Winter,3801,4294,Northern,3E13A,22107,22107,Unsafe turn or lane change prohibited,CC,Vehicle-Bicycle,2896,2,2,57614,2
53171,13348,5303887.0,2011-08-09 11:15:00,2011 August 09,11:15:00,2011,August,Tuesday,10:01 am to 2:00 pm,11.0,0,Morning,Summer,3801,246,MISSI,3D61A,22350,22350,Unsafe speed for prevailing conditions,CC,Vehicle-Bicycle,35966,2,2,57639,1