collision_id,unique_id,case_id_pkey,collision_datetime,collision_date,collision_time,accident_year,month,day_of_week,time_cat,hour_of_day,is_weekend,time_of_day,season,juris,officer_id,reporting_district,beat_number,vz_pcf_code,vz_pcf_group,vz_pcf_description,dph_col_grp,dph_col_grp_description,location_id,weather_id,road_id,party_id,severity_id
53740,1062,5414569.0,2011-10-09 16:57:00,2011 October 09,16:57:00,2011,October,Sunday,2:01 pm to 6:00 pm,16.0,1,Afternoon,Fall,3801,A09854,,,22350,22350,Unsafe speed for prevailing conditions,AA,Vehicle(s) Only Involved,36308,2,2,57631,1
53741,26115,5254276.0,2011-06-25 19:05:00,2011 June 25,19:05:00,2011,June,Saturday,6:01 pm to 10:00 pm,19.0,1,Evening,Summer,3801,1016,COJ,3CAR,21950(a),"21950(a,c)",Driver or bicyclist to yield right-of-way at crosswalks,BB,Vehicle-Pedestrian,7259,1,1,57649,1
53742,7811,5208020.0,2011-06-03 20:41:00,2011 June 03,20:41:00,2011,June,Friday,6:01 pm to 10:00 pm,20.0,0,Evening,Summer,3801,2351,MISSI,3D14D,22107,22107,Unsafe turn or lane change prohibited,CC,Vehicle-Bicycle,15441,4,13,57581,1
53743,43152,6049366.0,2012-11-08 18:06:00,2012 November 08,18:06:00,2012,November,Thursday,6:01 pm to 10:00 pm,18.0,0,Evening,Fall,3801,2145,RICHM,4B3G,21950(a),"21950(a,c)",Driver or bicyclist to yield right-of-way at crosswalks,BB,Vehicle-Pedestrian,39951,2,3,57649,2
53744,27486,5358728.0,2011-09-26 09:05:00,2011 September 26,09:05:00,2011,September,Monday,6:01 am to 10:00 am,9.0,0,Morning,Fall,3801,27,,3A2C,21461.5,21461.5,Pedestrian failure to obey signs or signals,DD,Bicycle-Pedestrian,8211,2,1,55284,2
53745,78088,200083454.0,2020-02-02 23:35:00,2020 February 02,23:35:00,2020,February,Sunday,10:01 pm to 2:00 am,23.0,1,Night,Winter,3801,2398,Richmond,G3,22450(a),22450(a),Failure to stop at STOP sign,AA,Vehicle(s) Only Involved,25567,2,3,57659,1
53746,84614,230904591.0,2023-12-28 11:45:00,2023 December 28,11:45:00,2023,December,Thursday,10:01 am to 2:00 pm,11.0,0,Morning,Winter,3801,1457,Taraval,1,22350,22350,Unsafe speed for prevailing conditions,AA,Vehicle(s) Only Involved,36309,1,72,57569,2
53747,53724,200400961.0,2020-07-05 00:16:00,2020 July 05,00:16:00,2020,July,Sunday,10:01 pm to 2:00 am,0.0,1,Night,Summer,3801,983,Bayview,3C15E,21950(a),"21950(a,c)",Driver or bicyclist to yield right-of-way at crosswalks,BB,Vehicle-Pedestrian,39831,2,39,57649,1
53748,8845,5333202.0,2011-09-17 09:54:00,2011 September 17,09:54:00,2011,September,Saturday,6:01 am to 10:00 am,9.0,1,Morning,Fall,3801,747,MISSI,901,22350,22350,Unsafe speed for prevailing conditions,AA,Vehicle(s) Only Involved,36311,2,1,57658,1
53749,21906,5293751.0,2011-07-31 15:29:00,2011 July 31,15:29:00,2011,July,Sunday,2:01 pm to 6:00 pm,15.0,1,Afternoon,Summer,3801,2082,NORTH,3E62,21801(a),"21801(a,b)",Violation of right-of-way - left turn,AA,Vehicle(s) Only Involved,9060,2,1,57603,1
53750,19342,5180238.0,2011-05-15 21:15:00,2011 May 15,21:15:00,2011,May,Sunday,6:01 pm to 10:00 pm,21.0,1,Night,Spring,3801,1475,PARKC,3F13E,21950(a),"21950(a,c)",Driver or bicyclist to yield right-of-way at crosswalks,BB,Vehicle-Pedestrian,29920,2,3,57649,1
53751,12175,5365454.0,2011-09-25 00:43:00,2011 September 25,00:43:00,2011,September,Sunday,10:01 pm to 2:00 am,0.0,1,Night,Fall,3801,546,D,3D14E,21801(a),"21801(a,b)",Violation of right-of-way - left turn,AA,Vehicle(s) Only Involved,9720,2,3,57659,17
53752,53842,200595976.0,2020-10-03 14:59:00,2020 October 03,14:59:00,2020,October,Saturday,2:01 pm to 6:00 pm,14.0,1,Afternoon,Fall,3801,2716,Park,3F44C,21453(a),"21453(a,c)",Red signal - driver or bicyclist responsibilities,AA,Vehicle(s) Only Involved,40618,2,1,56623,2
53753,85316,240139211.0,2024-03-02 19:04:00,2024 March 02,19:04:00,2024,March,Saturday,6:01 pm to 10:00 pm,19.0,1,Evening,Spring,3801,704,Bayview,3C4D,22350,22350,Unsafe speed for prevailing conditions,BB,Vehicle-Pedestrian,36313,2,7,57459,4
53754,12290,5477337.0,2011-12-15 14:14:00,2011 December 15,14:14:00,2011,December,Thursday,2:01 pm to 6:00 pm,14.0,0,Afternoon,Winter,3801,747,MISSI,901,22350,22350,Unsafe speed for prevailing conditions,AA,Vehicle(s) Only Involved,36314,2,1,57658,1
53755,18702,5760390.0,2012-06-09 19:44:00,2012 June 09,19:44:00,2012,June,Saturday,6:01 pm to 10:00 pm,19.0,1,Evening,Summer,3801,A20303,,3B12D,Unknown,Unknown,Unknown,FF,Bicycle Only,37797,2,1,57556,2
53756,77931,200044939.0,2020-01-18 15:41:00,2020 January 18,15:41:00,2020,January,Saturday,2:01 pm to 6:00 pm,15.0,1,Afternoon,Winter,3801,2020,Southern,B3,21955(a),21955(a-b),Crossing between controlled intersections (Jaywalking),BB,Vehicle-Pedestrian,36315,2,1,57622,2
53757,81890,230278528.0,2023-04-21 23:44:00,2023 April 21,23:44:00,2023,April,Friday,10:01 pm to 2:00 am,23.0,0,Night,Spring,3801,#2357,Taraval,3I16E,21651(b),21651(b),Wrong way driving,AA,Vehicle(s) Only Involved,36316,2,39,57603,1
53758,78054,200105020.0,2020-02-11 11:13:00,2020 February 11,11:13:00,2020,February,Tuesday,10:01 am to 2:00 pm,11.0,0,Morning,Winter,3801,4279,Ingleside,5 Car,21658(a),"21658(a,b)",Lane straddling or failure to use specified lanes,AA,Vehicle(s) Only Involved,36317,2,8,57660,1
53759,81911,230279134.0,2023-04-22 09:55:00,2023 April 22,09:55:00,2023,April,Saturday,6:01 am to 10:00 am,9.0,1,Morning,Spring,3801,#1118,Southern,3B14A,22107,22107,Unsafe turn or lane change prohibited,CC,Vehicle-Bicycle,36251,2,1,57581,1
53760,54091,200661442.0,2020-11-02 13:49:00,2020 November 02,13:49:00,2020,November,Monday,10:01 am to 2:00 pm,13.0,0,Afternoon,Fall,3801,4041,Taraval,3I5B,22350,22350,Unsafe speed for prevailing conditions,AA,Vehicle(s) Only Involved,36318,2,2,57658,1
53761,31301,5153892.0,2011-04-08 07:35:00,2011 April 08,07:35:00,2011,April,Friday,6:01 am to 10:00 am,7.0,0,Morning,Spring,3801,1446,,,21950(a),"21950(a,c)",Driver or bicyclist to yield right-of-way at crosswalks,BB,Vehicle-Pedestrian,36319,2,1,57649,8
53762,32503,5590048.0,2012-02-27 08:07:00,2012 February 27,08:07:00,2012,February,Monday,6:01 am to 10:00 am,8.0,0,Morning,Winter,3801,1819,NORTH,3E68,21804(a),"21804(a,b)",Entering highway from alley or driveway,AA,Vehicle(s) Only Involved,36320,2,2,57659,1
53763,16021,5433877.0,2011-10-04 23:40:00,2011 October 04,23:40:00,2011,October,Tuesday,10:01 pm to 2:00 am,23.0,0,Night,Fall,3801,4063,SOUTH,,21801(a),"21801(a,b)",Violation of right-of-way - left turn,AA,Vehicle(s) Only Involved,14128,4,13,57603,1
53764,84891,240114235.0,2024-02-21 09:10:00,2024 February 21,09:10:00,2024,February,Wednesday,6:01 am to 10:00 am,9.0,0,Morning,Winter,3801,1474,Bayview,901,22350,22350,Unsafe speed for prevailing conditions,AA,Vehicle(s) Only Involved,36321,2,1,57659,1
53765,4560,5161359.0,2011-04-17 16:09:00,2011 April 17,16:09:00,2011,April,Sunday,2:01 pm to 6:00 pm,16.0,1,Afternoon,Spring,3801,768,INGLE,3H15D,Unknown,Unknown,Unknown,AA,Vehicle(s) Only Involved,36322,2,15,57569,1
53766,86732,240626183.0,2024-10-05 02:43:00,2024 October 05,02:43:00,2024,October,Saturday,2:01 am to 6:00 am,2.0,1,Night,Fall,3801,3E13E,Northern,3,21453(a),"21453(a,c)",Red signal - driver or bicyclist responsibilities,AA,Vehicle(s) Only Involved,13234,2,3,57585,1
53767,85120,240048468.0,2024-01-22 19:27:00,2024 January 22,19:27:00,2024,January,Monday,6:01 pm to 10:00 pm,19.0,0,Evening,Winter,3801,835,Richmond,3,Unknown,Unknown,Unknown,AA,Vehicle(s) Only Involved,35072,1,13,57557,1
53768,37817,5276871.0,2011-06-30 11:57:00,2011 June 30,11:57:00,2011,June,Thursday,10:01 am to 2:00 pm,11.0,0,Morning,Summer,3801,1629,TARAV,3162,21801(b),"21801(a,b)",Violation of right-of-way - left turn,CC,Vehicle-Bicycle,31276,1,1,57621,1
53769,39976,5364125.0,2011-08-31 07:56:00,2011 August 31,07:56:00,2011,August,Wednesday,6:01 am to 10:00 am,7.0,0,Morning,Summer,3801,450,TARAV,003,22450(a),22450(a),Failure to stop at STOP sign,CC,Vehicle-Bicycle,14680,2,1,57621,2
53770,25742,5455910.0,2012-01-25 09:45:00,2012 January 25,09:45:00,2012,January,Wednesday,6:01 am to 10:00 am,9.0,0,Morning,Winter,3801,1794,SOUTH,3B60,22350,22350,Unsafe speed for prevailing conditions,FF,Bicycle Only,36323,2,9,57556,2
53771,40975,5153901.0,2011-04-05 07:30:00,2011 April 05,07:30:00,2011,April,Tuesday,6:01 am to 10:00 am,7.0,0,Morning,Spring,3801,1430,TARAV,4B21,21802(a),"21802(a,b)",Violation of right-of-way - entering through highway,AA,Vehicle(s) Only Involved,22888,2,1,57659,1
53772,83990,230741901.0,2023-10-16 08:20:00,2023 October 16,08:20:00,2023,October,Monday,6:01 am to 10:00 am,8.0,0,Morning,Fall,3801,1956,Taraval,6 CAR,22350,22350,Unsafe speed for prevailing conditions,AA,Vehicle(s) Only Involved,36324,2,2,57658,8
53773,84154,230190972.0,2023-03-18 03:30:00,2023 March 18,03:30:00,2023,March,Saturday,2:01 am to 6:00 am,3.0,1,Night,Spring,3801,1406,Ingleside,3H2,22350,22350,Unsafe speed for prevailing conditions,AA,Vehicle(s) Only Involved,36325,2,12,57607,8
53774,85024,240167541.0,2024-03-15 13:43:00,2024 March 15,13:43:00,2024,March,Friday,10:01 am to 2:00 pm,13.0,0,Afternoon,Spring,3801,82,Mission,3D14D,21804(a),"21804(a,b)",Entering highway from alley or driveway,AA,Vehicle(s) Only Involved,36326,2,2,57659,8
53775,27078,5476559.0,2012-01-03 18:02:00,2012 January 03,18:02:00,2012,January,Tuesday,6:01 pm to 10:00 pm,18.0,0,Evening,Winter,3801,2410,,,Unknown,Unknown,Unknown,CC,Vehicle-Bicycle,36327,2,1,57650,1
53776,24865,5681735.0,2012-03-14 11:48:00,2012 March 14,11:48:00,2012,March,Wednesday,10:01 am to 2:00 pm,11.0,0,Morning,Spring,3801,1515,J,3A66,21453(a),"21453(a,c)",Red signal - driver or bicyclist responsibilities,AA,Vehicle(s) Only Involved,7460,4,16,57659,3
53777,16082,5349441.0,2011-07-16 16:30:00,2011 July 16,16:30:00,2011,July,Saturday,2:01 pm to 6:00 pm,16.0,1,Afternoon,Summer,3801,2400,SOUTH,3B13D,21658(a),"21658(a,b)",Lane straddling or failure to use specified lanes,AA,Vehicle(s) Only Involved,36328,2,47,57660,8
53778,78089,200094100.0,2020-02-07 02:21:00,2020 February 07,02:21:00,2020,February,Friday,2:01 am to 6:00 am,2.0,0,Night,Winter,3801,2749,Richmond,3G3E,21800(a),21800(a-c),Violation of right-of-way or uncontrolled intersection,AA,Vehicle(s) Only Involved,35449,2,12,57659,1
53779,15102,5350380.0,2011-10-06 12:08:00,2011 October 06,12:08:00,2011,October,Thursday,10:01 am to 2:00 pm,12.0,0,Afternoon,Fall,3801,000251,,4C3,21657,21657,Going against one-way traffic patterns,CC,Vehicle-Bicycle,36329,1,2,57621,1
53780,18482,5398122.0,2011-10-26 09:35:00,2011 October 26,09:35:00,2011,October,Wednesday,6:01 am to 10:00 am,9.0,0,Morning,Fall,3801,4175,3,3D71,22350,22350,Unsafe speed for prevailing conditions,AA,Vehicle(s) Only Involved,36330,2,1,57658,1
53781,17527,5584881.0,2012-02-18 18:33:00,2012 February 18,18:33:00,2012,February,Saturday,6:01 pm to 10:00 pm,18.0,1,Evening,Winter,3801,2175,D,4B6D,22350,22350,Unsafe speed for prevailing conditions,CC,Vehicle-Bicycle,36331,2,12,57621,2
53782,87393,240769705.0,2024-12-13 17:37:00,2024 December 13,17:37:00,2024,December,Friday,2:01 pm to 6:00 pm,17.0,0,Evening,Winter,3801,1857,Southern,1,Unknown,Unknown,Unknown,CC,Vehicle-Bicycle,36332,2,344,57468,1
53783,85581,240247381.0,2024-04-20 01:52:00,2024 April 20,01:52:00,2024,April,Saturday,10:01 pm to 2:00 am,1.0,1,Night,Spring,3801,709,Bayview,3C11E,22450(a),22450(a),Failure to stop at STOP sign,AA,Vehicle(s) Only Involved,3417,2,3,57659,8
53784,45146,5274413.0,2011-07-03 14:00:00,2011 July 03,14:00:00,2011,July,Sunday,10:01 am to 2:00 pm,14.0,1,Afternoon,Summer,3801,111,,4BIG,22450(a),22450(a),Failure to stop at STOP sign,CC,Vehicle-Bicycle,36333,2,1,57621,1
53785,15020,5780427.0,2012-07-12 16:35:00,2012 July 12,16:35:00,2012,July,Thursday,2:01 pm to 6:00 pm,16.0,0,Afternoon,Summer,3801,2254,COB,3B12D,21950(a),"21950(a,c)",Driver or bicyclist to yield right-of-way at crosswalks,BB,Vehicle-Pedestrian,36334,2,1,57649,1
53786,83535,230554287.0,2023-08-06 19:41:00,2023 August 06,19:41:00,2023,August,Sunday,6:01 pm to 10:00 pm,19.0,1,Evening,Summer,3801,2038,Park,3F12D,21658(a),"21658(a,b,c)",Lane straddling or failure to use specified lanes,AA,Vehicle(s) Only Involved,36335,2,15,57660,8
53787,12464,5453568.0,2011-12-20 19:04:00,2011 December 20,19:04:00,2011,December,Tuesday,6:01 pm to 10:00 pm,19.0,0,Evening,Winter,3801,02122,D,4B4D,22107,22107,Unsafe turn or lane change prohibited,AA,Vehicle(s) Only Involved,36336,3,6,57636,1
53788,3932,6058847.0,2012-03-31 17:20:00,2012 March 31,17:20:00,2012,March,Saturday,2:01 pm to 6:00 pm,17.0,1,Evening,Spring,3801,000722,INGLE,3H13D,21950(a),"21950(a,c)",Driver or bicyclist to yield right-of-way at crosswalks,BB,Vehicle-Pedestrian,36337,2,2,57649,2
53789,31271,5455862.0,2012-01-03 07:57:00,2012 January 03,07:57:00,2012,January,Tuesday,6:01 am to 10:00 am,7.0,0,Morning,Winter,3801,191,RICHM,4B1G,21806(a),"21806(a,b)",Failure to yield to emergency vehicle,AA,Vehicle(s) Only Involved,14472,9,16,57659,8
53790,31489,5427530.0,2011-11-19 19:53:00,2011 November 19,19:53:00,2011,November,Saturday,6:01 pm to 10:00 pm,19.0,1,Evening,Fall,3801,000797,,3G11D,21950(a),"21950(a,c)",Driver or bicyclist to yield right-of-way at crosswalks,BB,Vehicle-Pedestrian,11684,4,13,57649,4
53791,52770,200191994.0,2020-03-16 09:08:00,2020 March 16,09:08:00,2020,March,Monday,6:01 am to 10:00 am,9.0,0,Morning,Spring,3801,1680,Ingleside,3H13A,21801(a),"21801(a,b)",Violation of right-of-way - left turn,AA,Vehicle(s) Only Involved,26167,11,2,57659,8
53792,30639,5431411.0,2011-11-30 14:21:00,2011 November 30,14:21:00,2011,November,Wednesday,2:01 pm to 6:00 pm,14.0,0,Afternoon,Fall,3801,2082,,3E62,21950(a),"21950(a,c)",Driver or bicyclist to yield right-of-way at crosswalks,BB,Vehicle-Pedestrian,36338,2,1,57649,8
53793,53676,200557766.0,2020-09-16 10:51:00,2020 September 16,10:51:00,2020,September,Wednesday,10:01 am to 2:00 pm,10.0,0,Morning,Fall,3801,2150,Ingleside,3H11A,21453(a),"21453(a,c)",Red signal - driver or bicyclist responsibilities,AA,Vehicle(s) Only Involved,36339,2,1,57659,8
53794,77978,200090976.0,2020-02-05 17:15:00,2020 February 05,17:15:00,2020,February,Wednesday,2:01 pm to 6:00 pm,17.0,0,Evening,Winter,3801,Ofc. Parayno,Southern,B4,21950(a),"21950(a,c)",Driver or bicyclist to yield right-of-way at crosswalks,BB,Vehicle-Pedestrian,20837,2,3,57649,1
53795,14981,5734811.0,2012-05-15 17:15:00,2012 May 15,17:15:00,2012,May,Tuesday,2:01 pm to 6:00 pm,17.0,0,Evening,Spring,3801,1354,3801,3B5D,21453(d),21453(d),Red signal - pedestrian responsibilities,BB,Vehicle-Pedestrian,6321,2,1,56732,1
53796,53710,200428850.0,2020-07-17 20:53:00,2020 July 17,20:53:00,2020,July,Friday,6:01 pm to 10:00 pm,20.0,0,Evening,Summer,3801,1860,Taraval,3I11D,Unknown,Unknown,Unknown,AA,Vehicle(s) Only Involved,22222,2,3,57191,4
53797,885,5584917.0,2012-02-27 21:20:00,2012 February 27,21:20:00,2012,February,Monday,6:01 pm to 10:00 pm,21.0,0,Night,Winter,3801,408,INGLE,3H16E,22450(a),22450(a),Failure to stop at STOP sign,CC,Vehicle-Bicycle,36340,2,12,57614,1
53798,82521,230183591.0,2023-03-15 14:25:00,2023 March 15,14:25:00,2023,March,Wednesday,2:01 pm to 6:00 pm,14.0,0,Afternoon,Spring,3801,4264,Bayview,3C44D,21804(a),"21804(a,b)",Entering highway from alley or driveway,AA,Vehicle(s) Only Involved,36341,2,2,57659,14
53799,77982,200009488.0,2020-01-04 17:37:00,2020 January 04,17:37:00,2020,January,Saturday,2:01 pm to 6:00 pm,17.0,1,Evening,Winter,3801,4178,Traffic,4B3A,21801(a),"21801(a,b)",Violation of right-of-way - left turn,BB,Vehicle-Pedestrian,21680,2,1,57659,17
53800,29433,5762790.0,2012-06-19 19:14:00,2012 June 19,19:14:00,2012,June,Tuesday,6:01 pm to 10:00 pm,19.0,0,Evening,Summer,3801,2082,NORTH,3E62,21950(a),"21950(a,c)",Driver or bicyclist to yield right-of-way at crosswalks,BB,Vehicle-Pedestrian,23645,2,1,57649,4
53801,13335,5590735.0,2012-02-06 14:55:00,2012 February 06,14:55:00,2012,February,Monday,2:01 pm to 6:00 pm,14.0,0,Afternoon,Winter,3801,02122,D,4B4D,21650.1,21650.1,Bicycle to travel in same direction as vehicles,CC,Vehicle-Bicycle,37734,1,1,57621,2
53802,31827,5281510.0,2011-08-06 00:11:00,2011 August 06,00:11:00,2011,August,Saturday,10:01 pm to 2:00 am,0.0,1,Night,Summer,3801,002315,,3A11E,21950(a),"21950(a,c)",Driver or bicyclist to yield right-of-way at crosswalks,BB,Vehicle-Pedestrian,7720,2,3,57649,1
53803,6548,5209939.0,2011-04-16 11:30:00,2011 April 16,11:30:00,2011,April,Saturday,10:01 am to 2:00 pm,11.0,1,Morning,Spring,3801,241,3801,241,22350,22350,Unsafe speed for prevailing conditions,AA,Vehicle(s) Only Involved,36342,2,2,57660,8
53804,39008,6059114.0,2012-10-16 17:58:00,2012 October 16,17:58:00,2012,October,Tuesday,2:01 pm to 6:00 pm,17.0,0,Evening,Fall,3801,1498,TARAV,3I11D,22350,22350,Unsafe speed for prevailing conditions,FF,Bicycle Only,36343,2,9,57341,2
53805,82235,230635188.0,2023-09-05 13:35:00,2023 September 05,13:35:00,2023,September,Tuesday,10:01 am to 2:00 pm,13.0,0,Afternoon,Fall,3801,1003,Ingleside,3,22107,22107,Unsafe turn or lane change prohibited,AA,Vehicle(s) Only Involved,36344,2,2,57475,2
53806,28848,6059055.0,2012-10-17 08:45:00,2012 October 17,08:45:00,2012,October,Wednesday,6:01 am to 10:00 am,8.0,0,Morning,Fall,3801,1819,NORTH,3E68,21663,21663,Operating vehicle or bicycle on sidewalk prohibited,CC,Vehicle-Bicycle,36345,2,2,57621,1
53807,84979,240142474.0,2024-03-04 13:27:00,2024 March 04,13:27:00,2024,March,Monday,10:01 am to 2:00 pm,13.0,0,Afternoon,Spring,3801,2707,Taraval,5 CAR,21950(a),"21950(a,c)",Driver or bicyclist to yield right-of-way at crosswalks,BB,Vehicle-Pedestrian,25367,2,1,57649,1
53808,53048,200363513.0,2020-06-17 00:04:00,2020 June 17,00:04:00,2020,June,Wednesday,10:01 pm to 2:00 am,0.0,0,Night,Summer,3801,246,Taraval,,23152(a),23152(a-g),Driving under influence of alcohol and/or drugs,AA,Vehicle(s) Only Involved,36346,2,3,57576,1
53809,54005,200639455.0,2020-10-23 06:24:00,2020 October 23,06:24:00,2020,October,Friday,6:01 am to 10:00 am,6.0,0,Morning,Fall,3801,4286,Richmond,G3,21703,21703,Following too closely prohibited,AA,Vehicle(s) Only Involved,2101,2,3,57658,1
53810,38173,5114066.0,2011-02-24 00:06:00,2011 February 24,00:06:00,2011,February,Thursday,10:01 pm to 2:00 am,0.0,0,Night,Winter,3801,A10754,,,22107,22107,Unsafe turn or lane change prohibited,AA,Vehicle(s) Only Involved,36347,2,12,57584,1
53811,26511,5868733.0,2012-08-02 13:23:00,2012 August 02,13:23:00,2012,August,Thursday,10:01 am to 2:00 pm,13.0,0,Afternoon,Summer,3801,1515,A,3A66,21950(a),"21950(a,c)",Driver or bicyclist to yield right-of-way at crosswalks,BB,Vehicle-Pedestrian,22054,2,1,57649,1
53812,35892,5328287.0,2011-09-29 09:45:00,2011 September 29,09:45:00,2011,September,Thursday,6:01 am to 10:00 am,9.0,0,Morning,Fall,3801,001570,CENTR,3A12A,Unknown,Unknown,Unknown,AA,Vehicle(s) Only Involved,36348,2,1,53237,1
53813,20509,5106151.0,2011-02-10 16:19:00,2011 February 10,16:19:00,2011,February,Thursday,2:01 pm to 6:00 pm,16.0,0,Afternoon,Winter,3801,2131,SOUTH,4B5B,22102,22102,Illegal U-turn in business district,CC,Vehicle-Bicycle,36349,2,1,57581,1
53814,10169,160655565.0,2016-08-14 10:22:00,2016 August 14,10:22:00,2016,August,Sunday,10:01 am to 2:00 pm,10.0,1,Morning,Summer,3801,2214,MISSION,5,Unknown,Unknown,Unknown,AA,Vehicle(s) Only Involved,5549,2,1,57585,1
53815,82477,230359093.0,2023-05-24 16:36:00,2023 May 24,16:36:00,2023,May,Wednesday,2:01 pm to 6:00 pm,16.0,0,Afternoon,Spring,3801,1435,Traffic,4B4C,22106,22106,Unsafe starting or backing on highway,BB,Vehicle-Pedestrian,36350,2,1,57649,6
53816,83177,230160765.0,2023-03-06 17:24:00,2023 March 06,17:24:00,2023,March,Monday,2:01 pm to 6:00 pm,17.0,0,Evening,Spring,3801,2038,Park,3F12D,22350,22350,Unsafe speed for prevailing conditions,AA,Vehicle(s) Only Involved,36351,6,4,57508,2
53817,4471,5298488.0,2011-09-10 16:17:00,2011 September 10,16:17:00,2011,September,Saturday,2:01 pm to 6:00 pm,16.0,1,Afternoon,Fall,3801,1043,INGLE,4B1H,22350,22350,Unsafe speed for prevailing conditions,AA,Vehicle(s) Only Involved,36352,2,2,57654,1
53818,25878,5113037.0,2011-03-01 13:04:00,2011 March 01,13:04:00,2011,March,Tuesday,10:01 am to 2:00 pm,13.0,0,Afternoon,Spring,3801,1201,CENTR,3A62,21950(a),"21950(a,c)",Driver or bicyclist to yield right-of-way at crosswalks,BB,Vehicle-Pedestrian,36353,2,44,57649,1
53819,53762,200336491.0,2020-06-03 12:31:00,2020 June 03,12:31:00,2020,June,Wednesday,10:01 am to 2:00 pm,12.0,0,Afternoon,Summer,3801,2229,Northern,,Unknown,Unknown,Unknown,BB,Vehicle-Pedestrian,22662,2,1,57525,1
53820,9214,5739485.0,2012-06-06 18:18:00,2012 June 06,18:18:00,2012,June,Wednesday,6:01 pm to 10:00 pm,18.0,0,Evening,Summer,3801,2323,BAYVI,3C11D,21456(b),"21456(a,b)",Pedestrian violation of walk or wait signals,BB,Vehicle-Pedestrian,5185,2,1,57622,2
53821,86586,240588323.0,2024-09-18 18:49:00,2024 September 18,18:49:00,2024,September,Wednesday,6:01 pm to 10:00 pm,18.0,0,Evening,Fall,3801,2471,Central,3A2D,21650,21650,Failure to keep to right side of road,CC,Vehicle-Bicycle,36354,2,1,50749,1
53822,4297,5584897.0,2012-02-17 22:45:00,2012 February 17,22:45:00,2012,February,Friday,10:01 pm to 2:00 am,22.0,0,Night,Winter,3801,1998,INGLE,3H13E,21801(a),"21801(a,b)",Violation of right-of-way - left turn,CC,Vehicle-Bicycle,27531,2,3,57374,2
53823,87506,240801460.0,2024-12-31 17:20:00,2024 December 31,17:20:00,2024,December,Tuesday,2:01 pm to 6:00 pm,17.0,0,Evening,Winter,3801,2192,Mission,3D14D,23152(a),23152(a-g),Driving under influence of alcohol and/or drugs,BB,Vehicle-Pedestrian,36355,2,53,57659,1
53824,86640,240605347.0,2024-09-26 05:22:00,2024 September 26,05:22:00,2024,September,Thursday,2:01 am to 6:00 am,5.0,0,Morning,Fall,3801,#2722,Central,3A5E,22107,22107,Unsafe turn or lane change prohibited,BB,Vehicle-Pedestrian,25806,1,13,57654,4
53825,1037,5364097.0,2011-08-29 19:48:00,2011 August 29,19:48:00,2011,August,Monday,6:01 pm to 10:00 pm,19.0,0,Evening,Summer,3801,A09861,INGLE,3H11D,22450(a),22450(a),Failure to stop at STOP sign,CC,Vehicle-Bicycle,36356,2,33,57621,4
53826,42345,5684907.0,2012-03-13 16:10:00,2012 March 13,16:10:00,2012,March,Tuesday,2:01 pm to 6:00 pm,16.0,0,Afternoon,Spring,3801,191,RICHM,4BIG,21804(a),"21804(a,b)",Entering highway from alley or driveway,CC,Vehicle-Bicycle,36357,4,16,57621,1
53827,15799,5130300.0,2011-03-26 21:45:00,2011 March 26,21:45:00,2011,March,Saturday,6:01 pm to 10:00 pm,21.0,1,Night,Spring,3801,4063,SOUTH,,22350,22350,Unsafe speed for prevailing conditions,BB,Vehicle-Pedestrian,6101,2,21,57649,1
53828,11048,5335063.0,2011-07-13 20:25:00,2011 July 13,20:25:00,2011,July,Wednesday,6:01 pm to 10:00 pm,20.0,0,Evening,Summer,3801,2410,,3D11D,21804(a),"21804(a,b)",Entering highway from alley or driveway,AA,Vehicle(s) Only Involved,36358,2,15,57659,1
53829,32969,5389084.0,2011-10-28 15:47:00,2011 October 28,15:47:00,2011,October,Friday,2:01 pm to 6:00 pm,15.0,0,Afternoon,Fall,3801,1154,RICHM,3G3C,22350,22350,Unsafe speed for prevailing conditions,AA,Vehicle(s) Only Involved,36359,2,1,57658,1
53830,14183,6059212.0,2012-12-10 14:22:00,2012 December 10,14:22:00,2012,December,Monday,2:01 pm to 6:00 pm,14.0,0,Afternoon,Winter,3801,1729,,,21658(a),"21658(a,b)",Lane straddling or failure to use specified lanes,CC,Vehicle-Bicycle,36360,2,1,57621,1
53831,85253,240004636.0,2024-01-03 08:46:00,2024 January 03,08:46:00,2024,January,Wednesday,6:01 am to 10:00 am,8.0,0,Morning,Winter,3801,2707,Taraval,6 CAR,21703,21703,Following too closely prohibited,AA,Vehicle(s) Only Involved,36361,2,23,57658,14
53832,78075,200004397.0,2020-01-02 16:38:00,2020 January 02,16:38:00,2020,January,Thursday,2:01 pm to 6:00 pm,16.0,0,Afternoon,Winter,3801,643,Taraval,3I12D,21804(a),"21804(a,b)",Entering highway from alley or driveway,AA,Vehicle(s) Only Involved,36362,2,33,57659,1
53833,83087,230127113.0,2023-02-21 07:40:00,2023 February 21,07:40:00,2023,February,Tuesday,6:01 am to 10:00 am,7.0,0,Morning,Winter,3801,229,Mission,D4,22350,22350,Unsafe speed for prevailing conditions,AA,Vehicle(s) Only Involved,36363,1,1,57660,1
53834,13264,5107226.0,2011-03-07 09:24:00,2011 March 07,09:24:00,2011,March,Monday,6:01 am to 10:00 am,9.0,0,Morning,Spring,3801,2226,D6,3DA16A,22350,22350,Unsafe speed for prevailing conditions,CC,Vehicle-Bicycle,36364,2,1,57655,1
53835,23115,5231024.0,2011-06-08 22:05:00,2011 June 08,22:05:00,2011,June,Wednesday,10:01 pm to 2:00 am,22.0,0,Night,Summer,3801,1639,,3B60,21955,21955,Crossing between controlled intersections (Jaywalking),BB,Vehicle-Pedestrian,36365,2,3,57622,2