collision_id,unique_id,case_id_pkey,collision_datetime,collision_date,collision_time,accident_year,month,day_of_week,time_cat,hour_of_day,is_weekend,time_of_day,season,juris,officer_id,reporting_district,beat_number,vz_pcf_code,vz_pcf_group,vz_pcf_description,dph_col_grp,dph_col_grp_description,location_id,weather_id,road_id,party_id,severity_id
53931,53573,200565327.0,2020-09-19 14:49:00,2020 September 19,14:49:00,2020,September,Saturday,2:01 pm to 6:00 pm,14.0,1,Afternoon,Fall,3801,230,Tenderloin,3J11C,21460(a),"21460(a,b)",Improper turns over double lines or solid lines to right prohibited,AA,Vehicle(s) Only Involved,36430,2,40,57467,2
53932,87568,240770241.0,2024-12-14 01:13:00,2024 December 14,01:13:00,2024,December,Saturday,10:01 pm to 2:00 am,1.0,1,Night,Winter,3801,2237,Taraval,I,22350,22350,Unsafe speed for prevailing conditions,AA,Vehicle(s) Only Involved,36431,4,13,57584,8
53933,87512,240781204.0,2024-12-19 15:14:00,2024 December 19,15:14:00,2024,December,Thursday,2:01 pm to 6:00 pm,15.0,0,Afternoon,Winter,3801,4104,Southern,3B13D,21453(a),"21453(a,c)",Red signal - driver or bicyclist responsibilities,AA,Vehicle(s) Only Involved,9846,2,1,57658,11
53934,78310,200092273.0,2020-02-06 11:30:00,2020 February 06,11:30:00,2020,February,Thursday,10:01 am to 2:00 pm,11.0,0,Morning,Winter,3801,2488,Bayview,3C11A,22350,22350,Unsafe speed for prevailing conditions,AA,Vehicle(s) Only Involved,36432,2,2,57660,2
53935,32684,5737908.0,2012-05-18 13:48:00,2012 May 18,13:48:00,2012,May,Friday,10:01 am to 2:00 pm,13.0,0,Afternoon,Spring,3801,821,NORTH,3E61,21453(a),"21453(a,c)",Red signal - driver or bicyclist responsibilities,CC,Vehicle-Bicycle,36433,2,1,57621,1
53936,26650,5590746.0,2012-02-04 19:20:00,2012 February 04,19:20:00,2012,February,Saturday,6:01 pm to 10:00 pm,19.0,1,Evening,Winter,3801,A20307,,3B11D,23140(a),23140(a),Minor (under 21) driving with blood alcohol level of .05 or greater,AA,Vehicle(s) Only Involved,34374,2,3,57659,1
53937,10683,5153888.0,2011-04-04 07:55:00,2011 April 04,07:55:00,2011,April,Monday,6:01 am to 10:00 am,7.0,0,Morning,Spring,3801,191,MISSI,4B2D,22350,22350,Unsafe speed for prevailing conditions,CC,Vehicle-Bicycle,27463,2,1,57655,2
53938,40807,5684960.0,2012-03-08 19:05:00,2012 March 08,19:05:00,2012,March,Thursday,6:01 pm to 10:00 pm,19.0,0,Evening,Spring,3801,4200,TARAV,311D,21950(a),"21950(a,c)",Driver or bicyclist to yield right-of-way at crosswalks,BB,Vehicle-Pedestrian,4568,2,3,57649,2
53939,30736,5254345.0,2011-06-27 17:59:00,2011 June 27,17:59:00,2011,June,Monday,2:01 pm to 6:00 pm,17.0,0,Evening,Summer,3801,2082,NORTH,3E62,21950(a),"21950(a,c)",Driver or bicyclist to yield right-of-way at crosswalks,BB,Vehicle-Pedestrian,36434,2,1,57649,1
53940,18520,5200272.0,2011-05-14 16:40:00,2011 May 14,16:40:00,2011,May,Saturday,2:01 pm to 6:00 pm,16.0,1,Afternoon,Spring,3801,002450,,3G14D,Unknown,Unknown,Unknown,CC,Vehicle-Bicycle,36435,2,1,57561,1
53941,2323,5774902.0,2012-07-24 05:35:00,2012 July 24,05:35:00,2012,July,Tuesday,2:01 am to 6:00 am,5.0,0,Morning,Summer,3801,2357,INGLE,3H13E,22350,22350,Unsafe speed for prevailing conditions,AA,Vehicle(s) Only Involved,9355,2,1,57659,1
53942,33534,6049430.0,2012-10-07 22:32:00,2012 October 07,22:32:00,2012,October,Sunday,10:01 pm to 2:00 am,22.0,1,Night,Fall,3801,2440,CENTR,03A,21453(d),21453(d),Red signal - pedestrian responsibilities,BB,Vehicle-Pedestrian,34941,2,3,57622,3
53943,43445,5116286.0,2011-03-12 23:30:00,2011 March 12,23:30:00,2011,March,Saturday,10:01 pm to 2:00 am,23.0,1,Night,Spring,3801,02380,,,22350,22350,Unsafe speed for prevailing conditions,AA,Vehicle(s) Only Involved,36436,2,12,57658,8
53944,1144,5387197.0,2011-10-03 18:39:00,2011 October 03,18:39:00,2011,October,Monday,6:01 pm to 10:00 pm,18.0,0,Evening,Fall,3801,768,,,21950(a),"21950(a,c)",Driver or bicyclist to yield right-of-way at crosswalks,BB,Vehicle-Pedestrian,36437,4,46,57649,2
53945,18563,5153845.0,2011-04-01 21:06:00,2011 April 01,21:06:00,2011,April,Friday,6:01 pm to 10:00 pm,21.0,0,Night,Spring,3801,A11161,SOUTH,3B14E,22100(a),"22100(a,b)",Turn at intersection from wrong position,CC,Vehicle-Bicycle,34128,1,3,57614,2
53946,5320,6048856.0,2012-03-09 12:10:00,2012 March 09,12:10:00,2012,March,Friday,10:01 am to 2:00 pm,12.0,0,Afternoon,Spring,3801,1446,,,22350,22350,Unsafe speed for prevailing conditions,AA,Vehicle(s) Only Involved,36438,2,2,57658,1
53947,33763,5762370.0,2012-06-21 09:00:00,2012 June 21,09:00:00,2012,June,Thursday,6:01 am to 10:00 am,9.0,0,Morning,Summer,3801,1055,A,,21950(a),"21950(a,c)",Driver or bicyclist to yield right-of-way at crosswalks,BB,Vehicle-Pedestrian,13946,2,8,57649,1
53948,32886,5427560.0,2011-11-19 22:45:00,2011 November 19,22:45:00,2011,November,Saturday,10:01 pm to 2:00 am,22.0,1,Night,Fall,3801,600,,NORTHE,21950(a),"21950(a,c)",Driver or bicyclist to yield right-of-way at crosswalks,BB,Vehicle-Pedestrian,22210,4,13,57649,1
53949,13820,6059097.0,2012-10-17 16:47:00,2012 October 17,16:47:00,2012,October,Wednesday,2:01 pm to 6:00 pm,16.0,0,Afternoon,Fall,3801,004186,,001,20001(a),20001(a),Duty to stop when involved in accident with injury or death,CC,Vehicle-Bicycle,36439,2,1,57639,2
53950,31753,5678713.0,2012-03-06 08:04:00,2012 March 06,08:04:00,2012,March,Tuesday,6:01 am to 10:00 am,8.0,0,Morning,Spring,3801,000251,TRAFF,4C3,21954(a),21954(a),Pedestrians must yield right-of-way outside of crosswalks,BB,Vehicle-Pedestrian,36440,2,2,57649,4
53951,40239,5684903.0,2012-03-07 19:35:00,2012 March 07,19:35:00,2012,March,Wednesday,6:01 pm to 10:00 pm,19.0,0,Evening,Spring,3801,002343,TARAV,3I12D,22350,22350,Unsafe speed for prevailing conditions,AA,Vehicle(s) Only Involved,36441,2,12,57659,1
53952,53816,200590512.0,2020-10-01 07:50:00,2020 October 01,07:50:00,2020,October,Thursday,6:01 am to 10:00 am,7.0,0,Morning,Fall,3801,242,Northern,,21453(a),"21453(a,c)",Red signal - driver or bicyclist responsibilities,AA,Vehicle(s) Only Involved,22588,2,44,57659,1
53953,14788,5449776.0,2011-12-04 14:40:00,2011 December 04,14:40:00,2011,December,Sunday,2:01 pm to 6:00 pm,14.0,1,Afternoon,Winter,3801,1460,,COB,21800(a),21800(a-c),Violation of right-of-way or uncontrolled intersection,AA,Vehicle(s) Only Involved,8571,2,1,57603,8
53954,9003,5907157.0,2012-08-05 02:46:00,2012 August 05,02:46:00,2012,August,Sunday,2:01 am to 6:00 am,2.0,1,Night,Summer,3801,4084,MISSI,,Unknown,Unknown,Unknown,BB,Vehicle-Pedestrian,36442,1,3,57622,2
53955,18998,5205302.0,2011-05-13 14:29:00,2011 May 13,14:29:00,2011,May,Friday,2:01 pm to 6:00 pm,14.0,0,Afternoon,Spring,3801,30,,3E11A,21950(b),21950(b),Pedestrian suddenly entering into vehicle path close enough to create an immediate hazard,AA,Vehicle(s) Only Involved,36443,2,2,56916,1
53956,4699,5106131.0,2011-02-09 10:31:00,2011 February 09,10:31:00,2011,February,Wednesday,10:01 am to 2:00 pm,10.0,0,Morning,Winter,3801,1043,INGLE,3H62,21453(a),"21453(a,c)",Red signal - driver or bicyclist responsibilities,AA,Vehicle(s) Only Involved,38116,2,1,57659,1
53957,87516,240795255.0,2024-12-28 13:09:00,2024 December 28,13:09:00,2024,December,Saturday,10:01 am to 2:00 pm,13.0,1,Afternoon,Winter,3801,1333,Taraval,3I90,21658(a),"21658(a,b,c)",Lane straddling or failure to use specified lanes,AA,Vehicle(s) Only Involved,36444,4,16,57660,2
53958,4282,5347692.0,2011-09-24 11:20:00,2011 September 24,11:20:00,2011,September,Saturday,10:01 am to 2:00 pm,11.0,1,Morning,Fall,3801,1043,INGLE,4B1H,Unknown,Unknown,Unknown,FF,Bicycle Only,15605,1,1,57524,2
53959,47677,190095862.0,2019-02-07 19:40:00,2019 February 07,19:40:00,2019,February,Thursday,6:01 pm to 10:00 pm,19.0,0,Evening,Winter,3801,1375,Mission,3D12D,21461(a),21461(a),Driver or bicyclist failure to obey signs or signals,AA,Vehicle(s) Only Involved,36445,2,3,57659,3
53960,53875,200605406.0,2020-10-07 20:57:00,2020 October 07,20:57:00,2020,October,Wednesday,6:01 pm to 10:00 pm,20.0,0,Evening,Fall,3801,2733,Southern,B3,21955,21955,Crossing between controlled intersections (Jaywalking),BB,Vehicle-Pedestrian,22154,2,3,57622,1
53961,82532,230488476.0,2023-07-14 08:00:00,2023 July 14,08:00:00,2023,July,Friday,6:01 am to 10:00 am,8.0,0,Morning,Summer,3801,1967,Northern,3E12A,22106,22106,Unsafe starting or backing on highway,AA,Vehicle(s) Only Involved,35856,2,2,57659,1
53962,28636,5303997.0,2011-08-04 20:00:00,2011 August 04,20:00:00,2011,August,Thursday,6:01 pm to 10:00 pm,20.0,0,Evening,Summer,3801,569,CENTR,3A12D,22450(a),22450(a),Failure to stop at STOP sign,AA,Vehicle(s) Only Involved,31060,2,33,57406,1
53963,33827,6067195.0,2012-09-05 11:51:00,2012 September 05,11:51:00,2012,September,Wednesday,10:01 am to 2:00 pm,11.0,0,Morning,Fall,3801,1882,CENTR,3A61,21950(a),"21950(a,c)",Driver or bicyclist to yield right-of-way at crosswalks,BB,Vehicle-Pedestrian,22522,2,2,57649,2
53964,19882,5762781.0,2012-06-14 16:00:00,2012 June 14,16:00:00,2012,June,Thursday,2:01 pm to 6:00 pm,16.0,0,Afternoon,Summer,3801,522,PARK,3F13D,22350,22350,Unsafe speed for prevailing conditions,AA,Vehicle(s) Only Involved,36446,2,1,57658,1
53965,36045,5107222.0,2011-03-06 00:03:00,2011 March 06,00:03:00,2011,March,Sunday,10:01 pm to 2:00 am,0.0,1,Night,Spring,3801,600,NORTH,15E,Unknown,Unknown,Unknown,AA,Vehicle(s) Only Involved,16376,4,94,57653,3
53966,18467,6050004.0,2012-10-23 19:17:00,2012 October 23,19:17:00,2012,October,Tuesday,6:01 pm to 10:00 pm,19.0,0,Evening,Fall,3801,000891,B,3B60,22101(d),22101(d),Violation of a turn prohibition sign,CC,Vehicle-Bicycle,21093,2,15,57581,1
53967,82780,230386159.0,2023-06-04 18:49:00,2023 June 04,18:49:00,2023,June,Sunday,6:01 pm to 10:00 pm,18.0,1,Evening,Summer,3801,1696,Northern,3E14D,21453(a),"21453(a,c)",Red signal - driver or bicyclist responsibilities,AA,Vehicle(s) Only Involved,36447,2,1,57659,1
53968,4184,5592619.0,2012-01-30 18:11:00,2012 January 30,18:11:00,2012,January,Monday,6:01 pm to 10:00 pm,18.0,0,Evening,Winter,3801,241,COH,4B3H,22517,22517,Opening door on traffic side when unsafe,CC,Vehicle-Bicycle,36448,2,12,57614,2
53969,83482,230453253.0,2023-07-01 02:10:00,2023 July 01,02:10:00,2023,July,Saturday,2:01 am to 6:00 am,2.0,1,Night,Summer,3801,2708,Southern,3B13E,22106,22106,Unsafe starting or backing on highway,CC,Vehicle-Bicycle,36449,2,12,57374,21
53970,4932,5762382.0,2012-06-19 12:48:00,2012 June 19,12:48:00,2012,June,Tuesday,10:01 am to 2:00 pm,12.0,0,Afternoon,Summer,3801,1196,INGLE,3H1A,21658(a),"21658(a,b)",Lane straddling or failure to use specified lanes,AA,Vehicle(s) Only Involved,36450,2,1,57660,1
53971,9293,5592611.0,2012-01-31 10:02:00,2012 January 31,10:02:00,2012,January,Tuesday,10:01 am to 2:00 pm,10.0,0,Morning,Winter,3801,1430,BAYVI,3C62,22350,22350,Unsafe speed for prevailing conditions,CC,Vehicle-Bicycle,36451,2,2,57639,8
53972,84628,230903377.0,2023-12-27 18:56:00,2023 December 27,18:56:00,2023,December,Wednesday,6:01 pm to 10:00 pm,18.0,0,Evening,Winter,3801,2038,Park,3F12D,23152(a),23152(a-g),Driving under influence of alcohol and/or drugs,AA,Vehicle(s) Only Involved,36452,1,7,57607,10
53973,31531,170230157.0,2017-03-20 17:50:00,2017 March 20,17:50:00,2017,March,Monday,2:01 pm to 6:00 pm,17.0,0,Evening,Spring,3801,209,NORTHERN,3E,21950(a),"21950(a,c)",Driver or bicyclist to yield right-of-way at crosswalks,BB,Vehicle-Pedestrian,33523,2,1,57525,1
53974,3183,5910254.0,2012-08-12 18:59:00,2012 August 12,18:59:00,2012,August,Sunday,6:01 pm to 10:00 pm,18.0,1,Evening,Summer,3801,2175,C,4B6D,22350,22350,Unsafe speed for prevailing conditions,AA,Vehicle(s) Only Involved,18363,2,1,57659,9
53975,19145,5274576.0,2011-08-01 15:20:00,2011 August 01,15:20:00,2011,August,Monday,2:01 pm to 6:00 pm,15.0,0,Afternoon,Summer,3801,2082,,3E62,21453(a),"21453(a,c)",Red signal - driver or bicyclist responsibilities,AA,Vehicle(s) Only Involved,39882,2,1,57659,2
53976,13676,5576147.0,2012-02-14 17:35:00,2012 February 14,17:35:00,2012,February,Tuesday,2:01 pm to 6:00 pm,17.0,0,Evening,Winter,3801,001275,SOUTH,3B14D,21658(a),"21658(a,b)",Lane straddling or failure to use specified lanes,CC,Vehicle-Bicycle,35471,2,2,57581,2
53977,52692,200143183.0,2020-02-25 21:45:00,2020 February 25,21:45:00,2020,February,Tuesday,6:01 pm to 10:00 pm,21.0,0,Night,Winter,3801,4375,Traffic,4B4D,23152(a),23152(a-g),Driving under influence of alcohol and/or drugs,AA,Vehicle(s) Only Involved,35365,2,3,57659,8
53978,78160,200108795.0,2020-02-12 18:25:00,2020 February 12,18:25:00,2020,February,Wednesday,6:01 pm to 10:00 pm,18.0,0,Evening,Winter,3801,2164,Central,,21453(a),"21453(a,c)",Red signal - driver or bicyclist responsibilities,AA,Vehicle(s) Only Involved,29697,2,3,57659,1
53979,43570,6046482.0,2012-12-28 20:23:00,2012 December 28,20:23:00,2012,December,Friday,6:01 pm to 10:00 pm,20.0,0,Evening,Winter,3801,002163,RICHM,3G13D,21950(a),"21950(a,c)",Driver or bicyclist to yield right-of-way at crosswalks,BB,Vehicle-Pedestrian,32171,4,13,57649,1
53980,19357,5590020.0,2012-02-27 16:52:00,2012 February 27,16:52:00,2012,February,Monday,2:01 pm to 6:00 pm,16.0,0,Afternoon,Winter,3801,1674,PARK,3CAR,22350,22350,Unsafe speed for prevailing conditions,BB,Vehicle-Pedestrian,20385,2,2,57649,2
53981,87370,240575825.0,2024-09-13 02:27:00,2024 September 13,02:27:00,2024,September,Friday,2:01 am to 6:00 am,2.0,0,Night,Fall,3801,1308,Southern,3B11E,21954(a),21954(a),Pedestrians must yield right-of-way outside of crosswalks,BB,Vehicle-Pedestrian,36251,2,3,57123,4
53982,14017,5678690.0,2012-03-02 08:15:00,2012 March 02,08:15:00,2012,March,Friday,6:01 am to 10:00 am,8.0,0,Morning,Spring,3801,1794,SOUTH,3B60,21801(a),"21801(a,b)",Violation of right-of-way - left turn,AA,Vehicle(s) Only Involved,40123,2,1,57659,1
53983,30564,5444584.0,2011-12-10 00:55:00,2011 December 10,00:55:00,2011,December,Saturday,10:01 pm to 2:00 am,0.0,1,Night,Winter,3801,002285,NORTH,3E12E,22350,22350,Unsafe speed for prevailing conditions,AA,Vehicle(s) Only Involved,36453,2,3,57658,1
53984,8467,5208107.0,2011-05-28 18:44:00,2011 May 28,18:44:00,2011,May,Saturday,6:01 pm to 10:00 pm,18.0,1,Evening,Spring,3801,1420,MISSI,4B5E,21801(a),"21801(a,b)",Violation of right-of-way - left turn,AA,Vehicle(s) Only Involved,2763,2,1,57659,8
53985,35127,5689912.0,2012-04-21 16:48:00,2012 April 21,16:48:00,2012,April,Saturday,2:01 pm to 6:00 pm,16.0,1,Afternoon,Spring,3801,2082,NOTHE,3E62,22350,22350,Unsafe speed for prevailing conditions,AA,Vehicle(s) Only Involved,36454,2,1,57658,4
53986,52324,200143989.0,2020-02-26 09:02:00,2020 February 26,09:02:00,2020,February,Wednesday,6:01 am to 10:00 am,9.0,0,Morning,Winter,3801,,Central,3 Car,21950(a),"21950(a,c)",Driver or bicyclist to yield right-of-way at crosswalks,BB,Vehicle-Pedestrian,21962,2,1,57454,1
53987,87451,240784537.0,2024-12-21 17:17:00,2024 December 21,17:17:00,2024,December,Saturday,2:01 pm to 6:00 pm,17.0,1,Evening,Winter,3801,1368,Central,3A12D,21950(a),"21950(a,c)",Driver or bicyclist to yield right-of-way at crosswalks,BB,Vehicle-Pedestrian,12694,4,13,57649,1
53988,27662,5347703.0,2011-09-22 15:17:00,2011 September 22,15:17:00,2011,September,Thursday,2:01 pm to 6:00 pm,15.0,0,Afternoon,Fall,3801,1515,A,3A66,21703,21703,Following too closely prohibited,AA,Vehicle(s) Only Involved,36455,2,1,57658,1
53989,52475,200179809.0,2020-03-11 07:06:00,2020 March 11,07:06:00,2020,March,Wednesday,6:01 am to 10:00 am,7.0,0,Morning,Spring,3801,1580,Southern,3B13A,22107,22107,Unsafe turn or lane change prohibited,CC,Vehicle-Bicycle,24425,2,33,57374,2
53990,12840,5866615.0,2012-08-11 18:16:00,2012 August 11,18:16:00,2012,August,Saturday,6:01 pm to 10:00 pm,18.0,1,Evening,Summer,3801,1030,MISSI,3D11D,21453(a),"21453(a,c)",Red signal - driver or bicyclist responsibilities,AA,Vehicle(s) Only Involved,34654,2,1,57659,8
53991,32352,5554764.0,2012-01-13 08:20:00,2012 January 13,08:20:00,2012,January,Friday,6:01 am to 10:00 am,8.0,0,Morning,Winter,3801,1645,RE,3E11A,22350,22350,Unsafe speed for prevailing conditions,AA,Vehicle(s) Only Involved,35731,2,1,57659,1
53992,7767,5477282.0,2011-12-25 15:37:00,2011 December 25,15:37:00,2011,December,Sunday,2:01 pm to 6:00 pm,15.0,1,Afternoon,Winter,3801,2175,D,4B6D,22106,22106,Unsafe starting or backing on highway,AA,Vehicle(s) Only Involved,36456,2,2,57659,3
53993,35033,5739527.0,2012-05-22 07:48:00,2012 May 22,07:48:00,2012,May,Tuesday,6:01 am to 10:00 am,7.0,0,Morning,Spring,3801,00289,NORTH,3E3A,22100(b),"22100(a,b)",Turn at intersection from wrong position,CC,Vehicle-Bicycle,31325,2,1,57625,2
53994,15327,5131809.0,2011-03-21 00:33:00,2011 March 21,00:33:00,2011,March,Monday,10:01 pm to 2:00 am,0.0,0,Night,Spring,3801,0315,,,22102,22102,Illegal U-turn in business district,AA,Vehicle(s) Only Involved,36457,2,12,57658,3
53995,78275,200078609.0,2020-01-31 18:05:00,2020 January 31,18:05:00,2020,January,Friday,6:01 pm to 10:00 pm,18.0,0,Evening,Winter,3801,2241,Mission,3D11D,22517,22517,Opening door on traffic side when unsafe,CC,Vehicle-Bicycle,36458,2,3,57390,3
53996,31318,5364117.0,2011-08-29 16:14:00,2011 August 29,16:14:00,2011,August,Monday,2:01 pm to 6:00 pm,16.0,0,Afternoon,Summer,3801,2274,,RICHMO,21950(a),"21950(a,c)",Driver or bicyclist to yield right-of-way at crosswalks,BB,Vehicle-Pedestrian,6529,2,1,57649,4
53997,12541,5347818.0,2011-09-16 13:04:00,2011 September 16,13:04:00,2011,September,Friday,10:01 am to 2:00 pm,13.0,0,Afternoon,Fall,3801,747,MISSI,901,22106,22106,Unsafe starting or backing on highway,AA,Vehicle(s) Only Involved,36459,2,1,57659,3
53998,24353,6049399.0,2012-10-25 06:19:00,2012 October 25,06:19:00,2012,October,Thursday,6:01 am to 10:00 am,6.0,0,Morning,Fall,3801,498,TENDE,3J1A,21453(d),21453(d),Red signal - pedestrian responsibilities,BB,Vehicle-Pedestrian,6756,4,13,57622,1
53999,9385,5739509.0,2012-06-06 21:44:00,2012 June 06,21:44:00,2012,June,Wednesday,6:01 pm to 10:00 pm,21.0,0,Night,Summer,3801,2308,,3D13E,22107,22107,Unsafe turn or lane change prohibited,AA,Vehicle(s) Only Involved,36460,2,12,57660,1
54000,41089,6049461.0,2012-10-01 23:30:00,2012 October 01,23:30:00,2012,October,Monday,10:01 pm to 2:00 am,23.0,0,Night,Fall,3801,2482,TARAV,3I12E,Unknown,Unknown,Unknown,BB,Vehicle-Pedestrian,10078,2,3,57649,1
54001,13662,5389092.0,2011-11-14 13:27:00,2011 November 14,13:27:00,2011,November,Monday,10:01 am to 2:00 pm,13.0,0,Afternoon,Fall,3801,246,,4B2D,21453(a),"21453(a,c)",Red signal - driver or bicyclist responsibilities,AA,Vehicle(s) Only Involved,22595,2,1,57659,1
54002,78338,200126496.0,2020-02-19 15:58:00,2020 February 19,15:58:00,2020,February,Wednesday,2:01 pm to 6:00 pm,15.0,0,Afternoon,Winter,3801,1351,Southern,3B11D,22107,22107,Unsafe turn or lane change prohibited,AA,Vehicle(s) Only Involved,36461,2,1,57406,1
54003,19488,6059124.0,2012-11-02 08:14:00,2012 November 02,08:14:00,2012,November,Friday,6:01 am to 10:00 am,8.0,0,Morning,Fall,3801,002179,,3J62,22350,22350,Unsafe speed for prevailing conditions,FF,Bicycle Only,36462,2,2,50912,1
54004,85402,240195025.0,2024-03-27 14:46:00,2024 March 27,14:46:00,2024,March,Wednesday,2:01 pm to 6:00 pm,14.0,0,Afternoon,Spring,3801,1119,Southern,,22350,22350,Unsafe speed for prevailing conditions,AA,Vehicle(s) Only Involved,36463,2,1,57659,1
54005,31212,5769687.0,2012-07-03 14:50:00,2012 July 03,14:50:00,2012,July,Tuesday,2:01 pm to 6:00 pm,14.0,0,Afternoon,Summer,3801,02382,RICHM,3G29,22350,22350,Unsafe speed for prevailing conditions,AA,Vehicle(s) Only Involved,36464,2,2,57658,8
54006,84794,240039821.0,2024-01-18 18:00:00,2024 January 18,18:00:00,2024,January,Thursday,2:01 pm to 6:00 pm,18.0,0,Evening,Winter,3801,2147,Northern,Northern 4 Car,21801(b),"21801(a,b)",Violation of right-of-way - left turn,AA,Vehicle(s) Only Involved,36465,2,21,57603,1
54007,83049,230106769.0,2023-02-13 11:11:00,2023 February 13,11:11:00,2023,February,Monday,10:01 am to 2:00 pm,11.0,0,Morning,Winter,3801,1653,Ingleside,3H5A,21651(b),21651(b),Wrong way driving,AA,Vehicle(s) Only Involved,36466,3,2,57603,1
54008,16070,5762833.0,2012-07-13 13:50:00,2012 July 13,13:50:00,2012,July,Friday,10:01 am to 2:00 pm,13.0,0,Afternoon,Summer,3801,4116,,3B13C,22517,22517,Opening door on traffic side when unsafe,EE,Bicycle-Parked Car,36467,2,2,57617,1
54009,30352,5590043.0,2012-02-21 12:06:00,2012 February 21,12:06:00,2012,February,Tuesday,10:01 am to 2:00 pm,12.0,0,Afternoon,Winter,3801,1882,CENTR,3A61,22100(a),"22100(a,b)",Turn at intersection from wrong position,CC,Vehicle-Bicycle,34899,2,1,57581,1
54010,43046,5421064.0,2011-10-22 21:45:00,2011 October 22,21:45:00,2011,October,Saturday,6:01 pm to 10:00 pm,21.0,1,Night,Fall,3801,2389,G,3G13E,21658(a),"21658(a,b)",Lane straddling or failure to use specified lanes,AA,Vehicle(s) Only Involved,36468,2,3,57237,2
54011,23789,5563811.0,2012-07-14 06:19:00,2012 July 14,06:19:00,2012,July,Saturday,6:01 am to 10:00 am,6.0,1,Morning,Summer,3801,351,SOUTH,3B1A,22350,22350,Unsafe speed for prevailing conditions,AA,Vehicle(s) Only Involved,36469,2,1,57584,2
54012,1800,5584895.0,2012-02-19 19:17:00,2012 February 19,19:17:00,2012,February,Sunday,6:01 pm to 10:00 pm,19.0,1,Evening,Winter,3801,768,,,21950(a),"21950(a,c)",Driver or bicyclist to yield right-of-way at crosswalks,BB,Vehicle-Pedestrian,36470,2,12,57649,1
54013,6497,5303993.0,2011-08-06 02:58:00,2011 August 06,02:58:00,2011,August,Saturday,2:01 am to 6:00 am,2.0,1,Night,Summer,3801,2357,COH,3H11E,21651(b),21651(b),Wrong way driving,AA,Vehicle(s) Only Involved,36471,2,12,57576,1
54014,29375,5763678.0,2012-07-12 08:40:00,2012 July 12,08:40:00,2012,July,Thursday,6:01 am to 10:00 am,8.0,0,Morning,Summer,3801,000289,,,21950(a),"21950(a,c)",Driver or bicyclist to yield right-of-way at crosswalks,BB,Vehicle-Pedestrian,35723,2,1,57649,1
54015,82582,230550865.0,2023-08-05 13:34:00,2023 August 05,13:34:00,2023,August,Saturday,10:01 am to 2:00 pm,13.0,1,Afternoon,Summer,3801,1226,Southern,3B12A,Unknown,Unknown,Unknown,AA,Vehicle(s) Only Involved,33382,2,2,56679,1
54016,87407,240772855.0,2024-12-15 15:36:00,2024 December 15,15:36:00,2024,December,Sunday,2:01 pm to 6:00 pm,15.0,1,Afternoon,Winter,3801,1355,Taraval,I6,Unknown,Unknown,Unknown,AA,Vehicle(s) Only Involved,36472,2,2,57406,1
54017,78114,200004579.0,2020-01-02 18:01:00,2020 January 02,18:01:00,2020,January,Thursday,6:01 pm to 10:00 pm,18.0,0,Evening,Winter,3801,4314,Richmond,3G61,21456(c),"21456(a,c)",Pedestrian violation of walk or wait signals,BB,Vehicle-Pedestrian,36473,2,3,57622,4
54018,19617,5205343.0,2011-05-08 00:19:00,2011 May 08,00:19:00,2011,May,Sunday,10:01 pm to 2:00 am,0.0,1,Night,Spring,3801,001889,PARK/,3F14E,21200(a),21200(a),Bicycle riding - general rights and responsibilities,EE,Bicycle-Parked Car,36474,1,12,51996,2
54019,78124,200052465.0,2020-01-21 17:10:00,2020 January 21,17:10:00,2020,January,Tuesday,2:01 pm to 6:00 pm,17.0,0,Evening,Winter,3801,2107,Northern,3E13D,21453(a),"21453(a,c)",Red signal - driver or bicyclist responsibilities,AA,Vehicle(s) Only Involved,13623,4,13,57659,1
54020,83866,230695944.0,2023-09-27 18:05:00,2023 September 27,18:05:00,2023,September,Wednesday,6:01 pm to 10:00 pm,18.0,0,Evening,Fall,3801,2470,Central,3A13D,22350,22350,Unsafe speed for prevailing conditions,FF,Bicycle Only,36475,2,30,57341,1
54021,11248,5238891.0,2011-06-14 08:27:00,2011 June 14,08:27:00,2011,June,Tuesday,6:01 am to 10:00 am,8.0,0,Morning,Summer,3801,2226,D1,3D16A,21801(b),"21801(a,b)",Violation of right-of-way - left turn,CC,Vehicle-Bicycle,8944,2,1,57621,1
54022,32637,5209992.0,2011-04-26 01:15:00,2011 April 26,01:15:00,2011,April,Tuesday,10:01 pm to 2:00 am,1.0,0,Night,Spring,3801,002285,NORTH,3E15E,22107,22107,Unsafe turn or lane change prohibited,AA,Vehicle(s) Only Involved,36476,2,3,57607,3
54023,3244,5167195.0,2011-04-23 06:09:00,2011 April 23,06:09:00,2011,April,Saturday,6:01 am to 10:00 am,6.0,1,Morning,Spring,3801,1446,,,21453(a),"21453(a,c)",Red signal - driver or bicyclist responsibilities,AA,Vehicle(s) Only Involved,31743,2,1,57659,1
54024,54400,200762404.0,2020-12-18 17:34:00,2020 December 18,17:34:00,2020,December,Friday,2:01 pm to 6:00 pm,17.0,0,Evening,Winter,3801,#9,Central,3A13D,21804(a),"21804(a,b)",Entering highway from alley or driveway,AA,Vehicle(s) Only Involved,36477,2,3,57658,2
54025,31148,170029154.0,2017-01-11 17:03:00,2017 January 11,17:03:00,2017,January,Wednesday,2:01 pm to 6:00 pm,17.0,0,Evening,Winter,3801,1340,RICHMOND,3G12D,22106,22106,Unsafe starting or backing on highway,AA,Vehicle(s) Only Involved,36478,1,15,57660,1