collision_id,unique_id,case_id_pkey,collision_datetime,collision_date,collision_time,accident_year,month,day_of_week,time_cat,hour_of_day,is_weekend,time_of_day,season,juris,officer_id,reporting_district,beat_number,vz_pcf_code,vz_pcf_group,vz_pcf_description,dph_col_grp,dph_col_grp_description,location_id,weather_id,road_id,party_id,severity_id
55261,82599,230592271.0,2023-08-20 11:20:00,2023 August 20,11:20:00,2023,August,Sunday,10:01 am to 2:00 pm,11.0,1,Morning,Summer,3801,1343,Northern,NORT,21453(a),"21453(a,c)",Red signal - driver or bicyclist responsibilities,AA,Vehicle(s) Only Involved,37231,2,1,57659,14
55262,16247,5762357.0,2012-06-29 12:31:00,2012 June 29,12:31:00,2012,June,Friday,10:01 am to 2:00 pm,12.0,0,Afternoon,Summer,3801,2099,SOUTH,3B60,22107,22107,Unsafe turn or lane change prohibited,BB,Vehicle-Pedestrian,5804,2,2,57649,4
55263,85231,240100585.0,2024-02-14 22:26:00,2024 February 14,22:26:00,2024,February,Wednesday,10:01 pm to 2:00 am,22.0,0,Night,Winter,3801,96,Central,3A11E,22107,22107,Unsafe turn or lane change prohibited,BB,Vehicle-Pedestrian,38982,7,13,57649,1
55264,84147,230186971.0,2023-03-16 17:02:00,2023 March 16,17:02:00,2023,March,Thursday,2:01 pm to 6:00 pm,17.0,0,Evening,Spring,3801,158,Northern,3E14D,22107,22107,Unsafe turn or lane change prohibited,AA,Vehicle(s) Only Involved,36724,2,1,57660,1
55265,14995,5433873.0,2011-10-31 13:45:00,2011 October 31,13:45:00,2011,October,Monday,10:01 am to 2:00 pm,13.0,0,Afternoon,Fall,3801,000251,TRAFF,4C3,21804(a),"21804(a,b)",Entering highway from alley or driveway,AA,Vehicle(s) Only Involved,37233,2,2,57659,1
55266,87527,240760048.0,2024-12-09 12:12:00,2024 December 09,12:12:00,2024,December,Monday,10:01 am to 2:00 pm,12.0,0,Afternoon,Winter,3801,415,Park,3F13A,22107,22107,Unsafe turn or lane change prohibited,AA,Vehicle(s) Only Involved,37234,2,1,57659,2
55267,82056,230430740.0,2023-06-22 16:22:00,2023 June 22,16:22:00,2023,June,Thursday,2:01 pm to 6:00 pm,16.0,0,Afternoon,Summer,3801,1144,Richmond,3G13D,Unknown,Unknown,Unknown,AA,Vehicle(s) Only Involved,37235,2,1,57585,1
55268,25818,160619668.0,2016-08-01 16:08:00,2016 August 01,16:08:00,2016,August,Monday,2:01 pm to 6:00 pm,16.0,0,Afternoon,Summer,3801,4214,CENTRAL,4B8A,21453(d),21453(d),Red signal - pedestrian responsibilities,BB,Vehicle-Pedestrian,37236,8,146,55961,9
55269,42320,5668842.0,2012-03-14 13:15:00,2012 March 14,13:15:00,2012,March,Wednesday,10:01 am to 2:00 pm,13.0,0,Afternoon,Spring,3801,1913,RICHM,4B1G,21802(a),"21802(a,b)",Violation of right-of-way - entering through highway,AA,Vehicle(s) Only Involved,23217,4,16,57659,13
55270,20930,5762316.0,2012-06-07 00:55:00,2012 June 07,00:55:00,2012,June,Thursday,10:01 pm to 2:00 am,0.0,0,Night,Summer,3801,1770,NORTH,3E11E,21453(a),"21453(a,c)",Red signal - driver or bicyclist responsibilities,AA,Vehicle(s) Only Involved,28701,2,3,57659,3
55271,85291,240160404.0,2024-03-12 14:20:00,2024 March 12,14:20:00,2024,March,Tuesday,2:01 pm to 6:00 pm,14.0,0,Afternoon,Spring,3801,1900,Taraval,3I13A,22106,22106,Unsafe starting or backing on highway,AA,Vehicle(s) Only Involved,37237,2,2,57607,8
55272,7066,5364121.0,2011-08-31 08:58:00,2011 August 31,08:58:00,2011,August,Wednesday,6:01 am to 10:00 am,8.0,0,Morning,Summer,3801,1939,INGLE,3H61K,21453(d),21453(d),Red signal - pedestrian responsibilities,BB,Vehicle-Pedestrian,37238,2,1,57622,1
55273,15302,5477317.0,2011-12-04 03:15:00,2011 December 04,03:15:00,2011,December,Sunday,2:01 am to 6:00 am,3.0,1,Night,Winter,3801,1603,3B3E,,21658(a),"21658(a,b)",Lane straddling or failure to use specified lanes,AA,Vehicle(s) Only Involved,11964,2,3,57660,8
55274,23343,6049454.0,2012-10-22 10:15:00,2012 October 22,10:15:00,2012,October,Monday,10:01 am to 2:00 pm,10.0,0,Morning,Fall,3801,1572,SOUTH,3B1A,21950(a),"21950(a,c)",Driver or bicyclist to yield right-of-way at crosswalks,BB,Vehicle-Pedestrian,26893,2,16,57454,1
55275,31516,5294696.0,2011-08-22 08:30:00,2011 August 22,08:30:00,2011,August,Monday,6:01 am to 10:00 am,8.0,0,Morning,Summer,3801,191,RICHM,4BIG,22350,22350,Unsafe speed for prevailing conditions,AA,Vehicle(s) Only Involved,37239,1,1,57658,1
55276,86649,240599079.0,2024-09-23 15:02:00,2024 September 23,15:02:00,2024,September,Monday,2:01 pm to 6:00 pm,15.0,0,Afternoon,Fall,3801,1438,Ingleside,6 Car,23152(f),23152(a-g),Driving under influence of alcohol and/or drugs,AA,Vehicle(s) Only Involved,37240,2,1,57033,1
55277,85009,240157003.0,2024-03-11 05:10:00,2024 March 11,05:10:00,2024,March,Monday,2:01 am to 6:00 am,5.0,0,Morning,Spring,3801,4347,Taraval,3I11E,21954(a),21954(a),Pedestrians must yield right-of-way outside of crosswalks,BB,Vehicle-Pedestrian,37241,2,29,57622,4
55278,36848,5737628.0,2012-05-17 14:35:00,2012 May 17,14:35:00,2012,May,Thursday,2:01 pm to 6:00 pm,14.0,0,Afternoon,Spring,3801,2364,3I,3116,20002(a),"20002(a,b)","Hit and run, property damage",AA,Vehicle(s) Only Involved,37242,2,1,57603,3
55279,24598,5472502.0,2011-12-15 13:38:00,2011 December 15,13:38:00,2011,December,Thursday,10:01 am to 2:00 pm,13.0,0,Afternoon,Winter,3801,2466,TENDE,3J11A,21950(b),21950(b),Pedestrian suddenly entering into vehicle path close enough to create an immediate hazard,BB,Vehicle-Pedestrian,11866,1,1,57622,1
55280,83760,230654489.0,2023-09-12 15:37:00,2023 September 12,15:37:00,2023,September,Tuesday,2:01 pm to 6:00 pm,15.0,0,Afternoon,Fall,3801,1414,Mission,3D16D,21755(a),21755(a),Unsafe passing on right shoulder,AA,Vehicle(s) Only Involved,37243,2,45,57660,2
55281,44941,5590739.0,2012-02-05 07:05:00,2012 February 05,07:05:00,2012,February,Sunday,6:01 am to 10:00 am,7.0,1,Morning,Winter,3801,84,3G3A,COG,21801(a),"21801(a,b)",Violation of right-of-way - left turn,CC,Vehicle-Bicycle,37244,2,2,57639,2
55282,44141,6058849.0,2012-03-03 15:45:00,2012 March 03,15:45:00,2012,March,Saturday,2:01 pm to 6:00 pm,15.0,1,Afternoon,Spring,3801,2145,RICHM,4B3G,22106,22106,Unsafe starting or backing on highway,CC,Vehicle-Bicycle,39134,2,1,57581,2
55283,83647,230604882.0,2023-08-24 20:54:00,2023 August 24,20:54:00,2023,August,Thursday,6:01 pm to 10:00 pm,20.0,0,Evening,Summer,3801,1148,Mission,3D15D,22106,22106,Unsafe starting or backing on highway,BB,Vehicle-Pedestrian,37246,2,34,57476,1
55284,52378,200152253.0,2020-02-29 10:22:00,2020 February 29,10:22:00,2020,February,Saturday,10:01 am to 2:00 pm,10.0,1,Morning,Winter,3801,1917,Taraval,3I16A,22106,22106,Unsafe starting or backing on highway,AA,Vehicle(s) Only Involved,37247,2,2,57654,1
55285,21727,5334769.0,2011-09-03 20:35:00,2011 September 03,20:35:00,2011,September,Saturday,6:01 pm to 10:00 pm,20.0,1,Evening,Fall,3801,1353,COE,3E76,21453(a),"21453(a,c)",Red signal - driver or bicyclist responsibilities,AA,Vehicle(s) Only Involved,39469,1,3,57659,8
55286,87561,240764761.0,2024-12-11 12:41:00,2024 December 11,12:41:00,2024,December,Wednesday,10:01 am to 2:00 pm,12.0,0,Afternoon,Winter,3801,2395,Southern,3B14A,22107,22107,Unsafe turn or lane change prohibited,CC,Vehicle-Bicycle,40102,2,1,57581,1
55287,84729,240014679.0,2024-01-07 13:44:00,2024 January 07,13:44:00,2024,January,Sunday,10:01 am to 2:00 pm,13.0,1,Afternoon,Winter,3801,2180,Bayview,3C15A,21801(a),"21801(a,b)",Violation of right-of-way - left turn,AA,Vehicle(s) Only Involved,37249,2,2,57659,1
55288,20289,6046481.0,2012-12-24 11:00:00,2012 December 24,11:00:00,2012,December,Monday,10:01 am to 2:00 pm,11.0,0,Morning,Winter,3801,2310,NORTH,3E3C,21954(a),21954(a),Pedestrians must yield right-of-way outside of crosswalks,BB,Vehicle-Pedestrian,37250,2,2,57622,2
55289,18706,5153863.0,2011-04-05 15:30:00,2011 April 05,15:30:00,2011,April,Tuesday,2:01 pm to 6:00 pm,15.0,0,Afternoon,Spring,3801,1887,SOUTH,4B7B,21955,21955,Crossing between controlled intersections (Jaywalking),BB,Vehicle-Pedestrian,37251,2,2,57622,1
55290,12240,5285563.0,2011-07-26 17:21:00,2011 July 26,17:21:00,2011,July,Tuesday,2:01 pm to 6:00 pm,17.0,0,Evening,Summer,3801,2276,MISSI,3D13D,21453(a),"21453(a,c)",Red signal - driver or bicyclist responsibilities,AA,Vehicle(s) Only Involved,10764,2,1,57659,1
55291,5573,5678694.0,2012-03-19 17:43:00,2012 March 19,17:43:00,2012,March,Monday,2:01 pm to 6:00 pm,17.0,0,Evening,Spring,3801,2311,BAYVI,3C12D,22107,22107,Unsafe turn or lane change prohibited,AA,Vehicle(s) Only Involved,36341,2,1,57659,8
55292,13620,5328291.0,2011-09-19 10:25:00,2011 September 19,10:25:00,2011,September,Monday,10:01 am to 2:00 pm,10.0,0,Morning,Fall,3801,740,,4C2,22350,22350,Unsafe speed for prevailing conditions,AA,Vehicle(s) Only Involved,37252,2,1,57658,1
55293,20429,5432589.0,2011-11-24 00:18:00,2011 November 24,00:18:00,2011,November,Thursday,10:01 pm to 2:00 am,0.0,0,Night,Fall,3801,275,NORTH,3E11E,21453(a),"21453(a,c)",Red signal - driver or bicyclist responsibilities,AA,Vehicle(s) Only Involved,1395,2,3,57659,1
55294,28429,5130292.0,2011-03-25 20:33:00,2011 March 25,20:33:00,2011,March,Friday,6:01 pm to 10:00 pm,20.0,0,Evening,Spring,3801,1765,A,12D,21950(a),"21950(a,c)",Driver or bicyclist to yield right-of-way at crosswalks,BB,Vehicle-Pedestrian,36874,4,13,57649,1
55295,82180,230139340.0,2023-02-26 04:14:00,2023 February 26,04:14:00,2023,February,Sunday,2:01 am to 6:00 am,4.0,1,Night,Winter,3801,2035,Mission,3D16E,22107,22107,Unsafe turn or lane change prohibited,AA,Vehicle(s) Only Involved,37253,2,3,57659,1
55296,39106,5274403.0,2011-07-05 15:08:00,2011 July 05,15:08:00,2011,July,Tuesday,2:01 pm to 6:00 pm,15.0,0,Afternoon,Summer,3801,2364,,,20002(a),"20002(a,b)","Hit and run, property damage",AA,Vehicle(s) Only Involved,37254,2,8,57660,1
55297,34467,170228209.0,2017-03-20 06:15:00,2017 March 20,06:15:00,2017,March,Monday,6:01 am to 10:00 am,6.0,0,Morning,Spring,3801,2452,CENTRAL,3A70A,21453(a),"21453(a,c)",Red signal - driver or bicyclist responsibilities,AA,Vehicle(s) Only Involved,11491,2,3,57659,4
55298,16775,5681026.0,2012-03-24 11:45:00,2012 March 24,11:45:00,2012,March,Saturday,10:01 am to 2:00 pm,11.0,1,Morning,Spring,3801,2082,NORTH,3E62,Unknown,Unknown,Unknown,CC,Vehicle-Bicycle,37255,4,4,56954,1
55299,2486,5680559.0,2012-03-24 10:33:00,2012 March 24,10:33:00,2012,March,Saturday,10:01 am to 2:00 pm,10.0,1,Morning,Spring,3801,4214,BAYVI,3C5A,21802(a),"21802(a,b)",Violation of right-of-way - entering through highway,AA,Vehicle(s) Only Involved,27947,4,16,57659,8
55300,78062,200016950.0,2020-01-07 15:55:00,2020 January 07,15:55:00,2020,January,Tuesday,2:01 pm to 6:00 pm,15.0,0,Afternoon,Winter,3801,1571,Mission,3D41D,21950(a),"21950(a,c)",Driver or bicyclist to yield right-of-way at crosswalks,BB,Vehicle-Pedestrian,37256,2,2,57649,1
55301,77948,200090465.0,2020-02-05 16:00:00,2020 February 05,16:00:00,2020,February,Wednesday,2:01 pm to 6:00 pm,16.0,0,Afternoon,Winter,3801,302,Northern,3E14D,unknown,Unknown,Unknown,CC,Vehicle-Bicycle,37257,2,2,55448,1
55302,34374,5668866.0,2012-03-19 15:02:00,2012 March 19,15:02:00,2012,March,Monday,2:01 pm to 6:00 pm,15.0,0,Afternoon,Spring,3801,1882,CENTR,3A61,21950(a),"21950(a,c)",Driver or bicyclist to yield right-of-way at crosswalks,BB,Vehicle-Pedestrian,13336,2,1,57649,1
55303,83532,230553615.0,2023-08-06 15:45:00,2023 August 06,15:45:00,2023,August,Sunday,2:01 pm to 6:00 pm,15.0,1,Afternoon,Summer,3801,1666,Park,4-Car,21950(a),"21950(a,c)",Driver or bicyclist to yield right-of-way at crosswalks,BB,Vehicle-Pedestrian,34995,2,1,57649,1
55304,19866,5254308.0,2011-06-24 14:38:00,2011 June 24,14:38:00,2011,June,Friday,2:01 pm to 6:00 pm,14.0,0,Afternoon,Summer,3801,577,,4B5F,22350,22350,Unsafe speed for prevailing conditions,AA,Vehicle(s) Only Involved,37258,2,1,57658,1
55305,40860,5590062.0,2012-02-08 15:15:00,2012 February 08,15:15:00,2012,February,Wednesday,2:01 pm to 6:00 pm,15.0,0,Afternoon,Winter,3801,111,,4BIG,22450(a),22450(a),Failure to stop at STOP sign,CC,Vehicle-Bicycle,22087,2,2,57621,1
55306,10357,5590019.0,2012-02-23 16:10:00,2012 February 23,16:10:00,2012,February,Thursday,2:01 pm to 6:00 pm,16.0,0,Afternoon,Winter,3801,2060,,3D13D,22450(a),22450(a),Failure to stop at STOP sign,BB,Vehicle-Pedestrian,16171,2,1,57476,1
55307,35893,5351950.0,2011-09-09 09:26:00,2011 September 09,09:26:00,2011,September,Friday,6:01 am to 10:00 am,9.0,0,Morning,Fall,3801,1324,,360,22106,22106,Unsafe starting or backing on highway,BB,Vehicle-Pedestrian,37259,2,2,57649,1
55308,23375,5732765.0,2012-04-26 16:38:00,2012 April 26,16:38:00,2012,April,Thursday,2:01 pm to 6:00 pm,16.0,0,Afternoon,Spring,3801,2318,SOUTH,3B1C,21801(a),"21801(a,b)",Violation of right-of-way - left turn,AA,Vehicle(s) Only Involved,6979,2,1,57659,14
55309,16312,5739505.0,2012-06-06 07:18:00,2012 June 06,07:18:00,2012,June,Wednesday,6:01 am to 10:00 am,7.0,0,Morning,Summer,3801,2099,,03B,Unknown,Unknown,Unknown,CC,Vehicle-Bicycle,36903,2,2,57614,1
55310,11671,5590768.0,2012-02-02 17:15:00,2012 February 02,17:15:00,2012,February,Thursday,2:01 pm to 6:00 pm,17.0,0,Evening,Winter,3801,1821,MISSI,4B3D,22350,22350,Unsafe speed for prevailing conditions,AA,Vehicle(s) Only Involved,33022,2,1,57658,1
55311,44672,5107234.0,2011-03-03 08:05:00,2011 March 03,08:05:00,2011,March,Thursday,6:01 am to 10:00 am,8.0,0,Morning,Spring,3801,991,,4BIG,22517,22517,Opening door on traffic side when unsafe,EE,Bicycle-Parked Car,37260,7,4,55217,1
55312,43874,5272705.0,2011-07-12 06:50:00,2011 July 12,06:50:00,2011,July,Tuesday,6:01 am to 10:00 am,6.0,0,Morning,Summer,3801,1054,RICH,004,22350,22350,Unsafe speed for prevailing conditions,AA,Vehicle(s) Only Involved,37261,4,16,57658,1
55313,78211,200042171.0,2020-01-17 14:49:00,2020 January 17,14:49:00,2020,January,Friday,2:01 pm to 6:00 pm,14.0,0,Afternoon,Winter,3801,4361,Mission,3D11A,22107,22107,Unsafe turn or lane change prohibited,CC,Vehicle-Bicycle,36258,2,1,57581,2
55314,28937,5328385.0,2011-09-26 13:15:00,2011 September 26,13:15:00,2011,September,Monday,10:01 am to 2:00 pm,13.0,0,Afternoon,Fall,3801,2260,NORTH,3E14C,22106,22106,Unsafe starting or backing on highway,BB,Vehicle-Pedestrian,37262,2,2,57649,1
55315,78264,200002517.0,2020-01-01 21:35:00,2020 January 01,21:35:00,2020,January,Wednesday,6:01 pm to 10:00 pm,21.0,0,Night,Winter,3801,255,Ingleside,3H11E,21703,21703,Following too closely prohibited,AA,Vehicle(s) Only Involved,37263,2,3,57658,2
55316,86582,240585799.0,2024-09-17 18:16:00,2024 September 17,18:16:00,2024,September,Tuesday,6:01 pm to 10:00 pm,18.0,0,Evening,Fall,3801,2192,Mission,3D13D,21460(a),"21460(a,b)",Improper turns over double lines or solid lines to right prohibited,AA,Vehicle(s) Only Involved,37264,2,2,57660,2
55317,31348,5584896.0,2012-02-14 21:58:00,2012 February 14,21:58:00,2012,February,Tuesday,6:01 pm to 10:00 pm,21.0,0,Night,Winter,3801,814,,,22107,22107,Unsafe turn or lane change prohibited,AA,Vehicle(s) Only Involved,37265,2,13,57658,17
55318,34630,5762399.0,2012-06-18 18:07:00,2012 June 18,18:07:00,2012,June,Monday,6:01 pm to 10:00 pm,18.0,0,Evening,Summer,3801,2082,NORTH,3E62,21453(a),"21453(a,c)",Red signal - driver or bicyclist responsibilities,AA,Vehicle(s) Only Involved,36142,2,1,57659,1
55319,86775,240604979.0,2024-09-25 21:19:00,2024 September 25,21:19:00,2024,September,Wednesday,6:01 pm to 10:00 pm,21.0,0,Night,Fall,3801,1480,Mission,,21801(a),"21801(a,b)",Violation of right-of-way - left turn,AA,Vehicle(s) Only Involved,37266,2,12,57564,8
55320,10756,5826723.0,2012-07-26 14:25:00,2012 July 26,14:25:00,2012,July,Thursday,2:01 pm to 6:00 pm,14.0,0,Afternoon,Summer,3801,A09611,,3D43A,21703,21703,Following too closely prohibited,AA,Vehicle(s) Only Involved,37267,2,2,57557,1
55321,82239,230645262.0,2023-09-08 23:08:00,2023 September 08,23:08:00,2023,September,Friday,10:01 pm to 2:00 am,23.0,0,Night,Fall,3801,2457,Southern,3B14E,22517,22517,Opening door on traffic side when unsafe,AA,Vehicle(s) Only Involved,37268,2,3,52108,2
55322,87455,240784587.0,2024-12-21 17:47:00,2024 December 21,17:47:00,2024,December,Saturday,2:01 pm to 6:00 pm,17.0,1,Evening,Winter,3801,230,Tenderloin,3J11D,21950(a),"21950(a,c)",Driver or bicyclist to yield right-of-way at crosswalks,BB,Vehicle-Pedestrian,5758,4,13,57649,2
55323,53019,200353376.0,2020-06-11 21:03:00,2020 June 11,21:03:00,2020,June,Thursday,6:01 pm to 10:00 pm,21.0,0,Night,Summer,3801,2017,Mission,3D41D,22450(a),22450(a),Failure to stop at STOP sign,CC,Vehicle-Bicycle,37269,2,3,56247,1
55324,53004,200343032.0,2020-06-06 18:25:00,2020 June 06,18:25:00,2020,June,Saturday,6:01 pm to 10:00 pm,18.0,1,Evening,Summer,3801,307,Ingleside,3H16D,21801(a),"21801(a,b)",Violation of right-of-way - left turn,AA,Vehicle(s) Only Involved,37270,2,2,57659,1
55325,77968,200106131.0,2020-02-11 18:04:00,2020 February 11,18:04:00,2020,February,Tuesday,6:01 pm to 10:00 pm,18.0,0,Evening,Winter,3801,2315,Ingleside,3H15D,21950(a),"21950(a,c)",Driver or bicyclist to yield right-of-way at crosswalks,BB,Vehicle-Pedestrian,36339,2,3,57649,1
55326,84435,230805864.0,2023-11-12 18:12:00,2023 November 12,18:12:00,2023,November,Sunday,6:01 pm to 10:00 pm,18.0,1,Evening,Fall,3801,933,Ingleside,H5,21954(a),21954(a),Pedestrians must yield right-of-way outside of crosswalks,BB,Vehicle-Pedestrian,37271,2,3,57622,2
55327,53517,200532188.0,2020-09-04 08:30:00,2020 September 04,08:30:00,2020,September,Friday,6:01 am to 10:00 am,8.0,0,Morning,Fall,3801,2310,Northern,3E13A,22107,22107,Unsafe turn or lane change prohibited,AA,Vehicle(s) Only Involved,37272,2,1,57660,2
55328,15073,5108826.0,2011-03-24 08:11:00,2011 March 24,08:11:00,2011,March,Thursday,6:01 am to 10:00 am,8.0,0,Morning,Spring,3801,3801,SOUTH,3B60,21453(a),"21453(a,c)",Red signal - driver or bicyclist responsibilities,AA,Vehicle(s) Only Involved,6910,7,16,57659,13
55329,26263,6046934.0,2012-11-01 15:35:00,2012 November 01,15:35:00,2012,November,Thursday,2:01 pm to 6:00 pm,15.0,0,Afternoon,Fall,3801,1515,A,3A66,21950(a),"21950(a,c)",Driver or bicyclist to yield right-of-way at crosswalks,BB,Vehicle-Pedestrian,37273,2,1,57649,1
55330,84615,230908123.0,2023-12-29 22:34:00,2023 December 29,22:34:00,2023,December,Friday,10:01 pm to 2:00 am,22.0,0,Night,Winter,3801,1873,Bayview,3C11E,22450(a),22450(a),Failure to stop at STOP sign,AA,Vehicle(s) Only Involved,36321,4,110,57659,8
55331,87554,240801084.0,2024-12-31 13:41:00,2024 December 31,13:41:00,2024,December,Tuesday,10:01 am to 2:00 pm,13.0,0,Afternoon,Winter,3801,1689,Southern,3B13A,21950(b),"21950(b, e(2))",Pedestrian suddenly entering into vehicle path close enough to create an immediate hazard,BB,Vehicle-Pedestrian,37274,2,12,56446,2
55332,82083,230149452.0,2023-02-27 21:55:00,2023 February 27,21:55:00,2023,February,Monday,6:01 pm to 10:00 pm,21.0,0,Night,Winter,3801,492,Southern,3B15A,Unknown,Unknown,Unknown,AA,Vehicle(s) Only Involved,37275,4,7,56623,1
55333,86545,240572821.0,2024-09-11 20:13:00,2024 September 11,20:13:00,2024,September,Wednesday,6:01 pm to 10:00 pm,20.0,0,Evening,Fall,3801,1246,Bayview,3C15D,22450(a),22450(a),Failure to stop at STOP sign,AA,Vehicle(s) Only Involved,37276,2,3,57659,1
55334,28955,140165562.0,2014-02-25 15:30:00,2014 February 25,15:30:00,2014,February,Tuesday,2:01 pm to 6:00 pm,15.0,0,Afternoon,Winter,3801,1766,NORTHERN,4K3C,21950(b),21950(b),Pedestrian suddenly entering into vehicle path close enough to create an immediate hazard,BB,Vehicle-Pedestrian,36662,2,1,57622,1
55335,10367,5197830.0,2011-05-28 02:58:00,2011 May 28,02:58:00,2011,May,Saturday,2:01 am to 6:00 am,2.0,1,Night,Spring,3801,A07062,MISSI,3D60,21658(a),"21658(a,b)",Lane straddling or failure to use specified lanes,AA,Vehicle(s) Only Involved,37277,2,3,57660,1
55336,87537,240771374.0,2024-12-14 18:22:00,2024 December 14,18:22:00,2024,December,Saturday,6:01 pm to 10:00 pm,18.0,1,Evening,Winter,3801,424,Northern,3E11C,21663,21663,Operating vehicle or bicycle on sidewalk prohibited,BB,Vehicle-Pedestrian,37278,2,13,57459,4
55337,4348,5429691.0,2011-11-20 15:30:00,2011 November 20,15:30:00,2011,November,Sunday,2:01 pm to 6:00 pm,15.0,1,Afternoon,Fall,3801,1043,INGLE,4B1H,21453(a),"21453(a,c)",Red signal - driver or bicyclist responsibilities,AA,Vehicle(s) Only Involved,32334,4,16,57659,13
55338,33694,6068111.0,2012-08-20 18:49:00,2012 August 20,18:49:00,2012,August,Monday,6:01 pm to 10:00 pm,18.0,0,Evening,Summer,3801,1882,CENTR,3A61,21801(a),"21801(a,b)",Violation of right-of-way - left turn,CC,Vehicle-Bicycle,33020,2,2,57581,2
55339,85356,240192639.0,2024-03-26 15:54:00,2024 March 26,15:54:00,2024,March,Tuesday,2:01 pm to 6:00 pm,15.0,0,Afternoon,Spring,3801,2727,Ingleside,3H13D,21950(a),"21950(a,c)",Driver or bicyclist to yield right-of-way at crosswalks,BB,Vehicle-Pedestrian,37279,2,1,57649,2
55340,84093,230776475.0,2023-10-30 17:21:00,2023 October 30,17:21:00,2023,October,Monday,2:01 pm to 6:00 pm,17.0,0,Evening,Fall,3801,1057,Southern,3B13D,21663,21663,Operating vehicle or bicycle on sidewalk prohibited,FF,Bicycle Only,36251,2,24,57253,4
55341,37686,150948819.0,2015-10-30 15:00:00,2015 October 30,15:00:00,2015,October,Friday,2:01 pm to 6:00 pm,15.0,0,Afternoon,Fall,3801,1053,TARAVAL,3I11A,Unknown,Unknown,Unknown,AA,Vehicle(s) Only Involved,37280,2,2,57274,8
55342,3874,5410276.0,2011-10-18 21:10:00,2011 October 18,21:10:00,2011,October,Tuesday,6:01 pm to 10:00 pm,21.0,0,Night,Fall,3801,001867,,,21658(a),"21658(a,b)",Lane straddling or failure to use specified lanes,AA,Vehicle(s) Only Involved,37281,2,215,57660,8
55343,82827,230399908.0,2023-06-10 14:55:00,2023 June 10,14:55:00,2023,June,Saturday,2:01 pm to 6:00 pm,14.0,1,Afternoon,Summer,3801,4274,Richmond,3G13C,22107,22107,Unsafe turn or lane change prohibited,AA,Vehicle(s) Only Involved,37282,2,1,57659,1
55344,10110,5351965.0,2011-09-14 22:05:00,2011 September 14,22:05:00,2011,September,Wednesday,10:01 pm to 2:00 am,22.0,0,Night,Fall,3801,4084,,,21801(a),"21801(a,b)",Violation of right-of-way - left turn,CC,Vehicle-Bicycle,7617,2,3,57390,1
55345,23933,6059117.0,2012-10-24 20:45:00,2012 October 24,20:45:00,2012,October,Wednesday,6:01 pm to 10:00 pm,20.0,0,Evening,Fall,3801,1078,B,SOUTHE,Unknown,Unknown,Unknown,CC,Vehicle-Bicycle,10247,1,3,57655,1
55346,82185,230451031.0,2023-06-30 09:24:00,2023 June 30,09:24:00,2023,June,Friday,6:01 am to 10:00 am,9.0,0,Morning,Summer,3801,2707,Taraval,2 CAR,Unknown,Unknown,Unknown,FF,Bicycle Only,37283,2,350,57556,4
55347,53445,200513047.0,2020-08-26 06:52:00,2020 August 26,06:52:00,2020,August,Wednesday,6:01 am to 10:00 am,6.0,0,Morning,Summer,3801,2085,Northern,3E13A,22101(d),22101(d),Violating special traffic control markers,AA,Vehicle(s) Only Involved,22588,2,1,57659,8
55348,53609,200582042.0,2020-09-27 15:42:00,2020 September 27,15:42:00,2020,September,Sunday,2:01 pm to 6:00 pm,15.0,1,Afternoon,Fall,3801,1239,Mission,1 CAR,21801(a),"21801(a,b)",Violation of right-of-way - left turn,AA,Vehicle(s) Only Involved,40568,2,1,57564,8
55349,12973,5449763.0,2011-12-01 18:18:00,2011 December 01,18:18:00,2011,December,Thursday,6:01 pm to 10:00 pm,18.0,0,Evening,Winter,3801,4000,PARK,3F13D,22350,22350,Unsafe speed for prevailing conditions,BB,Vehicle-Pedestrian,37284,2,12,57649,1
55350,4211,5484064.0,2012-01-07 19:15:00,2012 January 07,19:15:00,2012,January,Saturday,6:01 pm to 10:00 pm,19.0,1,Evening,Winter,3801,2111,10720,4B4H,22350,22350,Unsafe speed for prevailing conditions,AA,Vehicle(s) Only Involved,12150,2,3,57659,1
55351,39988,5774635.0,2012-07-05 17:00:00,2012 July 05,17:00:00,2012,July,Thursday,2:01 pm to 6:00 pm,17.0,0,Evening,Summer,3801,4200,TARAV,3113D,22350,22350,Unsafe speed for prevailing conditions,DD,Bicycle-Pedestrian,37285,2,2,57463,2
55352,84151,230443737.0,2023-06-27 09:35:00,2023 June 27,09:35:00,2023,June,Tuesday,6:01 am to 10:00 am,9.0,0,Morning,Summer,3801,2039,Taraval,5,21460(a),"21460(a,b)",Improper turns over double lines or solid lines to right prohibited,AA,Vehicle(s) Only Involved,37286,1,20,57660,1
55353,25466,5319693.0,2011-09-24 17:59:00,2011 September 24,17:59:00,2011,September,Saturday,2:01 pm to 6:00 pm,17.0,1,Evening,Fall,3801,001000,,,22107,22107,Unsafe turn or lane change prohibited,AA,Vehicle(s) Only Involved,37287,2,45,57660,1
55354,87426,240778118.0,2024-12-18 06:55:00,2024 December 18,06:55:00,2024,December,Wednesday,6:01 am to 10:00 am,6.0,0,Morning,Winter,3801,1513,Richmond,RICHMOND,22107,22107,Unsafe turn or lane change prohibited,BB,Vehicle-Pedestrian,35922,2,33,57649,1