collision_id,unique_id,case_id_pkey,collision_datetime,collision_date,collision_time,accident_year,month,day_of_week,time_cat,hour_of_day,is_weekend,time_of_day,season,juris,officer_id,reporting_district,beat_number,vz_pcf_code,vz_pcf_group,vz_pcf_description,dph_col_grp,dph_col_grp_description,location_id,weather_id,road_id,party_id,severity_id
55355,4023,5433521.0,2011-11-03 10:54:00,2011 November 03,10:54:00,2011,November,Thursday,10:01 am to 2:00 pm,10.0,0,Morning,Fall,3801,03007,INGLE,3H12A,22350,22350,Unsafe speed for prevailing conditions,AA,Vehicle(s) Only Involved,22079,1,1,57659,1
55356,15536,6054393.0,2012-12-11 21:20:00,2012 December 11,21:20:00,2012,December,Tuesday,6:01 pm to 10:00 pm,21.0,0,Night,Winter,3801,2258,SOUTH,B14,21650.1,21650.1,Bicycle to travel in same direction as vehicles,CC,Vehicle-Bicycle,38348,4,13,57616,1
55357,39766,6059046.0,2012-10-25 07:45:00,2012 October 25,07:45:00,2012,October,Thursday,6:01 am to 10:00 am,7.0,0,Morning,Fall,3801,001918,TARAV,313A,22350,22350,Unsafe speed for prevailing conditions,CC,Vehicle-Bicycle,37288,4,4,57390,1
55358,35506,131050732.0,2013-12-14 13:05:00,2013 December 14,13:05:00,2013,December,Saturday,10:01 am to 2:00 pm,13.0,1,Afternoon,Winter,3801,1342,,3E5C,Unknown,Unknown,Unknown,CC,Vehicle-Bicycle,37289,2,2,57468,1
55359,43437,5303230.0,2011-08-26 07:53:00,2011 August 26,07:53:00,2011,August,Friday,6:01 am to 10:00 am,7.0,0,Morning,Summer,3801,2145,RICHM,4B3G,21950(a),"21950(a,c)",Driver or bicyclist to yield right-of-way at crosswalks,BB,Vehicle-Pedestrian,37290,2,1,57649,1
55360,26677,5325041.0,2011-08-28 12:07:00,2011 August 28,12:07:00,2011,August,Sunday,10:01 am to 2:00 pm,12.0,1,Afternoon,Summer,3801,001755,,3B1C,22350,22350,Unsafe speed for prevailing conditions,AA,Vehicle(s) Only Involved,37291,2,2,57658,8
55361,25872,6049340.0,2012-12-02 17:17:00,2012 December 02,17:17:00,2012,December,Sunday,2:01 pm to 6:00 pm,17.0,1,Evening,Winter,3801,1882,CENTR,3A3C,22106,22106,Unsafe starting or backing on highway,BB,Vehicle-Pedestrian,37292,2,29,57649,1
55362,44323,5347744.0,2011-09-21 15:19:00,2011 September 21,15:19:00,2011,September,Wednesday,2:01 pm to 6:00 pm,15.0,0,Afternoon,Fall,3801,1664,RICHM,3G44C,22450(a),22450(a),Failure to stop at STOP sign,CC,Vehicle-Bicycle,11508,1,1,57621,2
55363,32638,5748136.0,2012-06-04 07:34:00,2012 June 04,07:34:00,2012,June,Monday,6:01 am to 10:00 am,7.0,0,Morning,Summer,3801,100,3E,3E15A,21453(a),"21453(a,c)",Red signal - driver or bicyclist responsibilities,AA,Vehicle(s) Only Involved,36476,7,16,57659,1
55364,12839,5590061.0,2012-02-20 15:20:00,2012 February 20,15:20:00,2012,February,Monday,2:01 pm to 6:00 pm,15.0,0,Afternoon,Winter,3801,002122,D,4B4D,21453(a),"21453(a,c)",Red signal - driver or bicyclist responsibilities,AA,Vehicle(s) Only Involved,34654,2,1,57585,3
55365,20166,5763836.0,2012-07-25 20:17:00,2012 July 25,20:17:00,2012,July,Wednesday,6:01 pm to 10:00 pm,20.0,0,Evening,Summer,3801,000891,,3B60,21703,21703,Following too closely prohibited,AA,Vehicle(s) Only Involved,37293,2,33,57658,2
55366,22650,5776447.0,2012-07-12 10:55:00,2012 July 12,10:55:00,2012,July,Thursday,10:01 am to 2:00 pm,10.0,0,Morning,Summer,3801,004149,,PARK,21658(a),"21658(a,b)",Lane straddling or failure to use specified lanes,CC,Vehicle-Bicycle,37294,2,25,57390,1
55367,25462,6049469.0,2012-10-20 06:30:00,2012 October 20,06:30:00,2012,October,Saturday,6:01 am to 10:00 am,6.0,1,Morning,Fall,3801,1439,TENER,003,22106,22106,Unsafe starting or backing on highway,BB,Vehicle-Pedestrian,37295,2,12,57649,1
55368,756,5116264.0,2011-03-09 19:00:00,2011 March 09,19:00:00,2011,March,Wednesday,6:01 pm to 10:00 pm,19.0,0,Evening,Spring,3801,111,,,21950(a),"21950(a,c)",Driver or bicyclist to yield right-of-way at crosswalks,BB,Vehicle-Pedestrian,37296,2,3,57649,1
55369,10276,5737863.0,2012-05-07 13:00:00,2012 May 07,13:00:00,2012,May,Monday,10:01 am to 2:00 pm,13.0,0,Afternoon,Spring,3801,1151,MISSI,3D13C,21950(b),21950(b),Pedestrian suddenly entering into vehicle path close enough to create an immediate hazard,BB,Vehicle-Pedestrian,30050,2,2,57622,2
55370,17361,5682547.0,2012-03-27 08:12:00,2012 March 27,08:12:00,2012,March,Tuesday,6:01 am to 10:00 am,8.0,0,Morning,Spring,3801,747,,,21658(a),"21658(a,b)",Lane straddling or failure to use specified lanes,AA,Vehicle(s) Only Involved,8469,7,16,57603,8
55371,14710,5208230.0,2011-05-11 18:53:00,2011 May 11,18:53:00,2011,May,Wednesday,6:01 pm to 10:00 pm,18.0,0,Evening,Spring,3801,2131,SOUTH,4B5B,Unknown,Unknown,Unknown,AA,Vehicle(s) Only Involved,37297,2,2,57406,1
55372,44823,5116271.0,2011-03-08 11:55:00,2011 March 08,11:55:00,2011,March,Tuesday,10:01 am to 2:00 pm,11.0,0,Morning,Spring,3801,991,,,21453(a),"21453(a,c)",Red signal - driver or bicyclist responsibilities,AA,Vehicle(s) Only Involved,37298,1,1,57659,11
55373,81893,230281004.0,2023-04-23 02:32:00,2023 April 23,02:32:00,2023,April,Sunday,2:01 am to 6:00 am,2.0,1,Night,Spring,3801,709,Bayview,3C11E,22350,22350,Unsafe speed for prevailing conditions,BB,Vehicle-Pedestrian,37299,2,12,57649,1
55374,7081,5142913.0,2011-04-09 14:34:00,2011 April 09,14:34:00,2011,April,Saturday,2:01 pm to 6:00 pm,14.0,1,Afternoon,Spring,3801,1043,INGEL,3H62,22350,22350,Unsafe speed for prevailing conditions,AA,Vehicle(s) Only Involved,37300,2,1,57658,8
55375,22029,5281342.0,2011-07-05 03:59:00,2011 July 05,03:59:00,2011,July,Tuesday,2:01 am to 6:00 am,3.0,0,Night,Summer,3801,2346,E,002,22107,22107,Unsafe turn or lane change prohibited,BB,Vehicle-Pedestrian,3071,2,3,57649,1
55376,36468,150413226.0,2015-05-12 14:26:00,2015 May 12,14:26:00,2015,May,Tuesday,2:01 pm to 6:00 pm,14.0,0,Afternoon,Spring,3801,1380,TARAVAL,3I16A,22350,22350,Unsafe speed for prevailing conditions,CC,Vehicle-Bicycle,37908,2,2,57581,2
55377,24730,5281340.0,2011-07-30 16:15:00,2011 July 30,16:15:00,2011,July,Saturday,2:01 pm to 6:00 pm,16.0,1,Afternoon,Summer,3801,1065,TENDE,3J2D,21717,21717,Turning across bicycle lane,CC,Vehicle-Bicycle,33366,2,1,57614,2
55378,35149,5154438.0,2011-03-27 20:05:00,2011 March 27,20:05:00,2011,March,Sunday,6:01 pm to 10:00 pm,20.0,1,Evening,Spring,3801,767,E,3A150,21950(a),"21950(a,c)",Driver or bicyclist to yield right-of-way at crosswalks,BB,Vehicle-Pedestrian,12411,4,13,57649,1
55379,78083,200077651.0,2020-01-31 13:05:00,2020 January 31,13:05:00,2020,January,Friday,10:01 am to 2:00 pm,13.0,0,Afternoon,Winter,3801,2743,Southern,3B4,21453(a),"21453(a,c)",Red signal - driver or bicyclist responsibilities,CC,Vehicle-Bicycle,26949,2,1,57581,4
55380,23825,6049382.0,2012-10-10 12:05:00,2012 October 10,12:05:00,2012,October,Wednesday,10:01 am to 2:00 pm,12.0,0,Afternoon,Fall,3801,1957,SOUTH,002,22106,22106,Unsafe starting or backing on highway,BB,Vehicle-Pedestrian,37301,2,2,57649,1
55381,43972,6067124.0,2012-08-27 13:23:00,2012 August 27,13:23:00,2012,August,Monday,10:01 am to 2:00 pm,13.0,0,Afternoon,Summer,3801,191,RICHM,4BIG,21804(a),"21804(a,b)",Entering highway from alley or driveway,CC,Vehicle-Bicycle,22355,2,1,57625,2
55382,9691,5106118.0,2011-02-14 13:40:00,2011 February 14,13:40:00,2011,February,Monday,10:01 am to 2:00 pm,13.0,0,Afternoon,Winter,3801,1584,BAYVI,4B6E,21950(a),"21950(a,c)",Driver or bicyclist to yield right-of-way at crosswalks,BB,Vehicle-Pedestrian,31377,4,16,57649,1
55383,41700,6059279.0,2012-12-04 12:27:00,2012 December 04,12:27:00,2012,December,Tuesday,10:01 am to 2:00 pm,12.0,0,Afternoon,Winter,3801,2253,TARAV,3I60,22450(a),22450(a),Failure to stop at STOP sign,CC,Vehicle-Bicycle,2424,2,1,57621,2
55384,39384,5271149.0,2011-06-29 10:13:00,2011 June 29,10:13:00,2011,June,Wednesday,10:01 am to 2:00 pm,10.0,0,Morning,Summer,3801,1629,TARAV,3162,21703,21703,Following too closely prohibited,AA,Vehicle(s) Only Involved,37302,1,1,57658,8
55385,35598,5180007.0,2011-04-30 19:10:00,2011 April 30,19:10:00,2011,April,Saturday,6:01 pm to 10:00 pm,19.0,1,Evening,Spring,3801,190,NORTH,3E15D,21703,21703,Following too closely prohibited,AA,Vehicle(s) Only Involved,37303,2,1,57658,1
55386,27940,5145099.0,2011-04-14 09:14:00,2011 April 14,09:14:00,2011,April,Thursday,6:01 am to 10:00 am,9.0,0,Morning,Spring,3801,1538,3801,3A61,21453(a),"21453(a,c)",Red signal - driver or bicyclist responsibilities,AA,Vehicle(s) Only Involved,27221,1,1,57659,1
55387,1340,6040292.0,2012-04-12 10:34:00,2012 April 12,10:34:00,2012,April,Thursday,10:01 am to 2:00 pm,10.0,0,Morning,Spring,3801,1043,INGLE,4B1H,21802(a),"21802(a,b)",Violation of right-of-way - entering through highway,AA,Vehicle(s) Only Involved,4806,2,1,57659,1
55388,78300,200113421.0,2020-02-14 15:25:00,2020 February 14,15:25:00,2020,February,Friday,2:01 pm to 6:00 pm,15.0,0,Afternoon,Winter,3801,2716,Park,3F13D,22107,22107,Unsafe turn or lane change prohibited,AA,Vehicle(s) Only Involved,37304,2,1,57660,2
55389,83306,230246973.0,2023-04-09 18:51:00,2023 April 09,18:51:00,2023,April,Sunday,6:01 pm to 10:00 pm,18.0,1,Evening,Spring,3801,1166,Ingleside,3H16D,23152(a),23152(a-g),Driving under influence of alcohol and/or drugs,AA,Vehicle(s) Only Involved,37305,2,8,57607,4
55390,18616,5202076.0,2011-05-18 15:11:00,2011 May 18,15:11:00,2011,May,Wednesday,2:01 pm to 6:00 pm,15.0,0,Afternoon,Spring,3801,2131,SOUTH,4B5B,22106,22106,Unsafe starting or backing on highway,AA,Vehicle(s) Only Involved,30244,2,2,57659,1
55391,35894,5778236.0,2012-08-04 15:56:00,2012 August 04,15:56:00,2012,August,Saturday,2:01 pm to 6:00 pm,15.0,1,Afternoon,Summer,3801,1515,A,3A66,22350,22350,Unsafe speed for prevailing conditions,AA,Vehicle(s) Only Involved,37306,1,1,57658,1
55392,77888,200051683.0,2020-01-21 13:11:00,2020 January 21,13:11:00,2020,January,Tuesday,10:01 am to 2:00 pm,13.0,0,Afternoon,Winter,3801,359,Central,3A12C,21954(a),21954(a),Pedestrians must yield right-of-way outside of crosswalks,BB,Vehicle-Pedestrian,37307,4,16,57622,2
55393,84401,230904513.0,2023-12-28 11:52:00,2023 December 28,11:52:00,2023,December,Thursday,10:01 am to 2:00 pm,11.0,0,Morning,Winter,3801,1306,Central,3A44C,22350,22350,Unsafe speed for prevailing conditions,AA,Vehicle(s) Only Involved,38653,1,33,57659,2
55394,54238,200703367.0,2020-11-21 08:56:00,2020 November 21,08:56:00,2020,November,Saturday,6:01 am to 10:00 am,8.0,1,Morning,Fall,3801,2402,Taraval,3I15A,22107,22107,Unsafe turn or lane change prohibited,BB,Vehicle-Pedestrian,37308,2,1,57649,1
55395,31229,5762300.0,2012-06-18 10:24:00,2012 June 18,10:24:00,2012,June,Monday,10:01 am to 2:00 pm,10.0,0,Morning,Summer,3801,191,RICHM,4B1G,22350,22350,Unsafe speed for prevailing conditions,AA,Vehicle(s) Only Involved,12258,1,1,57659,1
55396,23306,5161316.0,2011-04-17 12:37:00,2011 April 17,12:37:00,2011,April,Sunday,10:01 am to 2:00 pm,12.0,1,Afternoon,Spring,3801,1121,B,0B1,21453(a),"21453(a,c)",Red signal - driver or bicyclist responsibilities,AA,Vehicle(s) Only Involved,7836,2,1,57659,3
55397,46342,190281635.0,2019-04-20 15:28:00,2019 April 20,15:28:00,2019,April,Saturday,2:01 pm to 6:00 pm,15.0,1,Afternoon,Spring,3801,4208,Bayview,3C15D,22107,22107,Unsafe turn or lane change prohibited,AA,Vehicle(s) Only Involved,11317,2,1,57660,1
55398,53046,200361216.0,2020-06-16 00:52:00,2020 June 16,00:52:00,2020,June,Tuesday,10:01 pm to 2:00 am,0.0,0,Night,Summer,3801,2489,Southern,3B,21453(a),"21453(a,c)",Red signal - driver or bicyclist responsibilities,AA,Vehicle(s) Only Involved,22154,2,3,57659,1
55399,18006,5225419.0,2011-06-19 22:48:00,2011 June 19,22:48:00,2011,June,Sunday,10:01 pm to 2:00 am,22.0,1,Night,Summer,3801,1192,,,22107,22107,Unsafe turn or lane change prohibited,AA,Vehicle(s) Only Involved,37309,2,3,57659,2
55400,46624,190100461.0,2019-02-09 18:32:00,2019 February 09,18:32:00,2019,February,Saturday,6:01 pm to 10:00 pm,18.0,1,Evening,Winter,3801,1427,Tenderloin,J14D,21950(b),21950(b),Pedestrian suddenly entering into vehicle path close enough to create an immediate hazard,BB,Vehicle-Pedestrian,18491,13,91,56815,1
55401,2804,5866733.0,2012-08-15 08:49:00,2012 August 15,08:49:00,2012,August,Wednesday,6:01 am to 10:00 am,8.0,0,Morning,Summer,3801,002257,BAYVI,3C44A,22350,22350,Unsafe speed for prevailing conditions,BB,Vehicle-Pedestrian,37338,2,2,57649,1
55402,10660,5733150.0,2012-05-09 18:25:00,2012 May 09,18:25:00,2012,May,Wednesday,6:01 pm to 10:00 pm,18.0,0,Evening,Spring,3801,1101,MISSI,,22107,22107,Unsafe turn or lane change prohibited,BB,Vehicle-Pedestrian,22406,2,1,57649,1
55403,23875,150895771.0,2015-10-13 10:50:00,2015 October 13,10:50:00,2015,October,Tuesday,10:01 am to 2:00 pm,10.0,0,Morning,Fall,3801,1172,SOUTHERN,COB,21461.5,21461.5,Pedestrian failure to obey signs or signals,BB,Vehicle-Pedestrian,37310,2,1,57622,1
55404,85023,240167278.0,2024-03-12 09:20:00,2024 March 12,09:20:00,2024,March,Tuesday,6:01 am to 10:00 am,9.0,0,Morning,Spring,3801,608,Park,3F12A,21950(a),"21950(a,c)",Driver or bicyclist to yield right-of-way at crosswalks,BB,Vehicle-Pedestrian,37311,2,40,57522,2
55405,9430,6049001.0,2012-10-02 18:16:00,2012 October 02,18:16:00,2012,October,Tuesday,6:01 pm to 10:00 pm,18.0,0,Evening,Fall,3801,2175,D,3D66,21950(a),"21950(a,c)",Driver or bicyclist to yield right-of-way at crosswalks,BB,Vehicle-Pedestrian,37312,2,1,57649,1
55406,16332,5294693.0,2011-08-18 09:40:00,2011 August 18,09:40:00,2011,August,Thursday,6:01 am to 10:00 am,9.0,0,Morning,Summer,3801,674,,,22350,22350,Unsafe speed for prevailing conditions,AA,Vehicle(s) Only Involved,37313,2,1,57658,2
55407,78313,200106034.0,2020-02-11 17:43:00,2020 February 11,17:43:00,2020,February,Tuesday,2:01 pm to 6:00 pm,17.0,0,Evening,Winter,3801,1351,Southern,3B14D,22350,22350,Unsafe speed for prevailing conditions,AA,Vehicle(s) Only Involved,37314,2,1,57658,1
55408,28299,5289692.0,2011-07-14 16:50:00,2011 July 14,16:50:00,2011,July,Thursday,2:01 pm to 6:00 pm,16.0,0,Afternoon,Summer,3801,1639,CENTR,4B5A,21955,21955,Crossing between controlled intersections (Jaywalking),BB,Vehicle-Pedestrian,37315,2,1,57622,1
55409,87401,240771487.0,2024-12-14 19:51:00,2024 December 14,19:51:00,2024,December,Saturday,6:01 pm to 10:00 pm,19.0,1,Evening,Winter,3801,1066,Northern,3E2,21801(a),"21801(a,b)",Violation of right-of-way - left turn,AA,Vehicle(s) Only Involved,37316,1,16,57659,1
55410,43815,5160243.0,2011-04-21 06:30:00,2011 April 21,06:30:00,2011,April,Thursday,6:01 am to 10:00 am,6.0,0,Morning,Spring,3801,1054,RICHM,004,21453(a),"21453(a,c)",Red signal - driver or bicyclist responsibilities,AA,Vehicle(s) Only Involved,9829,1,46,57660,1
55411,35315,6054502.0,2012-11-18 22:20:00,2012 November 18,22:20:00,2012,November,Sunday,10:01 pm to 2:00 am,22.0,1,Night,Fall,3801,738,NORTH,3E15E,21955,21955,Crossing between controlled intersections (Jaywalking),BB,Vehicle-Pedestrian,37317,2,3,57622,2
55412,83840,230697188.0,2023-09-28 08:04:00,2023 September 28,08:04:00,2023,September,Thursday,6:01 am to 10:00 am,8.0,0,Morning,Fall,3801,1513,Richmond,3G13A,22100(b),"22100(a,b)",Turn at intersection from wrong position,AA,Vehicle(s) Only Involved,37318,2,2,57576,1
55413,84499,230849323.0,2023-12-02 22:52:00,2023 December 02,22:52:00,2023,December,Saturday,10:01 pm to 2:00 am,22.0,1,Night,Winter,3801,246,Tenderloin,1 Car,22350,22350,Unsafe speed for prevailing conditions,AA,Vehicle(s) Only Involved,37319,2,13,57583,1
55414,43981,5462771.0,2011-12-09 18:54:00,2011 December 09,18:54:00,2011,December,Friday,6:01 pm to 10:00 pm,18.0,0,Evening,Winter,3801,798,,3G119,21802(a),"21802(a,b)",Violation of right-of-way - entering through highway,AA,Vehicle(s) Only Involved,37320,2,3,57659,1
55415,23587,5455863.0,2012-01-19 18:10:00,2012 January 19,18:10:00,2012,January,Thursday,6:01 pm to 10:00 pm,18.0,0,Evening,Winter,3801,002273,,,21950(a),"21950(a,c)",Driver or bicyclist to yield right-of-way at crosswalks,BB,Vehicle-Pedestrian,6964,4,13,57649,1
55416,77896,200112354.0,2020-02-14 07:55:00,2020 February 14,07:55:00,2020,February,Friday,6:01 am to 10:00 am,7.0,0,Morning,Winter,3801,2247,Southern,3B,21201(d),21201(a-d),Equipment requirements for bicycles,CC,Vehicle-Bicycle,41007,2,2,57374,1
55417,26544,5111261.0,2011-02-26 14:50:00,2011 February 26,14:50:00,2011,February,Saturday,2:01 pm to 6:00 pm,14.0,1,Afternoon,Winter,3801,27,CENTR,3A2C,22106,22106,Unsafe starting or backing on highway,AA,Vehicle(s) Only Involved,37321,2,1,57660,1
55418,39708,6049496.0,2012-03-13 20:19:00,2012 March 13,20:19:00,2012,March,Tuesday,6:01 pm to 10:00 pm,20.0,0,Evening,Spring,3801,618,TARAV,3113D,22350,22350,Unsafe speed for prevailing conditions,AA,Vehicle(s) Only Involved,15325,4,7,57607,8
55419,82678,230317665.0,2023-05-07 15:51:00,2023 May 07,15:51:00,2023,May,Sunday,2:01 pm to 6:00 pm,15.0,1,Afternoon,Spring,3801,2186,Ingleside,3H4D,22107,22107,Unsafe turn or lane change prohibited,AA,Vehicle(s) Only Involved,36778,2,1,57659,8
55420,11488,5449750.0,2011-12-13 23:39:00,2011 December 13,23:39:00,2011,December,Tuesday,10:01 pm to 2:00 am,23.0,0,Night,Winter,3801,1172,MISSI,3D13E,22350,22350,Unsafe speed for prevailing conditions,CC,Vehicle-Bicycle,37322,2,3,57655,1
55421,4005,5410252.0,2011-10-10 19:00:00,2011 October 10,19:00:00,2011,October,Monday,6:01 pm to 10:00 pm,19.0,0,Evening,Fall,3801,1944,INGLE,3H3,21802(a),"21802(a,b)",Violation of right-of-way - entering through highway,AA,Vehicle(s) Only Involved,29946,4,13,57659,8
55422,36418,5430832.0,2011-11-04 17:59:00,2011 November 04,17:59:00,2011,November,Friday,2:01 pm to 6:00 pm,17.0,0,Evening,Fall,3801,1917,TARAV,3I16D,21802(a),"21802(a,b)",Violation of right-of-way - entering through highway,AA,Vehicle(s) Only Involved,9361,2,2,57659,4
55423,52641,200212299.0,2020-03-28 16:10:00,2020 March 28,16:10:00,2020,March,Saturday,2:01 pm to 6:00 pm,16.0,1,Afternoon,Spring,3801,312,Taraval,1-Car,21453(a),"21453(a,c)",Red signal - driver or bicyclist responsibilities,AA,Vehicle(s) Only Involved,37323,1,1,57659,4
55424,52876,200282587.0,2020-05-07 19:41:00,2020 May 07,19:41:00,2020,May,Thursday,6:01 pm to 10:00 pm,19.0,0,Evening,Spring,3801,427,Bayview,,22102,22102,Illegal U-turn in business district,AA,Vehicle(s) Only Involved,37324,2,20,57659,2
55425,82689,230287701.0,2023-04-25 17:49:00,2023 April 25,17:49:00,2023,April,Tuesday,2:01 pm to 6:00 pm,17.0,0,Evening,Spring,3801,1182,Richmond,3G11D,22350,22350,Unsafe speed for prevailing conditions,CC,Vehicle-Bicycle,37325,2,2,57621,1
55426,78035,200041593.0,2020-01-17 11:48:00,2020 January 17,11:48:00,2020,January,Friday,10:01 am to 2:00 pm,11.0,0,Morning,Winter,3801,555,Mission,3D14,21703,21703,Following too closely prohibited,AA,Vehicle(s) Only Involved,26461,2,1,57658,1
55427,13986,6049436.0,2012-10-28 02:33:00,2012 October 28,02:33:00,2012,October,Sunday,2:01 am to 6:00 am,2.0,1,Night,Fall,3801,000315,SOUTH,0233,21950(a),"21950(a,c)",Driver or bicyclist to yield right-of-way at crosswalks,BB,Vehicle-Pedestrian,15585,2,3,57649,2
55428,256,5303610.0,2011-08-06 22:41:00,2011 August 06,22:41:00,2011,August,Saturday,10:01 pm to 2:00 am,22.0,1,Night,Summer,3801,000901,INGLE,3H16E,22350,22350,Unsafe speed for prevailing conditions,AA,Vehicle(s) Only Involved,37326,2,3,57658,14
55429,46848,190187691.0,2019-03-15 18:16:00,2019 March 15,18:16:00,2019,March,Friday,6:01 pm to 10:00 pm,18.0,0,Evening,Spring,3801,1994,Traffic,4B3G,21950(a),"21950(a,c)",Driver or bicyclist to yield right-of-way at crosswalks,BB,Vehicle-Pedestrian,37327,2,2,57649,9
55430,26942,5365450.0,2011-09-25 15:38:00,2011 September 25,15:38:00,2011,September,Sunday,2:01 pm to 6:00 pm,15.0,1,Afternoon,Fall,3801,1913,B,3B12D,22350,22350,Unsafe speed for prevailing conditions,AA,Vehicle(s) Only Involved,37328,2,1,57607,1
55431,39586,5760378.0,2012-06-09 16:20:00,2012 June 09,16:20:00,2012,June,Saturday,2:01 pm to 6:00 pm,16.0,1,Afternoon,Summer,3801,1147,,3I60,21950(a),"21950(a,c)",Driver or bicyclist to yield right-of-way at crosswalks,BB,Vehicle-Pedestrian,37329,2,1,57649,1
55432,85536,240231378.0,2024-04-13 09:00:00,2024 April 13,09:00:00,2024,April,Saturday,6:01 am to 10:00 am,9.0,1,Morning,Spring,3801,1944,Ingleside,H5,21453(a),"21453(a,c)",Red signal - driver or bicyclist responsibilities,AA,Vehicle(s) Only Involved,9942,4,16,57659,1
55433,43115,5142949.0,2011-04-02 13:40:00,2011 April 02,13:40:00,2011,April,Saturday,10:01 am to 2:00 pm,13.0,1,Afternoon,Spring,3801,1054,G,003,22350,22350,Unsafe speed for prevailing conditions,AA,Vehicle(s) Only Involved,37330,2,1,57408,2
55434,34308,5387143.0,2011-10-09 16:10:00,2011 October 09,16:10:00,2011,October,Sunday,2:01 pm to 6:00 pm,16.0,1,Afternoon,Fall,3801,1428,,,21954(a),21954(a),Pedestrians must yield right-of-way outside of crosswalks,BB,Vehicle-Pedestrian,37331,2,2,57622,1
55435,31160,5963956.0,2012-08-01 08:21:00,2012 August 01,08:21:00,2012,August,Wednesday,6:01 am to 10:00 am,8.0,0,Morning,Summer,3801,191,RICHM,4B1G,22106,22106,Unsafe starting or backing on highway,AA,Vehicle(s) Only Involved,37332,2,2,57658,2
55436,82889,230337873.0,2023-05-16 07:24:00,2023 May 16,07:24:00,2023,May,Tuesday,6:01 am to 10:00 am,7.0,0,Morning,Spring,3801,2707,Taraval,2 CAR,22107,22107,Unsafe turn or lane change prohibited,AA,Vehicle(s) Only Involved,37333,2,2,57496,1
55437,19325,6055847.0,2012-03-07 21:41:00,2012 March 07,21:41:00,2012,March,Wednesday,6:01 pm to 10:00 pm,21.0,0,Night,Spring,3801,01889,PARK,3F12E,22107,22107,Unsafe turn or lane change prohibited,CC,Vehicle-Bicycle,16628,2,3,57614,1
55438,25781,5274379.0,2011-07-20 17:07:00,2011 July 20,17:07:00,2011,July,Wednesday,2:01 pm to 6:00 pm,17.0,0,Evening,Summer,3801,000401,SOUTH,3B61,21451(a),"21451(a,b)",Green signal - driver or bicyclist responsibilities,CC,Vehicle-Bicycle,33333,2,1,57621,2
55439,54192,200690861.0,2020-11-15 19:28:00,2020 November 15,19:28:00,2020,November,Sunday,6:01 pm to 10:00 pm,19.0,1,Evening,Fall,3801,2200,Northern,1,21453(a),"21453(a,c)",Red signal - driver or bicyclist responsibilities,AA,Vehicle(s) Only Involved,4589,2,3,57659,2
55440,81819,230244400.0,2023-04-08 16:47:00,2023 April 08,16:47:00,2023,April,Saturday,2:01 pm to 6:00 pm,16.0,1,Afternoon,Spring,3801,2705,Bayview,3C11D,21703,21703,Following too closely prohibited,CC,Vehicle-Bicycle,37334,3,2,52217,2
55441,19856,5160267.0,2011-04-18 11:05:00,2011 April 18,11:05:00,2011,April,Monday,10:01 am to 2:00 pm,11.0,0,Morning,Spring,3801,438,PARK,4B3F,21453(a),"21453(a,c)",Red signal - driver or bicyclist responsibilities,CC,Vehicle-Bicycle,40704,4,16,57621,2
55442,5465,5167191.0,2011-04-19 17:52:00,2011 April 19,17:52:00,2011,April,Tuesday,2:01 pm to 6:00 pm,17.0,0,Evening,Spring,3801,1926,BAYVI,4B8H,21453(a),"21453(a,c)",Red signal - driver or bicyclist responsibilities,AA,Vehicle(s) Only Involved,7858,2,1,57659,8
55443,87394,240768519.0,2024-12-13 09:10:00,2024 December 13,09:10:00,2024,December,Friday,6:01 am to 10:00 am,9.0,0,Morning,Winter,3801,432,Mission,3D41A,21801(a),"21801(a,b)",Violation of right-of-way - left turn,CC,Vehicle-Bicycle,2429,1,56,57374,2
55444,27402,5348493.0,2011-07-16 13:35:00,2011 July 16,13:35:00,2011,July,Saturday,10:01 am to 2:00 pm,13.0,1,Afternoon,Summer,3801,671,CENTR,4B2F,22100(b),"22100(a,b)",Turn at intersection from wrong position,CC,Vehicle-Bicycle,37335,2,351,57621,1
55445,37052,5462447.0,2011-12-05 21:30:00,2011 December 05,21:30:00,2011,December,Monday,6:01 pm to 10:00 pm,21.0,0,Night,Winter,3801,1053,TARAV,3I1GE,21456(b),"21456(a,b)",Pedestrian violation of walk or wait signals,BB,Vehicle-Pedestrian,3658,2,3,57622,4
55446,84385,230896697.0,2023-12-24 02:00:00,2023 December 24,02:00:00,2023,December,Sunday,10:01 pm to 2:00 am,2.0,1,Night,Winter,3801,2141,Taraval,3I15E,22350,22350,Unsafe speed for prevailing conditions,AA,Vehicle(s) Only Involved,37336,2,12,57583,2
55447,20817,5334793.0,2011-09-08 20:22:00,2011 September 08,20:22:00,2011,September,Thursday,6:01 pm to 10:00 pm,20.0,0,Evening,Fall,3801,00302,NORTH,3E6D,22106,22106,Unsafe starting or backing on highway,AA,Vehicle(s) Only Involved,37337,2,3,57658,1
55448,77879,200052647.0,2020-01-21 18:22:00,2020 January 21,18:22:00,2020,January,Tuesday,6:01 pm to 10:00 pm,18.0,0,Evening,Winter,3801,#334,Bayview,,Unknown,Unknown,Unknown,BB,Vehicle-Pedestrian,1510,4,13,57525,1
55449,17835,5590076.0,2012-02-23 22:53:00,2012 February 23,22:53:00,2012,February,Thursday,10:01 pm to 2:00 am,22.0,0,Night,Winter,3801,4084,MISSI,901,21801(a),"21801(a,b)",Violation of right-of-way - left turn,CC,Vehicle-Bicycle,4598,2,3,57581,2