collision_id,unique_id,case_id_pkey,collision_datetime,collision_date,collision_time,accident_year,month,day_of_week,time_cat,hour_of_day,is_weekend,time_of_day,season,juris,officer_id,reporting_district,beat_number,vz_pcf_code,vz_pcf_group,vz_pcf_description,dph_col_grp,dph_col_grp_description,location_id,weather_id,road_id,party_id,severity_id
57809,82455,230816015.0,2023-11-17 11:20:00,2023 November 17,11:20:00,2023,November,Friday,10:01 am to 2:00 pm,11.0,0,Morning,Fall,3801,1796,Richmond,3G14A,21801(a),"21801(a,b)",Violation of right-of-way - left turn,AA,Vehicle(s) Only Involved,38842,7,7,57659,8
57810,57751,220063000.0,2022-01-28 18:27:00,2022 January 28,18:27:00,2022,January,Friday,6:01 pm to 10:00 pm,18.0,0,Evening,Winter,3801,1207,Southern,3B14D,21803(b),"21803(a,b)",Violation of Yield sign,AA,Vehicle(s) Only Involved,24084,11,3,57659,1
57811,27805,180487815.0,2018-07-07 13:03:00,2018 July 07,13:03:00,2018,July,Saturday,10:01 am to 2:00 pm,13.0,1,Afternoon,Summer,3801,719,Central,2 Car,22350,22350,Unsafe speed for prevailing conditions,BB,Vehicle-Pedestrian,38843,2,1,54660,1
57812,84009,230754186.0,2023-10-20 20:45:00,2023 October 20,20:45:00,2023,October,Friday,6:01 pm to 10:00 pm,20.0,0,Evening,Fall,3801,2710,Central,3,23153(a),23153(a-g),Driving under influence causing injury,AA,Vehicle(s) Only Involved,38844,2,3,57660,1
57813,85919,240390112.0,2024-06-22 20:18:00,2024 June 22,20:18:00,2024,June,Saturday,6:01 pm to 10:00 pm,20.0,1,Evening,Summer,3801,704,Bayview,3C14D,22350,22350,Unsafe speed for prevailing conditions,BB,Vehicle-Pedestrian,38845,2,15,57123,2
57814,57405,220083826.0,2022-02-06 19:13:00,2022 February 06,19:13:00,2022,February,Sunday,6:01 pm to 10:00 pm,19.0,1,Evening,Winter,3801,1512,Bayview,C5,22350,22350,Unsafe speed for prevailing conditions,AA,Vehicle(s) Only Involved,38846,2,3,57658,1
57815,55917,210600935.0,2021-09-16 18:41:00,2021 September 16,18:41:00,2021,September,Thursday,6:01 pm to 10:00 pm,18.0,0,Evening,Fall,3801,143,Central,3A,21657,21657,Going against one-way traffic patterns,AA,Vehicle(s) Only Involved,38847,2,1,57137,2
57816,82278,230697940.0,2023-09-28 12:15:00,2023 September 28,12:15:00,2023,September,Thursday,10:01 am to 2:00 pm,12.0,0,Afternoon,Fall,3801,2728,Tenderloin,908,2800.2(a),2800.2(a),Fleeing a peace officer - reckless operation,AA,Vehicle(s) Only Involved,38848,2,1,57660,1
57817,56522,210746197.0,2021-11-12 17:45:00,2021 November 12,17:45:00,2021,November,Friday,2:01 pm to 6:00 pm,17.0,0,Evening,Fall,3801,969,Mission,3D16D,21807,21807,Driving authorized emergency vehicle without due regard for safety of persons and property,CC,Vehicle-Bicycle,27306,2,3,57581,2
57818,26332,180250593.0,2018-04-04 20:39:00,2018 April 04,20:39:00,2018,April,Wednesday,6:01 pm to 10:00 pm,20.0,0,Evening,Spring,3801,402,Tenderloin,3A1,21950(a),"21950(a,c)",Driver or bicyclist to yield right-of-way at crosswalks,BB,Vehicle-Pedestrian,27179,2,3,57649,1
57819,86829,240641993.0,2024-10-12 00:07:00,2024 October 12,00:07:00,2024,October,Saturday,10:01 pm to 2:00 am,0.0,1,Night,Fall,3801,1857,Southern,3,23152(a),23152(a-g),Driving under influence of alcohol and/or drugs,AA,Vehicle(s) Only Involved,38849,2,12,57607,2
57820,40060,180243065.0,2018-04-02 08:53:00,2018 April 02,08:53:00,2018,April,Monday,6:01 am to 10:00 am,8.0,0,Morning,Spring,3801,4104,Park,3F67,22350,22350,Unsafe speed for prevailing conditions,AA,Vehicle(s) Only Involved,34524,2,25,57658,1
57821,85232,240102581.0,2024-02-15 18:12:00,2024 February 15,18:12:00,2024,February,Thursday,6:01 pm to 10:00 pm,18.0,0,Evening,Winter,3801,1355,Taraval,3I15D,22350,22350,Unsafe speed for prevailing conditions,AA,Vehicle(s) Only Involved,38850,2,12,57658,1
57822,85671,240329274.0,2024-05-26 03:03:00,2024 May 26,03:03:00,2024,May,Sunday,2:01 am to 6:00 am,3.0,1,Night,Spring,3801,#1902,Mission,3D16E,22350,22350,Unsafe speed for prevailing conditions,AA,Vehicle(s) Only Involved,38851,2,3,57607,1
57823,59367,220800426.0,2022-11-21 01:56:00,2022 November 21,01:56:00,2022,November,Monday,10:01 pm to 2:00 am,1.0,0,Night,Fall,3801,740,Mission,D5,23153(a),23153(a-g),Driving under influence causing injury,AA,Vehicle(s) Only Involved,38852,2,12,57584,17
57824,16388,180903344.0,2018-11-30 01:34:00,2018 November 30,01:34:00,2018,November,Friday,10:01 pm to 2:00 am,1.0,0,Night,Fall,3801,1713,Southern,3B12E,23153(a),23153(a-g),Driving under influence causing injury,AA,Vehicle(s) Only Involved,13558,2,3,57658,8
57825,86168,240469541.0,2024-07-28 01:27:00,2024 July 28,01:27:00,2024,July,Sunday,10:01 pm to 2:00 am,1.0,1,Night,Summer,3801,2445,Mission,4D,21453(a),"21453(a,c)",Red signal - driver or bicyclist responsibilities,AA,Vehicle(s) Only Involved,24157,2,3,57585,1
57826,86038,240257512.0,2024-04-24 13:49:00,2024 April 24,13:49:00,2024,April,Wednesday,10:01 am to 2:00 pm,13.0,0,Afternoon,Spring,3801,375,Bayview,3C,21703,21703,Following too closely prohibited,AA,Vehicle(s) Only Involved,38853,2,1,57658,8
57827,82001,230361468.0,2023-05-25 17:29:00,2023 May 25,17:29:00,2023,May,Thursday,2:01 pm to 6:00 pm,17.0,0,Evening,Spring,3801,341,Northern,3E11D,22107,22107,Unsafe turn or lane change prohibited,AA,Vehicle(s) Only Involved,38854,2,1,57406,2
57828,86047,240388907.0,2024-06-22 08:59:00,2024 June 22,08:59:00,2024,June,Saturday,6:01 am to 10:00 am,8.0,1,Morning,Summer,3801,624,Northern,2,22101,22101,Turning and stopping at intersections - general rules,AA,Vehicle(s) Only Involved,31130,2,1,57659,1
57829,87613,240272560.0,2024-04-30 19:43:00,2024 April 30,19:43:00,2024,April,Tuesday,6:01 pm to 10:00 pm,19.0,0,Evening,Spring,3801,1796,Richmond,3G12D,21801(a),"21801(a,b)",Violation of right-of-way - left turn,AA,Vehicle(s) Only Involved,18347,2,33,57659,1
57830,85703,240339552.0,2024-05-30 16:16:00,2024 May 30,16:16:00,2024,May,Thursday,2:01 pm to 6:00 pm,16.0,0,Afternoon,Spring,3801,2727,Ingleside,3H15D,22107,22107,Unsafe turn or lane change prohibited,AA,Vehicle(s) Only Involved,38855,2,2,57659,1
57831,86697,240525096.0,2024-08-20 18:00:00,2024 August 20,18:00:00,2024,August,Tuesday,2:01 pm to 6:00 pm,18.0,0,Evening,Summer,3801,1226,Southern,1500,22107,22107,Unsafe turn or lane change prohibited,AA,Vehicle(s) Only Involved,38856,2,33,57659,1
57832,45469,180209443.0,2018-03-20 11:00:00,2018 March 20,11:00:00,2018,March,Tuesday,10:01 am to 2:00 pm,11.0,0,Morning,Spring,3801,859,Bayview,3C,22350,22350,Unsafe speed for prevailing conditions,AA,Vehicle(s) Only Involved,40965,4,172,57583,2
57833,85961,240399910.0,2024-06-27 07:45:00,2024 June 27,07:45:00,2024,June,Thursday,6:01 am to 10:00 am,7.0,0,Morning,Summer,3801,1964,Mission,,22107,22107,Unsafe turn or lane change prohibited,AA,Vehicle(s) Only Involved,34638,2,1,57450,1
57834,85540,240232796.0,2024-04-14 02:27:00,2024 April 14,02:27:00,2024,April,Sunday,2:01 am to 6:00 am,2.0,1,Night,Spring,3801,2486,Taraval,,22350,22350,Unsafe speed for prevailing conditions,AA,Vehicle(s) Only Involved,38858,4,13,57576,1
57835,85685,240330271.0,2024-05-26 15:45:00,2024 May 26,15:45:00,2024,May,Sunday,2:01 pm to 6:00 pm,15.0,1,Afternoon,Spring,3801,GIZZO #2228,Central,3A13D,22350,22350,Unsafe speed for prevailing conditions,AA,Vehicle(s) Only Involved,38859,2,120,57658,8
57836,56361,210437415.0,2021-07-11 17:22:00,2021 July 11,17:22:00,2021,July,Sunday,2:01 pm to 6:00 pm,17.0,1,Evening,Summer,3801,1740,Central,3A3D,21800(a),21800(a-c),Violation of right-of-way or uncontrolled intersection,CC,Vehicle-Bicycle,38860,2,2,57621,2
57837,1151,180313470.0,2018-04-27 22:52:00,2018 April 27,22:52:00,2018,April,Friday,10:01 pm to 2:00 am,22.0,0,Night,Spring,3801,A21781,Ingleside,3H15E,21800(a),21800(a-c),Violation of right-of-way or uncontrolled intersection,AA,Vehicle(s) Only Involved,38861,2,3,57659,1
57838,57876,220241789.0,2022-04-13 11:59:00,2022 April 13,11:59:00,2022,April,Wednesday,10:01 am to 2:00 pm,11.0,0,Morning,Spring,3801,4022,Mission,3D95C,21804(a),"21804(a,b)",Entering highway from alley or driveway,AA,Vehicle(s) Only Involved,38862,2,1,57659,1
57839,84941,240137287.0,2024-03-01 15:25:00,2024 March 01,15:25:00,2024,March,Friday,2:01 pm to 6:00 pm,15.0,0,Afternoon,Spring,3801,255,Ingleside,3H11D,21950(a),"21950(a,c)",Driver or bicyclist to yield right-of-way at crosswalks,BB,Vehicle-Pedestrian,38863,1,4,57649,2
57840,84216,230223238.0,2023-03-31 11:32:00,2023 March 31,11:32:00,2023,March,Friday,10:01 am to 2:00 pm,11.0,0,Morning,Spring,3801,2150,Richmond,3G3C,21801(a),"21801(a,b)",Violation of right-of-way - left turn,AA,Vehicle(s) Only Involved,38864,2,2,57660,2
57841,81871,230268795.0,2023-04-18 11:30:00,2023 April 18,11:30:00,2023,April,Tuesday,10:01 am to 2:00 pm,11.0,0,Morning,Spring,3801,1653,Ingleside,3H5A,22350,22350,Unsafe speed for prevailing conditions,AA,Vehicle(s) Only Involved,38865,2,2,57584,1
57842,87663,240312649.0,2024-05-18 16:42:00,2024 May 18,16:42:00,2024,May,Saturday,2:01 pm to 6:00 pm,16.0,1,Afternoon,Spring,3801,1988,Mission,3D13D,21804(a),"21804(a,b)",Entering highway from alley or driveway,AA,Vehicle(s) Only Involved,38866,2,1,57659,2
57843,43027,180583300.0,2018-08-05 07:40:00,2018 August 05,07:40:00,2018,August,Sunday,6:01 am to 10:00 am,7.0,1,Morning,Summer,3801,4314,Richmond,G3,22107,22107,Unsafe turn or lane change prohibited,AA,Vehicle(s) Only Involved,38867,1,2,57475,1
57844,36881,180449401.0,2018-06-17 14:14:00,2018 June 17,14:14:00,2018,June,Sunday,2:01 pm to 6:00 pm,14.0,1,Afternoon,Summer,3801,392,Taraval,3I16A,22450(a),22450(a),Failure to stop at STOP sign,AA,Vehicle(s) Only Involved,38868,2,1,57659,11
57845,56662,210843878.0,2021-12-21 19:29:00,2021 December 21,19:29:00,2021,December,Tuesday,6:01 pm to 10:00 pm,19.0,0,Evening,Winter,3801,1385,Southern,3B13D,21651(a),21651(a),Crossing dividing section on freeway prohibited,AA,Vehicle(s) Only Involved,20565,4,13,57659,1
57846,55123,210240854.0,2021-04-18 12:50:00,2021 April 18,12:50:00,2021,April,Sunday,10:01 am to 2:00 pm,12.0,1,Afternoon,Spring,3801,1355,Taraval,3I00,Unknown,Unknown,Unknown,AA,Vehicle(s) Only Involved,38869,6,116,57495,1
57847,84474,230828189.0,2023-11-23 02:00:00,2023 November 23,02:00:00,2023,November,Thursday,10:01 pm to 2:00 am,2.0,0,Night,Fall,3801,451,Mission,3D15E,21453(a),"21453(a,c)",Red signal - driver or bicyclist responsibilities,AA,Vehicle(s) Only Involved,26890,2,3,57659,10
57848,60032,220724741.0,2022-10-21 15:27:00,2022 October 21,15:27:00,2022,October,Friday,2:01 pm to 6:00 pm,15.0,0,Afternoon,Fall,3801,82,Mission,3D45C,22350,22350,Unsafe speed for prevailing conditions,AA,Vehicle(s) Only Involved,38870,2,1,57658,8
57849,85926,240396217.0,2024-06-25 15:00:00,2024 June 25,15:00:00,2024,June,Tuesday,2:01 pm to 6:00 pm,15.0,0,Afternoon,Summer,3801,4115,Taraval,3I5D,21703,21703,Following too closely prohibited,AA,Vehicle(s) Only Involved,38871,2,2,57658,8
57850,85561,240253491.0,2024-04-22 19:35:00,2024 April 22,19:35:00,2024,April,Monday,6:01 pm to 10:00 pm,19.0,0,Evening,Spring,3801,2293,Mission,5,21703,21703,Following too closely prohibited,AA,Vehicle(s) Only Involved,38872,2,1,57658,1
57851,85995,240426115.0,2024-07-08 18:15:00,2024 July 08,18:15:00,2024,July,Monday,6:01 pm to 10:00 pm,18.0,0,Evening,Summer,3801,2210,Southern,B3,21950(a),"21950(a,c)",Driver or bicyclist to yield right-of-way at crosswalks,BB,Vehicle-Pedestrian,10437,2,1,57649,1
57852,83288,230888810.0,2023-12-20 12:14:00,2023 December 20,12:14:00,2023,December,Wednesday,10:01 am to 2:00 pm,12.0,0,Afternoon,Winter,3801,2494,Tenderloin,3J12A,Unknown,Unknown,Unknown,AA,Vehicle(s) Only Involved,38873,1,4,55715,1
57853,85602,240295211.0,2024-05-10 18:10:00,2024 May 10,18:10:00,2024,May,Friday,6:01 pm to 10:00 pm,18.0,0,Evening,Spring,3801,#2724,Park,3F13D,21950(a),"21950(a,c)",Driver or bicyclist to yield right-of-way at crosswalks,CC,Vehicle-Bicycle,38874,2,1,57581,1
57854,3222,180185326.0,2018-03-10 22:31:00,2018 March 10,22:31:00,2018,March,Saturday,10:01 pm to 2:00 am,22.0,1,Night,Spring,3801,696,Bayview,3C11E,22350,22350,Unsafe speed for prevailing conditions,AA,Vehicle(s) Only Involved,38875,2,3,57607,1
57855,55449,210286018.0,2021-05-10 06:50:00,2021 May 10,06:50:00,2021,May,Monday,6:01 am to 10:00 am,6.0,0,Morning,Spring,3801,2224,Mission,3D11A,21703,21703,Following too closely prohibited,AA,Vehicle(s) Only Involved,38876,2,33,57658,1
57856,85172,240188779.0,2024-03-24 21:59:00,2024 March 24,21:59:00,2024,March,Sunday,6:01 pm to 10:00 pm,21.0,1,Night,Spring,3801,1440,Southern,,21453(a),"21453(a,c)",Red signal - driver or bicyclist responsibilities,AA,Vehicle(s) Only Involved,38831,2,3,57490,17
57857,86416,240497508.0,2024-08-09 12:12:00,2024 August 09,12:12:00,2024,August,Friday,10:01 am to 2:00 pm,12.0,0,Afternoon,Summer,3801,1524,Ingleside,3H15A,21453(a),"21453(a,c)",Red signal - driver or bicyclist responsibilities,BB,Vehicle-Pedestrian,38877,2,1,57659,3
57858,34007,180072319.0,2018-01-27 16:40:00,2018 January 27,16:40:00,2018,January,Saturday,2:01 pm to 6:00 pm,16.0,1,Afternoon,Winter,3801,1817,Central,3A13D,22450(a),22450(a),Failure to stop at STOP sign,BB,Vehicle-Pedestrian,38878,2,1,57590,2
57859,14186,180084762.0,2018-02-01 06:10:00,2018 February 01,06:10:00,2018,February,Thursday,6:01 am to 10:00 am,6.0,0,Morning,Winter,3801,1572,Southern,3B14A,21657,21657,Going against one-way traffic patterns,CC,Vehicle-Bicycle,38879,2,3,57655,1
57860,86729,240625674.0,2024-10-04 19:20:00,2024 October 04,19:20:00,2024,October,Friday,6:01 pm to 10:00 pm,19.0,0,Evening,Fall,3801,1148,Mission,3D15D,21650,21650,Failure to keep to right side of road,CC,Vehicle-Bicycle,38880,2,3,57616,2
57861,84426,230802274.0,2023-11-10 21:50:00,2023 November 10,21:50:00,2023,November,Friday,6:01 pm to 10:00 pm,21.0,0,Night,Fall,3801,4140,Tenderloin,3J12E,21235(g),21235(a-j),Illegal operation of motorized scooter,AA,Vehicle(s) Only Involved,38881,2,12,57490,2
57862,83752,230604127.0,2023-08-24 16:00:00,2023 August 24,16:00:00,2023,August,Thursday,2:01 pm to 6:00 pm,16.0,0,Afternoon,Summer,3801,2401,Southern,3B13D,22107,22107,Unsafe turn or lane change prohibited,CC,Vehicle-Bicycle,38882,2,2,57581,2
57863,85528,240251718.0,2024-04-22 09:32:00,2024 April 22,09:32:00,2024,April,Monday,6:01 am to 10:00 am,9.0,0,Morning,Spring,3801,893,Ingleside,3H13A,Unknown,Unknown,Unknown,AA,Vehicle(s) Only Involved,34604,2,2,56689,3
57864,86484,240557594.0,2024-09-05 01:19:00,2024 September 05,01:19:00,2024,September,Thursday,10:01 pm to 2:00 am,1.0,0,Night,Fall,3801,2408,Mission,3D12E,22350,22350,Unsafe speed for prevailing conditions,AA,Vehicle(s) Only Involved,38883,2,12,57584,1
57865,85898,240353245.0,2024-06-05 19:16:00,2024 June 05,19:16:00,2024,June,Wednesday,6:01 pm to 10:00 pm,19.0,0,Evening,Summer,3801,4124,Ingleside,3H11D,21801(a),"21801(a,b)",Violation of right-of-way - left turn,AA,Vehicle(s) Only Involved,38884,2,1,57659,1
57866,54497,210037457.0,2021-01-17 09:35:00,2021 January 17,09:35:00,2021,January,Sunday,6:01 am to 10:00 am,9.0,1,Morning,Winter,3801,2368,Northern,3E14A,22450(a),22450(a),Failure to stop at STOP sign,CC,Vehicle-Bicycle,23657,2,1,57581,1
57867,23462,180402089.0,2018-05-30 12:05:00,2018 May 30,12:05:00,2018,May,Wednesday,10:01 am to 2:00 pm,12.0,0,Afternoon,Spring,3801,306,Southern,3B14C,21950(a),"21950(a,c)",Driver or bicyclist to yield right-of-way at crosswalks,BB,Vehicle-Pedestrian,10339,2,1,57649,1
57868,59686,220683272.0,2022-10-05 12:22:00,2022 October 05,12:22:00,2022,October,Wednesday,10:01 am to 2:00 pm,12.0,0,Afternoon,Fall,3801,1352,Mission,3D44C,22107,22107,Unsafe turn or lane change prohibited,AA,Vehicle(s) Only Involved,30693,2,1,57576,2
57869,30763,180011226.0,2018-01-05 06:45:00,2018 January 05,06:45:00,2018,January,Friday,6:01 am to 10:00 am,6.0,0,Morning,Winter,3801,189,Northern,4,21950(a),"21950(a,c)",Driver or bicyclist to yield right-of-way at crosswalks,BB,Vehicle-Pedestrian,18309,4,13,57649,1
57870,82793,230018443.0,2023-01-09 07:30:00,2023 January 09,07:30:00,2023,January,Monday,6:01 am to 10:00 am,7.0,0,Morning,Winter,3801,4305,Northern,,22107,22107,Unsafe turn or lane change prohibited,AA,Vehicle(s) Only Involved,38885,2,16,57467,1
57871,40774,180824336.0,2018-10-30 15:29:00,2018 October 30,15:29:00,2018,October,Tuesday,2:01 pm to 6:00 pm,15.0,0,Afternoon,Fall,3801,#2008,Richmond,3G13D,21801(a),"21801(a,b)",Violation of right-of-way - left turn,AA,Vehicle(s) Only Involved,38886,2,1,57659,1
57872,84651,230891788.0,2023-12-21 18:02:00,2023 December 21,18:02:00,2023,December,Thursday,6:01 pm to 10:00 pm,18.0,0,Evening,Winter,3801,1061,Park,3F13D,21950(a),"21950(a,c)",Driver or bicyclist to yield right-of-way at crosswalks,BB,Vehicle-Pedestrian,12792,2,29,57476,1
57873,38333,180279236.0,2018-04-15 16:25:00,2018 April 15,16:25:00,2018,April,Sunday,2:01 pm to 6:00 pm,16.0,1,Afternoon,Spring,3801,713,Taraval,3I16D,21954(a),21954(a),Pedestrians must yield right-of-way outside of crosswalks,BB,Vehicle-Pedestrian,38887,4,4,57622,4
57874,59949,220703820.0,2022-10-13 10:21:00,2022 October 13,10:21:00,2022,October,Thursday,10:01 am to 2:00 pm,10.0,0,Morning,Fall,3801,A20702,Northern,3E13A,21703,21703,Following too closely prohibited,AA,Vehicle(s) Only Involved,29856,2,1,57658,1
57875,55816,210551231.0,2021-08-28 05:11:00,2021 August 28,05:11:00,2021,August,Saturday,2:01 am to 6:00 am,5.0,1,Morning,Summer,3801,2163,Northern,3E15E,22107,22107,Unsafe turn or lane change prohibited,AA,Vehicle(s) Only Involved,24975,2,3,57659,1
57876,55935,210608741.0,2021-09-20 01:00:00,2021 September 20,01:00:00,2021,September,Monday,10:01 pm to 2:00 am,1.0,0,Night,Fall,3801,1489,Bayview,3C11E,22350,22350,Unsafe speed for prevailing conditions,AA,Vehicle(s) Only Involved,38888,2,3,57584,1
57877,84988,240146501.0,2024-03-06 10:00:00,2024 March 06,10:00:00,2024,March,Wednesday,6:01 am to 10:00 am,10.0,0,Morning,Spring,3801,4132,Mission,1-CAR,21801(a),"21801(a,b)",Violation of right-of-way - left turn,AA,Vehicle(s) Only Involved,38889,2,1,57659,1
57878,81832,230252312.0,2023-04-11 18:20:00,2023 April 11,18:20:00,2023,April,Tuesday,6:01 pm to 10:00 pm,18.0,0,Evening,Spring,3801,469,Mission,3D2D,21950(a),"21950(a,c)",Driver or bicyclist to yield right-of-way at crosswalks,BB,Vehicle-Pedestrian,27726,2,1,57476,2
57879,83070,230119637.0,2023-02-18 02:35:00,2023 February 18,02:35:00,2023,February,Saturday,2:01 am to 6:00 am,2.0,1,Night,Winter,3801,1857,Northern,3E15E,23152(a),23152(a-g),Driving under influence of alcohol and/or drugs,AA,Vehicle(s) Only Involved,38890,2,12,57584,2
57880,57246,220010590.0,2022-01-05 21:33:00,2022 January 05,21:33:00,2022,January,Wednesday,6:01 pm to 10:00 pm,21.0,0,Night,Winter,3801,1326,Bayview,3C11E,22350,22350,Unsafe speed for prevailing conditions,AA,Vehicle(s) Only Involved,24647,2,359,57583,2
57881,20706,180756052.0,2018-10-05 20:01:00,2018 October 05,20:01:00,2018,October,Friday,6:01 pm to 10:00 pm,20.0,0,Evening,Fall,3801,2108,Tenderloin,3J52D,21453(a),"21453(a,c)",Red signal - driver or bicyclist responsibilities,AA,Vehicle(s) Only Involved,11487,2,3,57659,1
57882,84252,230638580.0,2023-09-06 18:23:00,2023 September 06,18:23:00,2023,September,Wednesday,6:01 pm to 10:00 pm,18.0,0,Evening,Fall,3801,AIELLO,Richmond,2G12D,21801(a),"21801(a,b)",Violation of right-of-way - left turn,CC,Vehicle-Bicycle,38891,2,23,56175,2
57883,84367,230890467.0,2023-12-21 08:57:00,2023 December 21,08:57:00,2023,December,Thursday,6:01 am to 10:00 am,8.0,0,Morning,Winter,3801,2707,Taraval,6 CAR,22350,22350,Unsafe speed for prevailing conditions,AA,Vehicle(s) Only Involved,38892,2,1,57658,5
57884,86806,240636239.0,2024-10-09 15:30:00,2024 October 09,15:30:00,2024,October,Wednesday,2:01 pm to 6:00 pm,15.0,0,Afternoon,Fall,3801,4266,Ingleside,H5,22350,22350,Unsafe speed for prevailing conditions,AA,Vehicle(s) Only Involved,38893,1,1,57557,1
57885,3535,180157193.0,2018-02-28 09:52:00,2018 February 28,09:52:00,2018,February,Wednesday,6:01 am to 10:00 am,9.0,0,Morning,Winter,3801,,Bayview,3C14B,21802(a),"21802(a,b)",Violation of right-of-way - entering through highway,AA,Vehicle(s) Only Involved,38894,1,1,57659,1
57886,58135,220359100.0,2022-06-01 16:23:00,2022 June 01,16:23:00,2022,June,Wednesday,2:01 pm to 6:00 pm,16.0,0,Afternoon,Summer,3801,2379,Ingleside,3H15D,21755(a),21755(a),Unsafe passing on right shoulder,AA,Vehicle(s) Only Involved,40234,2,2,57660,2
57887,83994,230743474.0,2023-10-16 17:49:00,2023 October 16,17:49:00,2023,October,Monday,2:01 pm to 6:00 pm,17.0,0,Evening,Fall,3801,564,Northern,3E12D,22100(a),"22100(a,b)",Turn at intersection from wrong position,CC,Vehicle-Bicycle,27705,2,1,57581,1
57888,34103,180477587.0,2018-06-27 16:13:00,2018 June 27,16:13:00,2018,June,Wednesday,2:01 pm to 6:00 pm,16.0,0,Afternoon,Summer,3801,4119,Central,4B3J,22350,22350,Unsafe speed for prevailing conditions,CC,Vehicle-Bicycle,28978,2,1,57639,29
57889,84325,230873253.0,2023-12-13 12:50:00,2023 December 13,12:50:00,2023,December,Wednesday,10:01 am to 2:00 pm,12.0,0,Afternoon,Winter,3801,1580,Southern,3B15A,22350,22350,Unsafe speed for prevailing conditions,AA,Vehicle(s) Only Involved,39314,2,1,57658,8
57890,83147,230450243.0,2023-06-29 21:20:00,2023 June 29,21:20:00,2023,June,Thursday,6:01 pm to 10:00 pm,21.0,0,Night,Summer,3801,1123,Southern,3B15E,21453(d),21453(d),Red signal - pedestrian responsibilities,BB,Vehicle-Pedestrian,23309,2,21,57622,2
57891,54668,210077685.0,2021-02-03 19:00:00,2021 February 03,19:00:00,2021,February,Wednesday,6:01 pm to 10:00 pm,19.0,0,Evening,Winter,3801,472,Taraval,3I15D,22101(d),22101(d),Violating special traffic control markers,AA,Vehicle(s) Only Involved,5685,2,3,57659,1
57892,87588,240236497.0,2024-04-15 17:46:00,2024 April 15,17:46:00,2024,April,Monday,2:01 pm to 6:00 pm,17.0,0,Evening,Spring,3801,2398,Northern,2E,22350,22350,Unsafe speed for prevailing conditions,AA,Vehicle(s) Only Involved,38896,2,47,57658,1
57893,81887,230017025.0,2023-01-08 13:30:00,2023 January 08,13:30:00,2023,January,Sunday,10:01 am to 2:00 pm,13.0,1,Afternoon,Winter,3801,1572,Southern,3B1A,22350,22350,Unsafe speed for prevailing conditions,DD,Bicycle-Pedestrian,38897,2,2,55190,1
57894,51962,180587512.0,2018-08-06 15:00:00,2018 August 06,15:00:00,2018,August,Monday,2:01 pm to 6:00 pm,15.0,0,Afternoon,Summer,3801,1396,Southern,3B1C,21100.3,21100.3,Failure to obey traffic directions,BB,Vehicle-Pedestrian,38898,2,1,57649,1
57895,55006,210101870.0,2021-02-14 19:40:00,2021 February 14,19:40:00,2021,February,Sunday,6:01 pm to 10:00 pm,19.0,1,Evening,Winter,3801,2272,Central,2,21801(a),"21801(a,b)",Violation of right-of-way - left turn,AA,Vehicle(s) Only Involved,38899,1,1,57660,1
57896,1231,180505291.0,2018-07-08 00:31:00,2018 July 08,00:31:00,2018,July,Sunday,10:01 pm to 2:00 am,0.0,1,Night,Summer,3801,4102,Ingleside,3H15E,22350,22350,Unsafe speed for prevailing conditions,AA,Vehicle(s) Only Involved,38900,2,12,57475,2
57897,11619,180794977.0,2018-10-19 20:15:00,2018 October 19,20:15:00,2018,October,Friday,6:01 pm to 10:00 pm,20.0,0,Evening,Fall,3801,1503,Mission,3D11D,22517,22517,Opening door on traffic side when unsafe,AA,Vehicle(s) Only Involved,38901,3,12,54708,2
57898,85491,240223579.0,2024-04-09 16:37:00,2024 April 09,16:37:00,2024,April,Tuesday,2:01 pm to 6:00 pm,16.0,0,Afternoon,Spring,3801,2097,Mission,3D14D,21955(a),21955(a-b),Crossing between controlled intersections (Jaywalking),BB,Vehicle-Pedestrian,38902,2,2,57622,2
57899,83345,230286242.0,2023-04-25 09:45:00,2023 April 25,09:45:00,2023,April,Tuesday,6:01 am to 10:00 am,9.0,0,Morning,Spring,3801,621,Central,3A13A,22101(d),22101(d),Violating special traffic control markers,AA,Vehicle(s) Only Involved,38903,2,1,57659,2
57900,59961,220720783.0,2022-10-20 08:32:00,2022 October 20,08:32:00,2022,October,Thursday,6:01 am to 10:00 am,8.0,0,Morning,Fall,3801,#8,Northern,3E1A,21453(a),"21453(a,c)",Red signal - driver or bicyclist responsibilities,AA,Vehicle(s) Only Involved,23307,2,1,57636,2
57901,85527,240251558.0,2024-04-22 07:30:00,2024 April 22,07:30:00,2024,April,Monday,6:01 am to 10:00 am,7.0,0,Morning,Spring,3801,375,Bayview,3C15A,21800(a),21800(a-c),Violation of right-of-way or uncontrolled intersection,AA,Vehicle(s) Only Involved,38667,2,1,57659,1
57902,84155,230191077.0,2023-03-18 06:37:00,2023 March 18,06:37:00,2023,March,Saturday,6:01 am to 10:00 am,6.0,1,Morning,Spring,3801,1457,Taraval,1,22106,22106,Unsafe starting or backing on highway,AA,Vehicle(s) Only Involved,38904,2,12,57659,1