collision_id,unique_id,case_id_pkey,collision_datetime,collision_date,collision_time,accident_year,month,day_of_week,time_cat,hour_of_day,is_weekend,time_of_day,season,juris,officer_id,reporting_district,beat_number,vz_pcf_code,vz_pcf_group,vz_pcf_description,dph_col_grp,dph_col_grp_description,location_id,weather_id,road_id,party_id,severity_id
58183,85775,240272491.0,2024-04-30 19:05:00,2024 April 30,19:05:00,2024,April,Tuesday,6:01 pm to 10:00 pm,19.0,0,Evening,Spring,3801,2168,Tenderloin,3J12D,22107,22107,Unsafe turn or lane change prohibited,AA,Vehicle(s) Only Involved,39093,2,33,57608,4
58184,42046,180870618.0,2018-11-13 20:30:00,2018 November 13,20:30:00,2018,November,Tuesday,6:01 pm to 10:00 pm,20.0,0,Evening,Fall,3801,555,Park,3F11D,Unknown,Unknown,Unknown,CC,Vehicle-Bicycle,39094,2,12,56954,1
58185,82725,230344765.0,2023-05-18 20:20:00,2023 May 18,20:20:00,2023,May,Thursday,6:01 pm to 10:00 pm,20.0,0,Evening,Spring,3801,1878,Southern,B4,22350,22350,Unsafe speed for prevailing conditions,AA,Vehicle(s) Only Involved,12902,2,65,57576,1
58186,32904,180311399.0,2018-04-27 08:45:00,2018 April 27,08:45:00,2018,April,Friday,6:01 am to 10:00 am,8.0,0,Morning,Spring,3801,737,Northern,3E13A,21453(a),"21453(a,c)",Red signal - driver or bicyclist responsibilities,AA,Vehicle(s) Only Involved,39095,2,1,57659,1
58187,82240,230643454.0,2023-09-08 12:29:00,2023 September 08,12:29:00,2023,September,Friday,10:01 am to 2:00 pm,12.0,0,Afternoon,Fall,3801,1250,Southern,3B14A,21950(a),"21950(a,c)",Driver or bicyclist to yield right-of-way at crosswalks,BB,Vehicle-Pedestrian,41049,2,1,57649,1
58188,20218,180064344.0,2018-01-24 17:50:00,2018 January 24,17:50:00,2018,January,Wednesday,2:01 pm to 6:00 pm,17.0,0,Evening,Winter,3801,1785,Tenderloin,7M53,22350,22350,Unsafe speed for prevailing conditions,FF,Bicycle Only,39096,4,104,57253,4
58189,58334,220330649.0,2022-05-20 17:08:00,2022 May 20,17:08:00,2022,May,Friday,2:01 pm to 6:00 pm,17.0,0,Evening,Spring,3801,2469,Bayview,3C15D,Unknown,Unknown,Unknown,FF,Bicycle Only,39097,2,2,57524,1
58190,85598,240286599.0,2024-05-07 07:58:00,2024 May 07,07:58:00,2024,May,Tuesday,6:01 am to 10:00 am,7.0,0,Morning,Spring,3801,#2089,Tenderloin,CO J/1 CAR,22350,22350,Unsafe speed for prevailing conditions,BB,Vehicle-Pedestrian,37020,2,1,57649,2
58191,85729,240351227.0,2024-06-04 20:03:00,2024 June 04,20:03:00,2024,June,Tuesday,6:01 pm to 10:00 pm,20.0,0,Evening,Summer,3801,890,Bayview,Bayview 4,22450(a),22450(a),Failure to stop at STOP sign,AA,Vehicle(s) Only Involved,31886,2,15,57660,8
58192,55847,210563521.0,2021-09-01 22:52:00,2021 September 01,22:52:00,2021,September,Wednesday,10:01 pm to 2:00 am,22.0,0,Night,Fall,3801,2427,Southern,3B62,21750,21750,Overtaking and passing unsafely,AA,Vehicle(s) Only Involved,39098,5,3,54774,8
58193,86641,240610772.0,2024-09-28 14:15:00,2024 September 28,14:15:00,2024,September,Saturday,2:01 pm to 6:00 pm,14.0,1,Afternoon,Fall,3801,1580,Southern,3B5A,21651(b),21651(b),Wrong way driving,AA,Vehicle(s) Only Involved,39099,2,1,57467,2
58194,84756,240020563.0,2024-01-10 06:29:00,2024 January 10,06:29:00,2024,January,Wednesday,6:01 am to 10:00 am,6.0,0,Morning,Winter,3801,1316,Richmond,3G13A,21954(a),21954(a),Pedestrians must yield right-of-way outside of crosswalks,BB,Vehicle-Pedestrian,39100,4,13,57622,1
58195,86868,240651306.0,2024-10-16 11:25:00,2024 October 16,11:25:00,2024,October,Wednesday,10:01 am to 2:00 pm,11.0,0,Morning,Fall,3801,209,Mission,3D16A,21703,21703,Following too closely prohibited,AA,Vehicle(s) Only Involved,39101,2,2,57313,4
58196,57300,220038699.0,2022-01-18 13:41:00,2022 January 18,13:41:00,2022,January,Tuesday,10:01 am to 2:00 pm,13.0,0,Afternoon,Winter,3801,327,Mission,3D11C,21802(a),"21802(a,b)",Violation of right-of-way - entering through highway,AA,Vehicle(s) Only Involved,39102,2,1,57659,8
58197,57909,220258944.0,2022-04-20 18:20:00,2022 April 20,18:20:00,2022,April,Wednesday,6:01 pm to 10:00 pm,18.0,0,Evening,Spring,3801,2168,Central,3A2D,Unknown,Unknown,Unknown,AA,Vehicle(s) Only Involved,39103,2,1,57557,1
58198,60023,220710245.0,2022-10-16 02:53:00,2022 October 16,02:53:00,2022,October,Sunday,2:01 am to 6:00 am,2.0,1,Night,Fall,3801,317,Central,SECTOR 4,22350,22350,Unsafe speed for prevailing conditions,AA,Vehicle(s) Only Involved,39104,2,12,57654,2
58199,58144,220365345.0,2022-06-04 00:09:00,2022 June 04,00:09:00,2022,June,Saturday,10:01 pm to 2:00 am,0.0,1,Night,Summer,3801,1718,Bayview,3C15E,22101(d),22101(d),Violating special traffic control markers,AA,Vehicle(s) Only Involved,39105,2,3,57659,8
58200,86672,240609656.0,2024-09-27 21:39:00,2024 September 27,21:39:00,2024,September,Friday,6:01 pm to 10:00 pm,21.0,0,Night,Fall,3801,866,Bayview,2,21453(c),"21453(a,c)",Red signal - driver or bicyclist responsibilities,AA,Vehicle(s) Only Involved,2883,2,3,57603,1
58201,84811,240049165.0,2024-01-23 07:00:00,2024 January 23,07:00:00,2024,January,Tuesday,6:01 am to 10:00 am,7.0,0,Morning,Winter,3801,640,Mission,3D1A,21453(a),"21453(a,c)",Red signal - driver or bicyclist responsibilities,AA,Vehicle(s) Only Involved,35324,2,33,57490,4
58202,86411,240517043.0,2024-08-18 09:49:00,2024 August 18,09:49:00,2024,August,Sunday,6:01 am to 10:00 am,9.0,1,Morning,Summer,3801,1307,Tenderloin,3J2A,38300,38300,"Unlawful to disobey specified sign, signal, or traffic control device",BB,Vehicle-Pedestrian,27461,2,1,57649,1
58203,54983,210189008.0,2021-03-26 16:20:00,2021 March 26,16:20:00,2021,March,Friday,2:01 pm to 6:00 pm,16.0,0,Afternoon,Spring,3801,299,Central,3A12D,22100(a),"22100(a,b)",Turn at intersection from wrong position,AA,Vehicle(s) Only Involved,39106,2,40,57660,2
58204,85154,240109844.0,2024-02-19 10:52:00,2024 February 19,10:52:00,2024,February,Monday,10:01 am to 2:00 pm,10.0,0,Morning,Winter,3801,1068,Tenderloin,,22350,22350,Unsafe speed for prevailing conditions,AA,Vehicle(s) Only Involved,35250,2,1,55413,1
58205,83996,230747028.0,2023-10-18 07:55:00,2023 October 18,07:55:00,2023,October,Wednesday,6:01 am to 10:00 am,7.0,0,Morning,Fall,3801,575,Central,3A11A,21650.1,21650.1,Bicycle to travel in same direction as vehicles,CC,Vehicle-Bicycle,39107,2,1,57616,1
58206,85715,240344692.0,2024-06-02 03:15:00,2024 June 02,03:15:00,2024,June,Sunday,2:01 am to 6:00 am,3.0,1,Night,Summer,3801,2424,Southern,3B13E,Unknown,Unknown,Unknown,AA,Vehicle(s) Only Involved,6110,2,3,57631,11
58207,34202,180616644.0,2018-08-16 17:25:00,2018 August 16,17:25:00,2018,August,Thursday,2:01 pm to 6:00 pm,17.0,0,Evening,Summer,3801,1362,Central,3Al4C,21760(c),21760(c),Overtaking or passing bicycle at distance of less than three feet,CC,Vehicle-Bicycle,29697,2,1,57614,1
58208,85386,240204018.0,2024-03-31 14:05:00,2024 March 31,14:05:00,2024,March,Sunday,2:01 pm to 6:00 pm,14.0,1,Afternoon,Spring,3801,50,Tenderloin,3,21801(a),"21801(a,b)",Violation of right-of-way - left turn,CC,Vehicle-Bicycle,28321,2,1,57633,2
58209,59843,220695114.0,2022-10-10 05:43:00,2022 October 10,05:43:00,2022,October,Monday,2:01 am to 6:00 am,5.0,0,Morning,Fall,3801,311,Park,3F91,21453(a),"21453(a,c)",Red signal - driver or bicyclist responsibilities,AA,Vehicle(s) Only Involved,3178,9,13,57585,1
58210,83336,230275029.0,2023-04-20 16:50:00,2023 April 20,16:50:00,2023,April,Thursday,2:01 pm to 6:00 pm,16.0,0,Afternoon,Spring,3801,1937,Park,3F12D,22350,22350,Unsafe speed for prevailing conditions,CC,Vehicle-Bicycle,38874,2,1,57621,1
58211,84532,230765268.0,2023-10-25 17:47:00,2023 October 25,17:47:00,2023,October,Wednesday,2:01 pm to 6:00 pm,17.0,0,Evening,Fall,3801,2091,Northern,3E16D,22107,22107,Unsafe turn or lane change prohibited,AA,Vehicle(s) Only Involved,39108,2,33,57128,2
58212,41341,180436282.0,2018-06-12 15:05:00,2018 June 12,15:05:00,2018,June,Tuesday,2:01 pm to 6:00 pm,15.0,0,Afternoon,Summer,3801,2411,Taraval,3I12B,21804(a),"21804(a,b)",Entering highway from alley or driveway,AA,Vehicle(s) Only Involved,39109,2,2,57659,1
58213,10352,180906592.0,2018-12-01 07:55:00,2018 December 01,07:55:00,2018,December,Saturday,6:01 am to 10:00 am,7.0,1,Morning,Winter,3801,1477,Mission,3D13A,22450(a),22450(a),Failure to stop at STOP sign,CC,Vehicle-Bicycle,39110,1,37,57581,1
58214,55831,210557756.0,2021-08-30 20:05:00,2021 August 30,20:05:00,2021,August,Monday,6:01 pm to 10:00 pm,20.0,0,Evening,Summer,3801,1389,Bayview,3C12D,23152(a),23152(a-g),Driving under influence of alcohol and/or drugs,AA,Vehicle(s) Only Involved,1850,2,3,57658,1
58215,84362,230812671.0,2023-11-16 07:07:00,2023 November 16,07:07:00,2023,November,Thursday,6:01 am to 10:00 am,7.0,0,Morning,Fall,3801,50,Tenderloin,1,Unknown,Unknown,Unknown,II,Unknown/Not Stated,37946,2,8,55715,2
58216,55195,210300759.0,2021-05-16 15:20:00,2021 May 16,15:20:00,2021,May,Sunday,2:01 pm to 6:00 pm,15.0,1,Afternoon,Spring,3801,Froines,Northern,3E14D,21801(a),"21801(a,b)",Violation of right-of-way - left turn,AA,Vehicle(s) Only Involved,40588,1,1,57660,1
58217,35540,180046057.0,2018-01-18 07:00:00,2018 January 18,07:00:00,2018,January,Thursday,6:01 am to 10:00 am,7.0,0,Morning,Winter,3801,1342,Northern,3E5A,22450(a),22450(a),Failure to stop at STOP sign,AA,Vehicle(s) Only Involved,39112,4,343,57659,1
58218,53364,200475922.0,2020-08-09 03:05:00,2020 August 09,03:05:00,2020,August,Sunday,2:01 am to 6:00 am,3.0,1,Night,Summer,3801,4125,Richmond,3G13E,Unknown,Unknown,Unknown,BB,Vehicle-Pedestrian,40965,2,6,57532,2
58219,20474,180763289.0,2018-10-08 17:28:00,2018 October 08,17:28:00,2018,October,Monday,2:01 pm to 6:00 pm,17.0,0,Evening,Fall,3801,1876,Not Stated,,23153(f),23153(a-g),Driving under influence causing injury,AA,Vehicle(s) Only Involved,39114,2,1,57659,13
58220,56700,210659578.0,2021-10-09 18:43:00,2021 October 09,18:43:00,2021,October,Saturday,6:01 pm to 10:00 pm,18.0,1,Evening,Fall,3801,2749,Tenderloin,3J13D,Unknown,Unknown,Unknown,AA,Vehicle(s) Only Involved,14641,2,15,56679,2
58221,56582,210804115.0,2021-12-05 22:30:00,2021 December 05,22:30:00,2021,December,Sunday,10:01 pm to 2:00 am,22.0,1,Night,Winter,3801,1207,Mission,D1,22107,22107,Unsafe turn or lane change prohibited,BB,Vehicle-Pedestrian,39115,2,12,57619,8
58222,84496,230846539.0,2023-12-01 16:41:00,2023 December 01,16:41:00,2023,December,Friday,2:01 pm to 6:00 pm,16.0,0,Afternoon,Winter,3801,319,Southern,3B12D,22350,22350,Unsafe speed for prevailing conditions,AA,Vehicle(s) Only Involved,38520,2,15,57490,2
58223,58123,220408042.0,2022-06-21 22:21:00,2022 June 21,22:21:00,2022,June,Tuesday,10:01 pm to 2:00 am,22.0,0,Night,Summer,3801,A22887,Richmond,3G13E,22350,22350,Unsafe speed for prevailing conditions,AA,Vehicle(s) Only Involved,39116,2,12,57658,1
58224,58304,220216259.0,2022-04-02 22:24:00,2022 April 02,22:24:00,2022,April,Saturday,10:01 pm to 2:00 am,22.0,1,Night,Spring,3801,1782,Tenderloin,3 Car,Unknown,Unknown,Unknown,AA,Vehicle(s) Only Involved,1150,3,6,57546,8
58225,84706,240216740.0,2024-04-06 11:30:00,2024 April 06,11:30:00,2024,April,Saturday,10:01 am to 2:00 pm,11.0,1,Morning,Spring,3801,891,Park,,21950(a),"21950(a,c)",Driver or bicyclist to yield right-of-way at crosswalks,BB,Vehicle-Pedestrian,39117,2,1,57649,4
58226,26843,180834937.0,2018-11-03 10:05:00,2018 November 03,10:05:00,2018,November,Saturday,10:01 am to 2:00 pm,10.0,1,Morning,Fall,3801,1713,Southern,3B12A,21950(a),"21950(a,c)",Driver or bicyclist to yield right-of-way at crosswalks,BB,Vehicle-Pedestrian,39118,2,1,57649,1
58227,58789,220490447.0,2022-07-24 12:35:00,2022 July 24,12:35:00,2022,July,Sunday,10:01 am to 2:00 pm,12.0,1,Afternoon,Summer,3801,1961,Ingleside,3H13C,22450(a),22450(a),Failure to stop at STOP sign,AA,Vehicle(s) Only Involved,39119,2,1,57659,1
58228,85944,240404070.0,2024-06-29 07:22:00,2024 June 29,07:22:00,2024,June,Saturday,6:01 am to 10:00 am,7.0,1,Morning,Summer,3801,432,Mission,,21753,21753,Failure to yield to overtaking vehicle,CC,Vehicle-Bicycle,39120,2,8,57374,3
58229,87660,240289264.0,2024-05-08 10:02:00,2024 May 08,10:02:00,2024,May,Wednesday,10:01 am to 2:00 pm,10.0,0,Morning,Spring,3801,1452,Mission,3D12A,21800(a),21800(a-c),Violation of right-of-way or uncontrolled intersection,AA,Vehicle(s) Only Involved,39121,2,2,57659,2
58230,84366,230888484.0,2023-12-20 10:02:00,2023 December 20,10:02:00,2023,December,Wednesday,10:01 am to 2:00 pm,10.0,0,Morning,Winter,3801,1557,Taraval,3I16A,22350,22350,Unsafe speed for prevailing conditions,AA,Vehicle(s) Only Involved,39122,4,4,57659,1
58231,84242,230819934.0,2023-11-19 15:15:00,2023 November 19,15:15:00,2023,November,Sunday,2:01 pm to 6:00 pm,15.0,1,Afternoon,Fall,3801,2419,Richmond,908,22350,22350,Unsafe speed for prevailing conditions,AA,Vehicle(s) Only Involved,39123,2,1,57607,1
58232,56330,210416607.0,2021-07-02 22:20:00,2021 July 02,22:20:00,2021,July,Friday,10:01 pm to 2:00 am,22.0,0,Night,Summer,3801,2163,Northern,3E000,22350,22350,Unsafe speed for prevailing conditions,AA,Vehicle(s) Only Involved,39124,2,301,57557,1
58233,35101,180245384.0,2018-04-02 23:11:00,2018 April 02,23:11:00,2018,April,Monday,10:01 pm to 2:00 am,23.0,0,Night,Spring,3801,,Northern,3E16E,21453(a),"21453(a,c)",Red signal - driver or bicyclist responsibilities,AA,Vehicle(s) Only Involved,22662,2,3,57659,12
58234,56271,210470459.0,2021-07-25 15:08:00,2021 July 25,15:08:00,2021,July,Sunday,2:01 pm to 6:00 pm,15.0,1,Afternoon,Summer,3801,1817,Central,3A12C,22106,22106,Unsafe starting or backing on highway,BB,Vehicle-Pedestrian,39125,2,1,57649,1
58235,56799,210728208.0,2021-11-05 16:09:00,2021 November 05,16:09:00,2021,November,Friday,2:01 pm to 6:00 pm,16.0,0,Afternoon,Fall,3801,2021,Northern,3E14D,21804(a),"21804(a,b)",Entering highway from alley or driveway,AA,Vehicle(s) Only Involved,39126,2,2,57603,8
58236,55677,210394279.0,2021-06-23 22:49:00,2021 June 23,22:49:00,2021,June,Wednesday,10:01 pm to 2:00 am,22.0,0,Night,Summer,3801,2166,Tenderloin,3J15E,21703,21703,Following too closely prohibited,AA,Vehicle(s) Only Involved,20653,2,3,57658,1
58237,82415,230408941.0,2023-06-14 07:27:00,2023 June 14,07:27:00,2023,June,Wednesday,6:01 am to 10:00 am,7.0,0,Morning,Summer,3801,1849,Tenderloin,3j11a,Unknown,Unknown,Unknown,AA,Vehicle(s) Only Involved,41115,2,1,55715,4
58238,55902,210592893.0,2021-09-13 17:47:00,2021 September 13,17:47:00,2021,September,Monday,2:01 pm to 6:00 pm,17.0,0,Evening,Fall,3801,2732,Central,3A12D,21950(a),"21950(a,c)",Driver or bicyclist to yield right-of-way at crosswalks,BB,Vehicle-Pedestrian,39128,2,1,57649,2
58239,57994,220231439.0,2022-04-08 20:07:00,2022 April 08,20:07:00,2022,April,Friday,6:01 pm to 10:00 pm,20.0,0,Evening,Spring,3801,2727,Taraval,3I16D,22350,22350,Unsafe speed for prevailing conditions,AA,Vehicle(s) Only Involved,39129,2,12,57658,12
58240,19218,180946786.0,2018-12-16 17:46:00,2018 December 16,17:46:00,2018,December,Sunday,2:01 pm to 6:00 pm,17.0,1,Evening,Winter,3801,4000,Park,4 CAR,21950(a),"21950(a,c)",Driver or bicyclist to yield right-of-way at crosswalks,BB,Vehicle-Pedestrian,39130,4,7,57649,2
58241,86155,240463929.0,2024-07-25 12:31:00,2024 July 25,12:31:00,2024,July,Thursday,10:01 am to 2:00 pm,12.0,0,Afternoon,Summer,3801,2716,Park,3-Car,22107,22107,Unsafe turn or lane change prohibited,AA,Vehicle(s) Only Involved,39131,2,1,57659,1
58242,37780,180811731.0,2018-10-25 22:20:00,2018 October 25,22:20:00,2018,October,Thursday,10:01 pm to 2:00 am,22.0,0,Night,Fall,3801,675,Taraval,3I4,22107,22107,Unsafe turn or lane change prohibited,AA,Vehicle(s) Only Involved,39132,2,29,57636,1
58243,58614,220617356.0,2022-09-10 15:38:00,2022 September 10,15:38:00,2022,September,Saturday,2:01 pm to 6:00 pm,15.0,1,Afternoon,Fall,3801,2118,Southern,3B12D,21453(a),"21453(a,c)",Red signal - driver or bicyclist responsibilities,CC,Vehicle-Bicycle,39133,2,1,57581,1
58244,55229,210331594.0,2021-05-29 10:16:00,2021 May 29,10:16:00,2021,May,Saturday,10:01 am to 2:00 pm,10.0,1,Morning,Spring,3801,2162,Southern,1,21801(a),"21801(a,b)",Violation of right-of-way - left turn,AA,Vehicle(s) Only Involved,20453,2,1,57659,1
58245,82285,230706745.0,2023-10-02 07:43:00,2023 October 02,07:43:00,2023,October,Monday,6:01 am to 10:00 am,7.0,0,Morning,Fall,3801,532,Richmond,3G1A,Unknown,Unknown,Unknown,CC,Vehicle-Bicycle,39134,2,1,56954,2
58246,86860,240650659.0,2024-10-16 00:36:00,2024 October 16,00:36:00,2024,October,Wednesday,10:01 pm to 2:00 am,0.0,0,Night,Fall,3801,2735,Park,3F13E,22350,22350,Unsafe speed for prevailing conditions,AA,Vehicle(s) Only Involved,39135,2,3,57508,2
58247,57493,220114653.0,2022-02-19 15:21:00,2022 February 19,15:21:00,2022,February,Saturday,2:01 pm to 6:00 pm,15.0,1,Afternoon,Winter,3801,2141,Bayview,3C12D,22350,22350,Unsafe speed for prevailing conditions,BB,Vehicle-Pedestrian,39136,2,2,57649,1
58248,59979,220744567.0,2022-10-29 09:54:00,2022 October 29,09:54:00,2022,October,Saturday,6:01 am to 10:00 am,9.0,1,Morning,Fall,3801,4267,Taraval,3I11A,21950(a),"21950(a,c)",Driver or bicyclist to yield right-of-way at crosswalks,BB,Vehicle-Pedestrian,39137,2,20,57649,2
58249,86253,240499140.0,2024-08-10 04:01:00,2024 August 10,04:01:00,2024,August,Saturday,2:01 am to 6:00 am,4.0,1,Night,Summer,3801,4040,Northern,3E11E,21453(a),"21453(a,c)",Red signal - driver or bicyclist responsibilities,AA,Vehicle(s) Only Involved,14802,2,42,57659,1
58250,86057,240401894.0,2024-06-28 03:15:00,2024 June 28,03:15:00,2024,June,Friday,2:01 am to 6:00 am,3.0,0,Night,Summer,3801,Bertrand #414,Southern,3B16E,22350,22350,Unsafe speed for prevailing conditions,AA,Vehicle(s) Only Involved,39138,2,12,57658,1
58251,55782,210533897.0,2021-08-20 20:19:00,2021 August 20,20:19:00,2021,August,Friday,6:01 pm to 10:00 pm,20.0,0,Evening,Summer,3801,1931,Northern,3E12D,21451(a),"21451(a,b)",Green signal - driver or bicyclist responsibilities,AA,Vehicle(s) Only Involved,4248,2,3,57659,3
58252,5678,180684306.0,2018-09-10 07:34:00,2018 September 10,07:34:00,2018,September,Monday,6:01 am to 10:00 am,7.0,0,Morning,Fall,3801,1518,Bayview,C2,21954(a),21954(a),Pedestrians must yield right-of-way outside of crosswalks,BB,Vehicle-Pedestrian,39139,2,1,57123,1
58253,55520,210277584.0,2021-05-06 15:24:00,2021 May 06,15:24:00,2021,May,Thursday,2:01 pm to 6:00 pm,15.0,0,Afternoon,Spring,3801,4187,Northern,3E15D,22350,22350,Unsafe speed for prevailing conditions,AA,Vehicle(s) Only Involved,39140,2,2,57658,14
58254,57231,210552671.0,2021-08-28 18:10:00,2021 August 28,18:10:00,2021,August,Saturday,6:01 pm to 10:00 pm,18.0,1,Evening,Summer,3801,1126,Central,3A4D,22107,22107,Unsafe turn or lane change prohibited,CC,Vehicle-Bicycle,39141,2,2,57621,1
58255,56265,210464913.0,2021-07-23 00:07:00,2021 July 23,00:07:00,2021,July,Friday,10:01 pm to 2:00 am,0.0,0,Night,Summer,3801,2463,Southern,3B14E,22101(d),22101(d),Violating special traffic control markers,BB,Vehicle-Pedestrian,22064,2,42,57454,2
58256,57463,220101729.0,2022-02-14 08:52:00,2022 February 14,08:52:00,2022,February,Monday,6:01 am to 10:00 am,8.0,0,Morning,Winter,3801,892,Southern,B3,21703,21703,Following too closely prohibited,CC,Vehicle-Bicycle,22154,2,1,57639,1
58257,87603,240280450.0,2024-05-04 03:55:00,2024 May 04,03:55:00,2024,May,Saturday,2:01 am to 6:00 am,3.0,1,Night,Spring,3801,2452,Central,3A62,21453(a),"21453(a,c)",Red signal - driver or bicyclist responsibilities,AA,Vehicle(s) Only Involved,27221,4,129,57659,1
58258,57880,220217956.0,2022-04-03 18:44:00,2022 April 03,18:44:00,2022,April,Sunday,6:01 pm to 10:00 pm,18.0,1,Evening,Spring,3801,1783,Mission,,22107,22107,Unsafe turn or lane change prohibited,AA,Vehicle(s) Only Involved,39142,2,1,57603,1
58259,85727,240349965.0,2024-06-04 11:41:00,2024 June 04,11:41:00,2024,June,Tuesday,10:01 am to 2:00 pm,11.0,0,Morning,Summer,3801,1849,Richmond,3g12a,21456(a),"21456(a,c)",Pedestrian violation of walk or wait signals,BB,Vehicle-Pedestrian,27041,2,1,57622,1
58260,84016,230755736.0,2023-10-21 17:08:00,2023 October 21,17:08:00,2023,October,Saturday,2:01 pm to 6:00 pm,17.0,1,Evening,Fall,3801,1907,Ingleside,3H15D,22107,22107,Unsafe turn or lane change prohibited,AA,Vehicle(s) Only Involved,9942,2,2,57564,4
58261,84004,230748418.0,2023-10-18 16:49:00,2023 October 18,16:49:00,2023,October,Wednesday,2:01 pm to 6:00 pm,16.0,0,Afternoon,Fall,3801,82,Mission,3D14D,21703,21703,Following too closely prohibited,AA,Vehicle(s) Only Involved,10464,2,1,57658,1
58262,85956,240408458.0,2024-07-01 01:08:00,2024 July 01,01:08:00,2024,July,Monday,10:01 pm to 2:00 am,1.0,0,Night,Summer,3801,2140,Mission,3D13E,21453(a),"21453(a,c)",Red signal - driver or bicyclist responsibilities,AA,Vehicle(s) Only Involved,29987,2,3,57603,8
58263,56857,210776229.0,2021-11-24 13:27:00,2021 November 24,13:27:00,2021,November,Wednesday,10:01 am to 2:00 pm,13.0,0,Afternoon,Fall,3801,#129,Southern,3B14C,21229(a),"21229(a,b)",Failure to operate motorized scooter in bicycle lane,AA,Vehicle(s) Only Involved,39143,2,2,57271,2
58264,82289,230683999.0,2023-09-23 06:30:00,2023 September 23,06:30:00,2023,September,Saturday,6:01 am to 10:00 am,6.0,1,Morning,Fall,3801,5,Northern,3E12A,Unknown,Unknown,Unknown,AA,Vehicle(s) Only Involved,2053,2,33,57585,8
58265,83834,230694429.0,2023-09-27 08:04:00,2023 September 27,08:04:00,2023,September,Wednesday,6:01 am to 10:00 am,8.0,0,Morning,Fall,3801,1917,Taraval,3I15A,21801(a),"21801(a,b)",Violation of right-of-way - left turn,AA,Vehicle(s) Only Involved,39144,2,1,57659,8
58266,56094,210623959.0,2021-09-25 19:25:00,2021 September 25,19:25:00,2021,September,Saturday,6:01 pm to 10:00 pm,19.0,1,Evening,Fall,3801,B. YEE 2102,Bayview,3C15D,Unknown,Unknown,Unknown,BB,Vehicle-Pedestrian,39145,2,12,57525,2
58267,55626,210366303.0,2021-06-12 17:24:00,2021 June 12,17:24:00,2021,June,Saturday,2:01 pm to 6:00 pm,17.0,1,Evening,Summer,3801,1166,Taraval,3I15D,22350,22350,Unsafe speed for prevailing conditions,AA,Vehicle(s) Only Involved,39146,1,1,57658,1
58268,83959,230627254.0,2023-09-02 09:31:00,2023 September 02,09:31:00,2023,September,Saturday,6:01 am to 10:00 am,9.0,1,Morning,Fall,3801,1371,Northern,2,21453(a),"21453(a,c)",Red signal - driver or bicyclist responsibilities,AA,Vehicle(s) Only Involved,36736,2,1,57659,1
58269,85541,240234134.0,2024-04-14 17:44:00,2024 April 14,17:44:00,2024,April,Sunday,2:01 pm to 6:00 pm,17.0,1,Evening,Spring,3801,539,Northern,Northern 6 car,21453(a),"21453(a,c)",Red signal - driver or bicyclist responsibilities,AA,Vehicle(s) Only Involved,35457,2,1,57659,4
58270,56716,210668983.0,2021-10-13 10:44:00,2021 October 13,10:44:00,2021,October,Wednesday,10:01 am to 2:00 pm,10.0,0,Morning,Fall,3801,1146,Ingleside,3H15A,21801(a),"21801(a,b)",Violation of right-of-way - left turn,AA,Vehicle(s) Only Involved,39147,20,16,57659,1
58271,84209,230497502.0,2023-07-17 17:17:00,2023 July 17,17:17:00,2023,July,Monday,2:01 pm to 6:00 pm,17.0,0,Evening,Summer,3801,893,Ingleside,3H13D,21703,21703,Following too closely prohibited,AA,Vehicle(s) Only Involved,22213,2,1,57658,1
58272,84187,230207298.0,2023-03-24 17:45:00,2023 March 24,17:45:00,2023,March,Friday,2:01 pm to 6:00 pm,17.0,0,Evening,Spring,3801,1878,Southern,B4,22107,22107,Unsafe turn or lane change prohibited,AA,Vehicle(s) Only Involved,39148,2,20,57564,2
58273,85814,240362309.0,2024-06-10 02:08:00,2024 June 10,02:08:00,2024,June,Monday,2:01 am to 6:00 am,2.0,0,Night,Summer,3801,382,Northern,Northern,22350,22350,Unsafe speed for prevailing conditions,AA,Vehicle(s) Only Involved,39149,2,3,57584,1
58274,85739,240250146.0,2024-04-21 13:48:00,2024 April 21,13:48:00,2024,April,Sunday,10:01 am to 2:00 pm,13.0,1,Afternoon,Spring,3801,1203,Mission,3D13,22350,22350,Unsafe speed for prevailing conditions,FF,Bicycle Only,39150,2,2,57341,4
58275,56782,210715051.0,2021-10-31 16:00:00,2021 October 31,16:00:00,2021,October,Sunday,2:01 pm to 6:00 pm,16.0,1,Afternoon,Fall,3801,2215,Northern,3E12D,22107,22107,Unsafe turn or lane change prohibited,AA,Vehicle(s) Only Involved,5821,2,1,57660,1
58276,54632,210043448.0,2021-01-19 22:15:00,2021 January 19,22:15:00,2021,January,Tuesday,10:01 pm to 2:00 am,22.0,0,Night,Winter,3801,276,Northern,,21657,21657,Going against one-way traffic patterns,AA,Vehicle(s) Only Involved,39401,2,3,57659,1
58277,85818,240366088.0,2024-06-11 16:50:00,2024 June 11,16:50:00,2024,June,Tuesday,2:01 pm to 6:00 pm,16.0,0,Afternoon,Summer,3801,1066,Northern,3E6,22106,22106,Unsafe starting or backing on highway,AA,Vehicle(s) Only Involved,39152,2,2,57658,1