collision_id,unique_id,case_id_pkey,collision_datetime,collision_date,collision_time,accident_year,month,day_of_week,time_cat,hour_of_day,is_weekend,time_of_day,season,juris,officer_id,reporting_district,beat_number,vz_pcf_code,vz_pcf_group,vz_pcf_description,dph_col_grp,dph_col_grp_description,location_id,weather_id,road_id,party_id,severity_id
60898,83311,230256267.0,2023-04-13 11:32:00,2023 April 13,11:32:00,2023,April,Thursday,10:01 am to 2:00 pm,11.0,0,Morning,Spring,3801,IMHOFF #8,Northern,3E11A,22106,22106,Unsafe starting or backing on highway,AA,Vehicle(s) Only Involved,40935,2,2,57658,2
60899,83710,230603260.0,2023-08-24 12:10:00,2023 August 24,12:10:00,2023,August,Thursday,10:01 am to 2:00 pm,12.0,0,Afternoon,Summer,3801,2707,Taraval,3 CAR,21950(a),"21950(a,c)",Driver or bicyclist to yield right-of-way at crosswalks,AA,Vehicle(s) Only Involved,40936,2,1,57564,2
60900,86862,240651293.0,2024-10-16 11:24:00,2024 October 16,11:24:00,2024,October,Wednesday,10:01 am to 2:00 pm,11.0,0,Morning,Fall,3801,937,Bayview,3C11A,21801(a),"21801(a,b)",Violation of right-of-way - left turn,AA,Vehicle(s) Only Involved,20325,2,1,57659,14
60901,87680,240320363.0,2024-05-22 00:20:00,2024 May 22,00:20:00,2024,May,Wednesday,10:01 pm to 2:00 am,0.0,0,Night,Spring,3801,1447,Park,3,21453(a),"21453(a,c)",Red signal - driver or bicyclist responsibilities,AA,Vehicle(s) Only Involved,11396,2,3,57585,1
60902,71537,210733489.0,2021-11-07 18:47:00,2021 November 07,18:47:00,2021,November,Sunday,6:01 pm to 10:00 pm,18.0,1,Evening,Fall,3801,1669,Tenderloin,3J14d,22517,22517,Opening door on traffic side when unsafe,CC,Vehicle-Bicycle,40937,2,8,57614,1
60903,85487,240225547.0,2024-04-10 14:16:00,2024 April 10,14:16:00,2024,April,Wednesday,2:01 pm to 6:00 pm,14.0,0,Afternoon,Spring,3801,618,Taraval,3I11A,22107,22107,Unsafe turn or lane change prohibited,AA,Vehicle(s) Only Involved,23315,2,2,57659,1
60904,84613,230896534.0,2023-12-23 23:08:00,2023 December 23,23:08:00,2023,December,Saturday,10:01 pm to 2:00 am,23.0,1,Night,Winter,3801,#2437,Bayview,3C15E,22350,22350,Unsafe speed for prevailing conditions,AA,Vehicle(s) Only Involved,40938,2,12,57654,2
60905,85744,240225337.0,2024-04-10 13:35:00,2024 April 10,13:35:00,2024,April,Wednesday,10:01 am to 2:00 pm,13.0,0,Afternoon,Spring,3801,2716,Park,3 Car,22107,22107,Unsafe turn or lane change prohibited,AA,Vehicle(s) Only Involved,29689,2,1,57659,11
60906,82388,230794988.0,2023-11-07 15:45:00,2023 November 07,15:45:00,2023,November,Tuesday,2:01 pm to 6:00 pm,15.0,0,Afternoon,Fall,3801,#334,Bayview,C3,21650,21650,Failure to keep to right side of road,AA,Vehicle(s) Only Involved,40939,2,2,57467,2
60907,86028,240430348.0,2024-07-09 17:04:00,2024 July 09,17:04:00,2024,July,Tuesday,2:01 pm to 6:00 pm,17.0,0,Evening,Summer,3801,#364,Southern,3B00,Unknown,Unknown,Unknown,CC,Vehicle-Bicycle,40940,2,33,57639,1
60908,4143,180627340.0,2018-08-20 20:37:00,2018 August 20,20:37:00,2018,August,Monday,6:01 pm to 10:00 pm,20.0,0,Evening,Summer,3801,340,Ingleside,3H11D,23152(a),23152(a-g),Driving under influence of alcohol and/or drugs,AA,Vehicle(s) Only Involved,40941,2,12,57576,1
60909,85843,240375283.0,2024-06-15 19:36:00,2024 June 15,19:36:00,2024,June,Saturday,6:01 pm to 10:00 pm,19.0,1,Evening,Summer,3801,1544,Central,3A14D,21296(a),21296(a),Operation of electrically motorized board while under influence of alcohol or drug,AA,Vehicle(s) Only Involved,40942,2,2,57313,2
60910,35634,180348869.0,2018-05-10 14:56:00,2018 May 10,14:56:00,2018,May,Thursday,2:01 pm to 6:00 pm,14.0,0,Afternoon,Spring,3801,1014,Central,3A13D,22101(d),22101(d),Violation of a turn prohibition sign,AA,Vehicle(s) Only Involved,40943,2,40,57603,2
60911,7362,180257981.0,2018-04-07 18:39:00,2018 April 07,18:39:00,2018,April,Saturday,6:01 pm to 10:00 pm,18.0,1,Evening,Spring,3801,1157,Ingleside,3H14D,21950(a),"21950(a,c)",Driver or bicyclist to yield right-of-way at crosswalks,BB,Vehicle-Pedestrian,40944,2,1,57649,2
60912,34906,180623116.0,2018-08-19 10:42:00,2018 August 19,10:42:00,2018,August,Sunday,10:01 am to 2:00 pm,10.0,1,Morning,Summer,3801,1288,Northern,3E6A,21950(a),"21950(a,c)",Driver or bicyclist to yield right-of-way at crosswalks,AA,Vehicle(s) Only Involved,40945,2,2,57659,1
60913,85738,240265236.0,2024-04-27 12:45:00,2024 April 27,12:45:00,2024,April,Saturday,10:01 am to 2:00 pm,12.0,1,Afternoon,Spring,3801,1876,Northern,3E16A,21453(a),"21453(a,c)",Red signal - driver or bicyclist responsibilities,AA,Vehicle(s) Only Involved,40946,2,23,57406,1
60914,31187,6049429.0,2012-11-09 00:20:00,2012 November 09,00:20:00,2012,November,Friday,10:01 pm to 2:00 am,0.0,0,Night,Fall,3801,931,RICHM,2CAR,21956(a),21956(a),Pedestrian on roadway prohibited,BB,Vehicle-Pedestrian,40947,2,12,57622,1
60915,82437,230503068.0,2023-07-19 16:25:00,2023 July 19,16:25:00,2023,July,Wednesday,2:01 pm to 6:00 pm,16.0,0,Afternoon,Summer,3801,1994,Traffic,4B3G,21651(b),21651(b),Wrong way driving,CC,Vehicle-Bicycle,40948,2,44,57319,3
60916,85564,240262602.0,2024-04-26 10:09:00,2024 April 26,10:09:00,2024,April,Friday,10:01 am to 2:00 pm,10.0,0,Morning,Spring,3801,IMHOFF #8,Northern,3E60,21453(a),"21453(a,c)",Red signal - driver or bicyclist responsibilities,CC,Vehicle-Bicycle,40949,2,47,57374,2
60917,55210,210315742.0,2021-05-22 19:45:00,2021 May 22,19:45:00,2021,May,Saturday,6:01 pm to 10:00 pm,19.0,1,Evening,Spring,3801,2239,Ingleside,3H11D,23152(a),23152(a-g),Driving under influence of alcohol and/or drugs,AA,Vehicle(s) Only Involved,40950,2,2,57619,1
60918,4398,180167283.0,2018-03-03 20:50:00,2018 March 03,20:50:00,2018,March,Saturday,6:01 pm to 10:00 pm,20.0,1,Evening,Spring,3801,,Ingleside,,21950(a),"21950(a,c)",Driver or bicyclist to yield right-of-way at crosswalks,BB,Vehicle-Pedestrian,25412,4,91,57649,1
60919,9488,180918428.0,2018-12-05 17:54:00,2018 December 05,17:54:00,2018,December,Wednesday,2:01 pm to 6:00 pm,17.0,0,Evening,Winter,3801,969,Mission,3D15D,21801(a),"21801(a,b)",Violation of right-of-way - left turn,AA,Vehicle(s) Only Involved,40951,2,15,57659,2
60920,86000,240426375.0,2024-07-08 21:09:00,2024 July 08,21:09:00,2024,July,Monday,6:01 pm to 10:00 pm,21.0,0,Night,Summer,3801,2391,Northern,3E12E,22101(d),22101(d),Violating special traffic control markers,AA,Vehicle(s) Only Involved,28796,2,3,57659,14
60921,83322,230273001.0,2023-04-19 20:47:00,2023 April 19,20:47:00,2023,April,Wednesday,6:01 pm to 10:00 pm,20.0,0,Evening,Spring,3801,2293,Northern,,21801(a),"21801(a,b)",Violation of right-of-way - left turn,AA,Vehicle(s) Only Involved,41137,2,3,57631,1
60922,86903,240656782.0,2024-10-18 17:08:00,2024 October 18,17:08:00,2024,October,Friday,2:01 pm to 6:00 pm,17.0,0,Evening,Fall,3801,Rubalcava 2706,Mission,3D16D,21804(a),"21804(a,b)",Entering highway from alley or driveway,AA,Vehicle(s) Only Involved,26584,2,1,57631,4
60923,58914,220640874.0,2022-09-18 19:56:00,2022 September 18,19:56:00,2022,September,Sunday,6:01 pm to 10:00 pm,19.0,1,Evening,Fall,3801,2215,Northern,3E12D,21801(a),"21801(a,b)",Violation of right-of-way - left turn,AA,Vehicle(s) Only Involved,5852,2,13,57659,1
60924,81783,230199582.0,2023-03-21 15:02:00,2023 March 21,15:02:00,2023,March,Tuesday,2:01 pm to 6:00 pm,15.0,0,Afternoon,Spring,3801,2132,Park,3F13D,21950(a),"21950(a,c)",Driver or bicyclist to yield right-of-way at crosswalks,BB,Vehicle-Pedestrian,34896,4,16,57649,1
60925,86240,240492843.0,2024-08-07 11:11:00,2024 August 07,11:11:00,2024,August,Wednesday,10:01 am to 2:00 pm,11.0,0,Morning,Summer,3801,2453,Mission,3D16A,22107,22107,Unsafe turn or lane change prohibited,CC,Vehicle-Bicycle,37450,2,1,57614,2
60926,85553,240247256.0,2024-04-20 23:51:00,2024 April 20,23:51:00,2024,April,Saturday,10:01 pm to 2:00 am,23.0,1,Night,Spring,3801,1428,Ingleside,3H13E,21703,21703,Following too closely prohibited,AA,Vehicle(s) Only Involved,40952,2,3,57658,1
60927,84633,230800438.0,2023-11-10 07:40:00,2023 November 10,07:40:00,2023,November,Friday,6:01 am to 10:00 am,7.0,0,Morning,Fall,3801,1372,Ingleside,3H60,21209(a),21209(a),Motor vehicle in bicycle lane prohibited,AA,Vehicle(s) Only Involved,40953,2,2,57660,2
60928,86784,240631875.0,2024-10-07 17:59:00,2024 October 07,17:59:00,2024,October,Monday,2:01 pm to 6:00 pm,17.0,0,Evening,Fall,3801,936,Central,1500-0100,21950(a),"21950(a,c)",Driver or bicyclist to yield right-of-way at crosswalks,BB,Vehicle-Pedestrian,40954,2,15,57649,1
60929,86485,240559506.0,2024-09-05 21:48:00,2024 September 05,21:48:00,2024,September,Thursday,6:01 pm to 10:00 pm,21.0,0,Night,Fall,3801,2268,Ingleside,3H11D,21950(a),"21950(a,c)",Driver or bicyclist to yield right-of-way at crosswalks,BB,Vehicle-Pedestrian,40955,2,33,57649,1
60930,85782,240345731.0,2024-06-02 16:19:00,2024 June 02,16:19:00,2024,June,Sunday,2:01 pm to 6:00 pm,16.0,1,Afternoon,Summer,3801,4178,Traffic,4B3A,21453(a),"21453(a,c)",Red signal - driver or bicyclist responsibilities,CC,Vehicle-Bicycle,40956,2,1,57621,17
60931,83257,230753536.0,2023-10-20 15:15:00,2023 October 20,15:15:00,2023,October,Friday,2:01 pm to 6:00 pm,15.0,0,Afternoon,Fall,3801,1467,Southern,3B13D,22411,22411,Operating motorized scooter at speed in excess of 15MPH.,AA,Vehicle(s) Only Involved,40957,2,1,57508,2
60932,15307,180815595.0,2018-10-27 11:45:00,2018 October 27,11:45:00,2018,October,Saturday,10:01 am to 2:00 pm,11.0,1,Morning,Fall,3801,677,Southern,3B11A,22107,22107,Unsafe turn or lane change prohibited,BB,Vehicle-Pedestrian,40958,2,23,57649,1
60933,57580,220165769.0,2022-03-12 20:24:00,2022 March 12,20:24:00,2022,March,Saturday,6:01 pm to 10:00 pm,20.0,1,Evening,Spring,3801,1542,Ingleside,3H,21453(a),"21453(a,c)",Red signal - driver or bicyclist responsibilities,AA,Vehicle(s) Only Involved,24409,1,3,57659,4
60934,35988,180982348.0,2018-12-30 14:00:00,2018 December 30,14:00:00,2018,December,Sunday,10:01 am to 2:00 pm,14.0,1,Afternoon,Winter,3801,1678,Northern,3E42C,22107,22107,Unsafe turn or lane change prohibited,AA,Vehicle(s) Only Involved,19751,2,2,57660,4
60935,82347,230766288.0,2023-10-26 06:30:00,2023 October 26,06:30:00,2023,October,Thursday,6:01 am to 10:00 am,6.0,0,Morning,Fall,3801,4356,Ingleside,Ingleside,22411,22411,Operating motorized scooter at speed in excess of 15MPH.,AA,Vehicle(s) Only Involved,40754,2,32,57656,21
60936,58680,220487193.0,2022-07-22 20:39:00,2022 July 22,20:39:00,2022,July,Friday,6:01 pm to 10:00 pm,20.0,0,Evening,Summer,3801,2268,Ingleside,,21950(a),"21950(a,c)",Driver or bicyclist to yield right-of-way at crosswalks,BB,Vehicle-Pedestrian,40959,2,65,57649,1
60937,56484,210667872.0,2021-10-12 23:00:00,2021 October 12,23:00:00,2021,October,Tuesday,10:01 pm to 2:00 am,23.0,0,Night,Fall,3801,1207,Mission,3D15E,Unknown,Unknown,Unknown,FF,Bicycle Only,40960,2,48,57524,1
60938,55420,210398475.0,2021-06-25 16:44:00,2021 June 25,16:44:00,2021,June,Friday,2:01 pm to 6:00 pm,16.0,0,Afternoon,Summer,3801,1848,Park,2,21802(a),"21802(a,b)",Violation of right-of-way - entering through highway,AA,Vehicle(s) Only Involved,26260,2,1,57659,14
60939,55598,210264406.0,2021-04-30 10:21:00,2021 April 30,10:21:00,2021,April,Friday,10:01 am to 2:00 pm,10.0,0,Morning,Spring,3801,807,Ingleside,4 Car,22350,22350,Unsafe speed for prevailing conditions,FF,Bicycle Only,40961,1,9,57341,2
60940,38083,180511298.0,2018-07-10 12:01:00,2018 July 10,12:01:00,2018,July,Tuesday,10:01 am to 2:00 pm,12.0,0,Afternoon,Summer,3801,#8,Taraval,3I44,21950(a),"21950(a,c)",Driver or bicyclist to yield right-of-way at crosswalks,BB,Vehicle-Pedestrian,40962,2,1,57532,2
60941,82462,230807848.0,2023-11-13 18:23:00,2023 November 13,18:23:00,2023,November,Monday,6:01 pm to 10:00 pm,18.0,0,Evening,Fall,3801,364,Southern,3B13E,22107,22107,Unsafe turn or lane change prohibited,AA,Vehicle(s) Only Involved,40963,2,12,57660,2
60942,55052,210259924.0,2021-04-28 12:14:00,2021 April 28,12:14:00,2021,April,Wednesday,10:01 am to 2:00 pm,12.0,0,Afternoon,Spring,3801,1362,Richmond,Richmond 2-car,22350,22350,Unsafe speed for prevailing conditions,AA,Vehicle(s) Only Involved,26473,2,1,57658,14
60943,86758,240466070.0,2024-07-26 11:06:00,2024 July 26,11:06:00,2024,July,Friday,10:01 am to 2:00 pm,11.0,0,Morning,Summer,3801,1524,Ingleside,3H15A,22107,22107,Unsafe turn or lane change prohibited,BB,Vehicle-Pedestrian,40964,2,2,57649,2
60944,53207,200401226.0,2020-07-05 06:03:00,2020 July 05,06:03:00,2020,July,Sunday,6:01 am to 10:00 am,6.0,1,Morning,Summer,3801,1487,Traffic,4B1C,21752(a),"21752(a,b,d)","Operating left of center - limited view or within 100 feet of bridge, viaduct, tunnel or within 100 feet or when traversing intersection - prohibited",AA,Vehicle(s) Only Involved,40965,2,15,57603,17
60945,84830,240069442.0,2024-01-31 18:20:00,2024 January 31,18:20:00,2024,January,Wednesday,6:01 pm to 10:00 pm,18.0,0,Evening,Winter,3801,537,Park,3F12B,22350,22350,Unsafe speed for prevailing conditions,AA,Vehicle(s) Only Involved,40966,4,7,57658,1
60946,54736,210123175.0,2021-02-23 21:59:00,2021 February 23,21:59:00,2021,February,Tuesday,6:01 pm to 10:00 pm,21.0,0,Night,Winter,3801,899,Mission,3D14E,21703,21703,Following too closely prohibited,AA,Vehicle(s) Only Involved,40967,2,3,57658,1
60947,86097,240446464.0,2024-07-17 15:00:00,2024 July 17,15:00:00,2024,July,Wednesday,2:01 pm to 6:00 pm,15.0,0,Afternoon,Summer,3801,47,Taraval,3I36,22350,22350,Unsafe speed for prevailing conditions,AA,Vehicle(s) Only Involved,40968,2,1,57658,1
60948,55807,210547280.0,2021-08-26 14:40:00,2021 August 26,14:40:00,2021,August,Thursday,2:01 pm to 6:00 pm,14.0,0,Afternoon,Summer,3801,2498,Southern,3B15C,22107,22107,Unsafe turn or lane change prohibited,AA,Vehicle(s) Only Involved,40969,2,2,57660,1
60949,57471,220102852.0,2022-02-14 16:30:00,2022 February 14,16:30:00,2022,February,Monday,2:01 pm to 6:00 pm,16.0,0,Afternoon,Winter,3801,2439,Central,,22350,22350,Unsafe speed for prevailing conditions,AA,Vehicle(s) Only Involved,40970,2,12,57658,8
60950,56910,210821733.0,2021-12-12 17:25:00,2021 December 12,17:25:00,2021,December,Sunday,2:01 pm to 6:00 pm,17.0,1,Evening,Winter,3801,1286,Southern,3B4,21801(a),"21801(a,b)",Violation of right-of-way - left turn,AA,Vehicle(s) Only Involved,28797,4,13,57603,1
60951,82500,230842838.0,2023-11-30 07:11:00,2023 November 30,07:11:00,2023,November,Thursday,6:01 am to 10:00 am,7.0,0,Morning,Fall,3801,750,Tenderloin,3J11A,7.2.72tc,Unknown,Unknown,FF,Bicycle Only,5553,2,80,57556,2
60952,83251,230044062.0,2023-01-19 14:58:00,2023 January 19,14:58:00,2023,January,Thursday,2:01 pm to 6:00 pm,14.0,0,Afternoon,Winter,3801,1400,Central,3A40C,21955(a),21955(a-b),Crossing between controlled intersections (Jaywalking),BB,Vehicle-Pedestrian,35396,2,1,57622,1
60953,56754,210692170.0,2021-10-22 06:42:00,2021 October 22,06:42:00,2021,October,Friday,6:01 am to 10:00 am,6.0,0,Morning,Fall,3801,723,Central,1 Car,21453(d),21453(d),Red signal - pedestrian responsibilities,BB,Vehicle-Pedestrian,5155,4,91,57622,1
60954,86446,240544375.0,2024-08-30 08:09:00,2024 August 30,08:09:00,2024,August,Friday,6:01 am to 10:00 am,8.0,0,Morning,Summer,3801,2289,Northern,4,21950(a),"21950(a,c)",Driver or bicyclist to yield right-of-way at crosswalks,BB,Vehicle-Pedestrian,30493,2,1,57476,2
60955,83259,230754330.0,2023-10-20 22:53:00,2023 October 20,22:53:00,2023,October,Friday,10:01 pm to 2:00 am,22.0,0,Night,Fall,3801,2724,Bayview,3C15E,22350,22350,Unsafe speed for prevailing conditions,BB,Vehicle-Pedestrian,38550,2,3,57649,4
60956,86145,240454978.0,2024-07-21 10:51:00,2024 July 21,10:51:00,2024,July,Sunday,10:01 am to 2:00 pm,10.0,1,Morning,Summer,3801,2366,Northern,5 car,21801(a),"21801(a,b)",Violation of right-of-way - left turn,AA,Vehicle(s) Only Involved,40971,2,1,57659,14
60957,21962,180313862.0,2018-04-28 03:29:00,2018 April 28,03:29:00,2018,April,Saturday,2:01 am to 6:00 am,3.0,1,Night,Spring,3801,1696,Northern,3E12E,22350,22350,Unsafe speed for prevailing conditions,AA,Vehicle(s) Only Involved,14016,2,3,57660,14
60958,58742,220517831.0,2022-08-04 09:58:00,2022 August 04,09:58:00,2022,August,Thursday,6:01 am to 10:00 am,9.0,0,Morning,Summer,3801,2098,Tenderloin,3J93A,21650,21650,Failure to keep to right side of road,CC,Vehicle-Bicycle,40972,2,1,57655,1
60959,33612,180182316.0,2018-03-09 18:18:00,2018 March 09,18:18:00,2018,March,Friday,6:01 pm to 10:00 pm,18.0,0,Evening,Spring,3801,2244,Central,3A14D,22100(a),"22100(a,b)",Turn at intersection from wrong position,AA,Vehicle(s) Only Involved,40973,2,12,57659,2
60960,8580,180443265.0,2018-06-15 07:15:00,2018 June 15,07:15:00,2018,June,Friday,6:01 am to 10:00 am,7.0,0,Morning,Summer,3801,924,Mission,3D16A,21954(a),21954(a),Pedestrians must yield right-of-way outside of crosswalks,BB,Vehicle-Pedestrian,40974,2,1,57622,2
60961,84269,230846620.0,2023-12-01 17:06:00,2023 December 01,17:06:00,2023,December,Friday,2:01 pm to 6:00 pm,17.0,0,Evening,Winter,3801,1669,Tenderloin,3J97C,21804(a),"21804(a,b)",Entering highway from alley or driveway,AA,Vehicle(s) Only Involved,40975,2,12,57660,1
60962,17082,180039927.0,2018-01-15 20:33:00,2018 January 15,20:33:00,2018,January,Monday,6:01 pm to 10:00 pm,20.0,0,Evening,Winter,3801,2451,Tenderloin,3J51E,22350,22350,Unsafe speed for prevailing conditions,BB,Vehicle-Pedestrian,17217,2,3,57649,2
60963,55231,210337536.0,2021-05-31 22:10:00,2021 May 31,22:10:00,2021,May,Monday,10:01 pm to 2:00 am,22.0,0,Night,Spring,3801,1856,Ingleside,H5,22103,22103,Illegal U-turn in residential district,AA,Vehicle(s) Only Involved,40976,2,3,57659,1
60964,86804,240635811.0,2024-10-09 12:27:00,2024 October 09,12:27:00,2024,October,Wednesday,10:01 am to 2:00 pm,12.0,0,Afternoon,Fall,3801,961,Mission,3D16C,22102,22102,Illegal U-turn in business district,AA,Vehicle(s) Only Involved,40977,2,2,57564,1
60965,9417,180868419.0,2018-11-15 09:10:00,2018 November 15,09:10:00,2018,November,Thursday,6:01 am to 10:00 am,9.0,0,Morning,Fall,3801,4022,Mission,3D16D,21950(a),"21950(a,c)",Driver or bicyclist to yield right-of-way at crosswalks,BB,Vehicle-Pedestrian,40978,2,8,57649,1
60966,86180,240389955.0,2024-06-22 19:15:00,2024 June 22,19:15:00,2024,June,Saturday,6:01 pm to 10:00 pm,19.0,1,Evening,Summer,3801,380,Central,4 Car,21453(a),"21453(a,c)",Red signal - driver or bicyclist responsibilities,CC,Vehicle-Bicycle,40979,2,1,57368,1
60967,56294,210474360.0,2021-07-27 10:34:00,2021 July 27,10:34:00,2021,July,Tuesday,10:01 am to 2:00 pm,10.0,0,Morning,Summer,3801,1297,Bayview,3C12A,Unknown,Unknown,Unknown,AA,Vehicle(s) Only Involved,19929,2,2,57585,1
60968,54544,210085092.0,2021-02-07 00:30:00,2021 February 07,00:30:00,2021,February,Sunday,10:01 pm to 2:00 am,0.0,1,Night,Winter,3801,1307,Central,3A11E,22100(b),"22100(a,b)",Turn at intersection from wrong position,AA,Vehicle(s) Only Involved,24941,2,3,57659,8
60969,60033,220724779.0,2022-10-21 15:54:00,2022 October 21,15:54:00,2022,October,Friday,2:01 pm to 6:00 pm,15.0,0,Afternoon,Fall,3801,4201,Northern,3E13D,22107,22107,Unsafe turn or lane change prohibited,AA,Vehicle(s) Only Involved,28581,2,1,57660,5
60970,85656,240326355.0,2024-05-24 16:22:00,2024 May 24,16:22:00,2024,May,Friday,2:01 pm to 6:00 pm,16.0,0,Afternoon,Spring,3801,2465,Tenderloin,3J13D,21453(a),"21453(a,c)",Red signal - driver or bicyclist responsibilities,AA,Vehicle(s) Only Involved,3234,2,1,57564,1
60971,12182,180709409.0,2018-09-19 02:40:00,2018 September 19,02:40:00,2018,September,Wednesday,2:01 am to 6:00 am,2.0,0,Night,Fall,3801,1148,Mission,3D16E,21954(a),21954(a),Pedestrians must yield right-of-way outside of crosswalks,BB,Vehicle-Pedestrian,40980,2,3,57373,2
60972,86458,240549626.0,2024-09-01 17:15:00,2024 September 01,17:15:00,2024,September,Sunday,2:01 pm to 6:00 pm,17.0,1,Evening,Fall,3801,A25839,Southern,2,22107,22107,Unsafe turn or lane change prohibited,CC,Vehicle-Bicycle,23309,2,1,57374,10
60973,58235,220249749.0,2022-04-16 18:36:00,2022 April 16,18:36:00,2022,April,Saturday,6:01 pm to 10:00 pm,18.0,1,Evening,Spring,3801,1420,Ingleside,3H15D,Unknown,Unknown,Unknown,AA,Vehicle(s) Only Involved,40981,2,33,57546,1
60974,43,180440891.0,2018-06-14 09:52:00,2018 June 14,09:52:00,2018,June,Thursday,6:01 am to 10:00 am,9.0,0,Morning,Summer,3801,1159,Bayview,3c72,21703,21703,Following too closely prohibited,BB,Vehicle-Pedestrian,40982,2,1,57459,1
60975,85771,240263440.0,2024-04-26 15:50:00,2024 April 26,15:50:00,2024,April,Friday,2:01 pm to 6:00 pm,15.0,0,Afternoon,Spring,3801,1857,Southern,1,22350,22350,Unsafe speed for prevailing conditions,AA,Vehicle(s) Only Involved,40983,2,1,57660,1
60976,55846,210562517.0,2021-09-01 16:00:00,2021 September 01,16:00:00,2021,September,Wednesday,2:01 pm to 6:00 pm,16.0,0,Afternoon,Fall,3801,2439,Central,3A5c,21804(a),"21804(a,b)",Entering highway from alley or driveway,AA,Vehicle(s) Only Involved,40984,2,2,57659,1
60977,54793,210168698.0,2021-03-16 20:18:00,2021 March 16,20:18:00,2021,March,Tuesday,6:01 pm to 10:00 pm,20.0,0,Evening,Spring,3801,2196,Northern,,21453(a),"21453(a,c)",Red signal - driver or bicyclist responsibilities,AA,Vehicle(s) Only Involved,40985,2,3,57585,1
60978,54974,210196326.0,2021-03-30 19:00:00,2021 March 30,19:00:00,2021,March,Tuesday,6:01 pm to 10:00 pm,19.0,0,Evening,Spring,3801,#2008,Mission,3D15D,21802(a),"21802(a,b)",Violation of right-of-way - entering through highway,CC,Vehicle-Bicycle,40986,2,1,57621,2
60979,86109,240433245.0,2024-07-11 18:40:00,2024 July 11,18:40:00,2024,July,Thursday,6:01 pm to 10:00 pm,18.0,0,Evening,Summer,3801,#2722,Central,3A12D,22350,22350,Unsafe speed for prevailing conditions,AA,Vehicle(s) Only Involved,40987,2,1,57658,2
60980,58157,220385111.0,2022-06-12 13:40:00,2022 June 12,13:40:00,2022,June,Sunday,10:01 am to 2:00 pm,13.0,1,Afternoon,Summer,3801,327,Mission,3D2C,21235(g),21235(a-j),Illegal operation of motorized scooter,AA,Vehicle(s) Only Involved,25722,2,1,57490,1
60981,56424,210660597.0,2021-10-10 09:44:00,2021 October 10,09:44:00,2021,October,Sunday,6:01 am to 10:00 am,9.0,1,Morning,Fall,3801,1396,Southern,3B14A,22100(a),"22100(a,b)",Turn at intersection from wrong position,AA,Vehicle(s) Only Involved,40988,2,1,57659,1
60982,41134,180055309.0,2018-01-21 16:56:00,2018 January 21,16:56:00,2018,January,Sunday,2:01 pm to 6:00 pm,16.0,1,Afternoon,Winter,3801,2268,Taraval,3115D,21801(a),"21801(a,b)",Violation of right-of-way - left turn,AA,Vehicle(s) Only Involved,40989,2,2,57553,2
60983,2641,180554555.0,2018-07-25 18:17:00,2018 July 25,18:17:00,2018,July,Wednesday,6:01 pm to 10:00 pm,18.0,0,Evening,Summer,3801,2321,Bayview,3C15D,21954(a),21954(a),Pedestrians must yield right-of-way outside of crosswalks,CC,Vehicle-Bicycle,40990,2,2,57621,2
60984,5117,180974367.0,2018-12-27 16:30:00,2018 December 27,16:30:00,2018,December,Thursday,2:01 pm to 6:00 pm,16.0,0,Afternoon,Winter,3801,1951,Ingleside,3H13D,21950(a),"21950(a,c)",Driver or bicyclist to yield right-of-way at crosswalks,BB,Vehicle-Pedestrian,29567,2,1,57649,1
60985,56278,210469311.0,2021-07-25 02:55:00,2021 July 25,02:55:00,2021,July,Sunday,2:01 am to 6:00 am,2.0,1,Night,Summer,3801,1967,Northern,3E13E,21453(a),"21453(a,c)",Red signal - driver or bicyclist responsibilities,AA,Vehicle(s) Only Involved,40991,2,3,57660,4
60986,38871,180760144.0,2018-10-07 14:38:00,2018 October 07,14:38:00,2018,October,Sunday,2:01 pm to 6:00 pm,14.0,1,Afternoon,Fall,3801,LEIVA#1682,Taraval,4 CAR,22517,22517,Opening door on traffic side when unsafe,AA,Vehicle(s) Only Involved,40992,2,2,57446,2
60987,87605,240281208.0,2024-05-04 14:37:00,2024 May 04,14:37:00,2024,May,Saturday,2:01 pm to 6:00 pm,14.0,1,Afternoon,Spring,3801,2289,Northern,3E14A,22100(b),"22100(a,b)",Turn at intersection from wrong position,AA,Vehicle(s) Only Involved,1389,1,1,57659,1
60988,87668,240266955.0,2024-04-28 10:50:00,2024 April 28,10:50:00,2024,April,Sunday,10:01 am to 2:00 pm,10.0,1,Morning,Spring,3801,1593,Park,Park,21801(a),"21801(a,b)",Violation of right-of-way - left turn,CC,Vehicle-Bicycle,40993,2,8,57390,1
60989,85719,240345515.0,2024-06-02 14:23:00,2024 June 02,14:23:00,2024,June,Sunday,2:01 pm to 6:00 pm,14.0,1,Afternoon,Summer,3801,1394,Mission,6,21751,21751,Passing without sufficient clearance,AA,Vehicle(s) Only Involved,40994,2,2,57660,2
60990,84799,240046672.0,2024-01-22 07:17:00,2024 January 22,07:17:00,2024,January,Monday,6:01 am to 10:00 am,7.0,0,Morning,Winter,3801,937,Bayview,3C12A,21950(a),"21950(a,c)",Driver or bicyclist to yield right-of-way at crosswalks,BB,Vehicle-Pedestrian,36908,7,59,57649,2